local_path,filename,source_page_url,source_url,archive_path,year,session,subject,language_variant,material_type,bytes,sha256,retrieval_date,status,rights_note
resources/private/past-papers/2022-2026/business-psychology/2022 Examination Session/May 2022 Examination Session/Individuals and societies/Psychology_paper_1__HL_French.pdf,Psychology_paper_1__HL_French.pdf,https://dl.ibdocs.re/documents/psychology-paper-1-hl-french-86d79c6c34ef7d25,https://dl.ibdocs.re/p/IB%20PAST%20PAPERS%20-%20YEAR/2022%20Examination%20Session/May%202022%20Examination%20Session/Individuals%20and%20societies/Psychology_paper_1__HL_French.pdf,/IB PAST PAPERS - YEAR/2022 Examination Session/May 2022 Examination Session/Individuals and societies/Psychology_paper_1__HL_French.pdf,2022,May 2022,Psychology,language=French; level=HL; zone=not labelled,question paper,289233,baf851fb0be19ac9d695a42931f98d9b7109822a9dd3a56b3ca045875a22243f,2026-09-02,downloaded; indexed size and PDF signature match; pdfinfo OK; qpdf clean,Unofficial mirror copy; authenticity and redistribution rights unverified; local research/reference only; do not upload to GitHub or redistribute.
resources/private/past-papers/2022-2026/business-psychology/2022 Examination Session/May 2022 Examination Session/Individuals and societies/Psychology_paper_1__HL_Spanish.pdf,Psychology_paper_1__HL_Spanish.pdf,https://dl.ibdocs.re/documents/psychology-paper-1-hl-spanish-16cc0c571dedb5cb,https://dl.ibdocs.re/p/IB%20PAST%20PAPERS%20-%20YEAR/2022%20Examination%20Session/May%202022%20Examination%20Session/Individuals%20and%20societies/Psychology_paper_1__HL_Spanish.pdf,/IB PAST PAPERS - YEAR/2022 Examination Session/May 2022 Examination Session/Individuals and societies/Psychology_paper_1__HL_Spanish.pdf,2022,May 2022,Psychology,language=Spanish; level=HL; zone=not labelled,question paper,287840,f60e0495ec99675a286520f8d067670dd6c0d5ebf1af4371f8d334f8a4b4eb64,2026-09-02,downloaded; indexed size and PDF signature match; pdfinfo OK; qpdf clean,Unofficial mirror copy; authenticity and redistribution rights unverified; local research/reference only; do not upload to GitHub or redistribute.
resources/private/past-papers/2022-2026/business-psychology/2022 Examination Session/May 2022 Examination Session/Individuals and societies/Psychology_paper_1__SL_French.pdf,Psychology_paper_1__SL_French.pdf,https://dl.ibdocs.re/documents/psychology-paper-1-sl-french-4faa5a1d90eee7e8,https://dl.ibdocs.re/p/IB%20PAST%20PAPERS%20-%20YEAR/2022%20Examination%20Session/May%202022%20Examination%20Session/Individuals%20and%20societies/Psychology_paper_1__SL_French.pdf,/IB PAST PAPERS - YEAR/2022 Examination Session/May 2022 Examination Session/Individuals and societies/Psychology_paper_1__SL_French.pdf,2022,May 2022,Psychology,language=French; level=SL; zone=not labelled,question paper,289212,28a25acb48e2be8882dadfbc63067223d760d001e0d5a5c6ef2c51fe9ebb64e2,2026-09-02,downloaded; indexed size and PDF signature match; pdfinfo OK; qpdf clean,Unofficial mirror copy; authenticity and redistribution rights unverified; local research/reference only; do not upload to GitHub or redistribute.
resources/private/past-papers/2022-2026/business-psychology/2022 Examination Session/May 2022 Examination Session/Individuals and societies/Psychology_paper_1__SL_Spanish.pdf,Psychology_paper_1__SL_Spanish.pdf,https://dl.ibdocs.re/documents/psychology-paper-1-sl-spanish-0633b38727d610a0,https://dl.ibdocs.re/p/IB%20PAST%20PAPERS%20-%20YEAR/2022%20Examination%20Session/May%202022%20Examination%20Session/Individuals%20and%20societies/Psychology_paper_1__SL_Spanish.pdf,/IB PAST PAPERS - YEAR/2022 Examination Session/May 2022 Examination Session/Individuals and societies/Psychology_paper_1__SL_Spanish.pdf,2022,May 2022,Psychology,language=Spanish; level=SL; zone=not labelled,question paper,288669,9d0dd0457d03a86c4d70c290c838b3d6a08e9558eb630da74e4dec4f24a6279d,2026-09-02,downloaded; indexed size and PDF signature match; pdfinfo OK; qpdf clean,Unofficial mirror copy; authenticity and redistribution rights unverified; local research/reference only; do not upload to GitHub or redistribute.
resources/private/past-papers/2022-2026/business-psychology/2022 Examination Session/May 2022 Examination Session/Individuals and societies/Psychology_paper_1__TZ1_HL.pdf,Psychology_paper_1__TZ1_HL.pdf,https://dl.ibdocs.re/documents/psychology-paper-1-tz1-hl-2b0456b71b159d9e,https://dl.ibdocs.re/p/IB%20PAST%20PAPERS%20-%20YEAR/2022%20Examination%20Session/May%202022%20Examination%20Session/Individuals%20and%20societies/Psychology_paper_1__TZ1_HL.pdf,/IB PAST PAPERS - YEAR/2022 Examination Session/May 2022 Examination Session/Individuals and societies/Psychology_paper_1__TZ1_HL.pdf,2022,May 2022,Psychology,language=not labelled by archive; level=HL; zone=TZ1,question paper,288260,649036bc257a6ba8484dc6532547b6edf93ce7da9f4484bec0afc7bfda69ebc8,2026-09-02,downloaded; indexed size and PDF signature match; pdfinfo OK; qpdf clean,Unofficial mirror copy; authenticity and redistribution rights unverified; local research/reference only; do not upload to GitHub or redistribute.
resources/private/past-papers/2022-2026/business-psychology/2022 Examination Session/May 2022 Examination Session/Individuals and societies/Psychology_paper_1__TZ1_HL_markscheme.pdf,Psychology_paper_1__TZ1_HL_markscheme.pdf,https://dl.ibdocs.re/documents/psychology-paper-1-tz1-hl-markscheme-ea9ef66d44c39041,https://dl.ibdocs.re/p/IB%20PAST%20PAPERS%20-%20YEAR/2022%20Examination%20Session/May%202022%20Examination%20Session/Individuals%20and%20societies/Psychology_paper_1__TZ1_HL_markscheme.pdf,/IB PAST PAPERS - YEAR/2022 Examination Session/May 2022 Examination Session/Individuals and societies/Psychology_paper_1__TZ1_HL_markscheme.pdf,2022,May 2022,Psychology,language=not labelled by archive; level=HL; zone=TZ1,markscheme,501249,64b671b891200cb5ded928264c528970b830561ae95bb23ba20a9668518bd3c7,2026-09-02,downloaded; indexed size and PDF signature match; pdfinfo OK; qpdf clean,Unofficial mirror copy; authenticity and redistribution rights unverified; local research/reference only; do not upload to GitHub or redistribute.
resources/private/past-papers/2022-2026/business-psychology/2022 Examination Session/May 2022 Examination Session/Individuals and societies/Psychology_paper_1__TZ1_SL.pdf,Psychology_paper_1__TZ1_SL.pdf,https://dl.ibdocs.re/documents/psychology-paper-1-tz1-sl-ac5a0c84ada4ab19,https://dl.ibdocs.re/p/IB%20PAST%20PAPERS%20-%20YEAR/2022%20Examination%20Session/May%202022%20Examination%20Session/Individuals%20and%20societies/Psychology_paper_1__TZ1_SL.pdf,/IB PAST PAPERS - YEAR/2022 Examination Session/May 2022 Examination Session/Individuals and societies/Psychology_paper_1__TZ1_SL.pdf,2022,May 2022,Psychology,language=not labelled by archive; level=SL; zone=TZ1,question paper,287982,b102f3822fbdffafe9d0c2a4ac59c50fb37afaed9aa9d6ac4a6aff401e2beb47,2026-09-02,downloaded; indexed size and PDF signature match; pdfinfo OK; qpdf clean,Unofficial mirror copy; authenticity and redistribution rights unverified; local research/reference only; do not upload to GitHub or redistribute.
resources/private/past-papers/2022-2026/business-psychology/2022 Examination Session/May 2022 Examination Session/Individuals and societies/Psychology_paper_1__TZ1_SL_markscheme.pdf,Psychology_paper_1__TZ1_SL_markscheme.pdf,https://dl.ibdocs.re/documents/psychology-paper-1-tz1-sl-markscheme-71afc58a94bb312c,https://dl.ibdocs.re/p/IB%20PAST%20PAPERS%20-%20YEAR/2022%20Examination%20Session/May%202022%20Examination%20Session/Individuals%20and%20societies/Psychology_paper_1__TZ1_SL_markscheme.pdf,/IB PAST PAPERS - YEAR/2022 Examination Session/May 2022 Examination Session/Individuals and societies/Psychology_paper_1__TZ1_SL_markscheme.pdf,2022,May 2022,Psychology,language=not labelled by archive; level=SL; zone=TZ1,markscheme,501056,95d8d90bf81f65f0e24aad23ba71719d464dbb6624a9e05a23726e02d5be8ec8,2026-09-02,downloaded; indexed size and PDF signature match; pdfinfo OK; qpdf clean,Unofficial mirror copy; authenticity and redistribution rights unverified; local research/reference only; do not upload to GitHub or redistribute.
resources/private/past-papers/2022-2026/business-psychology/2022 Examination Session/May 2022 Examination Session/Individuals and societies/Psychology_paper_1__TZ2_HL.pdf,Psychology_paper_1__TZ2_HL.pdf,https://dl.ibdocs.re/documents/psychology-paper-1-tz2-hl-dae8cb6ab015047d,https://dl.ibdocs.re/p/IB%20PAST%20PAPERS%20-%20YEAR/2022%20Examination%20Session/May%202022%20Examination%20Session/Individuals%20and%20societies/Psychology_paper_1__TZ2_HL.pdf,/IB PAST PAPERS - YEAR/2022 Examination Session/May 2022 Examination Session/Individuals and societies/Psychology_paper_1__TZ2_HL.pdf,2022,May 2022,Psychology,language=not labelled by archive; level=HL; zone=TZ2,question paper,288154,7d4cd1798c67bee7289230c9d42b1965bd0b43b77c7d4c288aa1831398030b0f,2026-09-02,downloaded; indexed size and PDF signature match; pdfinfo OK; qpdf clean,Unofficial mirror copy; authenticity and redistribution rights unverified; local research/reference only; do not upload to GitHub or redistribute.
resources/private/past-papers/2022-2026/business-psychology/2022 Examination Session/May 2022 Examination Session/Individuals and societies/Psychology_paper_1__TZ2_HL_markscheme.pdf,Psychology_paper_1__TZ2_HL_markscheme.pdf,https://dl.ibdocs.re/documents/psychology-paper-1-tz2-hl-markscheme-09d8961491ad6af0,https://dl.ibdocs.re/p/IB%20PAST%20PAPERS%20-%20YEAR/2022%20Examination%20Session/May%202022%20Examination%20Session/Individuals%20and%20societies/Psychology_paper_1__TZ2_HL_markscheme.pdf,/IB PAST PAPERS - YEAR/2022 Examination Session/May 2022 Examination Session/Individuals and societies/Psychology_paper_1__TZ2_HL_markscheme.pdf,2022,May 2022,Psychology,language=not labelled by archive; level=HL; zone=TZ2,markscheme,501440,51a412b8a67f6cbbc57d1f0d809aa7ade9a1a1a05248de8f8aafb1869b144de6,2026-09-02,downloaded; indexed size and PDF signature match; pdfinfo OK; qpdf clean,Unofficial mirror copy; authenticity and redistribution rights unverified; local research/reference only; do not upload to GitHub or redistribute.
resources/private/past-papers/2022-2026/business-psychology/2022 Examination Session/May 2022 Examination Session/Individuals and societies/Psychology_paper_1__TZ2_SL.pdf,Psychology_paper_1__TZ2_SL.pdf,https://dl.ibdocs.re/documents/psychology-paper-1-tz2-sl-67a484a568fe5da2,https://dl.ibdocs.re/p/IB%20PAST%20PAPERS%20-%20YEAR/2022%20Examination%20Session/May%202022%20Examination%20Session/Individuals%20and%20societies/Psychology_paper_1__TZ2_SL.pdf,/IB PAST PAPERS - YEAR/2022 Examination Session/May 2022 Examination Session/Individuals and societies/Psychology_paper_1__TZ2_SL.pdf,2022,May 2022,Psychology,language=not labelled by archive; level=SL; zone=TZ2,question paper,288437,78d7dba2714f91cc0a4e703c6aa234f4a08d33654a3d7bb4b4b2489e9289f79f,2026-09-02,downloaded; indexed size and PDF signature match; pdfinfo OK; qpdf clean,Unofficial mirror copy; authenticity and redistribution rights unverified; local research/reference only; do not upload to GitHub or redistribute.
resources/private/past-papers/2022-2026/business-psychology/2022 Examination Session/May 2022 Examination Session/Individuals and societies/Psychology_paper_1__TZ2_SL_markscheme.pdf,Psychology_paper_1__TZ2_SL_markscheme.pdf,https://dl.ibdocs.re/documents/psychology-paper-1-tz2-sl-markscheme-546a493503c111e5,https://dl.ibdocs.re/p/IB%20PAST%20PAPERS%20-%20YEAR/2022%20Examination%20Session/May%202022%20Examination%20Session/Individuals%20and%20societies/Psychology_paper_1__TZ2_SL_markscheme.pdf,/IB PAST PAPERS - YEAR/2022 Examination Session/May 2022 Examination Session/Individuals and societies/Psychology_paper_1__TZ2_SL_markscheme.pdf,2022,May 2022,Psychology,language=not labelled by archive; level=SL; zone=TZ2,markscheme,502434,df87408378db9d39edeb4bf365caaaab166b823ef4836827a60511362c57fe86,2026-09-02,downloaded; indexed size and PDF signature match; pdfinfo OK; qpdf clean,Unofficial mirror copy; authenticity and redistribution rights unverified; local research/reference only; do not upload to GitHub or redistribute.
resources/private/past-papers/2022-2026/business-psychology/2022 Examination Session/May 2022 Examination Session/Individuals and societies/Psychology_paper_2__HL.pdf,Psychology_paper_2__HL.pdf,https://dl.ibdocs.re/documents/psychology-paper-2-hl-fa3ba4b603edcd35,https://dl.ibdocs.re/p/IB%20PAST%20PAPERS%20-%20YEAR/2022%20Examination%20Session/May%202022%20Examination%20Session/Individuals%20and%20societies/Psychology_paper_2__HL.pdf,/IB PAST PAPERS - YEAR/2022 Examination Session/May 2022 Examination Session/Individuals and societies/Psychology_paper_2__HL.pdf,2022,May 2022,Psychology,language=not labelled by archive; level=HL; zone=not labelled,question paper,292383,ad819dab93af4869b3075121551f2021fc22029cec0c6bc1668bbfef6301f77e,2026-09-02,downloaded; indexed size and PDF signature match; pdfinfo OK; qpdf clean,Unofficial mirror copy; authenticity and redistribution rights unverified; local research/reference only; do not upload to GitHub or redistribute.
resources/private/past-papers/2022-2026/business-psychology/2022 Examination Session/May 2022 Examination Session/Individuals and societies/Psychology_paper_2__HL_French.pdf,Psychology_paper_2__HL_French.pdf,https://dl.ibdocs.re/documents/psychology-paper-2-hl-french-1252846b6e50d2fa,https://dl.ibdocs.re/p/IB%20PAST%20PAPERS%20-%20YEAR/2022%20Examination%20Session/May%202022%20Examination%20Session/Individuals%20and%20societies/Psychology_paper_2__HL_French.pdf,/IB PAST PAPERS - YEAR/2022 Examination Session/May 2022 Examination Session/Individuals and societies/Psychology_paper_2__HL_French.pdf,2022,May 2022,Psychology,language=French; level=HL; zone=not labelled,question paper,291570,0c665628105a062c72736693264df523ddd442c3f9a3fe2d2f55609ca5088fb4,2026-09-02,downloaded; indexed size and PDF signature match; pdfinfo OK; qpdf clean,Unofficial mirror copy; authenticity and redistribution rights unverified; local research/reference only; do not upload to GitHub or redistribute.
resources/private/past-papers/2022-2026/business-psychology/2022 Examination Session/May 2022 Examination Session/Individuals and societies/Psychology_paper_2__HL_Spanish.pdf,Psychology_paper_2__HL_Spanish.pdf,https://dl.ibdocs.re/documents/psychology-paper-2-hl-spanish-ecb3658a17b18e62,https://dl.ibdocs.re/p/IB%20PAST%20PAPERS%20-%20YEAR/2022%20Examination%20Session/May%202022%20Examination%20Session/Individuals%20and%20societies/Psychology_paper_2__HL_Spanish.pdf,/IB PAST PAPERS - YEAR/2022 Examination Session/May 2022 Examination Session/Individuals and societies/Psychology_paper_2__HL_Spanish.pdf,2022,May 2022,Psychology,language=Spanish; level=HL; zone=not labelled,question paper,291710,de8e90e6cc27152da0135d21dbe66b6c55441ecd06765a6f58102cff9f99fe4c,2026-09-02,downloaded; indexed size and PDF signature match; pdfinfo OK; qpdf clean,Unofficial mirror copy; authenticity and redistribution rights unverified; local research/reference only; do not upload to GitHub or redistribute.
resources/private/past-papers/2022-2026/business-psychology/2022 Examination Session/May 2022 Examination Session/Individuals and societies/Psychology_paper_2__HL_markscheme.pdf,Psychology_paper_2__HL_markscheme.pdf,https://dl.ibdocs.re/documents/psychology-paper-2-hl-markscheme-9dce48653eabe708,https://dl.ibdocs.re/p/IB%20PAST%20PAPERS%20-%20YEAR/2022%20Examination%20Session/May%202022%20Examination%20Session/Individuals%20and%20societies/Psychology_paper_2__HL_markscheme.pdf,/IB PAST PAPERS - YEAR/2022 Examination Session/May 2022 Examination Session/Individuals and societies/Psychology_paper_2__HL_markscheme.pdf,2022,May 2022,Psychology,language=not labelled by archive; level=HL; zone=not labelled,markscheme,862361,1a2dceb38d5eaa575e2849eee53d56dcd171a093688950d8c8246cfd81e77cb7,2026-09-02,downloaded; indexed size and PDF signature match; pdfinfo OK; qpdf clean,Unofficial mirror copy; authenticity and redistribution rights unverified; local research/reference only; do not upload to GitHub or redistribute.
resources/private/past-papers/2022-2026/business-psychology/2022 Examination Session/November 2022 Examination Session/Individuals and societies/Psychology_paper_1__HL.pdf,Psychology_paper_1__HL.pdf,https://dl.ibdocs.re/documents/psychology-paper-1-hl-784cb9ee02401e55,https://dl.ibdocs.re/p/IB%20PAST%20PAPERS%20-%20YEAR/2022%20Examination%20Session/November%202022%20Examination%20Session/Individuals%20and%20societies/Psychology_paper_1__HL.pdf,/IB PAST PAPERS - YEAR/2022 Examination Session/November 2022 Examination Session/Individuals and societies/Psychology_paper_1__HL.pdf,2022,November 2022,Psychology,language=not labelled by archive; level=HL; zone=not labelled,question paper,293705,eb40b67c64f150d8e7513a4f2ff97421d55962f39aefc204a6e885b9dd1fb9cf,2026-09-02,downloaded; indexed size and PDF signature match; pdfinfo OK; qpdf clean,Unofficial mirror copy; authenticity and redistribution rights unverified; local research/reference only; do not upload to GitHub or redistribute.
resources/private/past-papers/2022-2026/business-psychology/2022 Examination Session/November 2022 Examination Session/Individuals and societies/Psychology_paper_1__HL_Spanish.pdf,Psychology_paper_1__HL_Spanish.pdf,https://dl.ibdocs.re/documents/psychology-paper-1-hl-spanish-f17e1d6bf8648202,https://dl.ibdocs.re/p/IB%20PAST%20PAPERS%20-%20YEAR/2022%20Examination%20Session/November%202022%20Examination%20Session/Individuals%20and%20societies/Psychology_paper_1__HL_Spanish.pdf,/IB PAST PAPERS - YEAR/2022 Examination Session/November 2022 Examination Session/Individuals and societies/Psychology_paper_1__HL_Spanish.pdf,2022,November 2022,Psychology,language=Spanish; level=HL; zone=not labelled,question paper,292842,8f54d61b8a6f14e3a18e2445c3d76d4b91bfb546c1d62e845d0f9a39c69ad4e9,2026-09-02,downloaded; indexed size and PDF signature match; pdfinfo OK; qpdf clean,Unofficial mirror copy; authenticity and redistribution rights unverified; local research/reference only; do not upload to GitHub or redistribute.
resources/private/past-papers/2022-2026/business-psychology/2022 Examination Session/November 2022 Examination Session/Individuals and societies/Psychology_paper_1__HL_markscheme.pdf,Psychology_paper_1__HL_markscheme.pdf,https://dl.ibdocs.re/documents/psychology-paper-1-hl-markscheme-9ff71ef1dac424e8,https://dl.ibdocs.re/p/IB%20PAST%20PAPERS%20-%20YEAR/2022%20Examination%20Session/November%202022%20Examination%20Session/Individuals%20and%20societies/Psychology_paper_1__HL_markscheme.pdf,/IB PAST PAPERS - YEAR/2022 Examination Session/November 2022 Examination Session/Individuals and societies/Psychology_paper_1__HL_markscheme.pdf,2022,November 2022,Psychology,language=not labelled by archive; level=HL; zone=not labelled,markscheme,498933,158ea48d326b89cbddee63b94fb2bc3d100c9a2d9def35bab2ceab4f6fa098d7,2026-09-02,downloaded; indexed size and PDF signature match; pdfinfo OK; qpdf clean,Unofficial mirror copy; authenticity and redistribution rights unverified; local research/reference only; do not upload to GitHub or redistribute.
resources/private/past-papers/2022-2026/business-psychology/2022 Examination Session/November 2022 Examination Session/Individuals and societies/Psychology_paper_1__SL.pdf,Psychology_paper_1__SL.pdf,https://dl.ibdocs.re/documents/psychology-paper-1-sl-bd596eb38804e78a,https://dl.ibdocs.re/p/IB%20PAST%20PAPERS%20-%20YEAR/2022%20Examination%20Session/November%202022%20Examination%20Session/Individuals%20and%20societies/Psychology_paper_1__SL.pdf,/IB PAST PAPERS - YEAR/2022 Examination Session/November 2022 Examination Session/Individuals and societies/Psychology_paper_1__SL.pdf,2022,November 2022,Psychology,language=not labelled by archive; level=SL; zone=not labelled,question paper,293360,977c9fb4e22f8bbc028ae4293be5860fe18d1ebd83d1dcca565cc9a6c003256c,2026-09-02,downloaded; indexed size and PDF signature match; pdfinfo OK; qpdf clean,Unofficial mirror copy; authenticity and redistribution rights unverified; local research/reference only; do not upload to GitHub or redistribute.
resources/private/past-papers/2022-2026/business-psychology/2022 Examination Session/November 2022 Examination Session/Individuals and societies/Psychology_paper_1__SL_Spanish.pdf,Psychology_paper_1__SL_Spanish.pdf,https://dl.ibdocs.re/documents/psychology-paper-1-sl-spanish-34bea71265176e41,https://dl.ibdocs.re/p/IB%20PAST%20PAPERS%20-%20YEAR/2022%20Examination%20Session/November%202022%20Examination%20Session/Individuals%20and%20societies/Psychology_paper_1__SL_Spanish.pdf,/IB PAST PAPERS - YEAR/2022 Examination Session/November 2022 Examination Session/Individuals and societies/Psychology_paper_1__SL_Spanish.pdf,2022,November 2022,Psychology,language=Spanish; level=SL; zone=not labelled,question paper,293170,ba976afa32699c143bf7099e70e5d835f0a690ced0fd4516c6286ce32909ab0c,2026-09-02,downloaded; indexed size and PDF signature match; pdfinfo OK; qpdf clean,Unofficial mirror copy; authenticity and redistribution rights unverified; local research/reference only; do not upload to GitHub or redistribute.
resources/private/past-papers/2022-2026/business-psychology/2022 Examination Session/November 2022 Examination Session/Individuals and societies/Psychology_paper_1__SL_markscheme.pdf,Psychology_paper_1__SL_markscheme.pdf,https://dl.ibdocs.re/documents/psychology-paper-1-sl-markscheme-a35240ff8bc4470d,https://dl.ibdocs.re/p/IB%20PAST%20PAPERS%20-%20YEAR/2022%20Examination%20Session/November%202022%20Examination%20Session/Individuals%20and%20societies/Psychology_paper_1__SL_markscheme.pdf,/IB PAST PAPERS - YEAR/2022 Examination Session/November 2022 Examination Session/Individuals and societies/Psychology_paper_1__SL_markscheme.pdf,2022,November 2022,Psychology,language=not labelled by archive; level=SL; zone=not labelled,markscheme,498869,e78d6da1de9096a69f6e0dc14bb0b442f58c87f33ef2d969f8d924753e34f9cf,2026-09-02,downloaded; indexed size and PDF signature match; pdfinfo OK; qpdf clean,Unofficial mirror copy; authenticity and redistribution rights unverified; local research/reference only; do not upload to GitHub or redistribute.
resources/private/past-papers/2022-2026/business-psychology/2022 Examination Session/November 2022 Examination Session/Individuals and societies/Psychology_paper_2__HL.pdf,Psychology_paper_2__HL.pdf,https://dl.ibdocs.re/documents/psychology-paper-2-hl-e7792220f3c28fb4,https://dl.ibdocs.re/p/IB%20PAST%20PAPERS%20-%20YEAR/2022%20Examination%20Session/November%202022%20Examination%20Session/Individuals%20and%20societies/Psychology_paper_2__HL.pdf,/IB PAST PAPERS - YEAR/2022 Examination Session/November 2022 Examination Session/Individuals and societies/Psychology_paper_2__HL.pdf,2022,November 2022,Psychology,language=not labelled by archive; level=HL; zone=not labelled,question paper,297754,76ed12ad826ad5c16cfee9be82799bd1cbb3ca9fde39b4daddae2381fcaa465d,2026-09-02,downloaded; indexed size and PDF signature match; pdfinfo OK; qpdf clean,Unofficial mirror copy; authenticity and redistribution rights unverified; local research/reference only; do not upload to GitHub or redistribute.
resources/private/past-papers/2022-2026/business-psychology/2022 Examination Session/November 2022 Examination Session/Individuals and societies/Psychology_paper_2__HL_Spanish.pdf,Psychology_paper_2__HL_Spanish.pdf,https://dl.ibdocs.re/documents/psychology-paper-2-hl-spanish-906aaac9b6bbaf6b,https://dl.ibdocs.re/p/IB%20PAST%20PAPERS%20-%20YEAR/2022%20Examination%20Session/November%202022%20Examination%20Session/Individuals%20and%20societies/Psychology_paper_2__HL_Spanish.pdf,/IB PAST PAPERS - YEAR/2022 Examination Session/November 2022 Examination Session/Individuals and societies/Psychology_paper_2__HL_Spanish.pdf,2022,November 2022,Psychology,language=Spanish; level=HL; zone=not labelled,question paper,297104,4a0242488b1a5d2f16008fb9bf57ed0e8d49e2c8b2445f9175233d0f91804fea,2026-09-02,downloaded; indexed size and PDF signature match; pdfinfo OK; qpdf clean,Unofficial mirror copy; authenticity and redistribution rights unverified; local research/reference only; do not upload to GitHub or redistribute.
resources/private/past-papers/2022-2026/business-psychology/2022 Examination Session/November 2022 Examination Session/Individuals and societies/Psychology_paper_2__HL_markscheme.pdf,Psychology_paper_2__HL_markscheme.pdf,https://dl.ibdocs.re/documents/psychology-paper-2-hl-markscheme-0f80e1e5f494085f,https://dl.ibdocs.re/p/IB%20PAST%20PAPERS%20-%20YEAR/2022%20Examination%20Session/November%202022%20Examination%20Session/Individuals%20and%20societies/Psychology_paper_2__HL_markscheme.pdf,/IB PAST PAPERS - YEAR/2022 Examination Session/November 2022 Examination Session/Individuals and societies/Psychology_paper_2__HL_markscheme.pdf,2022,November 2022,Psychology,language=not labelled by archive; level=HL; zone=not labelled,markscheme,772014,f0016328fd5c30077f0d9ea6a9dc3a70216fa1028c1a6ee6760243d9b2bdb08e,2026-09-02,downloaded; indexed size and PDF signature match; pdfinfo OK; qpdf clean,Unofficial mirror copy; authenticity and redistribution rights unverified; local research/reference only; do not upload to GitHub or redistribute.
resources/private/past-papers/2022-2026/business-psychology/2023 Examination Session/May 2023 Examination Session/Individuals and societies/Psychology_paper_1__HL_French.pdf,Psychology_paper_1__HL_French.pdf,https://dl.ibdocs.re/documents/psychology-paper-1-hl-french-c183b7c483a77f3b,https://dl.ibdocs.re/p/IB%20PAST%20PAPERS%20-%20YEAR/2023%20Examination%20Session/May%202023%20Examination%20Session/Individuals%20and%20societies/Psychology_paper_1__HL_French.pdf,/IB PAST PAPERS - YEAR/2023 Examination Session/May 2023 Examination Session/Individuals and societies/Psychology_paper_1__HL_French.pdf,2023,May 2023,Psychology,language=French; level=HL; zone=not labelled,question paper,289757,7330066cb13204b08269b4fe72f2ed354ffdb1118520e4ccb0bbd342406baa58,2026-09-02,downloaded; indexed size and PDF signature match; pdfinfo OK; qpdf clean,Unofficial mirror copy; authenticity and redistribution rights unverified; local research/reference only; do not upload to GitHub or redistribute.
resources/private/past-papers/2022-2026/business-psychology/2023 Examination Session/May 2023 Examination Session/Individuals and societies/Psychology_paper_1__HL_Spanish.pdf,Psychology_paper_1__HL_Spanish.pdf,https://dl.ibdocs.re/documents/psychology-paper-1-hl-spanish-bd45d0acaca88971,https://dl.ibdocs.re/p/IB%20PAST%20PAPERS%20-%20YEAR/2023%20Examination%20Session/May%202023%20Examination%20Session/Individuals%20and%20societies/Psychology_paper_1__HL_Spanish.pdf,/IB PAST PAPERS - YEAR/2023 Examination Session/May 2023 Examination Session/Individuals and societies/Psychology_paper_1__HL_Spanish.pdf,2023,May 2023,Psychology,language=Spanish; level=HL; zone=not labelled,question paper,288610,3edf6bb8f4c53afb992de51c837a0c76607a0be58327c86ae24eb315f1d21c14,2026-09-02,downloaded; indexed size and PDF signature match; pdfinfo OK; qpdf clean,Unofficial mirror copy; authenticity and redistribution rights unverified; local research/reference only; do not upload to GitHub or redistribute.
resources/private/past-papers/2022-2026/business-psychology/2023 Examination Session/May 2023 Examination Session/Individuals and societies/Psychology_paper_1__SL_French.pdf,Psychology_paper_1__SL_French.pdf,https://dl.ibdocs.re/documents/psychology-paper-1-sl-french-630741ab1c7db94a,https://dl.ibdocs.re/p/IB%20PAST%20PAPERS%20-%20YEAR/2023%20Examination%20Session/May%202023%20Examination%20Session/Individuals%20and%20societies/Psychology_paper_1__SL_French.pdf,/IB PAST PAPERS - YEAR/2023 Examination Session/May 2023 Examination Session/Individuals and societies/Psychology_paper_1__SL_French.pdf,2023,May 2023,Psychology,language=French; level=SL; zone=not labelled,question paper,290062,9aa8c74c09aaae8969ffea48d0d2444bb21f557081ae6e91987278219747f003,2026-09-02,downloaded; indexed size and PDF signature match; pdfinfo OK; qpdf clean,Unofficial mirror copy; authenticity and redistribution rights unverified; local research/reference only; do not upload to GitHub or redistribute.
resources/private/past-papers/2022-2026/business-psychology/2023 Examination Session/May 2023 Examination Session/Individuals and societies/Psychology_paper_1__SL_Spanish.pdf,Psychology_paper_1__SL_Spanish.pdf,https://dl.ibdocs.re/documents/psychology-paper-1-sl-spanish-cfc027982369a5d2,https://dl.ibdocs.re/p/IB%20PAST%20PAPERS%20-%20YEAR/2023%20Examination%20Session/May%202023%20Examination%20Session/Individuals%20and%20societies/Psychology_paper_1__SL_Spanish.pdf,/IB PAST PAPERS - YEAR/2023 Examination Session/May 2023 Examination Session/Individuals and societies/Psychology_paper_1__SL_Spanish.pdf,2023,May 2023,Psychology,language=Spanish; level=SL; zone=not labelled,question paper,289549,f2aea4b01748a294f07ac8c35488f5c0eedc4a848048aaabc586ea5564edacb2,2026-09-02,downloaded; indexed size and PDF signature match; pdfinfo OK; qpdf clean,Unofficial mirror copy; authenticity and redistribution rights unverified; local research/reference only; do not upload to GitHub or redistribute.
resources/private/past-papers/2022-2026/business-psychology/2023 Examination Session/May 2023 Examination Session/Individuals and societies/Psychology_paper_1__TZ1_HL.pdf,Psychology_paper_1__TZ1_HL.pdf,https://dl.ibdocs.re/documents/psychology-paper-1-tz1-hl-b453454e430956bc,https://dl.ibdocs.re/p/IB%20PAST%20PAPERS%20-%20YEAR/2023%20Examination%20Session/May%202023%20Examination%20Session/Individuals%20and%20societies/Psychology_paper_1__TZ1_HL.pdf,/IB PAST PAPERS - YEAR/2023 Examination Session/May 2023 Examination Session/Individuals and societies/Psychology_paper_1__TZ1_HL.pdf,2023,May 2023,Psychology,language=not labelled by archive; level=HL; zone=TZ1,question paper,288927,497296a2be67bf6ec255d672fd3556ec4b71aec88cee9d6a3bc53e3cc0fc135d,2026-09-02,downloaded; indexed size and PDF signature match; pdfinfo OK; qpdf clean,Unofficial mirror copy; authenticity and redistribution rights unverified; local research/reference only; do not upload to GitHub or redistribute.
resources/private/past-papers/2022-2026/business-psychology/2023 Examination Session/May 2023 Examination Session/Individuals and societies/Psychology_paper_1__TZ1_HL_markscheme.pdf,Psychology_paper_1__TZ1_HL_markscheme.pdf,https://dl.ibdocs.re/documents/psychology-paper-1-tz1-hl-markscheme-a9f3614f28994d47,https://dl.ibdocs.re/p/IB%20PAST%20PAPERS%20-%20YEAR/2023%20Examination%20Session/May%202023%20Examination%20Session/Individuals%20and%20societies/Psychology_paper_1__TZ1_HL_markscheme.pdf,/IB PAST PAPERS - YEAR/2023 Examination Session/May 2023 Examination Session/Individuals and societies/Psychology_paper_1__TZ1_HL_markscheme.pdf,2023,May 2023,Psychology,language=not labelled by archive; level=HL; zone=TZ1,markscheme,650597,1951ef87f954c882deb6a5c223c0bf0e48f0eda23a23bb7920a462de12480b05,2026-09-02,downloaded; indexed size and PDF signature match; pdfinfo OK; qpdf clean,Unofficial mirror copy; authenticity and redistribution rights unverified; local research/reference only; do not upload to GitHub or redistribute.
resources/private/past-papers/2022-2026/business-psychology/2023 Examination Session/May 2023 Examination Session/Individuals and societies/Psychology_paper_1__TZ1_SL.pdf,Psychology_paper_1__TZ1_SL.pdf,https://dl.ibdocs.re/documents/psychology-paper-1-tz1-sl-875e0c543780d293,https://dl.ibdocs.re/p/IB%20PAST%20PAPERS%20-%20YEAR/2023%20Examination%20Session/May%202023%20Examination%20Session/Individuals%20and%20societies/Psychology_paper_1__TZ1_SL.pdf,/IB PAST PAPERS - YEAR/2023 Examination Session/May 2023 Examination Session/Individuals and societies/Psychology_paper_1__TZ1_SL.pdf,2023,May 2023,Psychology,language=not labelled by archive; level=SL; zone=TZ1,question paper,288669,fc93ecc759e66c6b84747356879aafb4d95cf8a48a1a78d1c459ea5a6028156c,2026-09-02,downloaded; indexed size and PDF signature match; pdfinfo OK; qpdf clean,Unofficial mirror copy; authenticity and redistribution rights unverified; local research/reference only; do not upload to GitHub or redistribute.
resources/private/past-papers/2022-2026/business-psychology/2023 Examination Session/May 2023 Examination Session/Individuals and societies/Psychology_paper_1__TZ1_SL_markscheme.pdf,Psychology_paper_1__TZ1_SL_markscheme.pdf,https://dl.ibdocs.re/documents/psychology-paper-1-tz1-sl-markscheme-f163499e0614c136,https://dl.ibdocs.re/p/IB%20PAST%20PAPERS%20-%20YEAR/2023%20Examination%20Session/May%202023%20Examination%20Session/Individuals%20and%20societies/Psychology_paper_1__TZ1_SL_markscheme.pdf,/IB PAST PAPERS - YEAR/2023 Examination Session/May 2023 Examination Session/Individuals and societies/Psychology_paper_1__TZ1_SL_markscheme.pdf,2023,May 2023,Psychology,language=not labelled by archive; level=SL; zone=TZ1,markscheme,539765,9a2806d9806cf9e61c2e336410ae0219aa8c0990b562fbca866ad3247e6f48a5,2026-09-02,downloaded; indexed size and PDF signature match; pdfinfo OK; qpdf clean,Unofficial mirror copy; authenticity and redistribution rights unverified; local research/reference only; do not upload to GitHub or redistribute.
resources/private/past-papers/2022-2026/business-psychology/2023 Examination Session/May 2023 Examination Session/Individuals and societies/Psychology_paper_1__TZ2_HL.pdf,Psychology_paper_1__TZ2_HL.pdf,https://dl.ibdocs.re/documents/psychology-paper-1-tz2-hl-e1dcbc32f12a47ef,https://dl.ibdocs.re/p/IB%20PAST%20PAPERS%20-%20YEAR/2023%20Examination%20Session/May%202023%20Examination%20Session/Individuals%20and%20societies/Psychology_paper_1__TZ2_HL.pdf,/IB PAST PAPERS - YEAR/2023 Examination Session/May 2023 Examination Session/Individuals and societies/Psychology_paper_1__TZ2_HL.pdf,2023,May 2023,Psychology,language=not labelled by archive; level=HL; zone=TZ2,question paper,288445,48fa41a0719c282732c635d20bbaacbe0afac2c061e231aeb14b5bbc95e36efb,2026-09-02,downloaded; indexed size and PDF signature match; pdfinfo OK; qpdf clean,Unofficial mirror copy; authenticity and redistribution rights unverified; local research/reference only; do not upload to GitHub or redistribute.
resources/private/past-papers/2022-2026/business-psychology/2023 Examination Session/May 2023 Examination Session/Individuals and societies/Psychology_paper_1__TZ2_HL_markscheme.pdf,Psychology_paper_1__TZ2_HL_markscheme.pdf,https://dl.ibdocs.re/documents/psychology-paper-1-tz2-hl-markscheme-cfd6d61b46448402,https://dl.ibdocs.re/p/IB%20PAST%20PAPERS%20-%20YEAR/2023%20Examination%20Session/May%202023%20Examination%20Session/Individuals%20and%20societies/Psychology_paper_1__TZ2_HL_markscheme.pdf,/IB PAST PAPERS - YEAR/2023 Examination Session/May 2023 Examination Session/Individuals and societies/Psychology_paper_1__TZ2_HL_markscheme.pdf,2023,May 2023,Psychology,language=not labelled by archive; level=HL; zone=TZ2,markscheme,511716,0f096f6eb7151a7b565a3de16766fde9f54eb1ef6b903320e1885cd87333a124,2026-09-02,downloaded; indexed size and PDF signature match; pdfinfo OK; qpdf clean,Unofficial mirror copy; authenticity and redistribution rights unverified; local research/reference only; do not upload to GitHub or redistribute.
resources/private/past-papers/2022-2026/business-psychology/2023 Examination Session/May 2023 Examination Session/Individuals and societies/Psychology_paper_1__TZ2_SL.pdf,Psychology_paper_1__TZ2_SL.pdf,https://dl.ibdocs.re/documents/psychology-paper-1-tz2-sl-325fd9569fe2fdf8,https://dl.ibdocs.re/p/IB%20PAST%20PAPERS%20-%20YEAR/2023%20Examination%20Session/May%202023%20Examination%20Session/Individuals%20and%20societies/Psychology_paper_1__TZ2_SL.pdf,/IB PAST PAPERS - YEAR/2023 Examination Session/May 2023 Examination Session/Individuals and societies/Psychology_paper_1__TZ2_SL.pdf,2023,May 2023,Psychology,language=not labelled by archive; level=SL; zone=TZ2,question paper,288680,4de224217139ac3778220bd057bf81fd10ddde804139078581e5a63482cc170e,2026-09-02,downloaded; indexed size and PDF signature match; pdfinfo OK; qpdf clean,Unofficial mirror copy; authenticity and redistribution rights unverified; local research/reference only; do not upload to GitHub or redistribute.
resources/private/past-papers/2022-2026/business-psychology/2023 Examination Session/May 2023 Examination Session/Individuals and societies/Psychology_paper_1__TZ2_SL_markscheme.pdf,Psychology_paper_1__TZ2_SL_markscheme.pdf,https://dl.ibdocs.re/documents/psychology-paper-1-tz2-sl-markscheme-e34c6654fd490cc3,https://dl.ibdocs.re/p/IB%20PAST%20PAPERS%20-%20YEAR/2023%20Examination%20Session/May%202023%20Examination%20Session/Individuals%20and%20societies/Psychology_paper_1__TZ2_SL_markscheme.pdf,/IB PAST PAPERS - YEAR/2023 Examination Session/May 2023 Examination Session/Individuals and societies/Psychology_paper_1__TZ2_SL_markscheme.pdf,2023,May 2023,Psychology,language=not labelled by archive; level=SL; zone=TZ2,markscheme,529984,4d5fdd0b4e76b075e414d3de4e2789155f542ad05fafa35e0857dabdf3f71fb1,2026-09-02,downloaded; indexed size and PDF signature match; pdfinfo OK; qpdf clean,Unofficial mirror copy; authenticity and redistribution rights unverified; local research/reference only; do not upload to GitHub or redistribute.
resources/private/past-papers/2022-2026/business-psychology/2023 Examination Session/May 2023 Examination Session/Individuals and societies/Psychology_paper_2__HL.pdf,Psychology_paper_2__HL.pdf,https://dl.ibdocs.re/documents/psychology-paper-2-hl-bbea9bcc4ecefb4f,https://dl.ibdocs.re/p/IB%20PAST%20PAPERS%20-%20YEAR/2023%20Examination%20Session/May%202023%20Examination%20Session/Individuals%20and%20societies/Psychology_paper_2__HL.pdf,/IB PAST PAPERS - YEAR/2023 Examination Session/May 2023 Examination Session/Individuals and societies/Psychology_paper_2__HL.pdf,2023,May 2023,Psychology,language=not labelled by archive; level=HL; zone=not labelled,question paper,292578,ec64556dd0ae224e22348a5e0fad43333b99ebc9d761ba42c9591604380d37ee,2026-09-02,downloaded; indexed size and PDF signature match; pdfinfo OK; qpdf clean,Unofficial mirror copy; authenticity and redistribution rights unverified; local research/reference only; do not upload to GitHub or redistribute.
resources/private/past-papers/2022-2026/business-psychology/2023 Examination Session/May 2023 Examination Session/Individuals and societies/Psychology_paper_2__HL_French.pdf,Psychology_paper_2__HL_French.pdf,https://dl.ibdocs.re/documents/psychology-paper-2-hl-french-633a2d2c2ad16894,https://dl.ibdocs.re/p/IB%20PAST%20PAPERS%20-%20YEAR/2023%20Examination%20Session/May%202023%20Examination%20Session/Individuals%20and%20societies/Psychology_paper_2__HL_French.pdf,/IB PAST PAPERS - YEAR/2023 Examination Session/May 2023 Examination Session/Individuals and societies/Psychology_paper_2__HL_French.pdf,2023,May 2023,Psychology,language=French; level=HL; zone=not labelled,question paper,292091,b7b7f0572dad193209529317c51b06a1501d250b536f7ffc9e22bd73a8df66e2,2026-09-02,downloaded; indexed size and PDF signature match; pdfinfo OK; qpdf clean,Unofficial mirror copy; authenticity and redistribution rights unverified; local research/reference only; do not upload to GitHub or redistribute.
resources/private/past-papers/2022-2026/business-psychology/2023 Examination Session/May 2023 Examination Session/Individuals and societies/Psychology_paper_2__HL_Spanish.pdf,Psychology_paper_2__HL_Spanish.pdf,https://dl.ibdocs.re/documents/psychology-paper-2-hl-spanish-1e279acec74165c4,https://dl.ibdocs.re/p/IB%20PAST%20PAPERS%20-%20YEAR/2023%20Examination%20Session/May%202023%20Examination%20Session/Individuals%20and%20societies/Psychology_paper_2__HL_Spanish.pdf,/IB PAST PAPERS - YEAR/2023 Examination Session/May 2023 Examination Session/Individuals and societies/Psychology_paper_2__HL_Spanish.pdf,2023,May 2023,Psychology,language=Spanish; level=HL; zone=not labelled,question paper,292778,2bba89574c72d6572f60e7c87b1293c134cc26fb902876edf3aaf464697abc32,2026-09-02,downloaded; indexed size and PDF signature match; pdfinfo OK; qpdf clean,Unofficial mirror copy; authenticity and redistribution rights unverified; local research/reference only; do not upload to GitHub or redistribute.
resources/private/past-papers/2022-2026/business-psychology/2023 Examination Session/May 2023 Examination Session/Individuals and societies/Psychology_paper_2__HL_markscheme.pdf,Psychology_paper_2__HL_markscheme.pdf,https://dl.ibdocs.re/documents/psychology-paper-2-hl-markscheme-73390dfb7b3dfb22,https://dl.ibdocs.re/p/IB%20PAST%20PAPERS%20-%20YEAR/2023%20Examination%20Session/May%202023%20Examination%20Session/Individuals%20and%20societies/Psychology_paper_2__HL_markscheme.pdf,/IB PAST PAPERS - YEAR/2023 Examination Session/May 2023 Examination Session/Individuals and societies/Psychology_paper_2__HL_markscheme.pdf,2023,May 2023,Psychology,language=not labelled by archive; level=HL; zone=not labelled,markscheme,796877,df04086c7b600c5fdf01672b8707332a66531c8c4ec4e90882e46cb76c5d461e,2026-09-02,downloaded; indexed size and PDF signature match; pdfinfo OK; qpdf clean,Unofficial mirror copy; authenticity and redistribution rights unverified; local research/reference only; do not upload to GitHub or redistribute.
resources/private/past-papers/2022-2026/business-psychology/2023 Examination Session/May 2023 Examination Session/Individuals and societies/Psychology_paper_2__SL.pdf,Psychology_paper_2__SL.pdf,https://dl.ibdocs.re/documents/psychology-paper-2-sl-5f8cb8eb12a5dd58,https://dl.ibdocs.re/p/IB%20PAST%20PAPERS%20-%20YEAR/2023%20Examination%20Session/May%202023%20Examination%20Session/Individuals%20and%20societies/Psychology_paper_2__SL.pdf,/IB PAST PAPERS - YEAR/2023 Examination Session/May 2023 Examination Session/Individuals and societies/Psychology_paper_2__SL.pdf,2023,May 2023,Psychology,language=not labelled by archive; level=SL; zone=not labelled,question paper,292641,0631f76a5ca8b73a13674168ff3e2c734e77f077995833cf68c64e6f403453c2,2026-09-02,downloaded; indexed size and PDF signature match; pdfinfo OK; qpdf clean,Unofficial mirror copy; authenticity and redistribution rights unverified; local research/reference only; do not upload to GitHub or redistribute.
resources/private/past-papers/2022-2026/business-psychology/2023 Examination Session/May 2023 Examination Session/Individuals and societies/Psychology_paper_2__SL_French.pdf,Psychology_paper_2__SL_French.pdf,https://dl.ibdocs.re/documents/psychology-paper-2-sl-french-60494dee107e0d91,https://dl.ibdocs.re/p/IB%20PAST%20PAPERS%20-%20YEAR/2023%20Examination%20Session/May%202023%20Examination%20Session/Individuals%20and%20societies/Psychology_paper_2__SL_French.pdf,/IB PAST PAPERS - YEAR/2023 Examination Session/May 2023 Examination Session/Individuals and societies/Psychology_paper_2__SL_French.pdf,2023,May 2023,Psychology,language=French; level=SL; zone=not labelled,question paper,291950,13c74838fab652ad8fb389425db3c2a3cfbcfdc8e37b6da2b254c7af94f36580,2026-09-02,downloaded; indexed size and PDF signature match; pdfinfo OK; qpdf clean,Unofficial mirror copy; authenticity and redistribution rights unverified; local research/reference only; do not upload to GitHub or redistribute.
resources/private/past-papers/2022-2026/business-psychology/2023 Examination Session/May 2023 Examination Session/Individuals and societies/Psychology_paper_2__SL_Spanish.pdf,Psychology_paper_2__SL_Spanish.pdf,https://dl.ibdocs.re/documents/psychology-paper-2-sl-spanish-61a36dc6a35704bf,https://dl.ibdocs.re/p/IB%20PAST%20PAPERS%20-%20YEAR/2023%20Examination%20Session/May%202023%20Examination%20Session/Individuals%20and%20societies/Psychology_paper_2__SL_Spanish.pdf,/IB PAST PAPERS - YEAR/2023 Examination Session/May 2023 Examination Session/Individuals and societies/Psychology_paper_2__SL_Spanish.pdf,2023,May 2023,Psychology,language=Spanish; level=SL; zone=not labelled,question paper,292223,d5d67d2b4c411b22a33e84413b86172363f6b46297e7a660f3990f63e1ab5b8c,2026-09-02,downloaded; indexed size and PDF signature match; pdfinfo OK; qpdf clean,Unofficial mirror copy; authenticity and redistribution rights unverified; local research/reference only; do not upload to GitHub or redistribute.
resources/private/past-papers/2022-2026/business-psychology/2023 Examination Session/May 2023 Examination Session/Individuals and societies/Psychology_paper_2__SL_markscheme.pdf,Psychology_paper_2__SL_markscheme.pdf,https://dl.ibdocs.re/documents/psychology-paper-2-sl-markscheme-69906408ae29d3e3,https://dl.ibdocs.re/p/IB%20PAST%20PAPERS%20-%20YEAR/2023%20Examination%20Session/May%202023%20Examination%20Session/Individuals%20and%20societies/Psychology_paper_2__SL_markscheme.pdf,/IB PAST PAPERS - YEAR/2023 Examination Session/May 2023 Examination Session/Individuals and societies/Psychology_paper_2__SL_markscheme.pdf,2023,May 2023,Psychology,language=not labelled by archive; level=SL; zone=not labelled,markscheme,1397689,0b5b5943f69942f74e22cf7c769636ce9f753b9e4b3ba99ae776a0045421519d,2026-09-02,downloaded; indexed size and PDF signature match; pdfinfo OK; qpdf clean,Unofficial mirror copy; authenticity and redistribution rights unverified; local research/reference only; do not upload to GitHub or redistribute.
resources/private/past-papers/2022-2026/business-psychology/2023 Examination Session/May 2023 Examination Session/Individuals and societies/Psychology_paper_3__HL.pdf,Psychology_paper_3__HL.pdf,https://dl.ibdocs.re/documents/psychology-paper-3-hl-87e5fb0cba74cbd8,https://dl.ibdocs.re/p/IB%20PAST%20PAPERS%20-%20YEAR/2023%20Examination%20Session/May%202023%20Examination%20Session/Individuals%20and%20societies/Psychology_paper_3__HL.pdf,/IB PAST PAPERS - YEAR/2023 Examination Session/May 2023 Examination Session/Individuals and societies/Psychology_paper_3__HL.pdf,2023,May 2023,Psychology,language=not labelled by archive; level=HL; zone=not labelled,question paper,294001,974a000ad1e6733240a78e74f78a79542cb968f9ba3c203e49af0076f2dc1d44,2026-09-02,downloaded; indexed size and PDF signature match; pdfinfo OK; qpdf clean,Unofficial mirror copy; authenticity and redistribution rights unverified; local research/reference only; do not upload to GitHub or redistribute.
resources/private/past-papers/2022-2026/business-psychology/2023 Examination Session/May 2023 Examination Session/Individuals and societies/Psychology_paper_3__HL_French.pdf,Psychology_paper_3__HL_French.pdf,https://dl.ibdocs.re/documents/psychology-paper-3-hl-french-0bde566571a91511,https://dl.ibdocs.re/p/IB%20PAST%20PAPERS%20-%20YEAR/2023%20Examination%20Session/May%202023%20Examination%20Session/Individuals%20and%20societies/Psychology_paper_3__HL_French.pdf,/IB PAST PAPERS - YEAR/2023 Examination Session/May 2023 Examination Session/Individuals and societies/Psychology_paper_3__HL_French.pdf,2023,May 2023,Psychology,language=French; level=HL; zone=not labelled,question paper,294740,444e665f122006fec9e9920e1cc567e58dc3c7e2a685ac4c3b2e08088560e52f,2026-09-02,downloaded; indexed size and PDF signature match; pdfinfo OK; qpdf clean,Unofficial mirror copy; authenticity and redistribution rights unverified; local research/reference only; do not upload to GitHub or redistribute.
resources/private/past-papers/2022-2026/business-psychology/2023 Examination Session/May 2023 Examination Session/Individuals and societies/Psychology_paper_3__HL_Spanish.pdf,Psychology_paper_3__HL_Spanish.pdf,https://dl.ibdocs.re/documents/psychology-paper-3-hl-spanish-1ae850a0bf74c33f,https://dl.ibdocs.re/p/IB%20PAST%20PAPERS%20-%20YEAR/2023%20Examination%20Session/May%202023%20Examination%20Session/Individuals%20and%20societies/Psychology_paper_3__HL_Spanish.pdf,/IB PAST PAPERS - YEAR/2023 Examination Session/May 2023 Examination Session/Individuals and societies/Psychology_paper_3__HL_Spanish.pdf,2023,May 2023,Psychology,language=Spanish; level=HL; zone=not labelled,question paper,294349,db3e946f0cefbacd3698252983e8669bf9c48d85cc583eed792e43e5cdc601b8,2026-09-02,downloaded; indexed size and PDF signature match; pdfinfo OK; qpdf clean,Unofficial mirror copy; authenticity and redistribution rights unverified; local research/reference only; do not upload to GitHub or redistribute.
resources/private/past-papers/2022-2026/business-psychology/2023 Examination Session/May 2023 Examination Session/Individuals and societies/Psychology_paper_3__HL_markscheme.pdf,Psychology_paper_3__HL_markscheme.pdf,https://dl.ibdocs.re/documents/psychology-paper-3-hl-markscheme-abefa96fde8b1363,https://dl.ibdocs.re/p/IB%20PAST%20PAPERS%20-%20YEAR/2023%20Examination%20Session/May%202023%20Examination%20Session/Individuals%20and%20societies/Psychology_paper_3__HL_markscheme.pdf,/IB PAST PAPERS - YEAR/2023 Examination Session/May 2023 Examination Session/Individuals and societies/Psychology_paper_3__HL_markscheme.pdf,2023,May 2023,Psychology,language=not labelled by archive; level=HL; zone=not labelled,markscheme,427979,232598c3e79a401506ba80f3f190a96c631e3f1822e5af0b64348445a5a1125e,2026-09-02,downloaded; indexed size and PDF signature match; pdfinfo OK; qpdf clean,Unofficial mirror copy; authenticity and redistribution rights unverified; local research/reference only; do not upload to GitHub or redistribute.
resources/private/past-papers/2022-2026/business-psychology/2023 Examination Session/More Papers M23/Psychology_paper_1_SL.pdf,Psychology_paper_1_SL.pdf,https://dl.ibdocs.re/documents/psychology-paper-1-sl-a1cf48341f49bbf5,https://dl.ibdocs.re/p/IB%20PAST%20PAPERS%20-%20YEAR/2023%20Examination%20Session/More%20Papers%20M23/Psychology_paper_1_SL.pdf,/IB PAST PAPERS - YEAR/2023 Examination Session/More Papers M23/Psychology_paper_1_SL.pdf,2023,May 2023,Psychology,language=not labelled by archive; level=SL; zone=not labelled,question paper,1219353,abccd2802310f3e947b041fe2bddc80e5a3c2981eae1006a998f3d125c5226b3,2026-09-02,downloaded; indexed size and PDF signature match; pdfinfo OK; qpdf succeeded with source-file warnings,Unofficial mirror copy; authenticity and redistribution rights unverified; local research/reference only; do not upload to GitHub or redistribute.
resources/private/past-papers/2022-2026/business-psychology/2023 Examination Session/November 2023 Examination Session/Individuals and societies/Psychology_paper_1__HL.pdf,Psychology_paper_1__HL.pdf,https://dl.ibdocs.re/documents/psychology-paper-1-hl-8267262064cde01d,https://dl.ibdocs.re/p/IB%20PAST%20PAPERS%20-%20YEAR/2023%20Examination%20Session/November%202023%20Examination%20Session/Individuals%20and%20societies/Psychology_paper_1__HL.pdf,/IB PAST PAPERS - YEAR/2023 Examination Session/November 2023 Examination Session/Individuals and societies/Psychology_paper_1__HL.pdf,2023,November 2023,Psychology,language=not labelled by archive; level=HL; zone=not labelled,question paper,288585,394fc8634007a7677d9770ba516da0ef33230c8db64cdc2c03695f17475651cf,2026-09-02,downloaded; indexed size and PDF signature match; pdfinfo OK; qpdf clean,Unofficial mirror copy; authenticity and redistribution rights unverified; local research/reference only; do not upload to GitHub or redistribute.
resources/private/past-papers/2022-2026/business-psychology/2023 Examination Session/November 2023 Examination Session/Individuals and societies/Psychology_paper_1__HL_Spanish.pdf,Psychology_paper_1__HL_Spanish.pdf,https://dl.ibdocs.re/documents/psychology-paper-1-hl-spanish-c5b504159343fcca,https://dl.ibdocs.re/p/IB%20PAST%20PAPERS%20-%20YEAR/2023%20Examination%20Session/November%202023%20Examination%20Session/Individuals%20and%20societies/Psychology_paper_1__HL_Spanish.pdf,/IB PAST PAPERS - YEAR/2023 Examination Session/November 2023 Examination Session/Individuals and societies/Psychology_paper_1__HL_Spanish.pdf,2023,November 2023,Psychology,language=Spanish; level=HL; zone=not labelled,question paper,288121,197548b0178e317acca50131374396b56670eda049cb45543260ba933ed66d84,2026-09-02,downloaded; indexed size and PDF signature match; pdfinfo OK; qpdf clean,Unofficial mirror copy; authenticity and redistribution rights unverified; local research/reference only; do not upload to GitHub or redistribute.
resources/private/past-papers/2022-2026/business-psychology/2023 Examination Session/November 2023 Examination Session/Individuals and societies/Psychology_paper_1__HL_markscheme.pdf,Psychology_paper_1__HL_markscheme.pdf,https://dl.ibdocs.re/documents/psychology-paper-1-hl-markscheme-bb3e240a758964d0,https://dl.ibdocs.re/p/IB%20PAST%20PAPERS%20-%20YEAR/2023%20Examination%20Session/November%202023%20Examination%20Session/Individuals%20and%20societies/Psychology_paper_1__HL_markscheme.pdf,/IB PAST PAPERS - YEAR/2023 Examination Session/November 2023 Examination Session/Individuals and societies/Psychology_paper_1__HL_markscheme.pdf,2023,November 2023,Psychology,language=not labelled by archive; level=HL; zone=not labelled,markscheme,1622671,a779bfc3a4c1c5b30a647ee43480882b12fa8d652f9d21aa59ffaa8457faa3ab,2026-09-02,downloaded; indexed size and PDF signature match; pdfinfo OK; qpdf clean,Unofficial mirror copy; authenticity and redistribution rights unverified; local research/reference only; do not upload to GitHub or redistribute.
resources/private/past-papers/2022-2026/business-psychology/2023 Examination Session/November 2023 Examination Session/Individuals and societies/Psychology_paper_1__SL.pdf,Psychology_paper_1__SL.pdf,https://dl.ibdocs.re/documents/psychology-paper-1-sl-c07e7494e04f35c2,https://dl.ibdocs.re/p/IB%20PAST%20PAPERS%20-%20YEAR/2023%20Examination%20Session/November%202023%20Examination%20Session/Individuals%20and%20societies/Psychology_paper_1__SL.pdf,/IB PAST PAPERS - YEAR/2023 Examination Session/November 2023 Examination Session/Individuals and societies/Psychology_paper_1__SL.pdf,2023,November 2023,Psychology,language=not labelled by archive; level=SL; zone=not labelled,question paper,288621,c8eacf3ca06e4f1441fb879ba19a6308ffc39f37e0706d61e3a073d5a0e4fd3a,2026-09-02,downloaded; indexed size and PDF signature match; pdfinfo OK; qpdf clean,Unofficial mirror copy; authenticity and redistribution rights unverified; local research/reference only; do not upload to GitHub or redistribute.
resources/private/past-papers/2022-2026/business-psychology/2023 Examination Session/November 2023 Examination Session/Individuals and societies/Psychology_paper_1__SL_Spanish.pdf,Psychology_paper_1__SL_Spanish.pdf,https://dl.ibdocs.re/documents/psychology-paper-1-sl-spanish-701adae828620959,https://dl.ibdocs.re/p/IB%20PAST%20PAPERS%20-%20YEAR/2023%20Examination%20Session/November%202023%20Examination%20Session/Individuals%20and%20societies/Psychology_paper_1__SL_Spanish.pdf,/IB PAST PAPERS - YEAR/2023 Examination Session/November 2023 Examination Session/Individuals and societies/Psychology_paper_1__SL_Spanish.pdf,2023,November 2023,Psychology,language=Spanish; level=SL; zone=not labelled,question paper,288444,b3ecfd6ecc15f959f42c4d9ce43059303e16d8c865c01e3f1c42f973ada9c94e,2026-09-02,downloaded; indexed size and PDF signature match; pdfinfo OK; qpdf clean,Unofficial mirror copy; authenticity and redistribution rights unverified; local research/reference only; do not upload to GitHub or redistribute.
resources/private/past-papers/2022-2026/business-psychology/2023 Examination Session/November 2023 Examination Session/Individuals and societies/Psychology_paper_1__SL_markscheme.pdf,Psychology_paper_1__SL_markscheme.pdf,https://dl.ibdocs.re/documents/psychology-paper-1-sl-markscheme-b1f33cdd44fecfc5,https://dl.ibdocs.re/p/IB%20PAST%20PAPERS%20-%20YEAR/2023%20Examination%20Session/November%202023%20Examination%20Session/Individuals%20and%20societies/Psychology_paper_1__SL_markscheme.pdf,/IB PAST PAPERS - YEAR/2023 Examination Session/November 2023 Examination Session/Individuals and societies/Psychology_paper_1__SL_markscheme.pdf,2023,November 2023,Psychology,language=not labelled by archive; level=SL; zone=not labelled,markscheme,512513,137ee8b13cddb58a78e36eca1efbc7bc17010489fbaa4f5b586fa3c5f9c2932c,2026-09-02,downloaded; indexed size and PDF signature match; pdfinfo OK; qpdf clean,Unofficial mirror copy; authenticity and redistribution rights unverified; local research/reference only; do not upload to GitHub or redistribute.
resources/private/past-papers/2022-2026/business-psychology/2023 Examination Session/November 2023 Examination Session/Individuals and societies/Psychology_paper_2__HL_Spanish.pdf,Psychology_paper_2__HL_Spanish.pdf,https://dl.ibdocs.re/documents/psychology-paper-2-hl-spanish-a8561e3dd28882b3,https://dl.ibdocs.re/p/IB%20PAST%20PAPERS%20-%20YEAR/2023%20Examination%20Session/November%202023%20Examination%20Session/Individuals%20and%20societies/Psychology_paper_2__HL_Spanish.pdf,/IB PAST PAPERS - YEAR/2023 Examination Session/November 2023 Examination Session/Individuals and societies/Psychology_paper_2__HL_Spanish.pdf,2023,November 2023,Psychology,language=Spanish; level=HL; zone=not labelled,question paper,291212,f9561b48eb20cf760d1035c6cb1cb7037988ae67cc1be47a375b78b04380fa8f,2026-09-02,downloaded; indexed size and PDF signature match; pdfinfo OK; qpdf clean,Unofficial mirror copy; authenticity and redistribution rights unverified; local research/reference only; do not upload to GitHub or redistribute.
resources/private/past-papers/2022-2026/business-psychology/2023 Examination Session/November 2023 Examination Session/Individuals and societies/Psychology_paper_2__SL_Spanish.pdf,Psychology_paper_2__SL_Spanish.pdf,https://dl.ibdocs.re/documents/psychology-paper-2-sl-spanish-8a8dca1280d5af78,https://dl.ibdocs.re/p/IB%20PAST%20PAPERS%20-%20YEAR/2023%20Examination%20Session/November%202023%20Examination%20Session/Individuals%20and%20societies/Psychology_paper_2__SL_Spanish.pdf,/IB PAST PAPERS - YEAR/2023 Examination Session/November 2023 Examination Session/Individuals and societies/Psychology_paper_2__SL_Spanish.pdf,2023,November 2023,Psychology,language=Spanish; level=SL; zone=not labelled,question paper,287696,774816572b8c03a0aa6466bc821fd88832c4a83f01fe9738efa367c628d3ef63,2026-09-02,downloaded; indexed size and PDF signature match; pdfinfo OK; qpdf clean,Unofficial mirror copy; authenticity and redistribution rights unverified; local research/reference only; do not upload to GitHub or redistribute.
resources/private/past-papers/2022-2026/business-psychology/2023 Examination Session/November 2023 Examination Session/Individuals and societies/Psychology_paper_2__TZ1_HL.pdf,Psychology_paper_2__TZ1_HL.pdf,https://dl.ibdocs.re/documents/psychology-paper-2-tz1-hl-2b9c34fd74c84746,https://dl.ibdocs.re/p/IB%20PAST%20PAPERS%20-%20YEAR/2023%20Examination%20Session/November%202023%20Examination%20Session/Individuals%20and%20societies/Psychology_paper_2__TZ1_HL.pdf,/IB PAST PAPERS - YEAR/2023 Examination Session/November 2023 Examination Session/Individuals and societies/Psychology_paper_2__TZ1_HL.pdf,2023,November 2023,Psychology,language=not labelled by archive; level=HL; zone=TZ1,question paper,291549,df42a23b57862622b271fab72e74508935ac478ab72c808a7430f6e96743dbe4,2026-09-02,downloaded; indexed size and PDF signature match; pdfinfo OK; qpdf clean,Unofficial mirror copy; authenticity and redistribution rights unverified; local research/reference only; do not upload to GitHub or redistribute.
resources/private/past-papers/2022-2026/business-psychology/2023 Examination Session/November 2023 Examination Session/Individuals and societies/Psychology_paper_2__TZ1_HLSL_markscheme.pdf,Psychology_paper_2__TZ1_HLSL_markscheme.pdf,https://dl.ibdocs.re/documents/psychology-paper-2-tz1-hlsl-markscheme-8f0129bdd26c7a28,https://dl.ibdocs.re/p/IB%20PAST%20PAPERS%20-%20YEAR/2023%20Examination%20Session/November%202023%20Examination%20Session/Individuals%20and%20societies/Psychology_paper_2__TZ1_HLSL_markscheme.pdf,/IB PAST PAPERS - YEAR/2023 Examination Session/November 2023 Examination Session/Individuals and societies/Psychology_paper_2__TZ1_HLSL_markscheme.pdf,2023,November 2023,Psychology,language=not labelled by archive; level=HL/SL; zone=TZ1,markscheme,737960,dd76741b8c305502f0e1d0e80004e49c7ede8c4a5ce79739b89ab5bac75c351f,2026-09-02,downloaded; indexed size and PDF signature match; pdfinfo OK; qpdf clean,Unofficial mirror copy; authenticity and redistribution rights unverified; local research/reference only; do not upload to GitHub or redistribute.
resources/private/past-papers/2022-2026/business-psychology/2023 Examination Session/November 2023 Examination Session/Individuals and societies/Psychology_paper_2__TZ1_SL.pdf,Psychology_paper_2__TZ1_SL.pdf,https://dl.ibdocs.re/documents/psychology-paper-2-tz1-sl-10126be557e33551,https://dl.ibdocs.re/p/IB%20PAST%20PAPERS%20-%20YEAR/2023%20Examination%20Session/November%202023%20Examination%20Session/Individuals%20and%20societies/Psychology_paper_2__TZ1_SL.pdf,/IB PAST PAPERS - YEAR/2023 Examination Session/November 2023 Examination Session/Individuals and societies/Psychology_paper_2__TZ1_SL.pdf,2023,November 2023,Psychology,language=not labelled by archive; level=SL; zone=TZ1,question paper,291517,87460244b4e89d15bc9d530afe9faac571ea731cd5c48ace861d0038c3fd1711,2026-09-02,downloaded; indexed size and PDF signature match; pdfinfo OK; qpdf clean,Unofficial mirror copy; authenticity and redistribution rights unverified; local research/reference only; do not upload to GitHub or redistribute.
resources/private/past-papers/2022-2026/business-psychology/2023 Examination Session/November 2023 Examination Session/Individuals and societies/Psychology_paper_2__TZ2_HL.pdf,Psychology_paper_2__TZ2_HL.pdf,https://dl.ibdocs.re/documents/psychology-paper-2-tz2-hl-3342824f44906a05,https://dl.ibdocs.re/p/IB%20PAST%20PAPERS%20-%20YEAR/2023%20Examination%20Session/November%202023%20Examination%20Session/Individuals%20and%20societies/Psychology_paper_2__TZ2_HL.pdf,/IB PAST PAPERS - YEAR/2023 Examination Session/November 2023 Examination Session/Individuals and societies/Psychology_paper_2__TZ2_HL.pdf,2023,November 2023,Psychology,language=not labelled by archive; level=HL; zone=TZ2,question paper,291225,42227f63771646d95d2a94223c2e2d95ae04ae211cbb308315ad402740e304dd,2026-09-02,downloaded; indexed size and PDF signature match; pdfinfo OK; qpdf clean,Unofficial mirror copy; authenticity and redistribution rights unverified; local research/reference only; do not upload to GitHub or redistribute.
resources/private/past-papers/2022-2026/business-psychology/2023 Examination Session/November 2023 Examination Session/Individuals and societies/Psychology_paper_2__TZ2_HLSL_markscheme.pdf,Psychology_paper_2__TZ2_HLSL_markscheme.pdf,https://dl.ibdocs.re/documents/psychology-paper-2-tz2-hlsl-markscheme-4b7d6b93ec59a6c9,https://dl.ibdocs.re/p/IB%20PAST%20PAPERS%20-%20YEAR/2023%20Examination%20Session/November%202023%20Examination%20Session/Individuals%20and%20societies/Psychology_paper_2__TZ2_HLSL_markscheme.pdf,/IB PAST PAPERS - YEAR/2023 Examination Session/November 2023 Examination Session/Individuals and societies/Psychology_paper_2__TZ2_HLSL_markscheme.pdf,2023,November 2023,Psychology,language=not labelled by archive; level=HL/SL; zone=TZ2,markscheme,847376,28c22aebc0233d2e151da9f7b1cb4969dfbd1c147a1c05551a65d4e6e62edf90,2026-09-02,downloaded; indexed size and PDF signature match; pdfinfo OK; qpdf clean,Unofficial mirror copy; authenticity and redistribution rights unverified; local research/reference only; do not upload to GitHub or redistribute.
resources/private/past-papers/2022-2026/business-psychology/2023 Examination Session/November 2023 Examination Session/Individuals and societies/Psychology_paper_2__TZ2_SL.pdf,Psychology_paper_2__TZ2_SL.pdf,https://dl.ibdocs.re/documents/psychology-paper-2-tz2-sl-b65ed9640e14981a,https://dl.ibdocs.re/p/IB%20PAST%20PAPERS%20-%20YEAR/2023%20Examination%20Session/November%202023%20Examination%20Session/Individuals%20and%20societies/Psychology_paper_2__TZ2_SL.pdf,/IB PAST PAPERS - YEAR/2023 Examination Session/November 2023 Examination Session/Individuals and societies/Psychology_paper_2__TZ2_SL.pdf,2023,November 2023,Psychology,language=not labelled by archive; level=SL; zone=TZ2,question paper,291658,fe517a4c02d51924e86deea4b4b314915141a5ed67e1022f67b03bf8daf563b6,2026-09-02,downloaded; indexed size and PDF signature match; pdfinfo OK; qpdf clean,Unofficial mirror copy; authenticity and redistribution rights unverified; local research/reference only; do not upload to GitHub or redistribute.
resources/private/past-papers/2022-2026/business-psychology/2023 Examination Session/November 2023 Examination Session/Individuals and societies/Psychology_paper_3__HL.pdf,Psychology_paper_3__HL.pdf,https://dl.ibdocs.re/documents/psychology-paper-3-hl-e166432dae446f43,https://dl.ibdocs.re/p/IB%20PAST%20PAPERS%20-%20YEAR/2023%20Examination%20Session/November%202023%20Examination%20Session/Individuals%20and%20societies/Psychology_paper_3__HL.pdf,/IB PAST PAPERS - YEAR/2023 Examination Session/November 2023 Examination Session/Individuals and societies/Psychology_paper_3__HL.pdf,2023,November 2023,Psychology,language=not labelled by archive; level=HL; zone=not labelled,question paper,317378,898077f6fcdf5b6f56f8e60dbaa56a51ccad832b0ab18e449d36a51a8da9e4cf,2026-09-02,downloaded; indexed size and PDF signature match; pdfinfo OK; qpdf clean,Unofficial mirror copy; authenticity and redistribution rights unverified; local research/reference only; do not upload to GitHub or redistribute.
resources/private/past-papers/2022-2026/business-psychology/2023 Examination Session/November 2023 Examination Session/Individuals and societies/Psychology_paper_3__HL_Spanish.pdf,Psychology_paper_3__HL_Spanish.pdf,https://dl.ibdocs.re/documents/psychology-paper-3-hl-spanish-54e2733af2db4ec8,https://dl.ibdocs.re/p/IB%20PAST%20PAPERS%20-%20YEAR/2023%20Examination%20Session/November%202023%20Examination%20Session/Individuals%20and%20societies/Psychology_paper_3__HL_Spanish.pdf,/IB PAST PAPERS - YEAR/2023 Examination Session/November 2023 Examination Session/Individuals and societies/Psychology_paper_3__HL_Spanish.pdf,2023,November 2023,Psychology,language=Spanish; level=HL; zone=not labelled,question paper,318726,ccce68b8de1e51538412aad06a4e3c5f59060d74b8b0aca1d5d23d7178704a98,2026-09-02,downloaded; indexed size and PDF signature match; pdfinfo OK; qpdf clean,Unofficial mirror copy; authenticity and redistribution rights unverified; local research/reference only; do not upload to GitHub or redistribute.
resources/private/past-papers/2022-2026/business-psychology/2023 Examination Session/November 2023 Examination Session/Individuals and societies/Psychology_paper_3__HL_markscheme.pdf,Psychology_paper_3__HL_markscheme.pdf,https://dl.ibdocs.re/documents/psychology-paper-3-hl-markscheme-60ec03e31ec75666,https://dl.ibdocs.re/p/IB%20PAST%20PAPERS%20-%20YEAR/2023%20Examination%20Session/November%202023%20Examination%20Session/Individuals%20and%20societies/Psychology_paper_3__HL_markscheme.pdf,/IB PAST PAPERS - YEAR/2023 Examination Session/November 2023 Examination Session/Individuals and societies/Psychology_paper_3__HL_markscheme.pdf,2023,November 2023,Psychology,language=not labelled by archive; level=HL; zone=not labelled,markscheme,442712,c919e222991dd15d666939d0fb21773a3e149742aca084c3d21ca92760d1840d,2026-09-02,downloaded; indexed size and PDF signature match; pdfinfo OK; qpdf clean,Unofficial mirror copy; authenticity and redistribution rights unverified; local research/reference only; do not upload to GitHub or redistribute.
resources/private/past-papers/2022-2026/business-psychology/2024 Examination Session/May 2024 Examination Session/Individuals and societies/Psychology_paper_1__HL_French.pdf,Psychology_paper_1__HL_French.pdf,https://dl.ibdocs.re/documents/psychology-paper-1-hl-french-b4500cdc6e3e9375,https://dl.ibdocs.re/p/IB%20PAST%20PAPERS%20-%20YEAR/2024%20Examination%20Session/May%202024%20Examination%20Session/Individuals%20and%20societies/Psychology_paper_1__HL_French.pdf,/IB PAST PAPERS - YEAR/2024 Examination Session/May 2024 Examination Session/Individuals and societies/Psychology_paper_1__HL_French.pdf,2024,May 2024,Psychology,language=French; level=HL; zone=not labelled,question paper,288538,23dc99ece4b5af5fcda790687b602762a426ee31223e5e61a75a3534bdbbc118,2026-09-02,downloaded; indexed size and PDF signature match; pdfinfo OK; qpdf succeeded with source-file warnings,Unofficial mirror copy; authenticity and redistribution rights unverified; local research/reference only; do not upload to GitHub or redistribute.
resources/private/past-papers/2022-2026/business-psychology/2024 Examination Session/May 2024 Examination Session/Individuals and societies/Psychology_paper_1__HL_Spanish.pdf,Psychology_paper_1__HL_Spanish.pdf,https://dl.ibdocs.re/documents/psychology-paper-1-hl-spanish-6e2c62d8cf64253b,https://dl.ibdocs.re/p/IB%20PAST%20PAPERS%20-%20YEAR/2024%20Examination%20Session/May%202024%20Examination%20Session/Individuals%20and%20societies/Psychology_paper_1__HL_Spanish.pdf,/IB PAST PAPERS - YEAR/2024 Examination Session/May 2024 Examination Session/Individuals and societies/Psychology_paper_1__HL_Spanish.pdf,2024,May 2024,Psychology,language=Spanish; level=HL; zone=not labelled,question paper,287292,22b2a7f8902d6c6e9a15195cbb3726af2d043f8a7b2692eb121cecb54e2708e3,2026-09-02,downloaded; indexed size and PDF signature match; pdfinfo OK; qpdf succeeded with source-file warnings,Unofficial mirror copy; authenticity and redistribution rights unverified; local research/reference only; do not upload to GitHub or redistribute.
resources/private/past-papers/2022-2026/business-psychology/2024 Examination Session/May 2024 Examination Session/Individuals and societies/Psychology_paper_1__SL_French.pdf,Psychology_paper_1__SL_French.pdf,https://dl.ibdocs.re/documents/psychology-paper-1-sl-french-7fdb15fbf77a9cd8,https://dl.ibdocs.re/p/IB%20PAST%20PAPERS%20-%20YEAR/2024%20Examination%20Session/May%202024%20Examination%20Session/Individuals%20and%20societies/Psychology_paper_1__SL_French.pdf,/IB PAST PAPERS - YEAR/2024 Examination Session/May 2024 Examination Session/Individuals and societies/Psychology_paper_1__SL_French.pdf,2024,May 2024,Psychology,language=French; level=SL; zone=not labelled,question paper,288561,2ec1aa89facf70363daec73774327e94d2b9ef07c890819e9d8c7dd73cf55ae3,2026-09-02,downloaded; indexed size and PDF signature match; pdfinfo OK; qpdf succeeded with source-file warnings,Unofficial mirror copy; authenticity and redistribution rights unverified; local research/reference only; do not upload to GitHub or redistribute.
resources/private/past-papers/2022-2026/business-psychology/2024 Examination Session/May 2024 Examination Session/Individuals and societies/Psychology_paper_1__SL_Spanish.pdf,Psychology_paper_1__SL_Spanish.pdf,https://dl.ibdocs.re/documents/psychology-paper-1-sl-spanish-b41506022eae60b0,https://dl.ibdocs.re/p/IB%20PAST%20PAPERS%20-%20YEAR/2024%20Examination%20Session/May%202024%20Examination%20Session/Individuals%20and%20societies/Psychology_paper_1__SL_Spanish.pdf,/IB PAST PAPERS - YEAR/2024 Examination Session/May 2024 Examination Session/Individuals and societies/Psychology_paper_1__SL_Spanish.pdf,2024,May 2024,Psychology,language=Spanish; level=SL; zone=not labelled,question paper,288201,5175316e0922aad1408c848c3d37d959875af0cd9344cde6266363e127876a66,2026-09-02,downloaded; indexed size and PDF signature match; pdfinfo OK; qpdf succeeded with source-file warnings,Unofficial mirror copy; authenticity and redistribution rights unverified; local research/reference only; do not upload to GitHub or redistribute.
resources/private/past-papers/2022-2026/business-psychology/2024 Examination Session/May 2024 Examination Session/Individuals and societies/Psychology_paper_1__TZ1_HL.pdf,Psychology_paper_1__TZ1_HL.pdf,https://dl.ibdocs.re/documents/psychology-paper-1-tz1-hl-88b30abac800c04e,https://dl.ibdocs.re/p/IB%20PAST%20PAPERS%20-%20YEAR/2024%20Examination%20Session/May%202024%20Examination%20Session/Individuals%20and%20societies/Psychology_paper_1__TZ1_HL.pdf,/IB PAST PAPERS - YEAR/2024 Examination Session/May 2024 Examination Session/Individuals and societies/Psychology_paper_1__TZ1_HL.pdf,2024,May 2024,Psychology,language=not labelled by archive; level=HL; zone=TZ1,question paper,286758,99db61af53cd4adb49b0697c5a9847915d869b54c08f6051581a07ca05f3b702,2026-09-02,downloaded; indexed size and PDF signature match; pdfinfo OK; qpdf clean,Unofficial mirror copy; authenticity and redistribution rights unverified; local research/reference only; do not upload to GitHub or redistribute.
resources/private/past-papers/2022-2026/business-psychology/2024 Examination Session/May 2024 Examination Session/Individuals and societies/Psychology_paper_1__TZ1_HL_markscheme.pdf,Psychology_paper_1__TZ1_HL_markscheme.pdf,https://dl.ibdocs.re/documents/psychology-paper-1-tz1-hl-markscheme-b2f8b09e0b2d1771,https://dl.ibdocs.re/p/IB%20PAST%20PAPERS%20-%20YEAR/2024%20Examination%20Session/May%202024%20Examination%20Session/Individuals%20and%20societies/Psychology_paper_1__TZ1_HL_markscheme.pdf,/IB PAST PAPERS - YEAR/2024 Examination Session/May 2024 Examination Session/Individuals and societies/Psychology_paper_1__TZ1_HL_markscheme.pdf,2024,May 2024,Psychology,language=not labelled by archive; level=HL; zone=TZ1,markscheme,531503,8798e90959d5ba0676e6bf6ec50ae879ad1701daeaadaaa9a88c5946d38f425c,2026-09-02,downloaded; indexed size and PDF signature match; pdfinfo OK; qpdf clean,Unofficial mirror copy; authenticity and redistribution rights unverified; local research/reference only; do not upload to GitHub or redistribute.
resources/private/past-papers/2022-2026/business-psychology/2024 Examination Session/May 2024 Examination Session/Individuals and societies/Psychology_paper_1__TZ1_SL.pdf,Psychology_paper_1__TZ1_SL.pdf,https://dl.ibdocs.re/documents/psychology-paper-1-tz1-sl-49ae2702bcc9db29,https://dl.ibdocs.re/p/IB%20PAST%20PAPERS%20-%20YEAR/2024%20Examination%20Session/May%202024%20Examination%20Session/Individuals%20and%20societies/Psychology_paper_1__TZ1_SL.pdf,/IB PAST PAPERS - YEAR/2024 Examination Session/May 2024 Examination Session/Individuals and societies/Psychology_paper_1__TZ1_SL.pdf,2024,May 2024,Psychology,language=not labelled by archive; level=SL; zone=TZ1,question paper,286573,3ab5852307174de0e2af6c7aab148a544f51173939f99c3abe33b2e12a625462,2026-09-02,downloaded; indexed size and PDF signature match; pdfinfo OK; qpdf clean,Unofficial mirror copy; authenticity and redistribution rights unverified; local research/reference only; do not upload to GitHub or redistribute.
resources/private/past-papers/2022-2026/business-psychology/2024 Examination Session/May 2024 Examination Session/Individuals and societies/Psychology_paper_1__TZ1_SL_markscheme.pdf,Psychology_paper_1__TZ1_SL_markscheme.pdf,https://dl.ibdocs.re/documents/psychology-paper-1-tz1-sl-markscheme-3e64abd678be91fc,https://dl.ibdocs.re/p/IB%20PAST%20PAPERS%20-%20YEAR/2024%20Examination%20Session/May%202024%20Examination%20Session/Individuals%20and%20societies/Psychology_paper_1__TZ1_SL_markscheme.pdf,/IB PAST PAPERS - YEAR/2024 Examination Session/May 2024 Examination Session/Individuals and societies/Psychology_paper_1__TZ1_SL_markscheme.pdf,2024,May 2024,Psychology,language=not labelled by archive; level=SL; zone=TZ1,markscheme,539654,7b344cd1f8284ae7a40c882a84a785f479a57c1ddad59a02d53fb94b328fc065,2026-09-02,downloaded; indexed size and PDF signature match; pdfinfo OK; qpdf clean,Unofficial mirror copy; authenticity and redistribution rights unverified; local research/reference only; do not upload to GitHub or redistribute.
resources/private/past-papers/2022-2026/business-psychology/2024 Examination Session/May 2024 Examination Session/Individuals and societies/Psychology_paper_1__TZ2_HL.pdf,Psychology_paper_1__TZ2_HL.pdf,https://dl.ibdocs.re/documents/psychology-paper-1-tz2-hl-c915799d37f3e8ad,https://dl.ibdocs.re/p/IB%20PAST%20PAPERS%20-%20YEAR/2024%20Examination%20Session/May%202024%20Examination%20Session/Individuals%20and%20societies/Psychology_paper_1__TZ2_HL.pdf,/IB PAST PAPERS - YEAR/2024 Examination Session/May 2024 Examination Session/Individuals and societies/Psychology_paper_1__TZ2_HL.pdf,2024,May 2024,Psychology,language=not labelled by archive; level=HL; zone=TZ2,question paper,298799,78be315cb0a93625db2e842ab118ad073bee95e41df23756224e1090200530fc,2026-09-02,downloaded; indexed size and PDF signature match; pdfinfo OK; qpdf succeeded with source-file warnings,Unofficial mirror copy; authenticity and redistribution rights unverified; local research/reference only; do not upload to GitHub or redistribute.
resources/private/past-papers/2022-2026/business-psychology/2024 Examination Session/May 2024 Examination Session/Individuals and societies/Psychology_paper_1__TZ2_HL_markscheme.pdf,Psychology_paper_1__TZ2_HL_markscheme.pdf,https://dl.ibdocs.re/documents/psychology-paper-1-tz2-hl-markscheme-045791f07d42bc60,https://dl.ibdocs.re/p/IB%20PAST%20PAPERS%20-%20YEAR/2024%20Examination%20Session/May%202024%20Examination%20Session/Individuals%20and%20societies/Psychology_paper_1__TZ2_HL_markscheme.pdf,/IB PAST PAPERS - YEAR/2024 Examination Session/May 2024 Examination Session/Individuals and societies/Psychology_paper_1__TZ2_HL_markscheme.pdf,2024,May 2024,Psychology,language=not labelled by archive; level=HL; zone=TZ2,markscheme,501710,5957ed655c9cd75a5dbc656e54ec7b3ff9eadb53808d9c49e2327b62ff440688,2026-09-02,downloaded; indexed size and PDF signature match; pdfinfo OK; qpdf clean,Unofficial mirror copy; authenticity and redistribution rights unverified; local research/reference only; do not upload to GitHub or redistribute.
resources/private/past-papers/2022-2026/business-psychology/2024 Examination Session/May 2024 Examination Session/Individuals and societies/Psychology_paper_1__TZ2_SL.pdf,Psychology_paper_1__TZ2_SL.pdf,https://dl.ibdocs.re/documents/psychology-paper-1-tz2-sl-f04dee90fdaf3cf2,https://dl.ibdocs.re/p/IB%20PAST%20PAPERS%20-%20YEAR/2024%20Examination%20Session/May%202024%20Examination%20Session/Individuals%20and%20societies/Psychology_paper_1__TZ2_SL.pdf,/IB PAST PAPERS - YEAR/2024 Examination Session/May 2024 Examination Session/Individuals and societies/Psychology_paper_1__TZ2_SL.pdf,2024,May 2024,Psychology,language=not labelled by archive; level=SL; zone=TZ2,question paper,298285,301660cc176abd7b367a4f1adbb469eaf74b361aa3e457ad8f8d05991ddd0c1e,2026-09-02,downloaded; indexed size and PDF signature match; pdfinfo OK; qpdf succeeded with source-file warnings,Unofficial mirror copy; authenticity and redistribution rights unverified; local research/reference only; do not upload to GitHub or redistribute.
resources/private/past-papers/2022-2026/business-psychology/2024 Examination Session/May 2024 Examination Session/Individuals and societies/Psychology_paper_1__TZ2_SL_markscheme.pdf,Psychology_paper_1__TZ2_SL_markscheme.pdf,https://dl.ibdocs.re/documents/psychology-paper-1-tz2-sl-markscheme-2e7ce1f43ab0d1f5,https://dl.ibdocs.re/p/IB%20PAST%20PAPERS%20-%20YEAR/2024%20Examination%20Session/May%202024%20Examination%20Session/Individuals%20and%20societies/Psychology_paper_1__TZ2_SL_markscheme.pdf,/IB PAST PAPERS - YEAR/2024 Examination Session/May 2024 Examination Session/Individuals and societies/Psychology_paper_1__TZ2_SL_markscheme.pdf,2024,May 2024,Psychology,language=not labelled by archive; level=SL; zone=TZ2,markscheme,510624,b2638b119f510625f1b58e80a53c4637588e0b8adb9be0af83ea59ae4e8fc181,2026-09-02,downloaded; indexed size and PDF signature match; pdfinfo OK; qpdf clean,Unofficial mirror copy; authenticity and redistribution rights unverified; local research/reference only; do not upload to GitHub or redistribute.
resources/private/past-papers/2022-2026/business-psychology/2024 Examination Session/May 2024 Examination Session/Individuals and societies/Psychology_paper_2__HL_French.pdf,Psychology_paper_2__HL_French.pdf,https://dl.ibdocs.re/documents/psychology-paper-2-hl-french-39f5c371f412b6ca,https://dl.ibdocs.re/p/IB%20PAST%20PAPERS%20-%20YEAR/2024%20Examination%20Session/May%202024%20Examination%20Session/Individuals%20and%20societies/Psychology_paper_2__HL_French.pdf,/IB PAST PAPERS - YEAR/2024 Examination Session/May 2024 Examination Session/Individuals and societies/Psychology_paper_2__HL_French.pdf,2024,May 2024,Psychology,language=French; level=HL; zone=not labelled,question paper,291004,f8c78e12b2267d3c058605305cb32d71907493c0b3f1ab3bf1ccc8dd059b1879,2026-09-02,downloaded; indexed size and PDF signature match; pdfinfo OK; qpdf succeeded with source-file warnings,Unofficial mirror copy; authenticity and redistribution rights unverified; local research/reference only; do not upload to GitHub or redistribute.
resources/private/past-papers/2022-2026/business-psychology/2024 Examination Session/May 2024 Examination Session/Individuals and societies/Psychology_paper_2__HL_Spanish.pdf,Psychology_paper_2__HL_Spanish.pdf,https://dl.ibdocs.re/documents/psychology-paper-2-hl-spanish-9c042c7875946652,https://dl.ibdocs.re/p/IB%20PAST%20PAPERS%20-%20YEAR/2024%20Examination%20Session/May%202024%20Examination%20Session/Individuals%20and%20societies/Psychology_paper_2__HL_Spanish.pdf,/IB PAST PAPERS - YEAR/2024 Examination Session/May 2024 Examination Session/Individuals and societies/Psychology_paper_2__HL_Spanish.pdf,2024,May 2024,Psychology,language=Spanish; level=HL; zone=not labelled,question paper,290545,76943708f868c2e49fa67c9b9646a9e25182e9f6faf9277c426facdefa7015db,2026-09-02,downloaded; indexed size and PDF signature match; pdfinfo OK; qpdf succeeded with source-file warnings,Unofficial mirror copy; authenticity and redistribution rights unverified; local research/reference only; do not upload to GitHub or redistribute.
resources/private/past-papers/2022-2026/business-psychology/2024 Examination Session/May 2024 Examination Session/Individuals and societies/Psychology_paper_2__SL_French.pdf,Psychology_paper_2__SL_French.pdf,https://dl.ibdocs.re/documents/psychology-paper-2-sl-french-9872398b5b3c7cbb,https://dl.ibdocs.re/p/IB%20PAST%20PAPERS%20-%20YEAR/2024%20Examination%20Session/May%202024%20Examination%20Session/Individuals%20and%20societies/Psychology_paper_2__SL_French.pdf,/IB PAST PAPERS - YEAR/2024 Examination Session/May 2024 Examination Session/Individuals and societies/Psychology_paper_2__SL_French.pdf,2024,May 2024,Psychology,language=French; level=SL; zone=not labelled,question paper,290648,7cab889556dbfcd7fd8c6067e5b1cc7cea0b0c34a6e26027094011b1f1c65763,2026-09-02,downloaded; indexed size and PDF signature match; pdfinfo OK; qpdf succeeded with source-file warnings,Unofficial mirror copy; authenticity and redistribution rights unverified; local research/reference only; do not upload to GitHub or redistribute.
resources/private/past-papers/2022-2026/business-psychology/2024 Examination Session/May 2024 Examination Session/Individuals and societies/Psychology_paper_2__SL_Spanish.pdf,Psychology_paper_2__SL_Spanish.pdf,https://dl.ibdocs.re/documents/psychology-paper-2-sl-spanish-8989d58cfed349f1,https://dl.ibdocs.re/p/IB%20PAST%20PAPERS%20-%20YEAR/2024%20Examination%20Session/May%202024%20Examination%20Session/Individuals%20and%20societies/Psychology_paper_2__SL_Spanish.pdf,/IB PAST PAPERS - YEAR/2024 Examination Session/May 2024 Examination Session/Individuals and societies/Psychology_paper_2__SL_Spanish.pdf,2024,May 2024,Psychology,language=Spanish; level=SL; zone=not labelled,question paper,290614,11610728c7b77dbe2d20e938c0dcde01979712d90a93f55768cf3325ace68604,2026-09-02,downloaded; indexed size and PDF signature match; pdfinfo OK; qpdf succeeded with source-file warnings,Unofficial mirror copy; authenticity and redistribution rights unverified; local research/reference only; do not upload to GitHub or redistribute.
resources/private/past-papers/2022-2026/business-psychology/2024 Examination Session/May 2024 Examination Session/Individuals and societies/Psychology_paper_2__TZ1_HL.pdf,Psychology_paper_2__TZ1_HL.pdf,https://dl.ibdocs.re/documents/psychology-paper-2-tz1-hl-9a2556f9b5bfc413,https://dl.ibdocs.re/p/IB%20PAST%20PAPERS%20-%20YEAR/2024%20Examination%20Session/May%202024%20Examination%20Session/Individuals%20and%20societies/Psychology_paper_2__TZ1_HL.pdf,/IB PAST PAPERS - YEAR/2024 Examination Session/May 2024 Examination Session/Individuals and societies/Psychology_paper_2__TZ1_HL.pdf,2024,May 2024,Psychology,language=not labelled by archive; level=HL; zone=TZ1,question paper,291469,88503beedbe1ca1f5020927d7eeb6350c0be2cd8d8ca70ab02138a7412f1801d,2026-09-02,downloaded; indexed size and PDF signature match; pdfinfo OK; qpdf clean,Unofficial mirror copy; authenticity and redistribution rights unverified; local research/reference only; do not upload to GitHub or redistribute.
resources/private/past-papers/2022-2026/business-psychology/2024 Examination Session/May 2024 Examination Session/Individuals and societies/Psychology_paper_2__TZ1_HLSL_markscheme.pdf,Psychology_paper_2__TZ1_HLSL_markscheme.pdf,https://dl.ibdocs.re/documents/psychology-paper-2-tz1-hlsl-markscheme-8cf8ecc9967fa02b,https://dl.ibdocs.re/p/IB%20PAST%20PAPERS%20-%20YEAR/2024%20Examination%20Session/May%202024%20Examination%20Session/Individuals%20and%20societies/Psychology_paper_2__TZ1_HLSL_markscheme.pdf,/IB PAST PAPERS - YEAR/2024 Examination Session/May 2024 Examination Session/Individuals and societies/Psychology_paper_2__TZ1_HLSL_markscheme.pdf,2024,May 2024,Psychology,language=not labelled by archive; level=HL/SL; zone=TZ1,markscheme,802582,336d717fb2aa9f42639bf3c9592efe27dcdb7162ce1e0c2e8c4bd7ff530b3eb6,2026-09-02,downloaded; indexed size and PDF signature match; pdfinfo OK; qpdf clean,Unofficial mirror copy; authenticity and redistribution rights unverified; local research/reference only; do not upload to GitHub or redistribute.
resources/private/past-papers/2022-2026/business-psychology/2024 Examination Session/May 2024 Examination Session/Individuals and societies/Psychology_paper_2__TZ1_SL.pdf,Psychology_paper_2__TZ1_SL.pdf,https://dl.ibdocs.re/documents/psychology-paper-2-tz1-sl-c71a8ff3c148483c,https://dl.ibdocs.re/p/IB%20PAST%20PAPERS%20-%20YEAR/2024%20Examination%20Session/May%202024%20Examination%20Session/Individuals%20and%20societies/Psychology_paper_2__TZ1_SL.pdf,/IB PAST PAPERS - YEAR/2024 Examination Session/May 2024 Examination Session/Individuals and societies/Psychology_paper_2__TZ1_SL.pdf,2024,May 2024,Psychology,language=not labelled by archive; level=SL; zone=TZ1,question paper,291842,21673629e0a17863669f37f0bef1590a820cd5b7045f395b09991b276251c7b5,2026-09-02,downloaded; indexed size and PDF signature match; pdfinfo OK; qpdf clean,Unofficial mirror copy; authenticity and redistribution rights unverified; local research/reference only; do not upload to GitHub or redistribute.
resources/private/past-papers/2022-2026/business-psychology/2024 Examination Session/May 2024 Examination Session/Individuals and societies/Psychology_paper_2__TZ2_HL.pdf,Psychology_paper_2__TZ2_HL.pdf,https://dl.ibdocs.re/documents/psychology-paper-2-tz2-hl-1d530e20fd4ad360,https://dl.ibdocs.re/p/IB%20PAST%20PAPERS%20-%20YEAR/2024%20Examination%20Session/May%202024%20Examination%20Session/Individuals%20and%20societies/Psychology_paper_2__TZ2_HL.pdf,/IB PAST PAPERS - YEAR/2024 Examination Session/May 2024 Examination Session/Individuals and societies/Psychology_paper_2__TZ2_HL.pdf,2024,May 2024,Psychology,language=not labelled by archive; level=HL; zone=TZ2,question paper,301683,5bf62cbd1cb399d189d4a2fb5abb88cef6dd7da342806ccd3d0928f6d4a0057b,2026-09-02,downloaded; indexed size and PDF signature match; pdfinfo OK; qpdf succeeded with source-file warnings,Unofficial mirror copy; authenticity and redistribution rights unverified; local research/reference only; do not upload to GitHub or redistribute.
resources/private/past-papers/2022-2026/business-psychology/2024 Examination Session/May 2024 Examination Session/Individuals and societies/Psychology_paper_2__TZ2_HLSL_markscheme.pdf,Psychology_paper_2__TZ2_HLSL_markscheme.pdf,https://dl.ibdocs.re/documents/psychology-paper-2-tz2-hlsl-markscheme-a4e0dc27684ff66e,https://dl.ibdocs.re/p/IB%20PAST%20PAPERS%20-%20YEAR/2024%20Examination%20Session/May%202024%20Examination%20Session/Individuals%20and%20societies/Psychology_paper_2__TZ2_HLSL_markscheme.pdf,/IB PAST PAPERS - YEAR/2024 Examination Session/May 2024 Examination Session/Individuals and societies/Psychology_paper_2__TZ2_HLSL_markscheme.pdf,2024,May 2024,Psychology,language=not labelled by archive; level=HL/SL; zone=TZ2,markscheme,827295,1ceea1c0cc69255e502df4626aa61f1a96f851f189ec29ef40ab3fa9bfba39e2,2026-09-02,downloaded; indexed size and PDF signature match; pdfinfo OK; qpdf clean,Unofficial mirror copy; authenticity and redistribution rights unverified; local research/reference only; do not upload to GitHub or redistribute.
resources/private/past-papers/2022-2026/business-psychology/2024 Examination Session/May 2024 Examination Session/Individuals and societies/Psychology_paper_2__TZ2_SL.pdf,Psychology_paper_2__TZ2_SL.pdf,https://dl.ibdocs.re/documents/psychology-paper-2-tz2-sl-091140fc749d9b07,https://dl.ibdocs.re/p/IB%20PAST%20PAPERS%20-%20YEAR/2024%20Examination%20Session/May%202024%20Examination%20Session/Individuals%20and%20societies/Psychology_paper_2__TZ2_SL.pdf,/IB PAST PAPERS - YEAR/2024 Examination Session/May 2024 Examination Session/Individuals and societies/Psychology_paper_2__TZ2_SL.pdf,2024,May 2024,Psychology,language=not labelled by archive; level=SL; zone=TZ2,question paper,301698,7b997299e5f58539c6f72fbbcc8c758b7c874ff4a253ff3011d038de0c255cee,2026-09-02,downloaded; indexed size and PDF signature match; pdfinfo OK; qpdf succeeded with source-file warnings,Unofficial mirror copy; authenticity and redistribution rights unverified; local research/reference only; do not upload to GitHub or redistribute.
resources/private/past-papers/2022-2026/business-psychology/2024 Examination Session/May 2024 Examination Session/Individuals and societies/Psychology_paper_3__HL.pdf,Psychology_paper_3__HL.pdf,https://dl.ibdocs.re/documents/psychology-paper-3-hl-8ec6a8db255b0496,https://dl.ibdocs.re/p/IB%20PAST%20PAPERS%20-%20YEAR/2024%20Examination%20Session/May%202024%20Examination%20Session/Individuals%20and%20societies/Psychology_paper_3__HL.pdf,/IB PAST PAPERS - YEAR/2024 Examination Session/May 2024 Examination Session/Individuals and societies/Psychology_paper_3__HL.pdf,2024,May 2024,Psychology,language=not labelled by archive; level=HL; zone=not labelled,question paper,305991,1c784c27c0832dc5323eb4978484ec9a786a0c4f49fb8314eecdaf25aef2ccfb,2026-09-02,downloaded; indexed size and PDF signature match; pdfinfo OK; qpdf succeeded with source-file warnings,Unofficial mirror copy; authenticity and redistribution rights unverified; local research/reference only; do not upload to GitHub or redistribute.
resources/private/past-papers/2022-2026/business-psychology/2024 Examination Session/May 2024 Examination Session/Individuals and societies/Psychology_paper_3__HL_French.pdf,Psychology_paper_3__HL_French.pdf,https://dl.ibdocs.re/documents/psychology-paper-3-hl-french-5d1eee3e817c1d1f,https://dl.ibdocs.re/p/IB%20PAST%20PAPERS%20-%20YEAR/2024%20Examination%20Session/May%202024%20Examination%20Session/Individuals%20and%20societies/Psychology_paper_3__HL_French.pdf,/IB PAST PAPERS - YEAR/2024 Examination Session/May 2024 Examination Session/Individuals and societies/Psychology_paper_3__HL_French.pdf,2024,May 2024,Psychology,language=French; level=HL; zone=not labelled,question paper,294941,daaf502e8a9594c35470b5d49a813cf2ba94c94970da06ef64da68a62ca376e4,2026-09-02,downloaded; indexed size and PDF signature match; pdfinfo OK; qpdf succeeded with source-file warnings,Unofficial mirror copy; authenticity and redistribution rights unverified; local research/reference only; do not upload to GitHub or redistribute.
resources/private/past-papers/2022-2026/business-psychology/2024 Examination Session/May 2024 Examination Session/Individuals and societies/Psychology_paper_3__HL_Spanish.pdf,Psychology_paper_3__HL_Spanish.pdf,https://dl.ibdocs.re/documents/psychology-paper-3-hl-spanish-745ab56cf8b2951d,https://dl.ibdocs.re/p/IB%20PAST%20PAPERS%20-%20YEAR/2024%20Examination%20Session/May%202024%20Examination%20Session/Individuals%20and%20societies/Psychology_paper_3__HL_Spanish.pdf,/IB PAST PAPERS - YEAR/2024 Examination Session/May 2024 Examination Session/Individuals and societies/Psychology_paper_3__HL_Spanish.pdf,2024,May 2024,Psychology,language=Spanish; level=HL; zone=not labelled,question paper,291562,3607eb26f75863fa00500ad67a4defbda1e6f3f32fcc147872a765b826f1d950,2026-09-02,downloaded; indexed size and PDF signature match; pdfinfo OK; qpdf succeeded with source-file warnings,Unofficial mirror copy; authenticity and redistribution rights unverified; local research/reference only; do not upload to GitHub or redistribute.
resources/private/past-papers/2022-2026/business-psychology/2024 Examination Session/May 2024 Examination Session/Individuals and societies/Psychology_paper_3__HL_markscheme.pdf,Psychology_paper_3__HL_markscheme.pdf,https://dl.ibdocs.re/documents/psychology-paper-3-hl-markscheme-57a20bc3d5aae8d9,https://dl.ibdocs.re/p/IB%20PAST%20PAPERS%20-%20YEAR/2024%20Examination%20Session/May%202024%20Examination%20Session/Individuals%20and%20societies/Psychology_paper_3__HL_markscheme.pdf,/IB PAST PAPERS - YEAR/2024 Examination Session/May 2024 Examination Session/Individuals and societies/Psychology_paper_3__HL_markscheme.pdf,2024,May 2024,Psychology,language=not labelled by archive; level=HL; zone=not labelled,markscheme,413373,23692f0cfaf758e268f0a46c71c8470b04bcfce03c855849958a703c26ba0f50,2026-09-02,downloaded; indexed size and PDF signature match; pdfinfo OK; qpdf clean,Unofficial mirror copy; authenticity and redistribution rights unverified; local research/reference only; do not upload to GitHub or redistribute.
resources/private/past-papers/2022-2026/business-psychology/2024 Examination Session/November 2024 Examination Session/Individuals and societies/Psychology_paper_1__HL.pdf,Psychology_paper_1__HL.pdf,https://dl.ibdocs.re/documents/psychology-paper-1-hl-a8943429234a67a5,https://dl.ibdocs.re/p/IB%20PAST%20PAPERS%20-%20YEAR/2024%20Examination%20Session/November%202024%20Examination%20Session/Individuals%20and%20societies/Psychology_paper_1__HL.pdf,/IB PAST PAPERS - YEAR/2024 Examination Session/November 2024 Examination Session/Individuals and societies/Psychology_paper_1__HL.pdf,2024,November 2024,Psychology,language=not labelled by archive; level=HL; zone=not labelled,question paper,289088,91d71a41d46381e699c3188100cda03b37095e8750b3bd7008df4104b2a754eb,2026-09-02,downloaded; indexed size and PDF signature match; pdfinfo OK; qpdf succeeded with source-file warnings,Unofficial mirror copy; authenticity and redistribution rights unverified; local research/reference only; do not upload to GitHub or redistribute.
resources/private/past-papers/2022-2026/business-psychology/2024 Examination Session/November 2024 Examination Session/Individuals and societies/Psychology_paper_1__HL_Spanish.pdf,Psychology_paper_1__HL_Spanish.pdf,https://dl.ibdocs.re/documents/psychology-paper-1-hl-spanish-b7627c189ece60d2,https://dl.ibdocs.re/p/IB%20PAST%20PAPERS%20-%20YEAR/2024%20Examination%20Session/November%202024%20Examination%20Session/Individuals%20and%20societies/Psychology_paper_1__HL_Spanish.pdf,/IB PAST PAPERS - YEAR/2024 Examination Session/November 2024 Examination Session/Individuals and societies/Psychology_paper_1__HL_Spanish.pdf,2024,November 2024,Psychology,language=Spanish; level=HL; zone=not labelled,question paper,287306,8a4ad0c215794e1f4d28649bf9473eebb5e371896c1242258aba3c7ba2a93822,2026-09-02,downloaded; indexed size and PDF signature match; pdfinfo OK; qpdf clean,Unofficial mirror copy; authenticity and redistribution rights unverified; local research/reference only; do not upload to GitHub or redistribute.
resources/private/past-papers/2022-2026/business-psychology/2024 Examination Session/November 2024 Examination Session/Individuals and societies/Psychology_paper_1__HL_markscheme.pdf,Psychology_paper_1__HL_markscheme.pdf,https://dl.ibdocs.re/documents/psychology-paper-1-hl-markscheme-06d5f7531c0cfaf8,https://dl.ibdocs.re/p/IB%20PAST%20PAPERS%20-%20YEAR/2024%20Examination%20Session/November%202024%20Examination%20Session/Individuals%20and%20societies/Psychology_paper_1__HL_markscheme.pdf,/IB PAST PAPERS - YEAR/2024 Examination Session/November 2024 Examination Session/Individuals and societies/Psychology_paper_1__HL_markscheme.pdf,2024,November 2024,Psychology,language=not labelled by archive; level=HL; zone=not labelled,markscheme,501995,5d4cba8bb69f291da38a0c1e516f10ad0b560daa2b2fd9deb5ce77448b21f602,2026-09-02,downloaded; indexed size and PDF signature match; pdfinfo OK; qpdf clean,Unofficial mirror copy; authenticity and redistribution rights unverified; local research/reference only; do not upload to GitHub or redistribute.
resources/private/past-papers/2022-2026/business-psychology/2024 Examination Session/November 2024 Examination Session/Individuals and societies/Psychology_paper_1__SL.pdf,Psychology_paper_1__SL.pdf,https://dl.ibdocs.re/documents/psychology-paper-1-sl-8688207c9766f03a,https://dl.ibdocs.re/p/IB%20PAST%20PAPERS%20-%20YEAR/2024%20Examination%20Session/November%202024%20Examination%20Session/Individuals%20and%20societies/Psychology_paper_1__SL.pdf,/IB PAST PAPERS - YEAR/2024 Examination Session/November 2024 Examination Session/Individuals and societies/Psychology_paper_1__SL.pdf,2024,November 2024,Psychology,language=not labelled by archive; level=SL; zone=not labelled,question paper,287286,e9d51b632825ff71b3744056e7d0d3c740dde3cd59ac42374cd7d78c23048038,2026-09-02,downloaded; indexed size and PDF signature match; pdfinfo OK; qpdf succeeded with source-file warnings,Unofficial mirror copy; authenticity and redistribution rights unverified; local research/reference only; do not upload to GitHub or redistribute.
resources/private/past-papers/2022-2026/business-psychology/2024 Examination Session/November 2024 Examination Session/Individuals and societies/Psychology_paper_1__SL_Spanish.pdf,Psychology_paper_1__SL_Spanish.pdf,https://dl.ibdocs.re/documents/psychology-paper-1-sl-spanish-a4e8252d280d4471,https://dl.ibdocs.re/p/IB%20PAST%20PAPERS%20-%20YEAR/2024%20Examination%20Session/November%202024%20Examination%20Session/Individuals%20and%20societies/Psychology_paper_1__SL_Spanish.pdf,/IB PAST PAPERS - YEAR/2024 Examination Session/November 2024 Examination Session/Individuals and societies/Psychology_paper_1__SL_Spanish.pdf,2024,November 2024,Psychology,language=Spanish; level=SL; zone=not labelled,question paper,288049,89c105643496ebe20281c8915d52c553c26610f199fcc15c975a2e2c0a31380b,2026-09-02,downloaded; indexed size and PDF signature match; pdfinfo OK; qpdf clean,Unofficial mirror copy; authenticity and redistribution rights unverified; local research/reference only; do not upload to GitHub or redistribute.
resources/private/past-papers/2022-2026/business-psychology/2024 Examination Session/November 2024 Examination Session/Individuals and societies/Psychology_paper_1__SL_markscheme.pdf,Psychology_paper_1__SL_markscheme.pdf,https://dl.ibdocs.re/documents/psychology-paper-1-sl-markscheme-c9f2e0f6c38f013d,https://dl.ibdocs.re/p/IB%20PAST%20PAPERS%20-%20YEAR/2024%20Examination%20Session/November%202024%20Examination%20Session/Individuals%20and%20societies/Psychology_paper_1__SL_markscheme.pdf,/IB PAST PAPERS - YEAR/2024 Examination Session/November 2024 Examination Session/Individuals and societies/Psychology_paper_1__SL_markscheme.pdf,2024,November 2024,Psychology,language=not labelled by archive; level=SL; zone=not labelled,markscheme,499629,6022265b9ff87f2ee5061e6a216bec95b140777adef0af5a6a56767373f0f6a8,2026-09-02,downloaded; indexed size and PDF signature match; pdfinfo OK; qpdf clean,Unofficial mirror copy; authenticity and redistribution rights unverified; local research/reference only; do not upload to GitHub or redistribute.
resources/private/past-papers/2022-2026/business-psychology/2024 Examination Session/November 2024 Examination Session/Individuals and societies/Psychology_paper_2__HL.pdf,Psychology_paper_2__HL.pdf,https://dl.ibdocs.re/documents/psychology-paper-2-hl-6ead73d0096b7dc4,https://dl.ibdocs.re/p/IB%20PAST%20PAPERS%20-%20YEAR/2024%20Examination%20Session/November%202024%20Examination%20Session/Individuals%20and%20societies/Psychology_paper_2__HL.pdf,/IB PAST PAPERS - YEAR/2024 Examination Session/November 2024 Examination Session/Individuals and societies/Psychology_paper_2__HL.pdf,2024,November 2024,Psychology,language=not labelled by archive; level=HL; zone=not labelled,question paper,292046,e206a0a5dd7515ccf838f1b38878f7a0c9e3ed9d248bfbcfb5f3a65179d69634,2026-09-02,downloaded; indexed size and PDF signature match; pdfinfo OK; qpdf succeeded with source-file warnings,Unofficial mirror copy; authenticity and redistribution rights unverified; local research/reference only; do not upload to GitHub or redistribute.
resources/private/past-papers/2022-2026/business-psychology/2024 Examination Session/November 2024 Examination Session/Individuals and societies/Psychology_paper_2__HLSL_markscheme.pdf,Psychology_paper_2__HLSL_markscheme.pdf,https://dl.ibdocs.re/documents/psychology-paper-2-hlsl-markscheme-7698da6520a3430a,https://dl.ibdocs.re/p/IB%20PAST%20PAPERS%20-%20YEAR/2024%20Examination%20Session/November%202024%20Examination%20Session/Individuals%20and%20societies/Psychology_paper_2__HLSL_markscheme.pdf,/IB PAST PAPERS - YEAR/2024 Examination Session/November 2024 Examination Session/Individuals and societies/Psychology_paper_2__HLSL_markscheme.pdf,2024,November 2024,Psychology,language=not labelled by archive; level=HL/SL; zone=not labelled,markscheme,667770,a3d79b6f92f6b19476bd766d20785ccf0f1f0b4233a351d97f5a4ccbdf7a0842,2026-09-02,downloaded; indexed size and PDF signature match; pdfinfo OK; qpdf clean,Unofficial mirror copy; authenticity and redistribution rights unverified; local research/reference only; do not upload to GitHub or redistribute.
resources/private/past-papers/2022-2026/business-psychology/2024 Examination Session/November 2024 Examination Session/Individuals and societies/Psychology_paper_2__HL_Spanish.pdf,Psychology_paper_2__HL_Spanish.pdf,https://dl.ibdocs.re/documents/psychology-paper-2-hl-spanish-898ab278f89e1fbb,https://dl.ibdocs.re/p/IB%20PAST%20PAPERS%20-%20YEAR/2024%20Examination%20Session/November%202024%20Examination%20Session/Individuals%20and%20societies/Psychology_paper_2__HL_Spanish.pdf,/IB PAST PAPERS - YEAR/2024 Examination Session/November 2024 Examination Session/Individuals and societies/Psychology_paper_2__HL_Spanish.pdf,2024,November 2024,Psychology,language=Spanish; level=HL; zone=not labelled,question paper,291287,f5bb0dbddc7dde114bffedef6cbbab30821ef5dfe825b1ecc785e306765d7401,2026-09-02,downloaded; indexed size and PDF signature match; pdfinfo OK; qpdf succeeded with source-file warnings,Unofficial mirror copy; authenticity and redistribution rights unverified; local research/reference only; do not upload to GitHub or redistribute.
resources/private/past-papers/2022-2026/business-psychology/2024 Examination Session/November 2024 Examination Session/Individuals and societies/Psychology_paper_2__SL.pdf,Psychology_paper_2__SL.pdf,https://dl.ibdocs.re/documents/psychology-paper-2-sl-e06e4d0b573f6f2b,https://dl.ibdocs.re/p/IB%20PAST%20PAPERS%20-%20YEAR/2024%20Examination%20Session/November%202024%20Examination%20Session/Individuals%20and%20societies/Psychology_paper_2__SL.pdf,/IB PAST PAPERS - YEAR/2024 Examination Session/November 2024 Examination Session/Individuals and societies/Psychology_paper_2__SL.pdf,2024,November 2024,Psychology,language=not labelled by archive; level=SL; zone=not labelled,question paper,291931,35a2018361bafaeb4b000fc042274f8cc3047d7aeea52f3aef84919aaa093bd3,2026-09-02,downloaded; indexed size and PDF signature match; pdfinfo OK; qpdf succeeded with source-file warnings,Unofficial mirror copy; authenticity and redistribution rights unverified; local research/reference only; do not upload to GitHub or redistribute.
resources/private/past-papers/2022-2026/business-psychology/2024 Examination Session/November 2024 Examination Session/Individuals and societies/Psychology_paper_2__SL_Spanish.pdf,Psychology_paper_2__SL_Spanish.pdf,https://dl.ibdocs.re/documents/psychology-paper-2-sl-spanish-cf7355a257e85b30,https://dl.ibdocs.re/p/IB%20PAST%20PAPERS%20-%20YEAR/2024%20Examination%20Session/November%202024%20Examination%20Session/Individuals%20and%20societies/Psychology_paper_2__SL_Spanish.pdf,/IB PAST PAPERS - YEAR/2024 Examination Session/November 2024 Examination Session/Individuals and societies/Psychology_paper_2__SL_Spanish.pdf,2024,November 2024,Psychology,language=Spanish; level=SL; zone=not labelled,question paper,289801,8c7e0864d85d3ecb3d5dc0b90fb785742a87420258a95238d13ff420d4096af0,2026-09-02,downloaded; indexed size and PDF signature match; pdfinfo OK; qpdf succeeded with source-file warnings,Unofficial mirror copy; authenticity and redistribution rights unverified; local research/reference only; do not upload to GitHub or redistribute.
resources/private/past-papers/2022-2026/business-psychology/2024 Examination Session/November 2024 Examination Session/Individuals and societies/Psychology_paper_3__HL.pdf,Psychology_paper_3__HL.pdf,https://dl.ibdocs.re/documents/psychology-paper-3-hl-91e1987780eda18b,https://dl.ibdocs.re/p/IB%20PAST%20PAPERS%20-%20YEAR/2024%20Examination%20Session/November%202024%20Examination%20Session/Individuals%20and%20societies/Psychology_paper_3__HL.pdf,/IB PAST PAPERS - YEAR/2024 Examination Session/November 2024 Examination Session/Individuals and societies/Psychology_paper_3__HL.pdf,2024,November 2024,Psychology,language=not labelled by archive; level=HL; zone=not labelled,question paper,798531,0e807126dfac39f089094d8189bb2412e199a62fe7e608453f640c63c8f9029b,2026-09-02,downloaded; indexed size and PDF signature match; pdfinfo OK; qpdf clean,Unofficial mirror copy; authenticity and redistribution rights unverified; local research/reference only; do not upload to GitHub or redistribute.
resources/private/past-papers/2022-2026/business-psychology/2024 Examination Session/November 2024 Examination Session/Individuals and societies/Psychology_paper_3__HL_Spanish.pdf,Psychology_paper_3__HL_Spanish.pdf,https://dl.ibdocs.re/documents/psychology-paper-3-hl-spanish-b268023b05817e90,https://dl.ibdocs.re/p/IB%20PAST%20PAPERS%20-%20YEAR/2024%20Examination%20Session/November%202024%20Examination%20Session/Individuals%20and%20societies/Psychology_paper_3__HL_Spanish.pdf,/IB PAST PAPERS - YEAR/2024 Examination Session/November 2024 Examination Session/Individuals and societies/Psychology_paper_3__HL_Spanish.pdf,2024,November 2024,Psychology,language=Spanish; level=HL; zone=not labelled,question paper,808895,e9322412bd3ee008d7da156a3341047638ea4a3dfe892c4b2e7b8457acda909f,2026-09-02,downloaded; indexed size and PDF signature match; pdfinfo OK; qpdf clean,Unofficial mirror copy; authenticity and redistribution rights unverified; local research/reference only; do not upload to GitHub or redistribute.
resources/private/past-papers/2022-2026/business-psychology/2024 Examination Session/November 2024 Examination Session/Individuals and societies/Psychology_paper_3__HL_markscheme.pdf,Psychology_paper_3__HL_markscheme.pdf,https://dl.ibdocs.re/documents/psychology-paper-3-hl-markscheme-6c77def0b8d3cdee,https://dl.ibdocs.re/p/IB%20PAST%20PAPERS%20-%20YEAR/2024%20Examination%20Session/November%202024%20Examination%20Session/Individuals%20and%20societies/Psychology_paper_3__HL_markscheme.pdf,/IB PAST PAPERS - YEAR/2024 Examination Session/November 2024 Examination Session/Individuals and societies/Psychology_paper_3__HL_markscheme.pdf,2024,November 2024,Psychology,language=not labelled by archive; level=HL; zone=not labelled,markscheme,434527,c3b59aac1f7943999c22f5c70a70c785cc4de438460229eba08cda52342e45d2,2026-09-02,downloaded; indexed size and PDF signature match; pdfinfo OK; qpdf clean,Unofficial mirror copy; authenticity and redistribution rights unverified; local research/reference only; do not upload to GitHub or redistribute.
resources/private/past-papers/2022-2026/business-psychology/2025 Examination Session/May 2025 Examination Session/Individuals and societies/Psychology_paper_1_TZ1_HL.pdf,Psychology_paper_1_TZ1_HL.pdf,https://dl.ibdocs.re/documents/psychology-paper-1-tz1-hl-435d07f7dafff29f,https://dl.ibdocs.re/p/IB%20PAST%20PAPERS%20-%20YEAR/2025%20Examination%20Session/May%202025%20Examination%20Session/Individuals%20and%20societies/Psychology_paper_1_TZ1_HL.pdf,/IB PAST PAPERS - YEAR/2025 Examination Session/May 2025 Examination Session/Individuals and societies/Psychology_paper_1_TZ1_HL.pdf,2025,May 2025,Psychology,language=not labelled by archive; level=HL; zone=TZ1,question paper,287934,951d1bc440443550a004183644a63c2ae79d6cb310d2daefd0d5e22e7cafb1f3,2026-09-02,downloaded; indexed size and PDF signature match; pdfinfo OK; qpdf clean,Unofficial mirror copy; authenticity and redistribution rights unverified; local research/reference only; do not upload to GitHub or redistribute.
resources/private/past-papers/2022-2026/business-psychology/2025 Examination Session/May 2025 Examination Session/Individuals and societies/Psychology_paper_1_TZ1_HL_markscheme.pdf,Psychology_paper_1_TZ1_HL_markscheme.pdf,https://dl.ibdocs.re/documents/psychology-paper-1-tz1-hl-markscheme-8797ec21a1c429f2,https://dl.ibdocs.re/p/IB%20PAST%20PAPERS%20-%20YEAR/2025%20Examination%20Session/May%202025%20Examination%20Session/Individuals%20and%20societies/Psychology_paper_1_TZ1_HL_markscheme.pdf,/IB PAST PAPERS - YEAR/2025 Examination Session/May 2025 Examination Session/Individuals and societies/Psychology_paper_1_TZ1_HL_markscheme.pdf,2025,May 2025,Psychology,language=not labelled by archive; level=HL; zone=TZ1,markscheme,554316,41169c886f8bd6a7fbe37a991de5cc9f73f6ee77e48b5d16fb6d5d7414d67f93,2026-09-02,downloaded; indexed size and PDF signature match; pdfinfo OK; qpdf clean,Unofficial mirror copy; authenticity and redistribution rights unverified; local research/reference only; do not upload to GitHub or redistribute.
resources/private/past-papers/2022-2026/business-psychology/2025 Examination Session/May 2025 Examination Session/Individuals and societies/Psychology_paper_1_TZ1_SL.pdf,Psychology_paper_1_TZ1_SL.pdf,https://dl.ibdocs.re/documents/psychology-paper-1-tz1-sl-7a29c97de5756e48,https://dl.ibdocs.re/p/IB%20PAST%20PAPERS%20-%20YEAR/2025%20Examination%20Session/May%202025%20Examination%20Session/Individuals%20and%20societies/Psychology_paper_1_TZ1_SL.pdf,/IB PAST PAPERS - YEAR/2025 Examination Session/May 2025 Examination Session/Individuals and societies/Psychology_paper_1_TZ1_SL.pdf,2025,May 2025,Psychology,language=not labelled by archive; level=SL; zone=TZ1,question paper,287915,0c71224e125b3e29feda2675a9eb7e19f7faa4b31e2439d0af83d9919da72674,2026-09-02,downloaded; indexed size and PDF signature match; pdfinfo OK; qpdf clean,Unofficial mirror copy; authenticity and redistribution rights unverified; local research/reference only; do not upload to GitHub or redistribute.
resources/private/past-papers/2022-2026/business-psychology/2025 Examination Session/May 2025 Examination Session/Individuals and societies/Psychology_paper_1_TZ1_SL_markscheme.pdf,Psychology_paper_1_TZ1_SL_markscheme.pdf,https://dl.ibdocs.re/documents/psychology-paper-1-tz1-sl-markscheme-f88f5978cebec593,https://dl.ibdocs.re/p/IB%20PAST%20PAPERS%20-%20YEAR/2025%20Examination%20Session/May%202025%20Examination%20Session/Individuals%20and%20societies/Psychology_paper_1_TZ1_SL_markscheme.pdf,/IB PAST PAPERS - YEAR/2025 Examination Session/May 2025 Examination Session/Individuals and societies/Psychology_paper_1_TZ1_SL_markscheme.pdf,2025,May 2025,Psychology,language=not labelled by archive; level=SL; zone=TZ1,markscheme,584663,a4dc7acf1e575565e377a5008f4762e4a0d432e5521d48e349c58b8253416506,2026-09-02,downloaded; indexed size and PDF signature match; pdfinfo OK; qpdf clean,Unofficial mirror copy; authenticity and redistribution rights unverified; local research/reference only; do not upload to GitHub or redistribute.
resources/private/past-papers/2022-2026/business-psychology/2025 Examination Session/May 2025 Examination Session/Individuals and societies/Psychology_paper_1_TZ2_HL.pdf,Psychology_paper_1_TZ2_HL.pdf,https://dl.ibdocs.re/documents/psychology-paper-1-tz2-hl-6105aa8a25c21dec,https://dl.ibdocs.re/p/IB%20PAST%20PAPERS%20-%20YEAR/2025%20Examination%20Session/May%202025%20Examination%20Session/Individuals%20and%20societies/Psychology_paper_1_TZ2_HL.pdf,/IB PAST PAPERS - YEAR/2025 Examination Session/May 2025 Examination Session/Individuals and societies/Psychology_paper_1_TZ2_HL.pdf,2025,May 2025,Psychology,language=not labelled by archive; level=HL; zone=TZ2,question paper,287274,02656a781f7b34df463e116a97a97c1acea57373e2f9bf4b7004887767296e21,2026-09-02,downloaded; indexed size and PDF signature match; pdfinfo OK; qpdf clean,Unofficial mirror copy; authenticity and redistribution rights unverified; local research/reference only; do not upload to GitHub or redistribute.
resources/private/past-papers/2022-2026/business-psychology/2025 Examination Session/May 2025 Examination Session/Individuals and societies/Psychology_paper_1_TZ2_HL_markscheme.pdf,Psychology_paper_1_TZ2_HL_markscheme.pdf,https://dl.ibdocs.re/documents/psychology-paper-1-tz2-hl-markscheme-cb556d8e97cdbff7,https://dl.ibdocs.re/p/IB%20PAST%20PAPERS%20-%20YEAR/2025%20Examination%20Session/May%202025%20Examination%20Session/Individuals%20and%20societies/Psychology_paper_1_TZ2_HL_markscheme.pdf,/IB PAST PAPERS - YEAR/2025 Examination Session/May 2025 Examination Session/Individuals and societies/Psychology_paper_1_TZ2_HL_markscheme.pdf,2025,May 2025,Psychology,language=not labelled by archive; level=HL; zone=TZ2,markscheme,568264,c4d75b19559a5ce0c986740945be0df57cfb22cd46adc0a56275299c0fec80da,2026-09-02,downloaded; indexed size and PDF signature match; pdfinfo OK; qpdf clean,Unofficial mirror copy; authenticity and redistribution rights unverified; local research/reference only; do not upload to GitHub or redistribute.
resources/private/past-papers/2022-2026/business-psychology/2025 Examination Session/May 2025 Examination Session/Individuals and societies/Psychology_paper_1_TZ2_SL.pdf,Psychology_paper_1_TZ2_SL.pdf,https://dl.ibdocs.re/documents/psychology-paper-1-tz2-sl-9c1fb5d70f9123e3,https://dl.ibdocs.re/p/IB%20PAST%20PAPERS%20-%20YEAR/2025%20Examination%20Session/May%202025%20Examination%20Session/Individuals%20and%20societies/Psychology_paper_1_TZ2_SL.pdf,/IB PAST PAPERS - YEAR/2025 Examination Session/May 2025 Examination Session/Individuals and societies/Psychology_paper_1_TZ2_SL.pdf,2025,May 2025,Psychology,language=not labelled by archive; level=SL; zone=TZ2,question paper,287348,746e2d92379734b56d7e084cfbb814353dc23fc1ef7288d5f257dbab17f5dce1,2026-09-02,downloaded; indexed size and PDF signature match; pdfinfo OK; qpdf clean,Unofficial mirror copy; authenticity and redistribution rights unverified; local research/reference only; do not upload to GitHub or redistribute.
resources/private/past-papers/2022-2026/business-psychology/2025 Examination Session/May 2025 Examination Session/Individuals and societies/Psychology_paper_1_TZ2_SL_markscheme.pdf,Psychology_paper_1_TZ2_SL_markscheme.pdf,https://dl.ibdocs.re/documents/psychology-paper-1-tz2-sl-markscheme-4ca492df9a442d46,https://dl.ibdocs.re/p/IB%20PAST%20PAPERS%20-%20YEAR/2025%20Examination%20Session/May%202025%20Examination%20Session/Individuals%20and%20societies/Psychology_paper_1_TZ2_SL_markscheme.pdf,/IB PAST PAPERS - YEAR/2025 Examination Session/May 2025 Examination Session/Individuals and societies/Psychology_paper_1_TZ2_SL_markscheme.pdf,2025,May 2025,Psychology,language=not labelled by archive; level=SL; zone=TZ2,markscheme,559470,a1316cb780010de78efd53fc691d49d125c7760088549ac94cdb95822cc5f24a,2026-09-02,downloaded; indexed size and PDF signature match; pdfinfo OK; qpdf clean,Unofficial mirror copy; authenticity and redistribution rights unverified; local research/reference only; do not upload to GitHub or redistribute.
resources/private/past-papers/2022-2026/business-psychology/2025 Examination Session/May 2025 Examination Session/Individuals and societies/Psychology_paper_1_TZ3_HL.pdf,Psychology_paper_1_TZ3_HL.pdf,https://dl.ibdocs.re/documents/psychology-paper-1-tz3-hl-4274a672ce20a7a1,https://dl.ibdocs.re/p/IB%20PAST%20PAPERS%20-%20YEAR/2025%20Examination%20Session/May%202025%20Examination%20Session/Individuals%20and%20societies/Psychology_paper_1_TZ3_HL.pdf,/IB PAST PAPERS - YEAR/2025 Examination Session/May 2025 Examination Session/Individuals and societies/Psychology_paper_1_TZ3_HL.pdf,2025,May 2025,Psychology,language=not labelled by archive; level=HL; zone=TZ3,question paper,288150,81f730ca57b950f8d930c2849e2233d3148fb13165749e68d1f008006826b6e8,2026-09-02,downloaded; indexed size and PDF signature match; pdfinfo OK; qpdf clean,Unofficial mirror copy; authenticity and redistribution rights unverified; local research/reference only; do not upload to GitHub or redistribute.
resources/private/past-papers/2022-2026/business-psychology/2025 Examination Session/May 2025 Examination Session/Individuals and societies/Psychology_paper_1_TZ3_HL_French.pdf,Psychology_paper_1_TZ3_HL_French.pdf,https://dl.ibdocs.re/documents/psychology-paper-1-tz3-hl-french-0ce4c7f24c85fa5e,https://dl.ibdocs.re/p/IB%20PAST%20PAPERS%20-%20YEAR/2025%20Examination%20Session/May%202025%20Examination%20Session/Individuals%20and%20societies/Psychology_paper_1_TZ3_HL_French.pdf,/IB PAST PAPERS - YEAR/2025 Examination Session/May 2025 Examination Session/Individuals and societies/Psychology_paper_1_TZ3_HL_French.pdf,2025,May 2025,Psychology,language=French; level=HL; zone=TZ3,question paper,289167,29da22b990f7f287fd9dbeb28301beaa13d1deb7bdab68e5c6292ff980a60bfa,2026-09-02,downloaded; indexed size and PDF signature match; pdfinfo OK; qpdf clean,Unofficial mirror copy; authenticity and redistribution rights unverified; local research/reference only; do not upload to GitHub or redistribute.
resources/private/past-papers/2022-2026/business-psychology/2025 Examination Session/May 2025 Examination Session/Individuals and societies/Psychology_paper_1_TZ3_HL_Spanish.pdf,Psychology_paper_1_TZ3_HL_Spanish.pdf,https://dl.ibdocs.re/documents/psychology-paper-1-tz3-hl-spanish-ce83b17aeb2d8b3e,https://dl.ibdocs.re/p/IB%20PAST%20PAPERS%20-%20YEAR/2025%20Examination%20Session/May%202025%20Examination%20Session/Individuals%20and%20societies/Psychology_paper_1_TZ3_HL_Spanish.pdf,/IB PAST PAPERS - YEAR/2025 Examination Session/May 2025 Examination Session/Individuals and societies/Psychology_paper_1_TZ3_HL_Spanish.pdf,2025,May 2025,Psychology,language=Spanish; level=HL; zone=TZ3,question paper,287957,c68fdcf9bcb803106401c3d46ce0fb7194c866243711a844e0de748ca350db59,2026-09-02,downloaded; indexed size and PDF signature match; pdfinfo OK; qpdf clean,Unofficial mirror copy; authenticity and redistribution rights unverified; local research/reference only; do not upload to GitHub or redistribute.
resources/private/past-papers/2022-2026/business-psychology/2025 Examination Session/May 2025 Examination Session/Individuals and societies/Psychology_paper_1_TZ3_HL_markscheme.pdf,Psychology_paper_1_TZ3_HL_markscheme.pdf,https://dl.ibdocs.re/documents/psychology-paper-1-tz3-hl-markscheme-5df5cc3695e1f1f4,https://dl.ibdocs.re/p/IB%20PAST%20PAPERS%20-%20YEAR/2025%20Examination%20Session/May%202025%20Examination%20Session/Individuals%20and%20societies/Psychology_paper_1_TZ3_HL_markscheme.pdf,/IB PAST PAPERS - YEAR/2025 Examination Session/May 2025 Examination Session/Individuals and societies/Psychology_paper_1_TZ3_HL_markscheme.pdf,2025,May 2025,Psychology,language=not labelled by archive; level=HL; zone=TZ3,markscheme,543418,c001848c429244698fd4bc0e30c9825397c0696e17b55ea4a76b02a204e64389,2026-09-02,downloaded; indexed size and PDF signature match; pdfinfo OK; qpdf clean,Unofficial mirror copy; authenticity and redistribution rights unverified; local research/reference only; do not upload to GitHub or redistribute.
resources/private/past-papers/2022-2026/business-psychology/2025 Examination Session/May 2025 Examination Session/Individuals and societies/Psychology_paper_1_TZ3_SL.pdf,Psychology_paper_1_TZ3_SL.pdf,https://dl.ibdocs.re/documents/psychology-paper-1-tz3-sl-713c73d6c9cec976,https://dl.ibdocs.re/p/IB%20PAST%20PAPERS%20-%20YEAR/2025%20Examination%20Session/May%202025%20Examination%20Session/Individuals%20and%20societies/Psychology_paper_1_TZ3_SL.pdf,/IB PAST PAPERS - YEAR/2025 Examination Session/May 2025 Examination Session/Individuals and societies/Psychology_paper_1_TZ3_SL.pdf,2025,May 2025,Psychology,language=not labelled by archive; level=SL; zone=TZ3,question paper,287667,0cdea307fba256b30ea7b5c676298e247ad7391fc03fca7f5f7faa5189cf6382,2026-09-02,downloaded; indexed size and PDF signature match; pdfinfo OK; qpdf clean,Unofficial mirror copy; authenticity and redistribution rights unverified; local research/reference only; do not upload to GitHub or redistribute.
resources/private/past-papers/2022-2026/business-psychology/2025 Examination Session/May 2025 Examination Session/Individuals and societies/Psychology_paper_1_TZ3_SL_French.pdf,Psychology_paper_1_TZ3_SL_French.pdf,https://dl.ibdocs.re/documents/psychology-paper-1-tz3-sl-french-2f1cb638a09abf7f,https://dl.ibdocs.re/p/IB%20PAST%20PAPERS%20-%20YEAR/2025%20Examination%20Session/May%202025%20Examination%20Session/Individuals%20and%20societies/Psychology_paper_1_TZ3_SL_French.pdf,/IB PAST PAPERS - YEAR/2025 Examination Session/May 2025 Examination Session/Individuals and societies/Psychology_paper_1_TZ3_SL_French.pdf,2025,May 2025,Psychology,language=French; level=SL; zone=TZ3,question paper,288714,9c7e7fc3a67f4173fb4e6f6affb2e7a3bac238545bb2d89f93302d8975416175,2026-09-02,downloaded; indexed size and PDF signature match; pdfinfo OK; qpdf clean,Unofficial mirror copy; authenticity and redistribution rights unverified; local research/reference only; do not upload to GitHub or redistribute.
resources/private/past-papers/2022-2026/business-psychology/2025 Examination Session/May 2025 Examination Session/Individuals and societies/Psychology_paper_1_TZ3_SL_Spanish.pdf,Psychology_paper_1_TZ3_SL_Spanish.pdf,https://dl.ibdocs.re/documents/psychology-paper-1-tz3-sl-spanish-5d9c4de3df3915fd,https://dl.ibdocs.re/p/IB%20PAST%20PAPERS%20-%20YEAR/2025%20Examination%20Session/May%202025%20Examination%20Session/Individuals%20and%20societies/Psychology_paper_1_TZ3_SL_Spanish.pdf,/IB PAST PAPERS - YEAR/2025 Examination Session/May 2025 Examination Session/Individuals and societies/Psychology_paper_1_TZ3_SL_Spanish.pdf,2025,May 2025,Psychology,language=Spanish; level=SL; zone=TZ3,question paper,288203,4ab11f6431356bf0cb5033d318f4291b54c6541da4f63fb050a200b5c121f66f,2026-09-02,downloaded; indexed size and PDF signature match; pdfinfo OK; qpdf clean,Unofficial mirror copy; authenticity and redistribution rights unverified; local research/reference only; do not upload to GitHub or redistribute.
resources/private/past-papers/2022-2026/business-psychology/2025 Examination Session/May 2025 Examination Session/Individuals and societies/Psychology_paper_1_TZ3_SL_markscheme.pdf,Psychology_paper_1_TZ3_SL_markscheme.pdf,https://dl.ibdocs.re/documents/psychology-paper-1-tz3-sl-markscheme-c4a8e94a815755f9,https://dl.ibdocs.re/p/IB%20PAST%20PAPERS%20-%20YEAR/2025%20Examination%20Session/May%202025%20Examination%20Session/Individuals%20and%20societies/Psychology_paper_1_TZ3_SL_markscheme.pdf,/IB PAST PAPERS - YEAR/2025 Examination Session/May 2025 Examination Session/Individuals and societies/Psychology_paper_1_TZ3_SL_markscheme.pdf,2025,May 2025,Psychology,language=not labelled by archive; level=SL; zone=TZ3,markscheme,568213,b5d17819631f22d670087dfa4b5d9a8547742da8c79542228fe2be398db1d8df,2026-09-02,downloaded; indexed size and PDF signature match; pdfinfo OK; qpdf clean,Unofficial mirror copy; authenticity and redistribution rights unverified; local research/reference only; do not upload to GitHub or redistribute.
resources/private/past-papers/2022-2026/business-psychology/2025 Examination Session/May 2025 Examination Session/Individuals and societies/Psychology_paper_2_TZ1_HL.pdf,Psychology_paper_2_TZ1_HL.pdf,https://dl.ibdocs.re/documents/psychology-paper-2-tz1-hl-fb037af3e16d64a4,https://dl.ibdocs.re/p/IB%20PAST%20PAPERS%20-%20YEAR/2025%20Examination%20Session/May%202025%20Examination%20Session/Individuals%20and%20societies/Psychology_paper_2_TZ1_HL.pdf,/IB PAST PAPERS - YEAR/2025 Examination Session/May 2025 Examination Session/Individuals and societies/Psychology_paper_2_TZ1_HL.pdf,2025,May 2025,Psychology,language=not labelled by archive; level=HL; zone=TZ1,question paper,291159,51b331a096fa25c1e9beabe607a79d888e372d48eed824c5721e9bc20f609fca,2026-09-02,downloaded; indexed size and PDF signature match; pdfinfo OK; qpdf clean,Unofficial mirror copy; authenticity and redistribution rights unverified; local research/reference only; do not upload to GitHub or redistribute.
resources/private/past-papers/2022-2026/business-psychology/2025 Examination Session/May 2025 Examination Session/Individuals and societies/Psychology_paper_2_TZ1_HLSL_markscheme.pdf,Psychology_paper_2_TZ1_HLSL_markscheme.pdf,https://dl.ibdocs.re/documents/psychology-paper-2-tz1-hlsl-markscheme-2326fac3a45eddaa,https://dl.ibdocs.re/p/IB%20PAST%20PAPERS%20-%20YEAR/2025%20Examination%20Session/May%202025%20Examination%20Session/Individuals%20and%20societies/Psychology_paper_2_TZ1_HLSL_markscheme.pdf,/IB PAST PAPERS - YEAR/2025 Examination Session/May 2025 Examination Session/Individuals and societies/Psychology_paper_2_TZ1_HLSL_markscheme.pdf,2025,May 2025,Psychology,language=not labelled by archive; level=HL/SL; zone=TZ1,markscheme,939407,0dcd40b87854d9dd9948046aca2a38488c2a1cb959fce1fbf591326634b8cffb,2026-09-02,downloaded; indexed size and PDF signature match; pdfinfo OK; qpdf clean,Unofficial mirror copy; authenticity and redistribution rights unverified; local research/reference only; do not upload to GitHub or redistribute.
resources/private/past-papers/2022-2026/business-psychology/2025 Examination Session/May 2025 Examination Session/Individuals and societies/Psychology_paper_2_TZ1_SL.pdf,Psychology_paper_2_TZ1_SL.pdf,https://dl.ibdocs.re/documents/psychology-paper-2-tz1-sl-bb67bef56ca7a68b,https://dl.ibdocs.re/p/IB%20PAST%20PAPERS%20-%20YEAR/2025%20Examination%20Session/May%202025%20Examination%20Session/Individuals%20and%20societies/Psychology_paper_2_TZ1_SL.pdf,/IB PAST PAPERS - YEAR/2025 Examination Session/May 2025 Examination Session/Individuals and societies/Psychology_paper_2_TZ1_SL.pdf,2025,May 2025,Psychology,language=not labelled by archive; level=SL; zone=TZ1,question paper,291541,08fc429deb3ee68692e3a81c111fc5eb5b0686e2ba8c4c3e89962479bc25af0f,2026-09-02,downloaded; indexed size and PDF signature match; pdfinfo OK; qpdf clean,Unofficial mirror copy; authenticity and redistribution rights unverified; local research/reference only; do not upload to GitHub or redistribute.
resources/private/past-papers/2022-2026/business-psychology/2025 Examination Session/May 2025 Examination Session/Individuals and societies/Psychology_paper_2_TZ2_HL.pdf,Psychology_paper_2_TZ2_HL.pdf,https://dl.ibdocs.re/documents/psychology-paper-2-tz2-hl-5380b1bfe21a12f7,https://dl.ibdocs.re/p/IB%20PAST%20PAPERS%20-%20YEAR/2025%20Examination%20Session/May%202025%20Examination%20Session/Individuals%20and%20societies/Psychology_paper_2_TZ2_HL.pdf,/IB PAST PAPERS - YEAR/2025 Examination Session/May 2025 Examination Session/Individuals and societies/Psychology_paper_2_TZ2_HL.pdf,2025,May 2025,Psychology,language=not labelled by archive; level=HL; zone=TZ2,question paper,291072,205322e40a85377ed185cc0efbebed14962003ef9d07f1dcfe78d401edd5f5fb,2026-09-02,downloaded; indexed size and PDF signature match; pdfinfo OK; qpdf clean,Unofficial mirror copy; authenticity and redistribution rights unverified; local research/reference only; do not upload to GitHub or redistribute.
resources/private/past-papers/2022-2026/business-psychology/2025 Examination Session/May 2025 Examination Session/Individuals and societies/Psychology_paper_2_TZ2_HLSL_markscheme.pdf,Psychology_paper_2_TZ2_HLSL_markscheme.pdf,https://dl.ibdocs.re/documents/psychology-paper-2-tz2-hlsl-markscheme-d048b710e326a7d7,https://dl.ibdocs.re/p/IB%20PAST%20PAPERS%20-%20YEAR/2025%20Examination%20Session/May%202025%20Examination%20Session/Individuals%20and%20societies/Psychology_paper_2_TZ2_HLSL_markscheme.pdf,/IB PAST PAPERS - YEAR/2025 Examination Session/May 2025 Examination Session/Individuals and societies/Psychology_paper_2_TZ2_HLSL_markscheme.pdf,2025,May 2025,Psychology,language=not labelled by archive; level=HL/SL; zone=TZ2,markscheme,989737,5229682face72d21ba11c6b70fb9f54f8dac703d27fed0c9086ce282d82c0bf0,2026-09-02,downloaded; indexed size and PDF signature match; pdfinfo OK; qpdf clean,Unofficial mirror copy; authenticity and redistribution rights unverified; local research/reference only; do not upload to GitHub or redistribute.
resources/private/past-papers/2022-2026/business-psychology/2025 Examination Session/May 2025 Examination Session/Individuals and societies/Psychology_paper_2_TZ2_SL.pdf,Psychology_paper_2_TZ2_SL.pdf,https://dl.ibdocs.re/documents/psychology-paper-2-tz2-sl-025cb6725a909f30,https://dl.ibdocs.re/p/IB%20PAST%20PAPERS%20-%20YEAR/2025%20Examination%20Session/May%202025%20Examination%20Session/Individuals%20and%20societies/Psychology_paper_2_TZ2_SL.pdf,/IB PAST PAPERS - YEAR/2025 Examination Session/May 2025 Examination Session/Individuals and societies/Psychology_paper_2_TZ2_SL.pdf,2025,May 2025,Psychology,language=not labelled by archive; level=SL; zone=TZ2,question paper,291428,fb71b951454098748074206545a1261f811d7dc312c7b5bf885a938c16677283,2026-09-02,downloaded; indexed size and PDF signature match; pdfinfo OK; qpdf clean,Unofficial mirror copy; authenticity and redistribution rights unverified; local research/reference only; do not upload to GitHub or redistribute.
resources/private/past-papers/2022-2026/business-psychology/2025 Examination Session/May 2025 Examination Session/Individuals and societies/Psychology_paper_2_TZ3_HL.pdf,Psychology_paper_2_TZ3_HL.pdf,https://dl.ibdocs.re/documents/psychology-paper-2-tz3-hl-802851d30356dc2a,https://dl.ibdocs.re/p/IB%20PAST%20PAPERS%20-%20YEAR/2025%20Examination%20Session/May%202025%20Examination%20Session/Individuals%20and%20societies/Psychology_paper_2_TZ3_HL.pdf,/IB PAST PAPERS - YEAR/2025 Examination Session/May 2025 Examination Session/Individuals and societies/Psychology_paper_2_TZ3_HL.pdf,2025,May 2025,Psychology,language=not labelled by archive; level=HL; zone=TZ3,question paper,291418,3a7921be600c50485619e826614f219d782f6e69d7ceab9406a7adee05dca4ee,2026-09-02,downloaded; indexed size and PDF signature match; pdfinfo OK; qpdf clean,Unofficial mirror copy; authenticity and redistribution rights unverified; local research/reference only; do not upload to GitHub or redistribute.
resources/private/past-papers/2022-2026/business-psychology/2025 Examination Session/May 2025 Examination Session/Individuals and societies/Psychology_paper_2_TZ3_HLSL_markscheme.pdf,Psychology_paper_2_TZ3_HLSL_markscheme.pdf,https://dl.ibdocs.re/documents/psychology-paper-2-tz3-hlsl-markscheme-f790a2b62ee8a624,https://dl.ibdocs.re/p/IB%20PAST%20PAPERS%20-%20YEAR/2025%20Examination%20Session/May%202025%20Examination%20Session/Individuals%20and%20societies/Psychology_paper_2_TZ3_HLSL_markscheme.pdf,/IB PAST PAPERS - YEAR/2025 Examination Session/May 2025 Examination Session/Individuals and societies/Psychology_paper_2_TZ3_HLSL_markscheme.pdf,2025,May 2025,Psychology,language=not labelled by archive; level=HL/SL; zone=TZ3,markscheme,846950,91cccb8b3c5d9f6678178240b2f358d110c8b47091fbd9165dfc0b77ccbaa974,2026-09-02,downloaded; indexed size and PDF signature match; pdfinfo OK; qpdf clean,Unofficial mirror copy; authenticity and redistribution rights unverified; local research/reference only; do not upload to GitHub or redistribute.
resources/private/past-papers/2022-2026/business-psychology/2025 Examination Session/May 2025 Examination Session/Individuals and societies/Psychology_paper_2_TZ3_HL_French.pdf,Psychology_paper_2_TZ3_HL_French.pdf,https://dl.ibdocs.re/documents/psychology-paper-2-tz3-hl-french-8d6675284b61530b,https://dl.ibdocs.re/p/IB%20PAST%20PAPERS%20-%20YEAR/2025%20Examination%20Session/May%202025%20Examination%20Session/Individuals%20and%20societies/Psychology_paper_2_TZ3_HL_French.pdf,/IB PAST PAPERS - YEAR/2025 Examination Session/May 2025 Examination Session/Individuals and societies/Psychology_paper_2_TZ3_HL_French.pdf,2025,May 2025,Psychology,language=French; level=HL; zone=TZ3,question paper,291177,772e128308d1786eb3f001d2cb873678c313dc94dbee203a73eccdd04c10af92,2026-09-02,downloaded; indexed size and PDF signature match; pdfinfo OK; qpdf clean,Unofficial mirror copy; authenticity and redistribution rights unverified; local research/reference only; do not upload to GitHub or redistribute.
resources/private/past-papers/2022-2026/business-psychology/2025 Examination Session/May 2025 Examination Session/Individuals and societies/Psychology_paper_2_TZ3_HL_Spanish.pdf,Psychology_paper_2_TZ3_HL_Spanish.pdf,https://dl.ibdocs.re/documents/psychology-paper-2-tz3-hl-spanish-510dc243247f1f61,https://dl.ibdocs.re/p/IB%20PAST%20PAPERS%20-%20YEAR/2025%20Examination%20Session/May%202025%20Examination%20Session/Individuals%20and%20societies/Psychology_paper_2_TZ3_HL_Spanish.pdf,/IB PAST PAPERS - YEAR/2025 Examination Session/May 2025 Examination Session/Individuals and societies/Psychology_paper_2_TZ3_HL_Spanish.pdf,2025,May 2025,Psychology,language=Spanish; level=HL; zone=TZ3,question paper,291134,6b274170f3eda909ce3a02514db812dc34445b99ad1ed50cd26ab1944855e620,2026-09-02,downloaded; indexed size and PDF signature match; pdfinfo OK; qpdf clean,Unofficial mirror copy; authenticity and redistribution rights unverified; local research/reference only; do not upload to GitHub or redistribute.
resources/private/past-papers/2022-2026/business-psychology/2025 Examination Session/May 2025 Examination Session/Individuals and societies/Psychology_paper_2_TZ3_SL.pdf,Psychology_paper_2_TZ3_SL.pdf,https://dl.ibdocs.re/documents/psychology-paper-2-tz3-sl-3bd7a1389b538475,https://dl.ibdocs.re/p/IB%20PAST%20PAPERS%20-%20YEAR/2025%20Examination%20Session/May%202025%20Examination%20Session/Individuals%20and%20societies/Psychology_paper_2_TZ3_SL.pdf,/IB PAST PAPERS - YEAR/2025 Examination Session/May 2025 Examination Session/Individuals and societies/Psychology_paper_2_TZ3_SL.pdf,2025,May 2025,Psychology,language=not labelled by archive; level=SL; zone=TZ3,question paper,291623,c4a5a8ae42dbc2cb5dac2c9bae0af4f2a0806f8e253a3219ea6128a586afbac7,2026-09-02,downloaded; indexed size and PDF signature match; pdfinfo OK; qpdf clean,Unofficial mirror copy; authenticity and redistribution rights unverified; local research/reference only; do not upload to GitHub or redistribute.
resources/private/past-papers/2022-2026/business-psychology/2025 Examination Session/May 2025 Examination Session/Individuals and societies/Psychology_paper_2_TZ3_SL_French.pdf,Psychology_paper_2_TZ3_SL_French.pdf,https://dl.ibdocs.re/documents/psychology-paper-2-tz3-sl-french-ab3c0b9804e1983a,https://dl.ibdocs.re/p/IB%20PAST%20PAPERS%20-%20YEAR/2025%20Examination%20Session/May%202025%20Examination%20Session/Individuals%20and%20societies/Psychology_paper_2_TZ3_SL_French.pdf,/IB PAST PAPERS - YEAR/2025 Examination Session/May 2025 Examination Session/Individuals and societies/Psychology_paper_2_TZ3_SL_French.pdf,2025,May 2025,Psychology,language=French; level=SL; zone=TZ3,question paper,291081,4382542b240a469ea206adda252351d58d109522a03d3e056dd342310966aba1,2026-09-02,downloaded; indexed size and PDF signature match; pdfinfo OK; qpdf clean,Unofficial mirror copy; authenticity and redistribution rights unverified; local research/reference only; do not upload to GitHub or redistribute.
resources/private/past-papers/2022-2026/business-psychology/2025 Examination Session/May 2025 Examination Session/Individuals and societies/Psychology_paper_2_TZ3_SL_Spanish.pdf,Psychology_paper_2_TZ3_SL_Spanish.pdf,https://dl.ibdocs.re/documents/psychology-paper-2-tz3-sl-spanish-b1d997c6746b30a2,https://dl.ibdocs.re/p/IB%20PAST%20PAPERS%20-%20YEAR/2025%20Examination%20Session/May%202025%20Examination%20Session/Individuals%20and%20societies/Psychology_paper_2_TZ3_SL_Spanish.pdf,/IB PAST PAPERS - YEAR/2025 Examination Session/May 2025 Examination Session/Individuals and societies/Psychology_paper_2_TZ3_SL_Spanish.pdf,2025,May 2025,Psychology,language=Spanish; level=SL; zone=TZ3,question paper,291376,0f6d1dae928d72e1be4a05c11fa5fb1043967cae72a34636cab26445bb2cefba,2026-09-02,downloaded; indexed size and PDF signature match; pdfinfo OK; qpdf clean,Unofficial mirror copy; authenticity and redistribution rights unverified; local research/reference only; do not upload to GitHub or redistribute.
resources/private/past-papers/2022-2026/business-psychology/2025 Examination Session/May 2025 Examination Session/Individuals and societies/Psychology_paper_3_HL.pdf,Psychology_paper_3_HL.pdf,https://dl.ibdocs.re/documents/psychology-paper-3-hl-1b118996d3670e2f,https://dl.ibdocs.re/p/IB%20PAST%20PAPERS%20-%20YEAR/2025%20Examination%20Session/May%202025%20Examination%20Session/Individuals%20and%20societies/Psychology_paper_3_HL.pdf,/IB PAST PAPERS - YEAR/2025 Examination Session/May 2025 Examination Session/Individuals and societies/Psychology_paper_3_HL.pdf,2025,May 2025,Psychology,language=not labelled by archive; level=HL; zone=not labelled,question paper,801192,30e5d213c300df8cbb1fa871dd80c906f1f0d4e5175912061e191345644ab106,2026-09-02,downloaded; indexed size and PDF signature match; pdfinfo OK; qpdf clean,Unofficial mirror copy; authenticity and redistribution rights unverified; local research/reference only; do not upload to GitHub or redistribute.
resources/private/past-papers/2022-2026/business-psychology/2025 Examination Session/May 2025 Examination Session/Individuals and societies/Psychology_paper_3_HL_French.pdf,Psychology_paper_3_HL_French.pdf,https://dl.ibdocs.re/documents/psychology-paper-3-hl-french-86cdf62a4d306274,https://dl.ibdocs.re/p/IB%20PAST%20PAPERS%20-%20YEAR/2025%20Examination%20Session/May%202025%20Examination%20Session/Individuals%20and%20societies/Psychology_paper_3_HL_French.pdf,/IB PAST PAPERS - YEAR/2025 Examination Session/May 2025 Examination Session/Individuals and societies/Psychology_paper_3_HL_French.pdf,2025,May 2025,Psychology,language=French; level=HL; zone=not labelled,question paper,803708,23d875ded55a54f47de08146bf58941b421b0d34fd793b9e6c42ea1285fe54ff,2026-09-02,downloaded; indexed size and PDF signature match; pdfinfo OK; qpdf clean,Unofficial mirror copy; authenticity and redistribution rights unverified; local research/reference only; do not upload to GitHub or redistribute.
resources/private/past-papers/2022-2026/business-psychology/2025 Examination Session/May 2025 Examination Session/Individuals and societies/Psychology_paper_3_HL_Spanish.pdf,Psychology_paper_3_HL_Spanish.pdf,https://dl.ibdocs.re/documents/psychology-paper-3-hl-spanish-e019e0de90d163a4,https://dl.ibdocs.re/p/IB%20PAST%20PAPERS%20-%20YEAR/2025%20Examination%20Session/May%202025%20Examination%20Session/Individuals%20and%20societies/Psychology_paper_3_HL_Spanish.pdf,/IB PAST PAPERS - YEAR/2025 Examination Session/May 2025 Examination Session/Individuals and societies/Psychology_paper_3_HL_Spanish.pdf,2025,May 2025,Psychology,language=Spanish; level=HL; zone=not labelled,question paper,803056,55a7a08786408672a1563ad84444939f7b67f32cc4b54d87f9e39e0c286eefe1,2026-09-02,downloaded; indexed size and PDF signature match; pdfinfo OK; qpdf clean,Unofficial mirror copy; authenticity and redistribution rights unverified; local research/reference only; do not upload to GitHub or redistribute.
resources/private/past-papers/2022-2026/business-psychology/2025 Examination Session/May 2025 Examination Session/Individuals and societies/Psychology_paper_3_HL_markscheme.pdf,Psychology_paper_3_HL_markscheme.pdf,https://dl.ibdocs.re/documents/psychology-paper-3-hl-markscheme-6a9e970835d86242,https://dl.ibdocs.re/p/IB%20PAST%20PAPERS%20-%20YEAR/2025%20Examination%20Session/May%202025%20Examination%20Session/Individuals%20and%20societies/Psychology_paper_3_HL_markscheme.pdf,/IB PAST PAPERS - YEAR/2025 Examination Session/May 2025 Examination Session/Individuals and societies/Psychology_paper_3_HL_markscheme.pdf,2025,May 2025,Psychology,language=not labelled by archive; level=HL; zone=not labelled,markscheme,427432,cea452eb6cf229c94f5822a4d5aec00463835bb609efa4e3d3945ab9dd76e28a,2026-09-02,downloaded; indexed size and PDF signature match; pdfinfo OK; qpdf clean,Unofficial mirror copy; authenticity and redistribution rights unverified; local research/reference only; do not upload to GitHub or redistribute.
resources/private/past-papers/2022-2026/business-psychology/2025 Examination Session/November 2025 Examination Session/Individuals and societies/Psychology_paper_1_TZ1_HL.pdf,Psychology_paper_1_TZ1_HL.pdf,https://dl.ibdocs.re/documents/psychology-paper-1-tz1-hl-095ae54e95786ab6,https://dl.ibdocs.re/p/IB%20PAST%20PAPERS%20-%20YEAR/2025%20Examination%20Session/November%202025%20Examination%20Session/Individuals%20and%20societies/Psychology_paper_1_TZ1_HL.pdf,/IB PAST PAPERS - YEAR/2025 Examination Session/November 2025 Examination Session/Individuals and societies/Psychology_paper_1_TZ1_HL.pdf,2025,November 2025,Psychology,language=not labelled by archive; level=HL; zone=TZ1,question paper,285158,643c3cf8b9fd8333b319b6f210da784f6a3439e0095ce727aabe3593fee15087,2026-09-02,downloaded; indexed size and PDF signature match; pdfinfo OK; qpdf succeeded with source-file warnings,Unofficial mirror copy; authenticity and redistribution rights unverified; local research/reference only; do not upload to GitHub or redistribute.
resources/private/past-papers/2022-2026/business-psychology/2025 Examination Session/November 2025 Examination Session/Individuals and societies/Psychology_paper_1_TZ1_HL_markscheme.pdf,Psychology_paper_1_TZ1_HL_markscheme.pdf,https://dl.ibdocs.re/documents/psychology-paper-1-tz1-hl-markscheme-f7f5439a2da42339,https://dl.ibdocs.re/p/IB%20PAST%20PAPERS%20-%20YEAR/2025%20Examination%20Session/November%202025%20Examination%20Session/Individuals%20and%20societies/Psychology_paper_1_TZ1_HL_markscheme.pdf,/IB PAST PAPERS - YEAR/2025 Examination Session/November 2025 Examination Session/Individuals and societies/Psychology_paper_1_TZ1_HL_markscheme.pdf,2025,November 2025,Psychology,language=not labelled by archive; level=HL; zone=TZ1,markscheme,263189,d12641416a2424504f850145151184ab89b9b0db80719adcce2d4d7cdee985f0,2026-09-02,downloaded; indexed size and PDF signature match; pdfinfo OK; qpdf succeeded with source-file warnings,Unofficial mirror copy; authenticity and redistribution rights unverified; local research/reference only; do not upload to GitHub or redistribute.
resources/private/past-papers/2022-2026/business-psychology/2025 Examination Session/November 2025 Examination Session/Individuals and societies/Psychology_paper_1_TZ1_SL.pdf,Psychology_paper_1_TZ1_SL.pdf,https://dl.ibdocs.re/documents/psychology-paper-1-tz1-sl-840d17ef81c740e1,https://dl.ibdocs.re/p/IB%20PAST%20PAPERS%20-%20YEAR/2025%20Examination%20Session/November%202025%20Examination%20Session/Individuals%20and%20societies/Psychology_paper_1_TZ1_SL.pdf,/IB PAST PAPERS - YEAR/2025 Examination Session/November 2025 Examination Session/Individuals and societies/Psychology_paper_1_TZ1_SL.pdf,2025,November 2025,Psychology,language=not labelled by archive; level=SL; zone=TZ1,question paper,284762,aa604cc153faa9e47a8da16de403bc2d069c989972231bc22d976bb1c0ec750e,2026-09-02,downloaded; indexed size and PDF signature match; pdfinfo OK; qpdf succeeded with source-file warnings,Unofficial mirror copy; authenticity and redistribution rights unverified; local research/reference only; do not upload to GitHub or redistribute.
resources/private/past-papers/2022-2026/business-psychology/2025 Examination Session/November 2025 Examination Session/Individuals and societies/Psychology_paper_1_TZ1_SL_markscheme.pdf,Psychology_paper_1_TZ1_SL_markscheme.pdf,https://dl.ibdocs.re/documents/psychology-paper-1-tz1-sl-markscheme-71127b3c975aa834,https://dl.ibdocs.re/p/IB%20PAST%20PAPERS%20-%20YEAR/2025%20Examination%20Session/November%202025%20Examination%20Session/Individuals%20and%20societies/Psychology_paper_1_TZ1_SL_markscheme.pdf,/IB PAST PAPERS - YEAR/2025 Examination Session/November 2025 Examination Session/Individuals and societies/Psychology_paper_1_TZ1_SL_markscheme.pdf,2025,November 2025,Psychology,language=not labelled by archive; level=SL; zone=TZ1,markscheme,584938,2f7b277b665a7d2a02bfabea1abe1b01021d4d134e974aeaaed511c50cfd3d43,2026-09-02,downloaded; indexed size and PDF signature match; pdfinfo OK; qpdf clean,Unofficial mirror copy; authenticity and redistribution rights unverified; local research/reference only; do not upload to GitHub or redistribute.
resources/private/past-papers/2022-2026/business-psychology/2025 Examination Session/November 2025 Examination Session/Individuals and societies/Psychology_paper_1_TZ3_HL.pdf,Psychology_paper_1_TZ3_HL.pdf,https://dl.ibdocs.re/documents/psychology-paper-1-tz3-hl-4b6036c9b0643430,https://dl.ibdocs.re/p/IB%20PAST%20PAPERS%20-%20YEAR/2025%20Examination%20Session/November%202025%20Examination%20Session/Individuals%20and%20societies/Psychology_paper_1_TZ3_HL.pdf,/IB PAST PAPERS - YEAR/2025 Examination Session/November 2025 Examination Session/Individuals and societies/Psychology_paper_1_TZ3_HL.pdf,2025,November 2025,Psychology,language=not labelled by archive; level=HL; zone=TZ3,question paper,285584,e58f2a01e00dc65d3c26229affb973169d35f24592bbc680cbaa4ecaa13c3c31,2026-09-02,downloaded; indexed size and PDF signature match; pdfinfo OK; qpdf succeeded with source-file warnings,Unofficial mirror copy; authenticity and redistribution rights unverified; local research/reference only; do not upload to GitHub or redistribute.
resources/private/past-papers/2022-2026/business-psychology/2025 Examination Session/November 2025 Examination Session/Individuals and societies/Psychology_paper_1_TZ3_HL_Spanish.pdf,Psychology_paper_1_TZ3_HL_Spanish.pdf,https://dl.ibdocs.re/documents/psychology-paper-1-tz3-hl-spanish-8f026076570f6dd7,https://dl.ibdocs.re/p/IB%20PAST%20PAPERS%20-%20YEAR/2025%20Examination%20Session/November%202025%20Examination%20Session/Individuals%20and%20societies/Psychology_paper_1_TZ3_HL_Spanish.pdf,/IB PAST PAPERS - YEAR/2025 Examination Session/November 2025 Examination Session/Individuals and societies/Psychology_paper_1_TZ3_HL_Spanish.pdf,2025,November 2025,Psychology,language=Spanish; level=HL; zone=TZ3,question paper,273581,b27a00991190383bf123fc9047c8357e639c473b35c0f1c1876379210a0c3e9b,2026-09-02,downloaded; indexed size and PDF signature match; pdfinfo OK; qpdf succeeded with source-file warnings,Unofficial mirror copy; authenticity and redistribution rights unverified; local research/reference only; do not upload to GitHub or redistribute.
resources/private/past-papers/2022-2026/business-psychology/2025 Examination Session/November 2025 Examination Session/Individuals and societies/Psychology_paper_1_TZ3_HL_markscheme.pdf,Psychology_paper_1_TZ3_HL_markscheme.pdf,https://dl.ibdocs.re/documents/psychology-paper-1-tz3-hl-markscheme-33f1e8745fe641fb,https://dl.ibdocs.re/p/IB%20PAST%20PAPERS%20-%20YEAR/2025%20Examination%20Session/November%202025%20Examination%20Session/Individuals%20and%20societies/Psychology_paper_1_TZ3_HL_markscheme.pdf,/IB PAST PAPERS - YEAR/2025 Examination Session/November 2025 Examination Session/Individuals and societies/Psychology_paper_1_TZ3_HL_markscheme.pdf,2025,November 2025,Psychology,language=not labelled by archive; level=HL; zone=TZ3,markscheme,439851,0e1481a8a99a067647f527c50613af095451541a7eac9c62a9140d251fa91693,2026-09-02,downloaded; indexed size and PDF signature match; pdfinfo OK; qpdf succeeded with source-file warnings,Unofficial mirror copy; authenticity and redistribution rights unverified; local research/reference only; do not upload to GitHub or redistribute.
resources/private/past-papers/2022-2026/business-psychology/2025 Examination Session/November 2025 Examination Session/Individuals and societies/Psychology_paper_1_TZ3_SL.pdf,Psychology_paper_1_TZ3_SL.pdf,https://dl.ibdocs.re/documents/psychology-paper-1-tz3-sl-9c84321737eda7f7,https://dl.ibdocs.re/p/IB%20PAST%20PAPERS%20-%20YEAR/2025%20Examination%20Session/November%202025%20Examination%20Session/Individuals%20and%20societies/Psychology_paper_1_TZ3_SL.pdf,/IB PAST PAPERS - YEAR/2025 Examination Session/November 2025 Examination Session/Individuals and societies/Psychology_paper_1_TZ3_SL.pdf,2025,November 2025,Psychology,language=not labelled by archive; level=SL; zone=TZ3,question paper,284984,7e2977627ea7537bef384fe69fb34a40a74a3cf74448745680e381ca2cd09f34,2026-09-02,downloaded; indexed size and PDF signature match; pdfinfo OK; qpdf succeeded with source-file warnings,Unofficial mirror copy; authenticity and redistribution rights unverified; local research/reference only; do not upload to GitHub or redistribute.
resources/private/past-papers/2022-2026/business-psychology/2025 Examination Session/November 2025 Examination Session/Individuals and societies/Psychology_paper_1_TZ3_SL_Spanish.pdf,Psychology_paper_1_TZ3_SL_Spanish.pdf,https://dl.ibdocs.re/documents/psychology-paper-1-tz3-sl-spanish-54f301ab986a2e2c,https://dl.ibdocs.re/p/IB%20PAST%20PAPERS%20-%20YEAR/2025%20Examination%20Session/November%202025%20Examination%20Session/Individuals%20and%20societies/Psychology_paper_1_TZ3_SL_Spanish.pdf,/IB PAST PAPERS - YEAR/2025 Examination Session/November 2025 Examination Session/Individuals and societies/Psychology_paper_1_TZ3_SL_Spanish.pdf,2025,November 2025,Psychology,language=Spanish; level=SL; zone=TZ3,question paper,273993,5f7364c85b7b0c253c06fe871f38e8ad779798b2ca733e76b56b62449877ee0b,2026-09-02,downloaded; indexed size and PDF signature match; pdfinfo OK; qpdf succeeded with source-file warnings,Unofficial mirror copy; authenticity and redistribution rights unverified; local research/reference only; do not upload to GitHub or redistribute.
resources/private/past-papers/2022-2026/business-psychology/2025 Examination Session/November 2025 Examination Session/Individuals and societies/Psychology_paper_1_TZ3_SL_markscheme.pdf,Psychology_paper_1_TZ3_SL_markscheme.pdf,https://dl.ibdocs.re/documents/psychology-paper-1-tz3-sl-markscheme-f485488e14a6260a,https://dl.ibdocs.re/p/IB%20PAST%20PAPERS%20-%20YEAR/2025%20Examination%20Session/November%202025%20Examination%20Session/Individuals%20and%20societies/Psychology_paper_1_TZ3_SL_markscheme.pdf,/IB PAST PAPERS - YEAR/2025 Examination Session/November 2025 Examination Session/Individuals and societies/Psychology_paper_1_TZ3_SL_markscheme.pdf,2025,November 2025,Psychology,language=not labelled by archive; level=SL; zone=TZ3,markscheme,582666,7cd6ffec4cc754efb11fd5dc919ed951cf8d3cc53fd8b09fb4ddbd3e01d26ab4,2026-09-02,downloaded; indexed size and PDF signature match; pdfinfo OK; qpdf clean,Unofficial mirror copy; authenticity and redistribution rights unverified; local research/reference only; do not upload to GitHub or redistribute.
resources/private/past-papers/2022-2026/business-psychology/2025 Examination Session/November 2025 Examination Session/Individuals and societies/Psychology_paper_2_TZ1_HL.pdf,Psychology_paper_2_TZ1_HL.pdf,https://dl.ibdocs.re/documents/psychology-paper-2-tz1-hl-5464f3a8b6893e1d,https://dl.ibdocs.re/p/IB%20PAST%20PAPERS%20-%20YEAR/2025%20Examination%20Session/November%202025%20Examination%20Session/Individuals%20and%20societies/Psychology_paper_2_TZ1_HL.pdf,/IB PAST PAPERS - YEAR/2025 Examination Session/November 2025 Examination Session/Individuals and societies/Psychology_paper_2_TZ1_HL.pdf,2025,November 2025,Psychology,language=not labelled by archive; level=HL; zone=TZ1,question paper,288298,0be6d6af570e56e37d9c41edaf81e997f5cabdccdb1ee303771296f21def7d86,2026-09-02,downloaded; indexed size and PDF signature match; pdfinfo OK; qpdf succeeded with source-file warnings,Unofficial mirror copy; authenticity and redistribution rights unverified; local research/reference only; do not upload to GitHub or redistribute.
resources/private/past-papers/2022-2026/business-psychology/2025 Examination Session/November 2025 Examination Session/Individuals and societies/Psychology_paper_2_TZ1_HL_markscheme.pdf,Psychology_paper_2_TZ1_HL_markscheme.pdf,https://dl.ibdocs.re/documents/psychology-paper-2-tz1-hl-markscheme-952abdd3b2d26ed0,https://dl.ibdocs.re/p/IB%20PAST%20PAPERS%20-%20YEAR/2025%20Examination%20Session/November%202025%20Examination%20Session/Individuals%20and%20societies/Psychology_paper_2_TZ1_HL_markscheme.pdf,/IB PAST PAPERS - YEAR/2025 Examination Session/November 2025 Examination Session/Individuals and societies/Psychology_paper_2_TZ1_HL_markscheme.pdf,2025,November 2025,Psychology,language=not labelled by archive; level=HL; zone=TZ1,markscheme,835746,c5e1db0a520c631d7ac8837389a233bbad6a2900f6bde79359c99cc0ad49fbae,2026-09-02,downloaded; indexed size and PDF signature match; pdfinfo OK; qpdf clean,Unofficial mirror copy; authenticity and redistribution rights unverified; local research/reference only; do not upload to GitHub or redistribute.
resources/private/past-papers/2022-2026/business-psychology/2025 Examination Session/November 2025 Examination Session/Individuals and societies/Psychology_paper_2_TZ1_SL.pdf,Psychology_paper_2_TZ1_SL.pdf,https://dl.ibdocs.re/documents/psychology-paper-2-tz1-sl-927c421d320a93c2,https://dl.ibdocs.re/p/IB%20PAST%20PAPERS%20-%20YEAR/2025%20Examination%20Session/November%202025%20Examination%20Session/Individuals%20and%20societies/Psychology_paper_2_TZ1_SL.pdf,/IB PAST PAPERS - YEAR/2025 Examination Session/November 2025 Examination Session/Individuals and societies/Psychology_paper_2_TZ1_SL.pdf,2025,November 2025,Psychology,language=not labelled by archive; level=SL; zone=TZ1,question paper,288092,2679f05dbb1283667cc64168cd8026ea27537a1456efc358970aee768bb326f1,2026-09-02,downloaded; indexed size and PDF signature match; pdfinfo OK; qpdf succeeded with source-file warnings,Unofficial mirror copy; authenticity and redistribution rights unverified; local research/reference only; do not upload to GitHub or redistribute.
resources/private/past-papers/2022-2026/business-psychology/2025 Examination Session/November 2025 Examination Session/Individuals and societies/Psychology_paper_2_TZ1_SL_markscheme.pdf,Psychology_paper_2_TZ1_SL_markscheme.pdf,https://dl.ibdocs.re/documents/psychology-paper-2-tz1-sl-markscheme-8bdfd6a68247d9c5,https://dl.ibdocs.re/p/IB%20PAST%20PAPERS%20-%20YEAR/2025%20Examination%20Session/November%202025%20Examination%20Session/Individuals%20and%20societies/Psychology_paper_2_TZ1_SL_markscheme.pdf,/IB PAST PAPERS - YEAR/2025 Examination Session/November 2025 Examination Session/Individuals and societies/Psychology_paper_2_TZ1_SL_markscheme.pdf,2025,November 2025,Psychology,language=not labelled by archive; level=SL; zone=TZ1,markscheme,835746,c5e1db0a520c631d7ac8837389a233bbad6a2900f6bde79359c99cc0ad49fbae,2026-09-02,downloaded; indexed size and PDF signature match; pdfinfo OK; qpdf clean,Unofficial mirror copy; authenticity and redistribution rights unverified; local research/reference only; do not upload to GitHub or redistribute.
resources/private/past-papers/2022-2026/business-psychology/2025 Examination Session/November 2025 Examination Session/Individuals and societies/Psychology_paper_2_TZ3_HL.pdf,Psychology_paper_2_TZ3_HL.pdf,https://dl.ibdocs.re/documents/psychology-paper-2-tz3-hl-b6cfa740f7900e8b,https://dl.ibdocs.re/p/IB%20PAST%20PAPERS%20-%20YEAR/2025%20Examination%20Session/November%202025%20Examination%20Session/Individuals%20and%20societies/Psychology_paper_2_TZ3_HL.pdf,/IB PAST PAPERS - YEAR/2025 Examination Session/November 2025 Examination Session/Individuals and societies/Psychology_paper_2_TZ3_HL.pdf,2025,November 2025,Psychology,language=not labelled by archive; level=HL; zone=TZ3,question paper,288589,b5ad42832c01805f038e50e091cb68e4297017d0251ddd91aeee0131139bf216,2026-09-02,downloaded; indexed size and PDF signature match; pdfinfo OK; qpdf succeeded with source-file warnings,Unofficial mirror copy; authenticity and redistribution rights unverified; local research/reference only; do not upload to GitHub or redistribute.
resources/private/past-papers/2022-2026/business-psychology/2025 Examination Session/November 2025 Examination Session/Individuals and societies/Psychology_paper_2_TZ3_HL_Spanish.pdf,Psychology_paper_2_TZ3_HL_Spanish.pdf,https://dl.ibdocs.re/documents/psychology-paper-2-tz3-hl-spanish-d287156406f38b90,https://dl.ibdocs.re/p/IB%20PAST%20PAPERS%20-%20YEAR/2025%20Examination%20Session/November%202025%20Examination%20Session/Individuals%20and%20societies/Psychology_paper_2_TZ3_HL_Spanish.pdf,/IB PAST PAPERS - YEAR/2025 Examination Session/November 2025 Examination Session/Individuals and societies/Psychology_paper_2_TZ3_HL_Spanish.pdf,2025,November 2025,Psychology,language=Spanish; level=HL; zone=TZ3,question paper,275742,1e3f82519ab6bb8f1e3f8841a7bcee8a71b7e6005cd131595fba175b89e22fa9,2026-09-02,downloaded; indexed size and PDF signature match; pdfinfo OK; qpdf succeeded with source-file warnings,Unofficial mirror copy; authenticity and redistribution rights unverified; local research/reference only; do not upload to GitHub or redistribute.
resources/private/past-papers/2022-2026/business-psychology/2025 Examination Session/November 2025 Examination Session/Individuals and societies/Psychology_paper_2_TZ3_HL_markscheme.pdf,Psychology_paper_2_TZ3_HL_markscheme.pdf,https://dl.ibdocs.re/documents/psychology-paper-2-tz3-hl-markscheme-058170e193e87cee,https://dl.ibdocs.re/p/IB%20PAST%20PAPERS%20-%20YEAR/2025%20Examination%20Session/November%202025%20Examination%20Session/Individuals%20and%20societies/Psychology_paper_2_TZ3_HL_markscheme.pdf,/IB PAST PAPERS - YEAR/2025 Examination Session/November 2025 Examination Session/Individuals and societies/Psychology_paper_2_TZ3_HL_markscheme.pdf,2025,November 2025,Psychology,language=not labelled by archive; level=HL; zone=TZ3,markscheme,789933,feeb82a6794234a7d1af890b1048c89e83456fd9b26b4dc424652b5a11442597,2026-09-02,downloaded; indexed size and PDF signature match; pdfinfo OK; qpdf clean,Unofficial mirror copy; authenticity and redistribution rights unverified; local research/reference only; do not upload to GitHub or redistribute.
resources/private/past-papers/2022-2026/business-psychology/2025 Examination Session/November 2025 Examination Session/Individuals and societies/Psychology_paper_2_TZ3_SL.pdf,Psychology_paper_2_TZ3_SL.pdf,https://dl.ibdocs.re/documents/psychology-paper-2-tz3-sl-f66b633f6c55cca4,https://dl.ibdocs.re/p/IB%20PAST%20PAPERS%20-%20YEAR/2025%20Examination%20Session/November%202025%20Examination%20Session/Individuals%20and%20societies/Psychology_paper_2_TZ3_SL.pdf,/IB PAST PAPERS - YEAR/2025 Examination Session/November 2025 Examination Session/Individuals and societies/Psychology_paper_2_TZ3_SL.pdf,2025,November 2025,Psychology,language=not labelled by archive; level=SL; zone=TZ3,question paper,288861,ddf9cac275d5ee0ac16b7add2f2d5eb90046abd37828cea5585babb002963356,2026-09-02,downloaded; indexed size and PDF signature match; pdfinfo OK; qpdf succeeded with source-file warnings,Unofficial mirror copy; authenticity and redistribution rights unverified; local research/reference only; do not upload to GitHub or redistribute.
resources/private/past-papers/2022-2026/business-psychology/2025 Examination Session/November 2025 Examination Session/Individuals and societies/Psychology_paper_2_TZ3_SL_Spanish.pdf,Psychology_paper_2_TZ3_SL_Spanish.pdf,https://dl.ibdocs.re/documents/psychology-paper-2-tz3-sl-spanish-3f4a8a615fb60b9b,https://dl.ibdocs.re/p/IB%20PAST%20PAPERS%20-%20YEAR/2025%20Examination%20Session/November%202025%20Examination%20Session/Individuals%20and%20societies/Psychology_paper_2_TZ3_SL_Spanish.pdf,/IB PAST PAPERS - YEAR/2025 Examination Session/November 2025 Examination Session/Individuals and societies/Psychology_paper_2_TZ3_SL_Spanish.pdf,2025,November 2025,Psychology,language=Spanish; level=SL; zone=TZ3,question paper,275779,ec2398d706ef5c7339ddd57f9cd802774ad9ecf594cb0248570049c6061a1707,2026-09-02,downloaded; indexed size and PDF signature match; pdfinfo OK; qpdf succeeded with source-file warnings,Unofficial mirror copy; authenticity and redistribution rights unverified; local research/reference only; do not upload to GitHub or redistribute.
resources/private/past-papers/2022-2026/business-psychology/2025 Examination Session/November 2025 Examination Session/Individuals and societies/Psychology_paper_2_TZ3_SL_markscheme.pdf,Psychology_paper_2_TZ3_SL_markscheme.pdf,https://dl.ibdocs.re/documents/psychology-paper-2-tz3-sl-markscheme-87484e14949e0d8f,https://dl.ibdocs.re/p/IB%20PAST%20PAPERS%20-%20YEAR/2025%20Examination%20Session/November%202025%20Examination%20Session/Individuals%20and%20societies/Psychology_paper_2_TZ3_SL_markscheme.pdf,/IB PAST PAPERS - YEAR/2025 Examination Session/November 2025 Examination Session/Individuals and societies/Psychology_paper_2_TZ3_SL_markscheme.pdf,2025,November 2025,Psychology,language=not labelled by archive; level=SL; zone=TZ3,markscheme,789933,feeb82a6794234a7d1af890b1048c89e83456fd9b26b4dc424652b5a11442597,2026-09-02,downloaded; indexed size and PDF signature match; pdfinfo OK; qpdf clean,Unofficial mirror copy; authenticity and redistribution rights unverified; local research/reference only; do not upload to GitHub or redistribute.
resources/private/past-papers/2022-2026/business-psychology/2025 Examination Session/November 2025 Examination Session/Individuals and societies/Psychology_paper_3_HL.pdf,Psychology_paper_3_HL.pdf,https://dl.ibdocs.re/documents/psychology-paper-3-hl-5e21423714b7be32,https://dl.ibdocs.re/p/IB%20PAST%20PAPERS%20-%20YEAR/2025%20Examination%20Session/November%202025%20Examination%20Session/Individuals%20and%20societies/Psychology_paper_3_HL.pdf,/IB PAST PAPERS - YEAR/2025 Examination Session/November 2025 Examination Session/Individuals and societies/Psychology_paper_3_HL.pdf,2025,November 2025,Psychology,language=not labelled by archive; level=HL; zone=not labelled,question paper,818626,85d99ce0e4b73e54fa39080fd8f0dfe59b041c03fb460be3d34e48eb2e3be32d,2026-09-02,downloaded; indexed size and PDF signature match; pdfinfo OK; qpdf succeeded with source-file warnings,Unofficial mirror copy; authenticity and redistribution rights unverified; local research/reference only; do not upload to GitHub or redistribute.
resources/private/past-papers/2022-2026/business-psychology/2025 Examination Session/November 2025 Examination Session/Individuals and societies/Psychology_paper_3_HL_Spanish.pdf,Psychology_paper_3_HL_Spanish.pdf,https://dl.ibdocs.re/documents/psychology-paper-3-hl-spanish-fa664dfd5485cb49,https://dl.ibdocs.re/p/IB%20PAST%20PAPERS%20-%20YEAR/2025%20Examination%20Session/November%202025%20Examination%20Session/Individuals%20and%20societies/Psychology_paper_3_HL_Spanish.pdf,/IB PAST PAPERS - YEAR/2025 Examination Session/November 2025 Examination Session/Individuals and societies/Psychology_paper_3_HL_Spanish.pdf,2025,November 2025,Psychology,language=Spanish; level=HL; zone=not labelled,question paper,806019,4301682c18e5c64793e0c89cee8e92ee7b24939f877a2701bd2158de6bebc8ef,2026-09-02,downloaded; indexed size and PDF signature match; pdfinfo OK; qpdf succeeded with source-file warnings,Unofficial mirror copy; authenticity and redistribution rights unverified; local research/reference only; do not upload to GitHub or redistribute.
resources/private/past-papers/2022-2026/business-psychology/2025 Examination Session/November 2025 Examination Session/Individuals and societies/Psychology_paper_3_HL_markscheme.pdf,Psychology_paper_3_HL_markscheme.pdf,https://dl.ibdocs.re/documents/psychology-paper-3-hl-markscheme-f90f6c933c2b1235,https://dl.ibdocs.re/p/IB%20PAST%20PAPERS%20-%20YEAR/2025%20Examination%20Session/November%202025%20Examination%20Session/Individuals%20and%20societies/Psychology_paper_3_HL_markscheme.pdf,/IB PAST PAPERS - YEAR/2025 Examination Session/November 2025 Examination Session/Individuals and societies/Psychology_paper_3_HL_markscheme.pdf,2025,November 2025,Psychology,language=not labelled by archive; level=HL; zone=not labelled,markscheme,450811,90fdc911eddb66afcfeea7c84680105e4b82f8694c7d56648973576328009e6a,2026-09-02,downloaded; indexed size and PDF signature match; pdfinfo OK; qpdf clean,Unofficial mirror copy; authenticity and redistribution rights unverified; local research/reference only; do not upload to GitHub or redistribute.
