local_path,filename,source_page_url,source_url,archive_path,year,session,subject,language_variant,material_type,bytes,sha256,retrieval_date,status,rights_note
resources/private/past-papers/2022-2026/business-psychology/2022 Examination Session/May 2022 Examination Session/Individuals and societies/Business_management_paper_1__HL.pdf,Business_management_paper_1__HL.pdf,https://dl.ibdocs.re/documents/business-management-paper-1-hl-4d31678ce862c2f5,https://dl.ibdocs.re/p/IB%20PAST%20PAPERS%20-%20YEAR/2022%20Examination%20Session/May%202022%20Examination%20Session/Individuals%20and%20societies/Business_management_paper_1__HL.pdf,/IB PAST PAPERS - YEAR/2022 Examination Session/May 2022 Examination Session/Individuals and societies/Business_management_paper_1__HL.pdf,2022,May 2022,Business Management,language=not labelled by archive; level=HL; zone=not labelled,question paper,903065,4edd09d1d6356509a1816bab380a7705360c5cff603c8b5778d247fcdcb356ef,2026-09-02,downloaded; indexed size and PDF signature match; pdfinfo OK; qpdf clean,Unofficial mirror copy; authenticity and redistribution rights unverified; local research/reference only; do not upload to GitHub or redistribute.
resources/private/past-papers/2022-2026/business-psychology/2022 Examination Session/May 2022 Examination Session/Individuals and societies/Business_management_paper_1__HL_French.pdf,Business_management_paper_1__HL_French.pdf,https://dl.ibdocs.re/documents/business-management-paper-1-hl-french-add6644375b10fba,https://dl.ibdocs.re/p/IB%20PAST%20PAPERS%20-%20YEAR/2022%20Examination%20Session/May%202022%20Examination%20Session/Individuals%20and%20societies/Business_management_paper_1__HL_French.pdf,/IB PAST PAPERS - YEAR/2022 Examination Session/May 2022 Examination Session/Individuals and societies/Business_management_paper_1__HL_French.pdf,2022,May 2022,Business Management,language=French; level=HL; zone=not labelled,question paper,822762,cc6c0bbd182954d61db1633c415e0a9b29a7c82efd70fd34eafcbff9814071cb,2026-09-02,downloaded; indexed size and PDF signature match; pdfinfo OK; qpdf clean,Unofficial mirror copy; authenticity and redistribution rights unverified; local research/reference only; do not upload to GitHub or redistribute.
resources/private/past-papers/2022-2026/business-psychology/2022 Examination Session/May 2022 Examination Session/Individuals and societies/Business_management_paper_1__HL_Spanish.pdf,Business_management_paper_1__HL_Spanish.pdf,https://dl.ibdocs.re/documents/business-management-paper-1-hl-spanish-ed95c31724f33f22,https://dl.ibdocs.re/p/IB%20PAST%20PAPERS%20-%20YEAR/2022%20Examination%20Session/May%202022%20Examination%20Session/Individuals%20and%20societies/Business_management_paper_1__HL_Spanish.pdf,/IB PAST PAPERS - YEAR/2022 Examination Session/May 2022 Examination Session/Individuals and societies/Business_management_paper_1__HL_Spanish.pdf,2022,May 2022,Business Management,language=Spanish; level=HL; zone=not labelled,question paper,820802,b0bed018d498ee5f45e9cd515a35b166308898a5837717472f4957c26794e5ab,2026-09-02,downloaded; indexed size and PDF signature match; pdfinfo OK; qpdf clean,Unofficial mirror copy; authenticity and redistribution rights unverified; local research/reference only; do not upload to GitHub or redistribute.
resources/private/past-papers/2022-2026/business-psychology/2022 Examination Session/May 2022 Examination Session/Individuals and societies/Business_management_paper_1__HL_markscheme.pdf,Business_management_paper_1__HL_markscheme.pdf,https://dl.ibdocs.re/documents/business-management-paper-1-hl-markscheme-0f0b1d6d9003b7c8,https://dl.ibdocs.re/p/IB%20PAST%20PAPERS%20-%20YEAR/2022%20Examination%20Session/May%202022%20Examination%20Session/Individuals%20and%20societies/Business_management_paper_1__HL_markscheme.pdf,/IB PAST PAPERS - YEAR/2022 Examination Session/May 2022 Examination Session/Individuals and societies/Business_management_paper_1__HL_markscheme.pdf,2022,May 2022,Business Management,language=not labelled by archive; level=HL; zone=not labelled,markscheme,730310,5b44d31b3bedb964bc4d35e648f9001ef29c6298dee4e5cb5accbf6dc44739e3,2026-09-02,downloaded; indexed size and PDF signature match; pdfinfo OK; qpdf clean,Unofficial mirror copy; authenticity and redistribution rights unverified; local research/reference only; do not upload to GitHub or redistribute.
resources/private/past-papers/2022-2026/business-psychology/2022 Examination Session/May 2022 Examination Session/Individuals and societies/Business_management_paper_1__HL_markscheme_Spanish.pdf,Business_management_paper_1__HL_markscheme_Spanish.pdf,https://dl.ibdocs.re/documents/business-management-paper-1-hl-markscheme-spanish-8cb54c75c55515ef,https://dl.ibdocs.re/p/IB%20PAST%20PAPERS%20-%20YEAR/2022%20Examination%20Session/May%202022%20Examination%20Session/Individuals%20and%20societies/Business_management_paper_1__HL_markscheme_Spanish.pdf,/IB PAST PAPERS - YEAR/2022 Examination Session/May 2022 Examination Session/Individuals and societies/Business_management_paper_1__HL_markscheme_Spanish.pdf,2022,May 2022,Business Management,language=Spanish; level=HL; zone=not labelled,markscheme,691856,42081501ee4f4cfe2df6d0046ab47fba459e6378af4e9fba685e0735518639a1,2026-09-02,downloaded; indexed size and PDF signature match; pdfinfo OK; qpdf clean,Unofficial mirror copy; authenticity and redistribution rights unverified; local research/reference only; do not upload to GitHub or redistribute.
resources/private/past-papers/2022-2026/business-psychology/2022 Examination Session/May 2022 Examination Session/Individuals and societies/Business_management_paper_1__SL.pdf,Business_management_paper_1__SL.pdf,https://dl.ibdocs.re/documents/business-management-paper-1-sl-9182182750661aaa,https://dl.ibdocs.re/p/IB%20PAST%20PAPERS%20-%20YEAR/2022%20Examination%20Session/May%202022%20Examination%20Session/Individuals%20and%20societies/Business_management_paper_1__SL.pdf,/IB PAST PAPERS - YEAR/2022 Examination Session/May 2022 Examination Session/Individuals and societies/Business_management_paper_1__SL.pdf,2022,May 2022,Business Management,language=not labelled by archive; level=SL; zone=not labelled,question paper,901553,fcbf9b552d80a84046f24463763e6af0efddc04f09facddf10dd83316825497c,2026-09-02,downloaded; indexed size and PDF signature match; pdfinfo OK; qpdf clean,Unofficial mirror copy; authenticity and redistribution rights unverified; local research/reference only; do not upload to GitHub or redistribute.
resources/private/past-papers/2022-2026/business-psychology/2022 Examination Session/May 2022 Examination Session/Individuals and societies/Business_management_paper_1__SL_French.pdf,Business_management_paper_1__SL_French.pdf,https://dl.ibdocs.re/documents/business-management-paper-1-sl-french-9000cdd3bc30ca8b,https://dl.ibdocs.re/p/IB%20PAST%20PAPERS%20-%20YEAR/2022%20Examination%20Session/May%202022%20Examination%20Session/Individuals%20and%20societies/Business_management_paper_1__SL_French.pdf,/IB PAST PAPERS - YEAR/2022 Examination Session/May 2022 Examination Session/Individuals and societies/Business_management_paper_1__SL_French.pdf,2022,May 2022,Business Management,language=French; level=SL; zone=not labelled,question paper,821281,8a540868782b14fb71cbf74bd460d35edb3dd28ca323345ac26ee3c8e5a5a301,2026-09-02,downloaded; indexed size and PDF signature match; pdfinfo OK; qpdf clean,Unofficial mirror copy; authenticity and redistribution rights unverified; local research/reference only; do not upload to GitHub or redistribute.
resources/private/past-papers/2022-2026/business-psychology/2022 Examination Session/May 2022 Examination Session/Individuals and societies/Business_management_paper_1__SL_Spanish.pdf,Business_management_paper_1__SL_Spanish.pdf,https://dl.ibdocs.re/documents/business-management-paper-1-sl-spanish-8cc9ed93d5072de1,https://dl.ibdocs.re/p/IB%20PAST%20PAPERS%20-%20YEAR/2022%20Examination%20Session/May%202022%20Examination%20Session/Individuals%20and%20societies/Business_management_paper_1__SL_Spanish.pdf,/IB PAST PAPERS - YEAR/2022 Examination Session/May 2022 Examination Session/Individuals and societies/Business_management_paper_1__SL_Spanish.pdf,2022,May 2022,Business Management,language=Spanish; level=SL; zone=not labelled,question paper,822312,11f26c6b93a9132fbb979358bbae2a2e492f6f943b1f68bd06575a9cad5ead42,2026-09-02,downloaded; indexed size and PDF signature match; pdfinfo OK; qpdf clean,Unofficial mirror copy; authenticity and redistribution rights unverified; local research/reference only; do not upload to GitHub or redistribute.
resources/private/past-papers/2022-2026/business-psychology/2022 Examination Session/May 2022 Examination Session/Individuals and societies/Business_management_paper_1__SL_markscheme.pdf,Business_management_paper_1__SL_markscheme.pdf,https://dl.ibdocs.re/documents/business-management-paper-1-sl-markscheme-35abb7cb61fe4eed,https://dl.ibdocs.re/p/IB%20PAST%20PAPERS%20-%20YEAR/2022%20Examination%20Session/May%202022%20Examination%20Session/Individuals%20and%20societies/Business_management_paper_1__SL_markscheme.pdf,/IB PAST PAPERS - YEAR/2022 Examination Session/May 2022 Examination Session/Individuals and societies/Business_management_paper_1__SL_markscheme.pdf,2022,May 2022,Business Management,language=not labelled by archive; level=SL; zone=not labelled,markscheme,634261,2372f08fa47d0ec09e7e88720b3ca9e0b54d5485101354283f9e81ddcd09558e,2026-09-02,downloaded; indexed size and PDF signature match; pdfinfo OK; qpdf clean,Unofficial mirror copy; authenticity and redistribution rights unverified; local research/reference only; do not upload to GitHub or redistribute.
resources/private/past-papers/2022-2026/business-psychology/2022 Examination Session/May 2022 Examination Session/Individuals and societies/Business_management_paper_1__SL_markscheme_Spanish.pdf,Business_management_paper_1__SL_markscheme_Spanish.pdf,https://dl.ibdocs.re/documents/business-management-paper-1-sl-markscheme-spanish-6c4da4d456d6e69a,https://dl.ibdocs.re/p/IB%20PAST%20PAPERS%20-%20YEAR/2022%20Examination%20Session/May%202022%20Examination%20Session/Individuals%20and%20societies/Business_management_paper_1__SL_markscheme_Spanish.pdf,/IB PAST PAPERS - YEAR/2022 Examination Session/May 2022 Examination Session/Individuals and societies/Business_management_paper_1__SL_markscheme_Spanish.pdf,2022,May 2022,Business Management,language=Spanish; level=SL; zone=not labelled,markscheme,788337,439d58d9aed3685ae6affcba69e23f9aef6f3f3c6b1e74da2c491eeb27e1183e,2026-09-02,downloaded; indexed size and PDF signature match; pdfinfo OK; qpdf clean,Unofficial mirror copy; authenticity and redistribution rights unverified; local research/reference only; do not upload to GitHub or redistribute.
resources/private/past-papers/2022-2026/business-psychology/2022 Examination Session/May 2022 Examination Session/Individuals and societies/Business_management_paper_1__case_study_HLSL.pdf,Business_management_paper_1__case_study_HLSL.pdf,https://dl.ibdocs.re/documents/business-management-paper-1-case-study-hlsl-3542ff3c3a6f830f,https://dl.ibdocs.re/p/IB%20PAST%20PAPERS%20-%20YEAR/2022%20Examination%20Session/May%202022%20Examination%20Session/Individuals%20and%20societies/Business_management_paper_1__case_study_HLSL.pdf,/IB PAST PAPERS - YEAR/2022 Examination Session/May 2022 Examination Session/Individuals and societies/Business_management_paper_1__case_study_HLSL.pdf,2022,May 2022,Business Management,language=not labelled by archive; level=HL/SL; zone=not labelled,case study / pre-seen material,815738,a04896d27410f2a5ead97b0b49acdd5e3663f454a244727de73577f132e19621,2026-09-02,downloaded; indexed size and PDF signature match; pdfinfo OK; qpdf clean,Unofficial mirror copy; authenticity and redistribution rights unverified; local research/reference only; do not upload to GitHub or redistribute.
resources/private/past-papers/2022-2026/business-psychology/2022 Examination Session/May 2022 Examination Session/Individuals and societies/Business_management_paper_1__case_study_HLSL_French.pdf,Business_management_paper_1__case_study_HLSL_French.pdf,https://dl.ibdocs.re/documents/business-management-paper-1-case-study-hlsl-french-846336b4ce869b54,https://dl.ibdocs.re/p/IB%20PAST%20PAPERS%20-%20YEAR/2022%20Examination%20Session/May%202022%20Examination%20Session/Individuals%20and%20societies/Business_management_paper_1__case_study_HLSL_French.pdf,/IB PAST PAPERS - YEAR/2022 Examination Session/May 2022 Examination Session/Individuals and societies/Business_management_paper_1__case_study_HLSL_French.pdf,2022,May 2022,Business Management,language=French; level=HL/SL; zone=not labelled,case study / pre-seen material,821457,eb3d96e9939bede2b43f8c0290d88922195adb99138e291ee9ffa700019d109f,2026-09-02,downloaded; indexed size and PDF signature match; pdfinfo OK; qpdf clean,Unofficial mirror copy; authenticity and redistribution rights unverified; local research/reference only; do not upload to GitHub or redistribute.
resources/private/past-papers/2022-2026/business-psychology/2022 Examination Session/May 2022 Examination Session/Individuals and societies/Business_management_paper_1__case_study_HLSL_Spanish.pdf,Business_management_paper_1__case_study_HLSL_Spanish.pdf,https://dl.ibdocs.re/documents/business-management-paper-1-case-study-hlsl-spanish-bfa3d4d3c126a284,https://dl.ibdocs.re/p/IB%20PAST%20PAPERS%20-%20YEAR/2022%20Examination%20Session/May%202022%20Examination%20Session/Individuals%20and%20societies/Business_management_paper_1__case_study_HLSL_Spanish.pdf,/IB PAST PAPERS - YEAR/2022 Examination Session/May 2022 Examination Session/Individuals and societies/Business_management_paper_1__case_study_HLSL_Spanish.pdf,2022,May 2022,Business Management,language=Spanish; level=HL/SL; zone=not labelled,case study / pre-seen material,819055,7991eca6c21be826d84f78810a152090f5a25185cd6e3ef1a01a75aa551775b4,2026-09-02,downloaded; indexed size and PDF signature match; pdfinfo OK; qpdf clean,Unofficial mirror copy; authenticity and redistribution rights unverified; local research/reference only; do not upload to GitHub or redistribute.
resources/private/past-papers/2022-2026/business-psychology/2022 Examination Session/May 2022 Examination Session/Individuals and societies/Business_management_paper_2__HL.pdf,Business_management_paper_2__HL.pdf,https://dl.ibdocs.re/documents/business-management-paper-2-hl-cd1a3e517babb6d4,https://dl.ibdocs.re/p/IB%20PAST%20PAPERS%20-%20YEAR/2022%20Examination%20Session/May%202022%20Examination%20Session/Individuals%20and%20societies/Business_management_paper_2__HL.pdf,/IB PAST PAPERS - YEAR/2022 Examination Session/May 2022 Examination Session/Individuals and societies/Business_management_paper_2__HL.pdf,2022,May 2022,Business Management,language=not labelled by archive; level=HL; zone=not labelled,question paper,940347,8b12e126b93b908f6e5401197bf5ce8c73e5d5a5d6a71252fc839be097606b10,2026-09-02,downloaded; indexed size and PDF signature match; pdfinfo OK; qpdf clean,Unofficial mirror copy; authenticity and redistribution rights unverified; local research/reference only; do not upload to GitHub or redistribute.
resources/private/past-papers/2022-2026/business-psychology/2022 Examination Session/May 2022 Examination Session/Individuals and societies/Business_management_paper_2__HL_French.pdf,Business_management_paper_2__HL_French.pdf,https://dl.ibdocs.re/documents/business-management-paper-2-hl-french-b7e21028bb1c4ee5,https://dl.ibdocs.re/p/IB%20PAST%20PAPERS%20-%20YEAR/2022%20Examination%20Session/May%202022%20Examination%20Session/Individuals%20and%20societies/Business_management_paper_2__HL_French.pdf,/IB PAST PAPERS - YEAR/2022 Examination Session/May 2022 Examination Session/Individuals and societies/Business_management_paper_2__HL_French.pdf,2022,May 2022,Business Management,language=French; level=HL; zone=not labelled,question paper,859219,4e7322c57a67f3bcc695b9ff99d057aefecb50bbe2c5eccb8a06eb8afb73b4de,2026-09-02,downloaded; indexed size and PDF signature match; pdfinfo OK; qpdf clean,Unofficial mirror copy; authenticity and redistribution rights unverified; local research/reference only; do not upload to GitHub or redistribute.
resources/private/past-papers/2022-2026/business-psychology/2022 Examination Session/May 2022 Examination Session/Individuals and societies/Business_management_paper_2__HL_Spanish.pdf,Business_management_paper_2__HL_Spanish.pdf,https://dl.ibdocs.re/documents/business-management-paper-2-hl-spanish-d84a03888c265e8b,https://dl.ibdocs.re/p/IB%20PAST%20PAPERS%20-%20YEAR/2022%20Examination%20Session/May%202022%20Examination%20Session/Individuals%20and%20societies/Business_management_paper_2__HL_Spanish.pdf,/IB PAST PAPERS - YEAR/2022 Examination Session/May 2022 Examination Session/Individuals and societies/Business_management_paper_2__HL_Spanish.pdf,2022,May 2022,Business Management,language=Spanish; level=HL; zone=not labelled,question paper,858431,b37da6715cd5be97da79c5e04d23ab76e280a1a24270fa47372542af059c3cb5,2026-09-02,downloaded; indexed size and PDF signature match; pdfinfo OK; qpdf clean,Unofficial mirror copy; authenticity and redistribution rights unverified; local research/reference only; do not upload to GitHub or redistribute.
resources/private/past-papers/2022-2026/business-psychology/2022 Examination Session/May 2022 Examination Session/Individuals and societies/Business_management_paper_2__HL_markscheme.pdf,Business_management_paper_2__HL_markscheme.pdf,https://dl.ibdocs.re/documents/business-management-paper-2-hl-markscheme-3e8792fcdd37663f,https://dl.ibdocs.re/p/IB%20PAST%20PAPERS%20-%20YEAR/2022%20Examination%20Session/May%202022%20Examination%20Session/Individuals%20and%20societies/Business_management_paper_2__HL_markscheme.pdf,/IB PAST PAPERS - YEAR/2022 Examination Session/May 2022 Examination Session/Individuals and societies/Business_management_paper_2__HL_markscheme.pdf,2022,May 2022,Business Management,language=not labelled by archive; level=HL; zone=not labelled,markscheme,1346292,0cd8a037be1dcf797f4b7d4485fd414690f154024c95844765cd585e26d7c4fc,2026-09-02,downloaded; indexed size and PDF signature match; pdfinfo OK; qpdf clean,Unofficial mirror copy; authenticity and redistribution rights unverified; local research/reference only; do not upload to GitHub or redistribute.
resources/private/past-papers/2022-2026/business-psychology/2022 Examination Session/May 2022 Examination Session/Individuals and societies/Business_management_paper_2__HL_markscheme_Spanish.pdf,Business_management_paper_2__HL_markscheme_Spanish.pdf,https://dl.ibdocs.re/documents/business-management-paper-2-hl-markscheme-spanish-09240abe50748334,https://dl.ibdocs.re/p/IB%20PAST%20PAPERS%20-%20YEAR/2022%20Examination%20Session/May%202022%20Examination%20Session/Individuals%20and%20societies/Business_management_paper_2__HL_markscheme_Spanish.pdf,/IB PAST PAPERS - YEAR/2022 Examination Session/May 2022 Examination Session/Individuals and societies/Business_management_paper_2__HL_markscheme_Spanish.pdf,2022,May 2022,Business Management,language=Spanish; level=HL; zone=not labelled,markscheme,1301657,81d302064253ca574a85d0e297facf0d84a868b9a1032819fe50553f3ec8f0a8,2026-09-02,downloaded; indexed size and PDF signature match; pdfinfo OK; qpdf clean,Unofficial mirror copy; authenticity and redistribution rights unverified; local research/reference only; do not upload to GitHub or redistribute.
resources/private/past-papers/2022-2026/business-psychology/2022 Examination Session/May 2022 Examination Session/Individuals and societies/Business_management_paper_2__SL.pdf,Business_management_paper_2__SL.pdf,https://dl.ibdocs.re/documents/business-management-paper-2-sl-29781132b7d4b99b,https://dl.ibdocs.re/p/IB%20PAST%20PAPERS%20-%20YEAR/2022%20Examination%20Session/May%202022%20Examination%20Session/Individuals%20and%20societies/Business_management_paper_2__SL.pdf,/IB PAST PAPERS - YEAR/2022 Examination Session/May 2022 Examination Session/Individuals and societies/Business_management_paper_2__SL.pdf,2022,May 2022,Business Management,language=not labelled by archive; level=SL; zone=not labelled,question paper,1003865,c811edac0a6ec317d4893ac770fed1356656bb25cbaafbf8368d2e9056371cb4,2026-09-02,downloaded; indexed size and PDF signature match; pdfinfo OK; qpdf clean,Unofficial mirror copy; authenticity and redistribution rights unverified; local research/reference only; do not upload to GitHub or redistribute.
resources/private/past-papers/2022-2026/business-psychology/2022 Examination Session/May 2022 Examination Session/Individuals and societies/Business_management_paper_2__SL_French.pdf,Business_management_paper_2__SL_French.pdf,https://dl.ibdocs.re/documents/business-management-paper-2-sl-french-c7f2b561d5215aa8,https://dl.ibdocs.re/p/IB%20PAST%20PAPERS%20-%20YEAR/2022%20Examination%20Session/May%202022%20Examination%20Session/Individuals%20and%20societies/Business_management_paper_2__SL_French.pdf,/IB PAST PAPERS - YEAR/2022 Examination Session/May 2022 Examination Session/Individuals and societies/Business_management_paper_2__SL_French.pdf,2022,May 2022,Business Management,language=French; level=SL; zone=not labelled,question paper,879765,def4167c70125175365dadeeac2e3d1a81da5a6e632a917fcedded65a898c58b,2026-09-02,downloaded; indexed size and PDF signature match; pdfinfo OK; qpdf clean,Unofficial mirror copy; authenticity and redistribution rights unverified; local research/reference only; do not upload to GitHub or redistribute.
resources/private/past-papers/2022-2026/business-psychology/2022 Examination Session/May 2022 Examination Session/Individuals and societies/Business_management_paper_2__SL_Spanish.pdf,Business_management_paper_2__SL_Spanish.pdf,https://dl.ibdocs.re/documents/business-management-paper-2-sl-spanish-39ee967fe6f64a60,https://dl.ibdocs.re/p/IB%20PAST%20PAPERS%20-%20YEAR/2022%20Examination%20Session/May%202022%20Examination%20Session/Individuals%20and%20societies/Business_management_paper_2__SL_Spanish.pdf,/IB PAST PAPERS - YEAR/2022 Examination Session/May 2022 Examination Session/Individuals and societies/Business_management_paper_2__SL_Spanish.pdf,2022,May 2022,Business Management,language=Spanish; level=SL; zone=not labelled,question paper,875376,17fef873ce53ac64c9663b5a418a54d837115b4fc0d86d411d071e21094992bb,2026-09-02,downloaded; indexed size and PDF signature match; pdfinfo OK; qpdf clean,Unofficial mirror copy; authenticity and redistribution rights unverified; local research/reference only; do not upload to GitHub or redistribute.
resources/private/past-papers/2022-2026/business-psychology/2022 Examination Session/May 2022 Examination Session/Individuals and societies/Business_management_paper_2__SL_markscheme.pdf,Business_management_paper_2__SL_markscheme.pdf,https://dl.ibdocs.re/documents/business-management-paper-2-sl-markscheme-5bda9aebdc83ff3e,https://dl.ibdocs.re/p/IB%20PAST%20PAPERS%20-%20YEAR/2022%20Examination%20Session/May%202022%20Examination%20Session/Individuals%20and%20societies/Business_management_paper_2__SL_markscheme.pdf,/IB PAST PAPERS - YEAR/2022 Examination Session/May 2022 Examination Session/Individuals and societies/Business_management_paper_2__SL_markscheme.pdf,2022,May 2022,Business Management,language=not labelled by archive; level=SL; zone=not labelled,markscheme,1275657,7a828987da584d582545074ead2ec98a6447361be245ccb1460f1c496e7c4160,2026-09-02,downloaded; indexed size and PDF signature match; pdfinfo OK; qpdf clean,Unofficial mirror copy; authenticity and redistribution rights unverified; local research/reference only; do not upload to GitHub or redistribute.
resources/private/past-papers/2022-2026/business-psychology/2022 Examination Session/May 2022 Examination Session/Individuals and societies/Business_management_paper_2__SL_markscheme_Spanish.pdf,Business_management_paper_2__SL_markscheme_Spanish.pdf,https://dl.ibdocs.re/documents/business-management-paper-2-sl-markscheme-spanish-6386afd63c1ba145,https://dl.ibdocs.re/p/IB%20PAST%20PAPERS%20-%20YEAR/2022%20Examination%20Session/May%202022%20Examination%20Session/Individuals%20and%20societies/Business_management_paper_2__SL_markscheme_Spanish.pdf,/IB PAST PAPERS - YEAR/2022 Examination Session/May 2022 Examination Session/Individuals and societies/Business_management_paper_2__SL_markscheme_Spanish.pdf,2022,May 2022,Business Management,language=Spanish; level=SL; zone=not labelled,markscheme,975009,6d62a99d6fc82957a6631f95aa1d44bba8efebf4dba360eb7eacebf642e623ed,2026-09-02,downloaded; indexed size and PDF signature match; pdfinfo OK; qpdf clean,Unofficial mirror copy; authenticity and redistribution rights unverified; local research/reference only; do not upload to GitHub or redistribute.
resources/private/past-papers/2022-2026/business-psychology/2022 Examination Session/November 2022 Examination Session/Individuals and societies/Business_management_paper_1__HL.pdf,Business_management_paper_1__HL.pdf,https://dl.ibdocs.re/documents/business-management-paper-1-hl-20f0446c2a40fc12,https://dl.ibdocs.re/p/IB%20PAST%20PAPERS%20-%20YEAR/2022%20Examination%20Session/November%202022%20Examination%20Session/Individuals%20and%20societies/Business_management_paper_1__HL.pdf,/IB PAST PAPERS - YEAR/2022 Examination Session/November 2022 Examination Session/Individuals and societies/Business_management_paper_1__HL.pdf,2022,November 2022,Business Management,language=not labelled by archive; level=HL; zone=not labelled,question paper,804398,57509f9f0a33b439e3a4ef775c7fa0341941af9380fdcd2d8a194a77a315c544,2026-09-02,downloaded; indexed size and PDF signature match; pdfinfo OK; qpdf clean,Unofficial mirror copy; authenticity and redistribution rights unverified; local research/reference only; do not upload to GitHub or redistribute.
resources/private/past-papers/2022-2026/business-psychology/2022 Examination Session/November 2022 Examination Session/Individuals and societies/Business_management_paper_1__HL_Spanish.pdf,Business_management_paper_1__HL_Spanish.pdf,https://dl.ibdocs.re/documents/business-management-paper-1-hl-spanish-7b3cbfce43d58a29,https://dl.ibdocs.re/p/IB%20PAST%20PAPERS%20-%20YEAR/2022%20Examination%20Session/November%202022%20Examination%20Session/Individuals%20and%20societies/Business_management_paper_1__HL_Spanish.pdf,/IB PAST PAPERS - YEAR/2022 Examination Session/November 2022 Examination Session/Individuals and societies/Business_management_paper_1__HL_Spanish.pdf,2022,November 2022,Business Management,language=Spanish; level=HL; zone=not labelled,question paper,804412,0386ae84e3a73647f8e984da5d1b2f54a010426fc83b00a5276a278f4190137a,2026-09-02,downloaded; indexed size and PDF signature match; pdfinfo OK; qpdf clean,Unofficial mirror copy; authenticity and redistribution rights unverified; local research/reference only; do not upload to GitHub or redistribute.
resources/private/past-papers/2022-2026/business-psychology/2022 Examination Session/November 2022 Examination Session/Individuals and societies/Business_management_paper_1__HL_markscheme.pdf,Business_management_paper_1__HL_markscheme.pdf,https://dl.ibdocs.re/documents/business-management-paper-1-hl-markscheme-9dd6ecbcea2e1ed5,https://dl.ibdocs.re/p/IB%20PAST%20PAPERS%20-%20YEAR/2022%20Examination%20Session/November%202022%20Examination%20Session/Individuals%20and%20societies/Business_management_paper_1__HL_markscheme.pdf,/IB PAST PAPERS - YEAR/2022 Examination Session/November 2022 Examination Session/Individuals and societies/Business_management_paper_1__HL_markscheme.pdf,2022,November 2022,Business Management,language=not labelled by archive; level=HL; zone=not labelled,markscheme,645410,c074a4c7e48e0fae37db192d31e3c6a62e1eac79200efbcf41b2c637ca9270e8,2026-09-02,downloaded; indexed size and PDF signature match; pdfinfo OK; qpdf clean,Unofficial mirror copy; authenticity and redistribution rights unverified; local research/reference only; do not upload to GitHub or redistribute.
resources/private/past-papers/2022-2026/business-psychology/2022 Examination Session/November 2022 Examination Session/Individuals and societies/Business_management_paper_1__HL_markscheme_Spanish.pdf,Business_management_paper_1__HL_markscheme_Spanish.pdf,https://dl.ibdocs.re/documents/business-management-paper-1-hl-markscheme-spanish-e5f9d0da21b79282,https://dl.ibdocs.re/p/IB%20PAST%20PAPERS%20-%20YEAR/2022%20Examination%20Session/November%202022%20Examination%20Session/Individuals%20and%20societies/Business_management_paper_1__HL_markscheme_Spanish.pdf,/IB PAST PAPERS - YEAR/2022 Examination Session/November 2022 Examination Session/Individuals and societies/Business_management_paper_1__HL_markscheme_Spanish.pdf,2022,November 2022,Business Management,language=Spanish; level=HL; zone=not labelled,markscheme,689675,a7602ba28c3add81a913b12981ab08050b5a2ffee1b44051b87d91a201d4ab6a,2026-09-02,downloaded; indexed size and PDF signature match; pdfinfo OK; qpdf clean,Unofficial mirror copy; authenticity and redistribution rights unverified; local research/reference only; do not upload to GitHub or redistribute.
resources/private/past-papers/2022-2026/business-psychology/2022 Examination Session/November 2022 Examination Session/Individuals and societies/Business_management_paper_1__SL.pdf,Business_management_paper_1__SL.pdf,https://dl.ibdocs.re/documents/business-management-paper-1-sl-49183e69bfaf1ccd,https://dl.ibdocs.re/p/IB%20PAST%20PAPERS%20-%20YEAR/2022%20Examination%20Session/November%202022%20Examination%20Session/Individuals%20and%20societies/Business_management_paper_1__SL.pdf,/IB PAST PAPERS - YEAR/2022 Examination Session/November 2022 Examination Session/Individuals and societies/Business_management_paper_1__SL.pdf,2022,November 2022,Business Management,language=not labelled by archive; level=SL; zone=not labelled,question paper,819494,2cb4ed73dcfffa34a1c202fecaeb11793e8bd97a5dc43fcd848c4eeb039beb0b,2026-09-02,downloaded; indexed size and PDF signature match; pdfinfo OK; qpdf clean,Unofficial mirror copy; authenticity and redistribution rights unverified; local research/reference only; do not upload to GitHub or redistribute.
resources/private/past-papers/2022-2026/business-psychology/2022 Examination Session/November 2022 Examination Session/Individuals and societies/Business_management_paper_1__SL_Spanish.pdf,Business_management_paper_1__SL_Spanish.pdf,https://dl.ibdocs.re/documents/business-management-paper-1-sl-spanish-2f04bd72a7adcafa,https://dl.ibdocs.re/p/IB%20PAST%20PAPERS%20-%20YEAR/2022%20Examination%20Session/November%202022%20Examination%20Session/Individuals%20and%20societies/Business_management_paper_1__SL_Spanish.pdf,/IB PAST PAPERS - YEAR/2022 Examination Session/November 2022 Examination Session/Individuals and societies/Business_management_paper_1__SL_Spanish.pdf,2022,November 2022,Business Management,language=Spanish; level=SL; zone=not labelled,question paper,821333,937312ef373845f02862a284647cf22cafb24eeb08f42804f20658ff6132f0ff,2026-09-02,downloaded; indexed size and PDF signature match; pdfinfo OK; qpdf clean,Unofficial mirror copy; authenticity and redistribution rights unverified; local research/reference only; do not upload to GitHub or redistribute.
resources/private/past-papers/2022-2026/business-psychology/2022 Examination Session/November 2022 Examination Session/Individuals and societies/Business_management_paper_1__SL_markscheme.pdf,Business_management_paper_1__SL_markscheme.pdf,https://dl.ibdocs.re/documents/business-management-paper-1-sl-markscheme-3253cbec52be5d40,https://dl.ibdocs.re/p/IB%20PAST%20PAPERS%20-%20YEAR/2022%20Examination%20Session/November%202022%20Examination%20Session/Individuals%20and%20societies/Business_management_paper_1__SL_markscheme.pdf,/IB PAST PAPERS - YEAR/2022 Examination Session/November 2022 Examination Session/Individuals and societies/Business_management_paper_1__SL_markscheme.pdf,2022,November 2022,Business Management,language=not labelled by archive; level=SL; zone=not labelled,markscheme,699546,8f7a009038d46803fdfa0905fac912b71a5562c4843a214773d091cb9c89c96c,2026-09-02,downloaded; indexed size and PDF signature match; pdfinfo OK; qpdf clean,Unofficial mirror copy; authenticity and redistribution rights unverified; local research/reference only; do not upload to GitHub or redistribute.
resources/private/past-papers/2022-2026/business-psychology/2022 Examination Session/November 2022 Examination Session/Individuals and societies/Business_management_paper_1__SL_markscheme_Spanish.pdf,Business_management_paper_1__SL_markscheme_Spanish.pdf,https://dl.ibdocs.re/documents/business-management-paper-1-sl-markscheme-spanish-ac4c728bff5339e7,https://dl.ibdocs.re/p/IB%20PAST%20PAPERS%20-%20YEAR/2022%20Examination%20Session/November%202022%20Examination%20Session/Individuals%20and%20societies/Business_management_paper_1__SL_markscheme_Spanish.pdf,/IB PAST PAPERS - YEAR/2022 Examination Session/November 2022 Examination Session/Individuals and societies/Business_management_paper_1__SL_markscheme_Spanish.pdf,2022,November 2022,Business Management,language=Spanish; level=SL; zone=not labelled,markscheme,673146,6965981293254d42555628c17f37ad3f10e2a9a98c7e6ec6f946769edc44f6e4,2026-09-02,downloaded; indexed size and PDF signature match; pdfinfo OK; qpdf clean,Unofficial mirror copy; authenticity and redistribution rights unverified; local research/reference only; do not upload to GitHub or redistribute.
resources/private/past-papers/2022-2026/business-psychology/2022 Examination Session/November 2022 Examination Session/Individuals and societies/Business_management_paper_1__case_study_HLSL.pdf,Business_management_paper_1__case_study_HLSL.pdf,https://dl.ibdocs.re/documents/business-management-paper-1-case-study-hlsl-d02169a2fbb95a36,https://dl.ibdocs.re/p/IB%20PAST%20PAPERS%20-%20YEAR/2022%20Examination%20Session/November%202022%20Examination%20Session/Individuals%20and%20societies/Business_management_paper_1__case_study_HLSL.pdf,/IB PAST PAPERS - YEAR/2022 Examination Session/November 2022 Examination Session/Individuals and societies/Business_management_paper_1__case_study_HLSL.pdf,2022,November 2022,Business Management,language=not labelled by archive; level=HL/SL; zone=not labelled,case study / pre-seen material,362411,23bce2e406226d294d362e43053f951dcae51c7b27e696ad6a6c8eec0ff712de,2026-09-02,downloaded; indexed size and PDF signature match; pdfinfo OK; qpdf clean,Unofficial mirror copy; authenticity and redistribution rights unverified; local research/reference only; do not upload to GitHub or redistribute.
resources/private/past-papers/2022-2026/business-psychology/2022 Examination Session/November 2022 Examination Session/Individuals and societies/Business_management_paper_1__case_study_HLSL_Spanish.pdf,Business_management_paper_1__case_study_HLSL_Spanish.pdf,https://dl.ibdocs.re/documents/business-management-paper-1-case-study-hlsl-spanish-4d5794f5fa0b57bd,https://dl.ibdocs.re/p/IB%20PAST%20PAPERS%20-%20YEAR/2022%20Examination%20Session/November%202022%20Examination%20Session/Individuals%20and%20societies/Business_management_paper_1__case_study_HLSL_Spanish.pdf,/IB PAST PAPERS - YEAR/2022 Examination Session/November 2022 Examination Session/Individuals and societies/Business_management_paper_1__case_study_HLSL_Spanish.pdf,2022,November 2022,Business Management,language=Spanish; level=HL/SL; zone=not labelled,case study / pre-seen material,377137,fec1673269282e5042ac05e1c6a313396f6437278c6b98a3cf85a7cc8d4f21a0,2026-09-02,downloaded; indexed size and PDF signature match; pdfinfo OK; qpdf clean,Unofficial mirror copy; authenticity and redistribution rights unverified; local research/reference only; do not upload to GitHub or redistribute.
resources/private/past-papers/2022-2026/business-psychology/2022 Examination Session/November 2022 Examination Session/Individuals and societies/Business_management_paper_2__HL.pdf,Business_management_paper_2__HL.pdf,https://dl.ibdocs.re/documents/business-management-paper-2-hl-77892896953a29e7,https://dl.ibdocs.re/p/IB%20PAST%20PAPERS%20-%20YEAR/2022%20Examination%20Session/November%202022%20Examination%20Session/Individuals%20and%20societies/Business_management_paper_2__HL.pdf,/IB PAST PAPERS - YEAR/2022 Examination Session/November 2022 Examination Session/Individuals and societies/Business_management_paper_2__HL.pdf,2022,November 2022,Business Management,language=not labelled by archive; level=HL; zone=not labelled,question paper,1754623,3bd46e65418639f07e3d0e5e548392193dbe0a09f8dd0c1dcfeb08085e6d50a1,2026-09-02,downloaded; indexed size and PDF signature match; pdfinfo OK; qpdf succeeded with source-file warnings,Unofficial mirror copy; authenticity and redistribution rights unverified; local research/reference only; do not upload to GitHub or redistribute.
resources/private/past-papers/2022-2026/business-psychology/2022 Examination Session/November 2022 Examination Session/Individuals and societies/Business_management_paper_2__HL_Spanish.pdf,Business_management_paper_2__HL_Spanish.pdf,https://dl.ibdocs.re/documents/business-management-paper-2-hl-spanish-4d99e83ada928b5c,https://dl.ibdocs.re/p/IB%20PAST%20PAPERS%20-%20YEAR/2022%20Examination%20Session/November%202022%20Examination%20Session/Individuals%20and%20societies/Business_management_paper_2__HL_Spanish.pdf,/IB PAST PAPERS - YEAR/2022 Examination Session/November 2022 Examination Session/Individuals and societies/Business_management_paper_2__HL_Spanish.pdf,2022,November 2022,Business Management,language=Spanish; level=HL; zone=not labelled,question paper,1771331,d9fd9aee8ddae71256613b59b82e718969bd1ccbe1ac40c6edbd7b6f49b2406b,2026-09-02,downloaded; indexed size and PDF signature match; pdfinfo OK; qpdf succeeded with source-file warnings,Unofficial mirror copy; authenticity and redistribution rights unverified; local research/reference only; do not upload to GitHub or redistribute.
resources/private/past-papers/2022-2026/business-psychology/2022 Examination Session/November 2022 Examination Session/Individuals and societies/Business_management_paper_2__HL_markscheme.pdf,Business_management_paper_2__HL_markscheme.pdf,https://dl.ibdocs.re/documents/business-management-paper-2-hl-markscheme-2da78f03445e9aba,https://dl.ibdocs.re/p/IB%20PAST%20PAPERS%20-%20YEAR/2022%20Examination%20Session/November%202022%20Examination%20Session/Individuals%20and%20societies/Business_management_paper_2__HL_markscheme.pdf,/IB PAST PAPERS - YEAR/2022 Examination Session/November 2022 Examination Session/Individuals and societies/Business_management_paper_2__HL_markscheme.pdf,2022,November 2022,Business Management,language=not labelled by archive; level=HL; zone=not labelled,markscheme,1141158,2da884da90237366d1342cbe022e621d17495f3aa8d050e9b4f92f47b90b3488,2026-09-02,downloaded; indexed size and PDF signature match; pdfinfo OK; qpdf clean,Unofficial mirror copy; authenticity and redistribution rights unverified; local research/reference only; do not upload to GitHub or redistribute.
resources/private/past-papers/2022-2026/business-psychology/2022 Examination Session/November 2022 Examination Session/Individuals and societies/Business_management_paper_2__HL_markscheme_Spanish.pdf,Business_management_paper_2__HL_markscheme_Spanish.pdf,https://dl.ibdocs.re/documents/business-management-paper-2-hl-markscheme-spanish-d3a3f8ea38c33ef1,https://dl.ibdocs.re/p/IB%20PAST%20PAPERS%20-%20YEAR/2022%20Examination%20Session/November%202022%20Examination%20Session/Individuals%20and%20societies/Business_management_paper_2__HL_markscheme_Spanish.pdf,/IB PAST PAPERS - YEAR/2022 Examination Session/November 2022 Examination Session/Individuals and societies/Business_management_paper_2__HL_markscheme_Spanish.pdf,2022,November 2022,Business Management,language=Spanish; level=HL; zone=not labelled,markscheme,1555138,c211b738d397fd5b94df0ca940524bce1eb952d9c9800000487322e5c159b3cc,2026-09-02,downloaded; indexed size and PDF signature match; pdfinfo OK; qpdf clean,Unofficial mirror copy; authenticity and redistribution rights unverified; local research/reference only; do not upload to GitHub or redistribute.
resources/private/past-papers/2022-2026/business-psychology/2022 Examination Session/November 2022 Examination Session/Individuals and societies/Business_management_paper_2__SL.pdf,Business_management_paper_2__SL.pdf,https://dl.ibdocs.re/documents/business-management-paper-2-sl-e5e686ceaabe4b40,https://dl.ibdocs.re/p/IB%20PAST%20PAPERS%20-%20YEAR/2022%20Examination%20Session/November%202022%20Examination%20Session/Individuals%20and%20societies/Business_management_paper_2__SL.pdf,/IB PAST PAPERS - YEAR/2022 Examination Session/November 2022 Examination Session/Individuals and societies/Business_management_paper_2__SL.pdf,2022,November 2022,Business Management,language=not labelled by archive; level=SL; zone=not labelled,question paper,1114043,bc684cbe5a0eaef3f435a8c5c44f52ff7dc56294565e98d6780274e0bbb3e540,2026-09-02,downloaded; indexed size and PDF signature match; pdfinfo OK; qpdf clean,Unofficial mirror copy; authenticity and redistribution rights unverified; local research/reference only; do not upload to GitHub or redistribute.
resources/private/past-papers/2022-2026/business-psychology/2022 Examination Session/November 2022 Examination Session/Individuals and societies/Business_management_paper_2__SL_Spanish.pdf,Business_management_paper_2__SL_Spanish.pdf,https://dl.ibdocs.re/documents/business-management-paper-2-sl-spanish-02fd7c64841ce7e7,https://dl.ibdocs.re/p/IB%20PAST%20PAPERS%20-%20YEAR/2022%20Examination%20Session/November%202022%20Examination%20Session/Individuals%20and%20societies/Business_management_paper_2__SL_Spanish.pdf,/IB PAST PAPERS - YEAR/2022 Examination Session/November 2022 Examination Session/Individuals and societies/Business_management_paper_2__SL_Spanish.pdf,2022,November 2022,Business Management,language=Spanish; level=SL; zone=not labelled,question paper,1129932,15786ee0af3096fb68d63bbaa8aa81db6b3c4aa5d14de284a9c6e5ed02ed08a9,2026-09-02,downloaded; indexed size and PDF signature match; pdfinfo OK; qpdf clean,Unofficial mirror copy; authenticity and redistribution rights unverified; local research/reference only; do not upload to GitHub or redistribute.
resources/private/past-papers/2022-2026/business-psychology/2022 Examination Session/November 2022 Examination Session/Individuals and societies/Business_management_paper_2__SL_markscheme.pdf,Business_management_paper_2__SL_markscheme.pdf,https://dl.ibdocs.re/documents/business-management-paper-2-sl-markscheme-1f2e0748fb988e0b,https://dl.ibdocs.re/p/IB%20PAST%20PAPERS%20-%20YEAR/2022%20Examination%20Session/November%202022%20Examination%20Session/Individuals%20and%20societies/Business_management_paper_2__SL_markscheme.pdf,/IB PAST PAPERS - YEAR/2022 Examination Session/November 2022 Examination Session/Individuals and societies/Business_management_paper_2__SL_markscheme.pdf,2022,November 2022,Business Management,language=not labelled by archive; level=SL; zone=not labelled,markscheme,985294,5587fae7e0f69ba5ee9baa89fadfabf2fcdde399f880da97d60a71372aab941b,2026-09-02,downloaded; indexed size and PDF signature match; pdfinfo OK; qpdf clean,Unofficial mirror copy; authenticity and redistribution rights unverified; local research/reference only; do not upload to GitHub or redistribute.
resources/private/past-papers/2022-2026/business-psychology/2022 Examination Session/November 2022 Examination Session/Individuals and societies/Business_management_paper_2__SL_markscheme_Spanish.pdf,Business_management_paper_2__SL_markscheme_Spanish.pdf,https://dl.ibdocs.re/documents/business-management-paper-2-sl-markscheme-spanish-c880dc010966fb10,https://dl.ibdocs.re/p/IB%20PAST%20PAPERS%20-%20YEAR/2022%20Examination%20Session/November%202022%20Examination%20Session/Individuals%20and%20societies/Business_management_paper_2__SL_markscheme_Spanish.pdf,/IB PAST PAPERS - YEAR/2022 Examination Session/November 2022 Examination Session/Individuals and societies/Business_management_paper_2__SL_markscheme_Spanish.pdf,2022,November 2022,Business Management,language=Spanish; level=SL; zone=not labelled,markscheme,1222161,7a0e6c3277976e1a22bf75464f4577a9ebd1e23aafe758335182138fc31d2107,2026-09-02,downloaded; indexed size and PDF signature match; pdfinfo OK; qpdf clean,Unofficial mirror copy; authenticity and redistribution rights unverified; local research/reference only; do not upload to GitHub or redistribute.
resources/private/past-papers/2022-2026/business-psychology/2023 Examination Session/May 2023 Examination Session/Individuals and societies/Business_management_paper_1__HL_French.pdf,Business_management_paper_1__HL_French.pdf,https://dl.ibdocs.re/documents/business-management-paper-1-hl-french-296d2175128443f4,https://dl.ibdocs.re/p/IB%20PAST%20PAPERS%20-%20YEAR/2023%20Examination%20Session/May%202023%20Examination%20Session/Individuals%20and%20societies/Business_management_paper_1__HL_French.pdf,/IB PAST PAPERS - YEAR/2023 Examination Session/May 2023 Examination Session/Individuals and societies/Business_management_paper_1__HL_French.pdf,2023,May 2023,Business Management,language=French; level=HL; zone=not labelled,question paper,360847,05d6a87ea41e76f5c5d539c6db7317d0089f564471c290ea567860613800bc7b,2026-09-02,downloaded; indexed size and PDF signature match; pdfinfo OK; qpdf clean,Unofficial mirror copy; authenticity and redistribution rights unverified; local research/reference only; do not upload to GitHub or redistribute.
resources/private/past-papers/2022-2026/business-psychology/2023 Examination Session/May 2023 Examination Session/Individuals and societies/Business_management_paper_1__HL_Spanish.pdf,Business_management_paper_1__HL_Spanish.pdf,https://dl.ibdocs.re/documents/business-management-paper-1-hl-spanish-8871f0ebde599024,https://dl.ibdocs.re/p/IB%20PAST%20PAPERS%20-%20YEAR/2023%20Examination%20Session/May%202023%20Examination%20Session/Individuals%20and%20societies/Business_management_paper_1__HL_Spanish.pdf,/IB PAST PAPERS - YEAR/2023 Examination Session/May 2023 Examination Session/Individuals and societies/Business_management_paper_1__HL_Spanish.pdf,2023,May 2023,Business Management,language=Spanish; level=HL; zone=not labelled,question paper,336965,7dfd011e2a4a94dd5f0ff98210e5b66e3f3caa110c53e94db81c4e624c1a70a4,2026-09-02,downloaded; indexed size and PDF signature match; pdfinfo OK; qpdf clean,Unofficial mirror copy; authenticity and redistribution rights unverified; local research/reference only; do not upload to GitHub or redistribute.
resources/private/past-papers/2022-2026/business-psychology/2023 Examination Session/May 2023 Examination Session/Individuals and societies/Business_management_paper_1__HL_markscheme_Spanish.pdf,Business_management_paper_1__HL_markscheme_Spanish.pdf,https://dl.ibdocs.re/documents/business-management-paper-1-hl-markscheme-spanish-9203ea709ec0af59,https://dl.ibdocs.re/p/IB%20PAST%20PAPERS%20-%20YEAR/2023%20Examination%20Session/May%202023%20Examination%20Session/Individuals%20and%20societies/Business_management_paper_1__HL_markscheme_Spanish.pdf,/IB PAST PAPERS - YEAR/2023 Examination Session/May 2023 Examination Session/Individuals and societies/Business_management_paper_1__HL_markscheme_Spanish.pdf,2023,May 2023,Business Management,language=Spanish; level=HL; zone=not labelled,markscheme,1062907,430ad7fec4964dc1f560a0cb919509d8c1199f6f3ee26d9324dddbb3dc63682d,2026-09-02,downloaded; indexed size and PDF signature match; pdfinfo OK; qpdf clean,Unofficial mirror copy; authenticity and redistribution rights unverified; local research/reference only; do not upload to GitHub or redistribute.
resources/private/past-papers/2022-2026/business-psychology/2023 Examination Session/May 2023 Examination Session/Individuals and societies/Business_management_paper_1__SL_French.pdf,Business_management_paper_1__SL_French.pdf,https://dl.ibdocs.re/documents/business-management-paper-1-sl-french-4363fa25b05abb71,https://dl.ibdocs.re/p/IB%20PAST%20PAPERS%20-%20YEAR/2023%20Examination%20Session/May%202023%20Examination%20Session/Individuals%20and%20societies/Business_management_paper_1__SL_French.pdf,/IB PAST PAPERS - YEAR/2023 Examination Session/May 2023 Examination Session/Individuals and societies/Business_management_paper_1__SL_French.pdf,2023,May 2023,Business Management,language=French; level=SL; zone=not labelled,question paper,345693,631fc77980ff8c9062726376321eef00dbde9a929081b961f2677bce05a06b2f,2026-09-02,downloaded; indexed size and PDF signature match; pdfinfo OK; qpdf clean,Unofficial mirror copy; authenticity and redistribution rights unverified; local research/reference only; do not upload to GitHub or redistribute.
resources/private/past-papers/2022-2026/business-psychology/2023 Examination Session/May 2023 Examination Session/Individuals and societies/Business_management_paper_1__SL_Spanish.pdf,Business_management_paper_1__SL_Spanish.pdf,https://dl.ibdocs.re/documents/business-management-paper-1-sl-spanish-31c7260f8b003c1f,https://dl.ibdocs.re/p/IB%20PAST%20PAPERS%20-%20YEAR/2023%20Examination%20Session/May%202023%20Examination%20Session/Individuals%20and%20societies/Business_management_paper_1__SL_Spanish.pdf,/IB PAST PAPERS - YEAR/2023 Examination Session/May 2023 Examination Session/Individuals and societies/Business_management_paper_1__SL_Spanish.pdf,2023,May 2023,Business Management,language=Spanish; level=SL; zone=not labelled,question paper,341388,a974e5831d8148d06fa642d3768460271dfb82346bceacf98346cd7785af4783,2026-09-02,downloaded; indexed size and PDF signature match; pdfinfo OK; qpdf clean,Unofficial mirror copy; authenticity and redistribution rights unverified; local research/reference only; do not upload to GitHub or redistribute.
resources/private/past-papers/2022-2026/business-psychology/2023 Examination Session/May 2023 Examination Session/Individuals and societies/Business_management_paper_1__SL_markscheme_Spanish.pdf,Business_management_paper_1__SL_markscheme_Spanish.pdf,https://dl.ibdocs.re/documents/business-management-paper-1-sl-markscheme-spanish-a25d1c4c34a9aa08,https://dl.ibdocs.re/p/IB%20PAST%20PAPERS%20-%20YEAR/2023%20Examination%20Session/May%202023%20Examination%20Session/Individuals%20and%20societies/Business_management_paper_1__SL_markscheme_Spanish.pdf,/IB PAST PAPERS - YEAR/2023 Examination Session/May 2023 Examination Session/Individuals and societies/Business_management_paper_1__SL_markscheme_Spanish.pdf,2023,May 2023,Business Management,language=Spanish; level=SL; zone=not labelled,markscheme,807860,a5f9cb2aa6f7646a834d9e83b2587358d8ce6fabda35e58898bdb7b65d25908a,2026-09-02,downloaded; indexed size and PDF signature match; pdfinfo OK; qpdf clean,Unofficial mirror copy; authenticity and redistribution rights unverified; local research/reference only; do not upload to GitHub or redistribute.
resources/private/past-papers/2022-2026/business-psychology/2023 Examination Session/May 2023 Examination Session/Individuals and societies/Business_management_paper_1__TZ1_HL.pdf,Business_management_paper_1__TZ1_HL.pdf,https://dl.ibdocs.re/documents/business-management-paper-1-tz1-hl-4a5843501aecb48d,https://dl.ibdocs.re/p/IB%20PAST%20PAPERS%20-%20YEAR/2023%20Examination%20Session/May%202023%20Examination%20Session/Individuals%20and%20societies/Business_management_paper_1__TZ1_HL.pdf,/IB PAST PAPERS - YEAR/2023 Examination Session/May 2023 Examination Session/Individuals and societies/Business_management_paper_1__TZ1_HL.pdf,2023,May 2023,Business Management,language=not labelled by archive; level=HL; zone=TZ1,question paper,353175,7e4136203de1c2c49e9abbc57d8bb0953b4b1fc8e308974949050d9b682bf77b,2026-09-02,downloaded; indexed size and PDF signature match; pdfinfo OK; qpdf clean,Unofficial mirror copy; authenticity and redistribution rights unverified; local research/reference only; do not upload to GitHub or redistribute.
resources/private/past-papers/2022-2026/business-psychology/2023 Examination Session/May 2023 Examination Session/Individuals and societies/Business_management_paper_1__TZ1_HL_markscheme.pdf,Business_management_paper_1__TZ1_HL_markscheme.pdf,https://dl.ibdocs.re/documents/business-management-paper-1-tz1-hl-markscheme-767fddd7dacb3b00,https://dl.ibdocs.re/p/IB%20PAST%20PAPERS%20-%20YEAR/2023%20Examination%20Session/May%202023%20Examination%20Session/Individuals%20and%20societies/Business_management_paper_1__TZ1_HL_markscheme.pdf,/IB PAST PAPERS - YEAR/2023 Examination Session/May 2023 Examination Session/Individuals and societies/Business_management_paper_1__TZ1_HL_markscheme.pdf,2023,May 2023,Business Management,language=not labelled by archive; level=HL; zone=TZ1,markscheme,858242,c66984091a7947e6594f6adb9b877678858504988069180f1e9064db10e8468a,2026-09-02,downloaded; indexed size and PDF signature match; pdfinfo OK; qpdf clean,Unofficial mirror copy; authenticity and redistribution rights unverified; local research/reference only; do not upload to GitHub or redistribute.
resources/private/past-papers/2022-2026/business-psychology/2023 Examination Session/May 2023 Examination Session/Individuals and societies/Business_management_paper_1__TZ1_SL.pdf,Business_management_paper_1__TZ1_SL.pdf,https://dl.ibdocs.re/documents/business-management-paper-1-tz1-sl-1ecb4952829d1dd2,https://dl.ibdocs.re/p/IB%20PAST%20PAPERS%20-%20YEAR/2023%20Examination%20Session/May%202023%20Examination%20Session/Individuals%20and%20societies/Business_management_paper_1__TZ1_SL.pdf,/IB PAST PAPERS - YEAR/2023 Examination Session/May 2023 Examination Session/Individuals and societies/Business_management_paper_1__TZ1_SL.pdf,2023,May 2023,Business Management,language=not labelled by archive; level=SL; zone=TZ1,question paper,341432,23cbb20d97186c54aeabbaca4af0269f09e7b7673e48224085ab303f6eb125b9,2026-09-02,downloaded; indexed size and PDF signature match; pdfinfo OK; qpdf clean,Unofficial mirror copy; authenticity and redistribution rights unverified; local research/reference only; do not upload to GitHub or redistribute.
resources/private/past-papers/2022-2026/business-psychology/2023 Examination Session/May 2023 Examination Session/Individuals and societies/Business_management_paper_1__TZ1_SL_markscheme.pdf,Business_management_paper_1__TZ1_SL_markscheme.pdf,https://dl.ibdocs.re/documents/business-management-paper-1-tz1-sl-markscheme-e6d219a386519195,https://dl.ibdocs.re/p/IB%20PAST%20PAPERS%20-%20YEAR/2023%20Examination%20Session/May%202023%20Examination%20Session/Individuals%20and%20societies/Business_management_paper_1__TZ1_SL_markscheme.pdf,/IB PAST PAPERS - YEAR/2023 Examination Session/May 2023 Examination Session/Individuals and societies/Business_management_paper_1__TZ1_SL_markscheme.pdf,2023,May 2023,Business Management,language=not labelled by archive; level=SL; zone=TZ1,markscheme,673979,1a07f3130d1780a33a88b3b3087de18a42b91df73f37fff0f56cbae2824551f4,2026-09-02,downloaded; indexed size and PDF signature match; pdfinfo OK; qpdf clean,Unofficial mirror copy; authenticity and redistribution rights unverified; local research/reference only; do not upload to GitHub or redistribute.
resources/private/past-papers/2022-2026/business-psychology/2023 Examination Session/May 2023 Examination Session/Individuals and societies/Business_management_paper_1__TZ2_HL.pdf,Business_management_paper_1__TZ2_HL.pdf,https://dl.ibdocs.re/documents/business-management-paper-1-tz2-hl-4630cc8483c456ae,https://dl.ibdocs.re/p/IB%20PAST%20PAPERS%20-%20YEAR/2023%20Examination%20Session/May%202023%20Examination%20Session/Individuals%20and%20societies/Business_management_paper_1__TZ2_HL.pdf,/IB PAST PAPERS - YEAR/2023 Examination Session/May 2023 Examination Session/Individuals and societies/Business_management_paper_1__TZ2_HL.pdf,2023,May 2023,Business Management,language=not labelled by archive; level=HL; zone=TZ2,question paper,352908,c50fe08c7ae921db62633c9b7067e76e8b75a6830a336790f40590579eadef52,2026-09-02,downloaded; indexed size and PDF signature match; pdfinfo OK; qpdf clean,Unofficial mirror copy; authenticity and redistribution rights unverified; local research/reference only; do not upload to GitHub or redistribute.
resources/private/past-papers/2022-2026/business-psychology/2023 Examination Session/May 2023 Examination Session/Individuals and societies/Business_management_paper_1__TZ2_HL_markscheme.pdf,Business_management_paper_1__TZ2_HL_markscheme.pdf,https://dl.ibdocs.re/documents/business-management-paper-1-tz2-hl-markscheme-3d5f7b4e5cdedf91,https://dl.ibdocs.re/p/IB%20PAST%20PAPERS%20-%20YEAR/2023%20Examination%20Session/May%202023%20Examination%20Session/Individuals%20and%20societies/Business_management_paper_1__TZ2_HL_markscheme.pdf,/IB PAST PAPERS - YEAR/2023 Examination Session/May 2023 Examination Session/Individuals and societies/Business_management_paper_1__TZ2_HL_markscheme.pdf,2023,May 2023,Business Management,language=not labelled by archive; level=HL; zone=TZ2,markscheme,1013371,996179ca137331db0fc7bfe50f19a865ab288bdcc93fce29972e0133ba939088,2026-09-02,downloaded; indexed size and PDF signature match; pdfinfo OK; qpdf clean,Unofficial mirror copy; authenticity and redistribution rights unverified; local research/reference only; do not upload to GitHub or redistribute.
resources/private/past-papers/2022-2026/business-psychology/2023 Examination Session/May 2023 Examination Session/Individuals and societies/Business_management_paper_1__TZ2_SL.pdf,Business_management_paper_1__TZ2_SL.pdf,https://dl.ibdocs.re/documents/business-management-paper-1-tz2-sl-0a92e8cc7b724d89,https://dl.ibdocs.re/p/IB%20PAST%20PAPERS%20-%20YEAR/2023%20Examination%20Session/May%202023%20Examination%20Session/Individuals%20and%20societies/Business_management_paper_1__TZ2_SL.pdf,/IB PAST PAPERS - YEAR/2023 Examination Session/May 2023 Examination Session/Individuals and societies/Business_management_paper_1__TZ2_SL.pdf,2023,May 2023,Business Management,language=not labelled by archive; level=SL; zone=TZ2,question paper,342068,d4ab972045f4e7889ff8f5d37990db3cf37c75dcf42ff054317e726a3eb568cf,2026-09-02,downloaded; indexed size and PDF signature match; pdfinfo OK; qpdf clean,Unofficial mirror copy; authenticity and redistribution rights unverified; local research/reference only; do not upload to GitHub or redistribute.
resources/private/past-papers/2022-2026/business-psychology/2023 Examination Session/May 2023 Examination Session/Individuals and societies/Business_management_paper_1__TZ2_SL_markscheme.pdf,Business_management_paper_1__TZ2_SL_markscheme.pdf,https://dl.ibdocs.re/documents/business-management-paper-1-tz2-sl-markscheme-3f59a7643a6f979c,https://dl.ibdocs.re/p/IB%20PAST%20PAPERS%20-%20YEAR/2023%20Examination%20Session/May%202023%20Examination%20Session/Individuals%20and%20societies/Business_management_paper_1__TZ2_SL_markscheme.pdf,/IB PAST PAPERS - YEAR/2023 Examination Session/May 2023 Examination Session/Individuals and societies/Business_management_paper_1__TZ2_SL_markscheme.pdf,2023,May 2023,Business Management,language=not labelled by archive; level=SL; zone=TZ2,markscheme,746123,609c9f853f0a7afd96d14a8ed33d518341bb24eb8ff4075189140aa8e5b7d004,2026-09-02,downloaded; indexed size and PDF signature match; pdfinfo OK; qpdf clean,Unofficial mirror copy; authenticity and redistribution rights unverified; local research/reference only; do not upload to GitHub or redistribute.
resources/private/past-papers/2022-2026/business-psychology/2023 Examination Session/May 2023 Examination Session/Individuals and societies/Business_management_paper_1__case_study_HLSL.pdf,Business_management_paper_1__case_study_HLSL.pdf,https://dl.ibdocs.re/documents/business-management-paper-1-case-study-hlsl-e12c9b377744e245,https://dl.ibdocs.re/p/IB%20PAST%20PAPERS%20-%20YEAR/2023%20Examination%20Session/May%202023%20Examination%20Session/Individuals%20and%20societies/Business_management_paper_1__case_study_HLSL.pdf,/IB PAST PAPERS - YEAR/2023 Examination Session/May 2023 Examination Session/Individuals and societies/Business_management_paper_1__case_study_HLSL.pdf,2023,May 2023,Business Management,language=not labelled by archive; level=HL/SL; zone=not labelled,case study / pre-seen material,357005,871d39bd7d7187799fcc948651c036d2bf4f0e354ffeddc7b4ee2f58d2c6919a,2026-09-02,downloaded; indexed size and PDF signature match; pdfinfo OK; qpdf clean,Unofficial mirror copy; authenticity and redistribution rights unverified; local research/reference only; do not upload to GitHub or redistribute.
resources/private/past-papers/2022-2026/business-psychology/2023 Examination Session/May 2023 Examination Session/Individuals and societies/Business_management_paper_1__case_study_HLSL_French.pdf,Business_management_paper_1__case_study_HLSL_French.pdf,https://dl.ibdocs.re/documents/business-management-paper-1-case-study-hlsl-french-ef3d11bd8ec7996a,https://dl.ibdocs.re/p/IB%20PAST%20PAPERS%20-%20YEAR/2023%20Examination%20Session/May%202023%20Examination%20Session/Individuals%20and%20societies/Business_management_paper_1__case_study_HLSL_French.pdf,/IB PAST PAPERS - YEAR/2023 Examination Session/May 2023 Examination Session/Individuals and societies/Business_management_paper_1__case_study_HLSL_French.pdf,2023,May 2023,Business Management,language=French; level=HL/SL; zone=not labelled,case study / pre-seen material,360982,554baeec7248d90241b9200a7d970155beeffd0252dea56e712c0b5cc486bfeb,2026-09-02,downloaded; indexed size and PDF signature match; pdfinfo OK; qpdf clean,Unofficial mirror copy; authenticity and redistribution rights unverified; local research/reference only; do not upload to GitHub or redistribute.
resources/private/past-papers/2022-2026/business-psychology/2023 Examination Session/May 2023 Examination Session/Individuals and societies/Business_management_paper_1__case_study_HLSL_Spanish.pdf,Business_management_paper_1__case_study_HLSL_Spanish.pdf,https://dl.ibdocs.re/documents/business-management-paper-1-case-study-hlsl-spanish-051a92156a83e1f2,https://dl.ibdocs.re/p/IB%20PAST%20PAPERS%20-%20YEAR/2023%20Examination%20Session/May%202023%20Examination%20Session/Individuals%20and%20societies/Business_management_paper_1__case_study_HLSL_Spanish.pdf,/IB PAST PAPERS - YEAR/2023 Examination Session/May 2023 Examination Session/Individuals and societies/Business_management_paper_1__case_study_HLSL_Spanish.pdf,2023,May 2023,Business Management,language=Spanish; level=HL/SL; zone=not labelled,case study / pre-seen material,360149,6b3ae08e5ba1b238d18f2fd15e3f12a3567200eb92fcc549c2233b31cdcf4a4c,2026-09-02,downloaded; indexed size and PDF signature match; pdfinfo OK; qpdf clean,Unofficial mirror copy; authenticity and redistribution rights unverified; local research/reference only; do not upload to GitHub or redistribute.
resources/private/past-papers/2022-2026/business-psychology/2023 Examination Session/May 2023 Examination Session/Individuals and societies/Business_management_paper_2__HL_French.pdf,Business_management_paper_2__HL_French.pdf,https://dl.ibdocs.re/documents/business-management-paper-2-hl-french-07b89d9a16eb2b9b,https://dl.ibdocs.re/p/IB%20PAST%20PAPERS%20-%20YEAR/2023%20Examination%20Session/May%202023%20Examination%20Session/Individuals%20and%20societies/Business_management_paper_2__HL_French.pdf,/IB PAST PAPERS - YEAR/2023 Examination Session/May 2023 Examination Session/Individuals and societies/Business_management_paper_2__HL_French.pdf,2023,May 2023,Business Management,language=French; level=HL; zone=not labelled,question paper,375193,ce6fce8adbeecb3035ee01806d3c5b3b1614ed60b2be1a7f8341f32ea9a0965b,2026-09-02,downloaded; indexed size and PDF signature match; pdfinfo OK; qpdf clean,Unofficial mirror copy; authenticity and redistribution rights unverified; local research/reference only; do not upload to GitHub or redistribute.
resources/private/past-papers/2022-2026/business-psychology/2023 Examination Session/May 2023 Examination Session/Individuals and societies/Business_management_paper_2__HL_Spanish.pdf,Business_management_paper_2__HL_Spanish.pdf,https://dl.ibdocs.re/documents/business-management-paper-2-hl-spanish-544b1277f92e5851,https://dl.ibdocs.re/p/IB%20PAST%20PAPERS%20-%20YEAR/2023%20Examination%20Session/May%202023%20Examination%20Session/Individuals%20and%20societies/Business_management_paper_2__HL_Spanish.pdf,/IB PAST PAPERS - YEAR/2023 Examination Session/May 2023 Examination Session/Individuals and societies/Business_management_paper_2__HL_Spanish.pdf,2023,May 2023,Business Management,language=Spanish; level=HL; zone=not labelled,question paper,375644,3f1592e2441d987709410584e7b2bcf3409c0ede2c8bfc95b3d4e1950a2901f1,2026-09-02,downloaded; indexed size and PDF signature match; pdfinfo OK; qpdf clean,Unofficial mirror copy; authenticity and redistribution rights unverified; local research/reference only; do not upload to GitHub or redistribute.
resources/private/past-papers/2022-2026/business-psychology/2023 Examination Session/May 2023 Examination Session/Individuals and societies/Business_management_paper_2__HL_markscheme_Spanish.pdf,Business_management_paper_2__HL_markscheme_Spanish.pdf,https://dl.ibdocs.re/documents/business-management-paper-2-hl-markscheme-spanish-2bccca97e2d55c8a,https://dl.ibdocs.re/p/IB%20PAST%20PAPERS%20-%20YEAR/2023%20Examination%20Session/May%202023%20Examination%20Session/Individuals%20and%20societies/Business_management_paper_2__HL_markscheme_Spanish.pdf,/IB PAST PAPERS - YEAR/2023 Examination Session/May 2023 Examination Session/Individuals and societies/Business_management_paper_2__HL_markscheme_Spanish.pdf,2023,May 2023,Business Management,language=Spanish; level=HL; zone=not labelled,markscheme,2003611,fb3adb8c54fd922aaf5bd1c3cf532bf1978e77a9256b0216a6f7f027f02c434d,2026-09-02,downloaded; indexed size and PDF signature match; pdfinfo OK; qpdf clean,Unofficial mirror copy; authenticity and redistribution rights unverified; local research/reference only; do not upload to GitHub or redistribute.
resources/private/past-papers/2022-2026/business-psychology/2023 Examination Session/May 2023 Examination Session/Individuals and societies/Business_management_paper_2__SL_French.pdf,Business_management_paper_2__SL_French.pdf,https://dl.ibdocs.re/documents/business-management-paper-2-sl-french-779b4b40dabaebaa,https://dl.ibdocs.re/p/IB%20PAST%20PAPERS%20-%20YEAR/2023%20Examination%20Session/May%202023%20Examination%20Session/Individuals%20and%20societies/Business_management_paper_2__SL_French.pdf,/IB PAST PAPERS - YEAR/2023 Examination Session/May 2023 Examination Session/Individuals and societies/Business_management_paper_2__SL_French.pdf,2023,May 2023,Business Management,language=French; level=SL; zone=not labelled,question paper,1347909,4d897b7c1ec5cf4ca3187ce58efb2623bfd7f3c4ec7e8de64b960b45f3e3652a,2026-09-02,downloaded; indexed size and PDF signature match; pdfinfo OK; qpdf clean,Unofficial mirror copy; authenticity and redistribution rights unverified; local research/reference only; do not upload to GitHub or redistribute.
resources/private/past-papers/2022-2026/business-psychology/2023 Examination Session/May 2023 Examination Session/Individuals and societies/Business_management_paper_2__SL_Spanish.pdf,Business_management_paper_2__SL_Spanish.pdf,https://dl.ibdocs.re/documents/business-management-paper-2-sl-spanish-bc57f4e7b55e9b32,https://dl.ibdocs.re/p/IB%20PAST%20PAPERS%20-%20YEAR/2023%20Examination%20Session/May%202023%20Examination%20Session/Individuals%20and%20societies/Business_management_paper_2__SL_Spanish.pdf,/IB PAST PAPERS - YEAR/2023 Examination Session/May 2023 Examination Session/Individuals and societies/Business_management_paper_2__SL_Spanish.pdf,2023,May 2023,Business Management,language=Spanish; level=SL; zone=not labelled,question paper,1327207,bcbb706a736d8180a6b454dcda659b7ffc4fdaaaadc11045221a288212edb43b,2026-09-02,downloaded; indexed size and PDF signature match; pdfinfo OK; qpdf clean,Unofficial mirror copy; authenticity and redistribution rights unverified; local research/reference only; do not upload to GitHub or redistribute.
resources/private/past-papers/2022-2026/business-psychology/2023 Examination Session/May 2023 Examination Session/Individuals and societies/Business_management_paper_2__SL_markscheme_Spanish.pdf,Business_management_paper_2__SL_markscheme_Spanish.pdf,https://dl.ibdocs.re/documents/business-management-paper-2-sl-markscheme-spanish-7297bc5563eb8cff,https://dl.ibdocs.re/p/IB%20PAST%20PAPERS%20-%20YEAR/2023%20Examination%20Session/May%202023%20Examination%20Session/Individuals%20and%20societies/Business_management_paper_2__SL_markscheme_Spanish.pdf,/IB PAST PAPERS - YEAR/2023 Examination Session/May 2023 Examination Session/Individuals and societies/Business_management_paper_2__SL_markscheme_Spanish.pdf,2023,May 2023,Business Management,language=Spanish; level=SL; zone=not labelled,markscheme,1662017,4dc95939b398e00adb6e567efd99f30004325b0555bb5986b738826dddfed063,2026-09-02,downloaded; indexed size and PDF signature match; pdfinfo OK; qpdf clean,Unofficial mirror copy; authenticity and redistribution rights unverified; local research/reference only; do not upload to GitHub or redistribute.
resources/private/past-papers/2022-2026/business-psychology/2023 Examination Session/May 2023 Examination Session/Individuals and societies/Business_management_paper_2__TZ1_HL.pdf,Business_management_paper_2__TZ1_HL.pdf,https://dl.ibdocs.re/documents/business-management-paper-2-tz1-hl-11dc864f88d16fdc,https://dl.ibdocs.re/p/IB%20PAST%20PAPERS%20-%20YEAR/2023%20Examination%20Session/May%202023%20Examination%20Session/Individuals%20and%20societies/Business_management_paper_2__TZ1_HL.pdf,/IB PAST PAPERS - YEAR/2023 Examination Session/May 2023 Examination Session/Individuals and societies/Business_management_paper_2__TZ1_HL.pdf,2023,May 2023,Business Management,language=not labelled by archive; level=HL; zone=TZ1,question paper,370776,d23b5291ef3482faed7c35d928346267b051cf51d5f58aca8407c278fcc509f8,2026-09-02,downloaded; indexed size and PDF signature match; pdfinfo OK; qpdf clean,Unofficial mirror copy; authenticity and redistribution rights unverified; local research/reference only; do not upload to GitHub or redistribute.
resources/private/past-papers/2022-2026/business-psychology/2023 Examination Session/May 2023 Examination Session/Individuals and societies/Business_management_paper_2__TZ1_HL_markscheme.pdf,Business_management_paper_2__TZ1_HL_markscheme.pdf,https://dl.ibdocs.re/documents/business-management-paper-2-tz1-hl-markscheme-6bf648e84abceaa7,https://dl.ibdocs.re/p/IB%20PAST%20PAPERS%20-%20YEAR/2023%20Examination%20Session/May%202023%20Examination%20Session/Individuals%20and%20societies/Business_management_paper_2__TZ1_HL_markscheme.pdf,/IB PAST PAPERS - YEAR/2023 Examination Session/May 2023 Examination Session/Individuals and societies/Business_management_paper_2__TZ1_HL_markscheme.pdf,2023,May 2023,Business Management,language=not labelled by archive; level=HL; zone=TZ1,markscheme,1850133,64274db72f6041c62f5ac5ed08afaa6064b53353382821856ee1e809d7281a9a,2026-09-02,downloaded; indexed size and PDF signature match; pdfinfo OK; qpdf clean,Unofficial mirror copy; authenticity and redistribution rights unverified; local research/reference only; do not upload to GitHub or redistribute.
resources/private/past-papers/2022-2026/business-psychology/2023 Examination Session/May 2023 Examination Session/Individuals and societies/Business_management_paper_2__TZ1_SL.pdf,Business_management_paper_2__TZ1_SL.pdf,https://dl.ibdocs.re/documents/business-management-paper-2-tz1-sl-3e1649257a6bf833,https://dl.ibdocs.re/p/IB%20PAST%20PAPERS%20-%20YEAR/2023%20Examination%20Session/May%202023%20Examination%20Session/Individuals%20and%20societies/Business_management_paper_2__TZ1_SL.pdf,/IB PAST PAPERS - YEAR/2023 Examination Session/May 2023 Examination Session/Individuals and societies/Business_management_paper_2__TZ1_SL.pdf,2023,May 2023,Business Management,language=not labelled by archive; level=SL; zone=TZ1,question paper,1026769,a602dafa52b6f35674c3f383d7cc120bb9f877366999603192c07d2dbaac80fa,2026-09-02,downloaded; indexed size and PDF signature match; pdfinfo OK; qpdf clean,Unofficial mirror copy; authenticity and redistribution rights unverified; local research/reference only; do not upload to GitHub or redistribute.
resources/private/past-papers/2022-2026/business-psychology/2023 Examination Session/May 2023 Examination Session/Individuals and societies/Business_management_paper_2__TZ1_SL_markscheme.pdf,Business_management_paper_2__TZ1_SL_markscheme.pdf,https://dl.ibdocs.re/documents/business-management-paper-2-tz1-sl-markscheme-70bf24e67b2ca816,https://dl.ibdocs.re/p/IB%20PAST%20PAPERS%20-%20YEAR/2023%20Examination%20Session/May%202023%20Examination%20Session/Individuals%20and%20societies/Business_management_paper_2__TZ1_SL_markscheme.pdf,/IB PAST PAPERS - YEAR/2023 Examination Session/May 2023 Examination Session/Individuals and societies/Business_management_paper_2__TZ1_SL_markscheme.pdf,2023,May 2023,Business Management,language=not labelled by archive; level=SL; zone=TZ1,markscheme,1629585,261bcad230c3679c6cb54ee488dc089e9745e7707c464451a65d75eb0ab95efa,2026-09-02,downloaded; indexed size and PDF signature match; pdfinfo OK; qpdf clean,Unofficial mirror copy; authenticity and redistribution rights unverified; local research/reference only; do not upload to GitHub or redistribute.
resources/private/past-papers/2022-2026/business-psychology/2023 Examination Session/May 2023 Examination Session/Individuals and societies/Business_management_paper_2__TZ2_HL.pdf,Business_management_paper_2__TZ2_HL.pdf,https://dl.ibdocs.re/documents/business-management-paper-2-tz2-hl-3ac6882e41245a0f,https://dl.ibdocs.re/p/IB%20PAST%20PAPERS%20-%20YEAR/2023%20Examination%20Session/May%202023%20Examination%20Session/Individuals%20and%20societies/Business_management_paper_2__TZ2_HL.pdf,/IB PAST PAPERS - YEAR/2023 Examination Session/May 2023 Examination Session/Individuals and societies/Business_management_paper_2__TZ2_HL.pdf,2023,May 2023,Business Management,language=not labelled by archive; level=HL; zone=TZ2,question paper,373378,d7eb98f0708ac4984306d2cd68ace89651096547627b5485a8160e7462250689,2026-09-02,downloaded; indexed size and PDF signature match; pdfinfo OK; qpdf clean,Unofficial mirror copy; authenticity and redistribution rights unverified; local research/reference only; do not upload to GitHub or redistribute.
resources/private/past-papers/2022-2026/business-psychology/2023 Examination Session/May 2023 Examination Session/Individuals and societies/Business_management_paper_2__TZ2_HL_markscheme.pdf,Business_management_paper_2__TZ2_HL_markscheme.pdf,https://dl.ibdocs.re/documents/business-management-paper-2-tz2-hl-markscheme-02c7955b35f63de2,https://dl.ibdocs.re/p/IB%20PAST%20PAPERS%20-%20YEAR/2023%20Examination%20Session/May%202023%20Examination%20Session/Individuals%20and%20societies/Business_management_paper_2__TZ2_HL_markscheme.pdf,/IB PAST PAPERS - YEAR/2023 Examination Session/May 2023 Examination Session/Individuals and societies/Business_management_paper_2__TZ2_HL_markscheme.pdf,2023,May 2023,Business Management,language=not labelled by archive; level=HL; zone=TZ2,markscheme,2202840,d940c5d14aa3772d060eac5c83cdfa07b568465981f9566fdede227c77ebf2cc,2026-09-02,downloaded; indexed size and PDF signature match; pdfinfo OK; qpdf clean,Unofficial mirror copy; authenticity and redistribution rights unverified; local research/reference only; do not upload to GitHub or redistribute.
resources/private/past-papers/2022-2026/business-psychology/2023 Examination Session/May 2023 Examination Session/Individuals and societies/Business_management_paper_2__TZ2_SL.pdf,Business_management_paper_2__TZ2_SL.pdf,https://dl.ibdocs.re/documents/business-management-paper-2-tz2-sl-de68a54d04fb3c18,https://dl.ibdocs.re/p/IB%20PAST%20PAPERS%20-%20YEAR/2023%20Examination%20Session/May%202023%20Examination%20Session/Individuals%20and%20societies/Business_management_paper_2__TZ2_SL.pdf,/IB PAST PAPERS - YEAR/2023 Examination Session/May 2023 Examination Session/Individuals and societies/Business_management_paper_2__TZ2_SL.pdf,2023,May 2023,Business Management,language=not labelled by archive; level=SL; zone=TZ2,question paper,1325520,f12a281107e30bef8af9ab938ddeaa28f4bb9e5c5e0c1c984352255c6f932580,2026-09-02,downloaded; indexed size and PDF signature match; pdfinfo OK; qpdf clean,Unofficial mirror copy; authenticity and redistribution rights unverified; local research/reference only; do not upload to GitHub or redistribute.
resources/private/past-papers/2022-2026/business-psychology/2023 Examination Session/May 2023 Examination Session/Individuals and societies/Business_management_paper_2__TZ2_SL_markscheme.pdf,Business_management_paper_2__TZ2_SL_markscheme.pdf,https://dl.ibdocs.re/documents/business-management-paper-2-tz2-sl-markscheme-40893dddd0d4b4a3,https://dl.ibdocs.re/p/IB%20PAST%20PAPERS%20-%20YEAR/2023%20Examination%20Session/May%202023%20Examination%20Session/Individuals%20and%20societies/Business_management_paper_2__TZ2_SL_markscheme.pdf,/IB PAST PAPERS - YEAR/2023 Examination Session/May 2023 Examination Session/Individuals and societies/Business_management_paper_2__TZ2_SL_markscheme.pdf,2023,May 2023,Business Management,language=not labelled by archive; level=SL; zone=TZ2,markscheme,624400,a399e1ceb45a390ab538f4188bb1c4f7533c49d804d465c674c584d8cb86ab58,2026-09-02,downloaded; indexed size and PDF signature match; pdfinfo OK; qpdf clean,Unofficial mirror copy; authenticity and redistribution rights unverified; local research/reference only; do not upload to GitHub or redistribute.
resources/private/past-papers/2022-2026/business-psychology/2023 Examination Session/More Papers M23/Business_management_paper_1__HL.pdf,Business_management_paper_1__HL.pdf,https://dl.ibdocs.re/documents/business-management-paper-1-hl-607b9f0c6a8cdb6c,https://dl.ibdocs.re/p/IB%20PAST%20PAPERS%20-%20YEAR/2023%20Examination%20Session/More%20Papers%20M23/Business_management_paper_1__HL.pdf,/IB PAST PAPERS - YEAR/2023 Examination Session/More Papers M23/Business_management_paper_1__HL.pdf,2023,May 2023,Business Management,language=not labelled by archive; level=HL; zone=not labelled,question paper,308561,16002574a7fa7436a85337a6fdbaef613866e7fb1c4b579edc1289bc19541b14,2026-09-02,downloaded; indexed size and PDF signature match; pdfinfo OK; qpdf clean,Unofficial mirror copy; authenticity and redistribution rights unverified; local research/reference only; do not upload to GitHub or redistribute.
resources/private/past-papers/2022-2026/business-psychology/2023 Examination Session/More Papers M23/Business_management_paper_1__SL.pdf,Business_management_paper_1__SL.pdf,https://dl.ibdocs.re/documents/business-management-paper-1-sl-9b95aa59545be163,https://dl.ibdocs.re/p/IB%20PAST%20PAPERS%20-%20YEAR/2023%20Examination%20Session/More%20Papers%20M23/Business_management_paper_1__SL.pdf,/IB PAST PAPERS - YEAR/2023 Examination Session/More Papers M23/Business_management_paper_1__SL.pdf,2023,May 2023,Business Management,language=not labelled by archive; level=SL; zone=not labelled,question paper,151283,a809f6e5c5db77ffe85d4969cd000da11db93c2574c266fb891e501ce915f057,2026-09-02,downloaded; indexed size and PDF signature match; pdfinfo OK; qpdf clean,Unofficial mirror copy; authenticity and redistribution rights unverified; local research/reference only; do not upload to GitHub or redistribute.
resources/private/past-papers/2022-2026/business-psychology/2023 Examination Session/More Papers M23/Business_management_paper_1_case_study.pdf,Business_management_paper_1_case_study.pdf,https://dl.ibdocs.re/documents/business-management-paper-1-case-study-32b55498118481cd,https://dl.ibdocs.re/p/IB%20PAST%20PAPERS%20-%20YEAR/2023%20Examination%20Session/More%20Papers%20M23/Business_management_paper_1_case_study.pdf,/IB PAST PAPERS - YEAR/2023 Examination Session/More Papers M23/Business_management_paper_1_case_study.pdf,2023,May 2023,Business Management,language=not labelled by archive; level=not labelled; zone=not labelled,case study / pre-seen material,258875,41e16513deccd276ac8f0336a73584d76deaef9b6cc37bc001f3c34a57ba76cf,2026-09-02,downloaded; indexed size and PDF signature match; pdfinfo OK; qpdf succeeded with source-file warnings,Unofficial mirror copy; authenticity and redistribution rights unverified; local research/reference only; do not upload to GitHub or redistribute.
resources/private/past-papers/2022-2026/business-psychology/2023 Examination Session/November 2023 Examination Session/Individuals and societies/Business_management_paper_1__HL_Spanish.pdf,Business_management_paper_1__HL_Spanish.pdf,https://dl.ibdocs.re/documents/business-management-paper-1-hl-spanish-358adb15f29ceaf1,https://dl.ibdocs.re/p/IB%20PAST%20PAPERS%20-%20YEAR/2023%20Examination%20Session/November%202023%20Examination%20Session/Individuals%20and%20societies/Business_management_paper_1__HL_Spanish.pdf,/IB PAST PAPERS - YEAR/2023 Examination Session/November 2023 Examination Session/Individuals and societies/Business_management_paper_1__HL_Spanish.pdf,2023,November 2023,Business Management,language=Spanish; level=HL; zone=not labelled,question paper,433268,b36d7ba8775b20521045d9d54c39ef4b7d02020adce6989f037a54a90f172271,2026-09-02,downloaded; indexed size and PDF signature match; pdfinfo OK; qpdf clean,Unofficial mirror copy; authenticity and redistribution rights unverified; local research/reference only; do not upload to GitHub or redistribute.
resources/private/past-papers/2022-2026/business-psychology/2023 Examination Session/November 2023 Examination Session/Individuals and societies/Business_management_paper_1__HL_markscheme_Spanish.pdf,Business_management_paper_1__HL_markscheme_Spanish.pdf,https://dl.ibdocs.re/documents/business-management-paper-1-hl-markscheme-spanish-afffe5ec8d9a9f6a,https://dl.ibdocs.re/p/IB%20PAST%20PAPERS%20-%20YEAR/2023%20Examination%20Session/November%202023%20Examination%20Session/Individuals%20and%20societies/Business_management_paper_1__HL_markscheme_Spanish.pdf,/IB PAST PAPERS - YEAR/2023 Examination Session/November 2023 Examination Session/Individuals and societies/Business_management_paper_1__HL_markscheme_Spanish.pdf,2023,November 2023,Business Management,language=Spanish; level=HL; zone=not labelled,markscheme,1027914,14817d70a9470b68237a7bfbd83d9ee950a3ad5bee75acac2756f40fa51c5fab,2026-09-02,downloaded; indexed size and PDF signature match; pdfinfo OK; qpdf clean,Unofficial mirror copy; authenticity and redistribution rights unverified; local research/reference only; do not upload to GitHub or redistribute.
resources/private/past-papers/2022-2026/business-psychology/2023 Examination Session/November 2023 Examination Session/Individuals and societies/Business_management_paper_1__SL_Spanish.pdf,Business_management_paper_1__SL_Spanish.pdf,https://dl.ibdocs.re/documents/business-management-paper-1-sl-spanish-48053201695e0752,https://dl.ibdocs.re/p/IB%20PAST%20PAPERS%20-%20YEAR/2023%20Examination%20Session/November%202023%20Examination%20Session/Individuals%20and%20societies/Business_management_paper_1__SL_Spanish.pdf,/IB PAST PAPERS - YEAR/2023 Examination Session/November 2023 Examination Session/Individuals and societies/Business_management_paper_1__SL_Spanish.pdf,2023,November 2023,Business Management,language=Spanish; level=SL; zone=not labelled,question paper,327243,352ec76724e4ca002337242039eec51216d481e3128132c2bec7bae7e9428abe,2026-09-02,downloaded; indexed size and PDF signature match; pdfinfo OK; qpdf clean,Unofficial mirror copy; authenticity and redistribution rights unverified; local research/reference only; do not upload to GitHub or redistribute.
resources/private/past-papers/2022-2026/business-psychology/2023 Examination Session/November 2023 Examination Session/Individuals and societies/Business_management_paper_1__SL_markscheme_Spanish.pdf,Business_management_paper_1__SL_markscheme_Spanish.pdf,https://dl.ibdocs.re/documents/business-management-paper-1-sl-markscheme-spanish-8bc7fa2790aebedf,https://dl.ibdocs.re/p/IB%20PAST%20PAPERS%20-%20YEAR/2023%20Examination%20Session/November%202023%20Examination%20Session/Individuals%20and%20societies/Business_management_paper_1__SL_markscheme_Spanish.pdf,/IB PAST PAPERS - YEAR/2023 Examination Session/November 2023 Examination Session/Individuals and societies/Business_management_paper_1__SL_markscheme_Spanish.pdf,2023,November 2023,Business Management,language=Spanish; level=SL; zone=not labelled,markscheme,750036,0cc8459fd90249ad6ba322e4d9b404da3c988f472c50f39ba19e0fa9e3d7587e,2026-09-02,downloaded; indexed size and PDF signature match; pdfinfo OK; qpdf clean,Unofficial mirror copy; authenticity and redistribution rights unverified; local research/reference only; do not upload to GitHub or redistribute.
resources/private/past-papers/2022-2026/business-psychology/2023 Examination Session/November 2023 Examination Session/Individuals and societies/Business_management_paper_1__TZ1_HL.pdf,Business_management_paper_1__TZ1_HL.pdf,https://dl.ibdocs.re/documents/business-management-paper-1-tz1-hl-2d74847d21ae603c,https://dl.ibdocs.re/p/IB%20PAST%20PAPERS%20-%20YEAR/2023%20Examination%20Session/November%202023%20Examination%20Session/Individuals%20and%20societies/Business_management_paper_1__TZ1_HL.pdf,/IB PAST PAPERS - YEAR/2023 Examination Session/November 2023 Examination Session/Individuals and societies/Business_management_paper_1__TZ1_HL.pdf,2023,November 2023,Business Management,language=not labelled by archive; level=HL; zone=TZ1,question paper,412251,8293a0dcc5d6de523251889ee0a942333b2946958b8d81608492bb77255a8569,2026-09-02,downloaded; indexed size and PDF signature match; pdfinfo OK; qpdf clean,Unofficial mirror copy; authenticity and redistribution rights unverified; local research/reference only; do not upload to GitHub or redistribute.
resources/private/past-papers/2022-2026/business-psychology/2023 Examination Session/November 2023 Examination Session/Individuals and societies/Business_management_paper_1__TZ1_HL_markscheme.pdf,Business_management_paper_1__TZ1_HL_markscheme.pdf,https://dl.ibdocs.re/documents/business-management-paper-1-tz1-hl-markscheme-ef09af065523b5c7,https://dl.ibdocs.re/p/IB%20PAST%20PAPERS%20-%20YEAR/2023%20Examination%20Session/November%202023%20Examination%20Session/Individuals%20and%20societies/Business_management_paper_1__TZ1_HL_markscheme.pdf,/IB PAST PAPERS - YEAR/2023 Examination Session/November 2023 Examination Session/Individuals and societies/Business_management_paper_1__TZ1_HL_markscheme.pdf,2023,November 2023,Business Management,language=not labelled by archive; level=HL; zone=TZ1,markscheme,1019795,fe8abb4b96ba372fb559eb3ff88b687d25474fcef450cc3ffc1d8a9710a08d01,2026-09-02,downloaded; indexed size and PDF signature match; pdfinfo OK; qpdf clean,Unofficial mirror copy; authenticity and redistribution rights unverified; local research/reference only; do not upload to GitHub or redistribute.
resources/private/past-papers/2022-2026/business-psychology/2023 Examination Session/November 2023 Examination Session/Individuals and societies/Business_management_paper_1__TZ1_SL.pdf,Business_management_paper_1__TZ1_SL.pdf,https://dl.ibdocs.re/documents/business-management-paper-1-tz1-sl-007f4b831625dc13,https://dl.ibdocs.re/p/IB%20PAST%20PAPERS%20-%20YEAR/2023%20Examination%20Session/November%202023%20Examination%20Session/Individuals%20and%20societies/Business_management_paper_1__TZ1_SL.pdf,/IB PAST PAPERS - YEAR/2023 Examination Session/November 2023 Examination Session/Individuals and societies/Business_management_paper_1__TZ1_SL.pdf,2023,November 2023,Business Management,language=not labelled by archive; level=SL; zone=TZ1,question paper,327261,f1c196b06900ae52544165200b2e2c73f3aa1f9b62f068f3a39c5f0a803b7f31,2026-09-02,downloaded; indexed size and PDF signature match; pdfinfo OK; qpdf clean,Unofficial mirror copy; authenticity and redistribution rights unverified; local research/reference only; do not upload to GitHub or redistribute.
resources/private/past-papers/2022-2026/business-psychology/2023 Examination Session/November 2023 Examination Session/Individuals and societies/Business_management_paper_1__TZ1_SL_markscheme.pdf,Business_management_paper_1__TZ1_SL_markscheme.pdf,https://dl.ibdocs.re/documents/business-management-paper-1-tz1-sl-markscheme-36799755329f29b6,https://dl.ibdocs.re/p/IB%20PAST%20PAPERS%20-%20YEAR/2023%20Examination%20Session/November%202023%20Examination%20Session/Individuals%20and%20societies/Business_management_paper_1__TZ1_SL_markscheme.pdf,/IB PAST PAPERS - YEAR/2023 Examination Session/November 2023 Examination Session/Individuals and societies/Business_management_paper_1__TZ1_SL_markscheme.pdf,2023,November 2023,Business Management,language=not labelled by archive; level=SL; zone=TZ1,markscheme,783576,6937e083e81b9ed97706424be8afcb9b194a8383c807e7f82bb3838a7df905c0,2026-09-02,downloaded; indexed size and PDF signature match; pdfinfo OK; qpdf clean,Unofficial mirror copy; authenticity and redistribution rights unverified; local research/reference only; do not upload to GitHub or redistribute.
resources/private/past-papers/2022-2026/business-psychology/2023 Examination Session/November 2023 Examination Session/Individuals and societies/Business_management_paper_1__TZ2_HL.pdf,Business_management_paper_1__TZ2_HL.pdf,https://dl.ibdocs.re/documents/business-management-paper-1-tz2-hl-5afdfb61cfcf516f,https://dl.ibdocs.re/p/IB%20PAST%20PAPERS%20-%20YEAR/2023%20Examination%20Session/November%202023%20Examination%20Session/Individuals%20and%20societies/Business_management_paper_1__TZ2_HL.pdf,/IB PAST PAPERS - YEAR/2023 Examination Session/November 2023 Examination Session/Individuals and societies/Business_management_paper_1__TZ2_HL.pdf,2023,November 2023,Business Management,language=not labelled by archive; level=HL; zone=TZ2,question paper,407684,d7ea3c706b0a16c432c63244ee97d96d2ec25a0576330ba6e5b237e5eeaffc42,2026-09-02,downloaded; indexed size and PDF signature match; pdfinfo OK; qpdf clean,Unofficial mirror copy; authenticity and redistribution rights unverified; local research/reference only; do not upload to GitHub or redistribute.
resources/private/past-papers/2022-2026/business-psychology/2023 Examination Session/November 2023 Examination Session/Individuals and societies/Business_management_paper_1__TZ2_HL_markscheme.pdf,Business_management_paper_1__TZ2_HL_markscheme.pdf,https://dl.ibdocs.re/documents/business-management-paper-1-tz2-hl-markscheme-14ed23d272ceec82,https://dl.ibdocs.re/p/IB%20PAST%20PAPERS%20-%20YEAR/2023%20Examination%20Session/November%202023%20Examination%20Session/Individuals%20and%20societies/Business_management_paper_1__TZ2_HL_markscheme.pdf,/IB PAST PAPERS - YEAR/2023 Examination Session/November 2023 Examination Session/Individuals and societies/Business_management_paper_1__TZ2_HL_markscheme.pdf,2023,November 2023,Business Management,language=not labelled by archive; level=HL; zone=TZ2,markscheme,1039921,51a4f7a7179475c2363f9da585c73aca25e5a9b53d6d0dbefb4eb52f8775f8c4,2026-09-02,downloaded; indexed size and PDF signature match; pdfinfo OK; qpdf clean,Unofficial mirror copy; authenticity and redistribution rights unverified; local research/reference only; do not upload to GitHub or redistribute.
resources/private/past-papers/2022-2026/business-psychology/2023 Examination Session/November 2023 Examination Session/Individuals and societies/Business_management_paper_1__TZ2_SL.pdf,Business_management_paper_1__TZ2_SL.pdf,https://dl.ibdocs.re/documents/business-management-paper-1-tz2-sl-ab8118857e880778,https://dl.ibdocs.re/p/IB%20PAST%20PAPERS%20-%20YEAR/2023%20Examination%20Session/November%202023%20Examination%20Session/Individuals%20and%20societies/Business_management_paper_1__TZ2_SL.pdf,/IB PAST PAPERS - YEAR/2023 Examination Session/November 2023 Examination Session/Individuals and societies/Business_management_paper_1__TZ2_SL.pdf,2023,November 2023,Business Management,language=not labelled by archive; level=SL; zone=TZ2,question paper,327068,45b75f24ca74be34a0d435f09ca6c326dab1d66b952600da5ebdf2e443a13142,2026-09-02,downloaded; indexed size and PDF signature match; pdfinfo OK; qpdf clean,Unofficial mirror copy; authenticity and redistribution rights unverified; local research/reference only; do not upload to GitHub or redistribute.
resources/private/past-papers/2022-2026/business-psychology/2023 Examination Session/November 2023 Examination Session/Individuals and societies/Business_management_paper_1__TZ2_SL_markscheme.pdf,Business_management_paper_1__TZ2_SL_markscheme.pdf,https://dl.ibdocs.re/documents/business-management-paper-1-tz2-sl-markscheme-2862b40c29d37543,https://dl.ibdocs.re/p/IB%20PAST%20PAPERS%20-%20YEAR/2023%20Examination%20Session/November%202023%20Examination%20Session/Individuals%20and%20societies/Business_management_paper_1__TZ2_SL_markscheme.pdf,/IB PAST PAPERS - YEAR/2023 Examination Session/November 2023 Examination Session/Individuals and societies/Business_management_paper_1__TZ2_SL_markscheme.pdf,2023,November 2023,Business Management,language=not labelled by archive; level=SL; zone=TZ2,markscheme,777085,0f4622c5f405eba514bff79da3c8ada02ce5f51e0472cf9616842a091515ed4b,2026-09-02,downloaded; indexed size and PDF signature match; pdfinfo OK; qpdf clean,Unofficial mirror copy; authenticity and redistribution rights unverified; local research/reference only; do not upload to GitHub or redistribute.
resources/private/past-papers/2022-2026/business-psychology/2023 Examination Session/November 2023 Examination Session/Individuals and societies/Business_management_paper_1__case_study_HLSL.pdf,Business_management_paper_1__case_study_HLSL.pdf,https://dl.ibdocs.re/documents/business-management-paper-1-case-study-hlsl-da3a48c15e28056e,https://dl.ibdocs.re/p/IB%20PAST%20PAPERS%20-%20YEAR/2023%20Examination%20Session/November%202023%20Examination%20Session/Individuals%20and%20societies/Business_management_paper_1__case_study_HLSL.pdf,/IB PAST PAPERS - YEAR/2023 Examination Session/November 2023 Examination Session/Individuals and societies/Business_management_paper_1__case_study_HLSL.pdf,2023,November 2023,Business Management,language=not labelled by archive; level=HL/SL; zone=not labelled,case study / pre-seen material,357951,686a27b5225a02dc895e357f692a80a12b0f6eee70292222ddab7b0e0de55c97,2026-09-02,downloaded; indexed size and PDF signature match; pdfinfo OK; qpdf clean,Unofficial mirror copy; authenticity and redistribution rights unverified; local research/reference only; do not upload to GitHub or redistribute.
resources/private/past-papers/2022-2026/business-psychology/2023 Examination Session/November 2023 Examination Session/Individuals and societies/Business_management_paper_1__case_study_HLSL_Spanish.pdf,Business_management_paper_1__case_study_HLSL_Spanish.pdf,https://dl.ibdocs.re/documents/business-management-paper-1-case-study-hlsl-spanish-e40d9959e9f7c135,https://dl.ibdocs.re/p/IB%20PAST%20PAPERS%20-%20YEAR/2023%20Examination%20Session/November%202023%20Examination%20Session/Individuals%20and%20societies/Business_management_paper_1__case_study_HLSL_Spanish.pdf,/IB PAST PAPERS - YEAR/2023 Examination Session/November 2023 Examination Session/Individuals and societies/Business_management_paper_1__case_study_HLSL_Spanish.pdf,2023,November 2023,Business Management,language=Spanish; level=HL/SL; zone=not labelled,case study / pre-seen material,364213,621ce9f791af363757a0d2a955e02ae62b253d506b3555f9f4c3fda9ceaf67e8,2026-09-02,downloaded; indexed size and PDF signature match; pdfinfo OK; qpdf clean,Unofficial mirror copy; authenticity and redistribution rights unverified; local research/reference only; do not upload to GitHub or redistribute.
resources/private/past-papers/2022-2026/business-psychology/2023 Examination Session/November 2023 Examination Session/Individuals and societies/Business_management_paper_2__HL_Spanish.pdf,Business_management_paper_2__HL_Spanish.pdf,https://dl.ibdocs.re/documents/business-management-paper-2-hl-spanish-966ca5380d35c744,https://dl.ibdocs.re/p/IB%20PAST%20PAPERS%20-%20YEAR/2023%20Examination%20Session/November%202023%20Examination%20Session/Individuals%20and%20societies/Business_management_paper_2__HL_Spanish.pdf,/IB PAST PAPERS - YEAR/2023 Examination Session/November 2023 Examination Session/Individuals and societies/Business_management_paper_2__HL_Spanish.pdf,2023,November 2023,Business Management,language=Spanish; level=HL; zone=not labelled,question paper,1107490,724b0fa859e6c3ff887b4b84adafa4edf90e451aa9ee0db2f36f5b7fb58221ee,2026-09-02,downloaded; indexed size and PDF signature match; pdfinfo OK; qpdf succeeded with source-file warnings,Unofficial mirror copy; authenticity and redistribution rights unverified; local research/reference only; do not upload to GitHub or redistribute.
resources/private/past-papers/2022-2026/business-psychology/2023 Examination Session/November 2023 Examination Session/Individuals and societies/Business_management_paper_2__HL_markscheme_Spanish.pdf,Business_management_paper_2__HL_markscheme_Spanish.pdf,https://dl.ibdocs.re/documents/business-management-paper-2-hl-markscheme-spanish-f3f63a8665db09b9,https://dl.ibdocs.re/p/IB%20PAST%20PAPERS%20-%20YEAR/2023%20Examination%20Session/November%202023%20Examination%20Session/Individuals%20and%20societies/Business_management_paper_2__HL_markscheme_Spanish.pdf,/IB PAST PAPERS - YEAR/2023 Examination Session/November 2023 Examination Session/Individuals and societies/Business_management_paper_2__HL_markscheme_Spanish.pdf,2023,November 2023,Business Management,language=Spanish; level=HL; zone=not labelled,markscheme,1536205,6d2817506a92e9420d0accfccbf208a9ee15c900cff89868024c5f630297f633,2026-09-02,downloaded; indexed size and PDF signature match; pdfinfo OK; qpdf clean,Unofficial mirror copy; authenticity and redistribution rights unverified; local research/reference only; do not upload to GitHub or redistribute.
resources/private/past-papers/2022-2026/business-psychology/2023 Examination Session/November 2023 Examination Session/Individuals and societies/Business_management_paper_2__SL_Spanish.pdf,Business_management_paper_2__SL_Spanish.pdf,https://dl.ibdocs.re/documents/business-management-paper-2-sl-spanish-d9e8782fe94b663f,https://dl.ibdocs.re/p/IB%20PAST%20PAPERS%20-%20YEAR/2023%20Examination%20Session/November%202023%20Examination%20Session/Individuals%20and%20societies/Business_management_paper_2__SL_Spanish.pdf,/IB PAST PAPERS - YEAR/2023 Examination Session/November 2023 Examination Session/Individuals and societies/Business_management_paper_2__SL_Spanish.pdf,2023,November 2023,Business Management,language=Spanish; level=SL; zone=not labelled,question paper,1129410,9ffeca7266f9f309069e71a3202ffac930b62250057f6a1845b0187d0d27e0e5,2026-09-02,downloaded; indexed size and PDF signature match; pdfinfo OK; qpdf succeeded with source-file warnings,Unofficial mirror copy; authenticity and redistribution rights unverified; local research/reference only; do not upload to GitHub or redistribute.
resources/private/past-papers/2022-2026/business-psychology/2023 Examination Session/November 2023 Examination Session/Individuals and societies/Business_management_paper_2__SL_markscheme_Spanish.pdf,Business_management_paper_2__SL_markscheme_Spanish.pdf,https://dl.ibdocs.re/documents/business-management-paper-2-sl-markscheme-spanish-b09bd7c20dda3f68,https://dl.ibdocs.re/p/IB%20PAST%20PAPERS%20-%20YEAR/2023%20Examination%20Session/November%202023%20Examination%20Session/Individuals%20and%20societies/Business_management_paper_2__SL_markscheme_Spanish.pdf,/IB PAST PAPERS - YEAR/2023 Examination Session/November 2023 Examination Session/Individuals and societies/Business_management_paper_2__SL_markscheme_Spanish.pdf,2023,November 2023,Business Management,language=Spanish; level=SL; zone=not labelled,markscheme,753252,28f82eaa62171a487e98c809a62e739f8ef4e8122934e48a4cd4b82cda455b5d,2026-09-02,downloaded; indexed size and PDF signature match; pdfinfo OK; qpdf clean,Unofficial mirror copy; authenticity and redistribution rights unverified; local research/reference only; do not upload to GitHub or redistribute.
resources/private/past-papers/2022-2026/business-psychology/2023 Examination Session/November 2023 Examination Session/Individuals and societies/Business_management_paper_2__TZ1_HL.pdf,Business_management_paper_2__TZ1_HL.pdf,https://dl.ibdocs.re/documents/business-management-paper-2-tz1-hl-ae0dc26bf174666d,https://dl.ibdocs.re/p/IB%20PAST%20PAPERS%20-%20YEAR/2023%20Examination%20Session/November%202023%20Examination%20Session/Individuals%20and%20societies/Business_management_paper_2__TZ1_HL.pdf,/IB PAST PAPERS - YEAR/2023 Examination Session/November 2023 Examination Session/Individuals and societies/Business_management_paper_2__TZ1_HL.pdf,2023,November 2023,Business Management,language=not labelled by archive; level=HL; zone=TZ1,question paper,1226285,87dfd092426e4494e943f7ee49a9e78933b416b4d3e6bef2fce6d4ae0c74df0c,2026-09-02,downloaded; indexed size and PDF signature match; pdfinfo OK; qpdf succeeded with source-file warnings,Unofficial mirror copy; authenticity and redistribution rights unverified; local research/reference only; do not upload to GitHub or redistribute.
resources/private/past-papers/2022-2026/business-psychology/2023 Examination Session/November 2023 Examination Session/Individuals and societies/Business_management_paper_2__TZ1_HL_markscheme.pdf,Business_management_paper_2__TZ1_HL_markscheme.pdf,https://dl.ibdocs.re/documents/business-management-paper-2-tz1-hl-markscheme-3091dc5b84f44220,https://dl.ibdocs.re/p/IB%20PAST%20PAPERS%20-%20YEAR/2023%20Examination%20Session/November%202023%20Examination%20Session/Individuals%20and%20societies/Business_management_paper_2__TZ1_HL_markscheme.pdf,/IB PAST PAPERS - YEAR/2023 Examination Session/November 2023 Examination Session/Individuals and societies/Business_management_paper_2__TZ1_HL_markscheme.pdf,2023,November 2023,Business Management,language=not labelled by archive; level=HL; zone=TZ1,markscheme,582593,ffa839751dbb88a238cfe30f4be9f49e27ee2d7a407426ee440fa7d85f73632f,2026-09-02,downloaded; indexed size and PDF signature match; pdfinfo OK; qpdf clean,Unofficial mirror copy; authenticity and redistribution rights unverified; local research/reference only; do not upload to GitHub or redistribute.
resources/private/past-papers/2022-2026/business-psychology/2023 Examination Session/November 2023 Examination Session/Individuals and societies/Business_management_paper_2__TZ1_SL.pdf,Business_management_paper_2__TZ1_SL.pdf,https://dl.ibdocs.re/documents/business-management-paper-2-tz1-sl-d74761d81bb696b2,https://dl.ibdocs.re/p/IB%20PAST%20PAPERS%20-%20YEAR/2023%20Examination%20Session/November%202023%20Examination%20Session/Individuals%20and%20societies/Business_management_paper_2__TZ1_SL.pdf,/IB PAST PAPERS - YEAR/2023 Examination Session/November 2023 Examination Session/Individuals and societies/Business_management_paper_2__TZ1_SL.pdf,2023,November 2023,Business Management,language=not labelled by archive; level=SL; zone=TZ1,question paper,1371552,00212e0fd3925728fb09f27b6369bef404e7a2f0ede526d896237c4b2727d013,2026-09-02,downloaded; indexed size and PDF signature match; pdfinfo OK; qpdf succeeded with source-file warnings,Unofficial mirror copy; authenticity and redistribution rights unverified; local research/reference only; do not upload to GitHub or redistribute.
resources/private/past-papers/2022-2026/business-psychology/2023 Examination Session/November 2023 Examination Session/Individuals and societies/Business_management_paper_2__TZ1_SL_markscheme.pdf,Business_management_paper_2__TZ1_SL_markscheme.pdf,https://dl.ibdocs.re/documents/business-management-paper-2-tz1-sl-markscheme-bf96880441ef5fb5,https://dl.ibdocs.re/p/IB%20PAST%20PAPERS%20-%20YEAR/2023%20Examination%20Session/November%202023%20Examination%20Session/Individuals%20and%20societies/Business_management_paper_2__TZ1_SL_markscheme.pdf,/IB PAST PAPERS - YEAR/2023 Examination Session/November 2023 Examination Session/Individuals and societies/Business_management_paper_2__TZ1_SL_markscheme.pdf,2023,November 2023,Business Management,language=not labelled by archive; level=SL; zone=TZ1,markscheme,470314,4ccfa11ee6b226a24be7418da46cf7e789be833f5725f1836391f7de31e4e4ee,2026-09-02,downloaded; indexed size and PDF signature match; pdfinfo OK; qpdf clean,Unofficial mirror copy; authenticity and redistribution rights unverified; local research/reference only; do not upload to GitHub or redistribute.
resources/private/past-papers/2022-2026/business-psychology/2023 Examination Session/November 2023 Examination Session/Individuals and societies/Business_management_paper_2__TZ2_HL.pdf,Business_management_paper_2__TZ2_HL.pdf,https://dl.ibdocs.re/documents/business-management-paper-2-tz2-hl-00a8867770629b0e,https://dl.ibdocs.re/p/IB%20PAST%20PAPERS%20-%20YEAR/2023%20Examination%20Session/November%202023%20Examination%20Session/Individuals%20and%20societies/Business_management_paper_2__TZ2_HL.pdf,/IB PAST PAPERS - YEAR/2023 Examination Session/November 2023 Examination Session/Individuals and societies/Business_management_paper_2__TZ2_HL.pdf,2023,November 2023,Business Management,language=not labelled by archive; level=HL; zone=TZ2,question paper,1085972,ddb76f30cc7364210cf3f3acb939989966995df78a16b81a0e69b3cb93a0476c,2026-09-02,downloaded; indexed size and PDF signature match; pdfinfo OK; qpdf succeeded with source-file warnings,Unofficial mirror copy; authenticity and redistribution rights unverified; local research/reference only; do not upload to GitHub or redistribute.
resources/private/past-papers/2022-2026/business-psychology/2023 Examination Session/November 2023 Examination Session/Individuals and societies/Business_management_paper_2__TZ2_HL_markscheme.pdf,Business_management_paper_2__TZ2_HL_markscheme.pdf,https://dl.ibdocs.re/documents/business-management-paper-2-tz2-hl-markscheme-fbec0f1fbba77531,https://dl.ibdocs.re/p/IB%20PAST%20PAPERS%20-%20YEAR/2023%20Examination%20Session/November%202023%20Examination%20Session/Individuals%20and%20societies/Business_management_paper_2__TZ2_HL_markscheme.pdf,/IB PAST PAPERS - YEAR/2023 Examination Session/November 2023 Examination Session/Individuals and societies/Business_management_paper_2__TZ2_HL_markscheme.pdf,2023,November 2023,Business Management,language=not labelled by archive; level=HL; zone=TZ2,markscheme,621476,7cd98f306815ca6b1e7614792a3664496cdaa7e626c38429abe0a9a7bc9b2320,2026-09-02,downloaded; indexed size and PDF signature match; pdfinfo OK; qpdf clean,Unofficial mirror copy; authenticity and redistribution rights unverified; local research/reference only; do not upload to GitHub or redistribute.
resources/private/past-papers/2022-2026/business-psychology/2023 Examination Session/November 2023 Examination Session/Individuals and societies/Business_management_paper_2__TZ2_SL.pdf,Business_management_paper_2__TZ2_SL.pdf,https://dl.ibdocs.re/documents/business-management-paper-2-tz2-sl-7087cd3cb497cbe9,https://dl.ibdocs.re/p/IB%20PAST%20PAPERS%20-%20YEAR/2023%20Examination%20Session/November%202023%20Examination%20Session/Individuals%20and%20societies/Business_management_paper_2__TZ2_SL.pdf,/IB PAST PAPERS - YEAR/2023 Examination Session/November 2023 Examination Session/Individuals and societies/Business_management_paper_2__TZ2_SL.pdf,2023,November 2023,Business Management,language=not labelled by archive; level=SL; zone=TZ2,question paper,1107887,74593531cac44a46e30874347b202d3038d46d44601877256aabe71029d95d5a,2026-09-02,downloaded; indexed size and PDF signature match; pdfinfo OK; qpdf succeeded with source-file warnings,Unofficial mirror copy; authenticity and redistribution rights unverified; local research/reference only; do not upload to GitHub or redistribute.
resources/private/past-papers/2022-2026/business-psychology/2023 Examination Session/November 2023 Examination Session/Individuals and societies/Business_management_paper_2__TZ2_SL_markscheme.pdf,Business_management_paper_2__TZ2_SL_markscheme.pdf,https://dl.ibdocs.re/documents/business-management-paper-2-tz2-sl-markscheme-a71a5e00ab5ad0bc,https://dl.ibdocs.re/p/IB%20PAST%20PAPERS%20-%20YEAR/2023%20Examination%20Session/November%202023%20Examination%20Session/Individuals%20and%20societies/Business_management_paper_2__TZ2_SL_markscheme.pdf,/IB PAST PAPERS - YEAR/2023 Examination Session/November 2023 Examination Session/Individuals and societies/Business_management_paper_2__TZ2_SL_markscheme.pdf,2023,November 2023,Business Management,language=not labelled by archive; level=SL; zone=TZ2,markscheme,522792,6528c681ad54d53f8e6d9b934ebf39ff3068b64e1ff8ec5d9a7c38482cd8162f,2026-09-02,downloaded; indexed size and PDF signature match; pdfinfo OK; qpdf clean,Unofficial mirror copy; authenticity and redistribution rights unverified; local research/reference only; do not upload to GitHub or redistribute.
resources/private/past-papers/2022-2026/business-psychology/2024 Examination Session/May 2024 Examination Session/Individuals and societies/Business_management_paper_1__HLSL_French.pdf,Business_management_paper_1__HLSL_French.pdf,https://dl.ibdocs.re/documents/business-management-paper-1-hlsl-french-c0e1d27702348aef,https://dl.ibdocs.re/p/IB%20PAST%20PAPERS%20-%20YEAR/2024%20Examination%20Session/May%202024%20Examination%20Session/Individuals%20and%20societies/Business_management_paper_1__HLSL_French.pdf,/IB PAST PAPERS - YEAR/2024 Examination Session/May 2024 Examination Session/Individuals and societies/Business_management_paper_1__HLSL_French.pdf,2024,May 2024,Business Management,language=French; level=HL/SL; zone=not labelled,question paper,344880,5d7a5e5d518b4617c43dd3a8cf8c90c90f09c4f3905cae9c1b4fd1243590e300,2026-09-02,downloaded; indexed size and PDF signature match; pdfinfo OK; qpdf succeeded with source-file warnings,Unofficial mirror copy; authenticity and redistribution rights unverified; local research/reference only; do not upload to GitHub or redistribute.
resources/private/past-papers/2022-2026/business-psychology/2024 Examination Session/May 2024 Examination Session/Individuals and societies/Business_management_paper_1__HLSL_Spanish.pdf,Business_management_paper_1__HLSL_Spanish.pdf,https://dl.ibdocs.re/documents/business-management-paper-1-hlsl-spanish-44d5f8782ccd3c8d,https://dl.ibdocs.re/p/IB%20PAST%20PAPERS%20-%20YEAR/2024%20Examination%20Session/May%202024%20Examination%20Session/Individuals%20and%20societies/Business_management_paper_1__HLSL_Spanish.pdf,/IB PAST PAPERS - YEAR/2024 Examination Session/May 2024 Examination Session/Individuals and societies/Business_management_paper_1__HLSL_Spanish.pdf,2024,May 2024,Business Management,language=Spanish; level=HL/SL; zone=not labelled,question paper,342524,1a1398d4723bded34bb9ff5e08acd5a7b1fdc1c1dad197937af817e09b9a1346,2026-09-02,downloaded; indexed size and PDF signature match; pdfinfo OK; qpdf succeeded with source-file warnings,Unofficial mirror copy; authenticity and redistribution rights unverified; local research/reference only; do not upload to GitHub or redistribute.
resources/private/past-papers/2022-2026/business-psychology/2024 Examination Session/May 2024 Examination Session/Individuals and societies/Business_management_paper_1__HLSL_markscheme_Spanish.pdf,Business_management_paper_1__HLSL_markscheme_Spanish.pdf,https://dl.ibdocs.re/documents/business-management-paper-1-hlsl-markscheme-spanish-416904eb9f9c1bc6,https://dl.ibdocs.re/p/IB%20PAST%20PAPERS%20-%20YEAR/2024%20Examination%20Session/May%202024%20Examination%20Session/Individuals%20and%20societies/Business_management_paper_1__HLSL_markscheme_Spanish.pdf,/IB PAST PAPERS - YEAR/2024 Examination Session/May 2024 Examination Session/Individuals and societies/Business_management_paper_1__HLSL_markscheme_Spanish.pdf,2024,May 2024,Business Management,language=Spanish; level=HL/SL; zone=not labelled,markscheme,581889,9fd141006e02ef616896016ef84b2cbf7119c410bee89feb101e987b097e7b47,2026-09-02,downloaded; indexed size and PDF signature match; pdfinfo OK; qpdf clean,Unofficial mirror copy; authenticity and redistribution rights unverified; local research/reference only; do not upload to GitHub or redistribute.
resources/private/past-papers/2022-2026/business-psychology/2024 Examination Session/May 2024 Examination Session/Individuals and societies/Business_management_paper_1__TZ1_HLSL.pdf,Business_management_paper_1__TZ1_HLSL.pdf,https://dl.ibdocs.re/documents/business-management-paper-1-tz1-hlsl-2bf7354d7b049d40,https://dl.ibdocs.re/p/IB%20PAST%20PAPERS%20-%20YEAR/2024%20Examination%20Session/May%202024%20Examination%20Session/Individuals%20and%20societies/Business_management_paper_1__TZ1_HLSL.pdf,/IB PAST PAPERS - YEAR/2024 Examination Session/May 2024 Examination Session/Individuals and societies/Business_management_paper_1__TZ1_HLSL.pdf,2024,May 2024,Business Management,language=not labelled by archive; level=HL/SL; zone=TZ1,question paper,336806,4de2ef41d9e8efc733c2b0eea81a38b3e08b32e0b0d2b757ebdf2e15061328db,2026-09-02,downloaded; indexed size and PDF signature match; pdfinfo OK; qpdf clean,Unofficial mirror copy; authenticity and redistribution rights unverified; local research/reference only; do not upload to GitHub or redistribute.
resources/private/past-papers/2022-2026/business-psychology/2024 Examination Session/May 2024 Examination Session/Individuals and societies/Business_management_paper_1__TZ1_HLSL_markscheme.pdf,Business_management_paper_1__TZ1_HLSL_markscheme.pdf,https://dl.ibdocs.re/documents/business-management-paper-1-tz1-hlsl-markscheme-13bae48983c2140b,https://dl.ibdocs.re/p/IB%20PAST%20PAPERS%20-%20YEAR/2024%20Examination%20Session/May%202024%20Examination%20Session/Individuals%20and%20societies/Business_management_paper_1__TZ1_HLSL_markscheme.pdf,/IB PAST PAPERS - YEAR/2024 Examination Session/May 2024 Examination Session/Individuals and societies/Business_management_paper_1__TZ1_HLSL_markscheme.pdf,2024,May 2024,Business Management,language=not labelled by archive; level=HL/SL; zone=TZ1,markscheme,511030,0e620d3d68aacdb700c7c288ca39adf42e6eb1f12a716edc590804dcb69fb8ea,2026-09-02,downloaded; indexed size and PDF signature match; pdfinfo OK; qpdf clean,Unofficial mirror copy; authenticity and redistribution rights unverified; local research/reference only; do not upload to GitHub or redistribute.
resources/private/past-papers/2022-2026/business-psychology/2024 Examination Session/May 2024 Examination Session/Individuals and societies/Business_management_paper_1__TZ2_HLSL.pdf,Business_management_paper_1__TZ2_HLSL.pdf,https://dl.ibdocs.re/documents/business-management-paper-1-tz2-hlsl-2812151c34a42fab,https://dl.ibdocs.re/p/IB%20PAST%20PAPERS%20-%20YEAR/2024%20Examination%20Session/May%202024%20Examination%20Session/Individuals%20and%20societies/Business_management_paper_1__TZ2_HLSL.pdf,/IB PAST PAPERS - YEAR/2024 Examination Session/May 2024 Examination Session/Individuals and societies/Business_management_paper_1__TZ2_HLSL.pdf,2024,May 2024,Business Management,language=not labelled by archive; level=HL/SL; zone=TZ2,question paper,336454,30f692869509291c0be77244d0470330bb12ee1e988ed049f28a29008db17418,2026-09-02,downloaded; indexed size and PDF signature match; pdfinfo OK; qpdf clean,Unofficial mirror copy; authenticity and redistribution rights unverified; local research/reference only; do not upload to GitHub or redistribute.
resources/private/past-papers/2022-2026/business-psychology/2024 Examination Session/May 2024 Examination Session/Individuals and societies/Business_management_paper_1__TZ2_HLSL_markscheme.pdf,Business_management_paper_1__TZ2_HLSL_markscheme.pdf,https://dl.ibdocs.re/documents/business-management-paper-1-tz2-hlsl-markscheme-544318d7a4878bce,https://dl.ibdocs.re/p/IB%20PAST%20PAPERS%20-%20YEAR/2024%20Examination%20Session/May%202024%20Examination%20Session/Individuals%20and%20societies/Business_management_paper_1__TZ2_HLSL_markscheme.pdf,/IB PAST PAPERS - YEAR/2024 Examination Session/May 2024 Examination Session/Individuals and societies/Business_management_paper_1__TZ2_HLSL_markscheme.pdf,2024,May 2024,Business Management,language=not labelled by archive; level=HL/SL; zone=TZ2,markscheme,510250,398670174aab0be391932a82dfee2895c9d0a50c4e84eb23172cf2c84ace2191,2026-09-02,downloaded; indexed size and PDF signature match; pdfinfo OK; qpdf clean,Unofficial mirror copy; authenticity and redistribution rights unverified; local research/reference only; do not upload to GitHub or redistribute.
resources/private/past-papers/2022-2026/business-psychology/2024 Examination Session/May 2024 Examination Session/Individuals and societies/Business_management_paper_1__case_study_HLSL.pdf,Business_management_paper_1__case_study_HLSL.pdf,https://dl.ibdocs.re/documents/business-management-paper-1-case-study-hlsl-c218deb0b511f2ff,https://dl.ibdocs.re/p/IB%20PAST%20PAPERS%20-%20YEAR/2024%20Examination%20Session/May%202024%20Examination%20Session/Individuals%20and%20societies/Business_management_paper_1__case_study_HLSL.pdf,/IB PAST PAPERS - YEAR/2024 Examination Session/May 2024 Examination Session/Individuals and societies/Business_management_paper_1__case_study_HLSL.pdf,2024,May 2024,Business Management,language=not labelled by archive; level=HL/SL; zone=not labelled,case study / pre-seen material,309433,cc84a16628cf0b8eecc2520dc1db5cc793a781d207c05b54551a48a699ee6a94,2026-09-02,downloaded; indexed size and PDF signature match; pdfinfo OK; qpdf clean,Unofficial mirror copy; authenticity and redistribution rights unverified; local research/reference only; do not upload to GitHub or redistribute.
resources/private/past-papers/2022-2026/business-psychology/2024 Examination Session/May 2024 Examination Session/Individuals and societies/Business_management_paper_1__case_study_HLSL_French.pdf,Business_management_paper_1__case_study_HLSL_French.pdf,https://dl.ibdocs.re/documents/business-management-paper-1-case-study-hlsl-french-6035e6199c8ce6e4,https://dl.ibdocs.re/p/IB%20PAST%20PAPERS%20-%20YEAR/2024%20Examination%20Session/May%202024%20Examination%20Session/Individuals%20and%20societies/Business_management_paper_1__case_study_HLSL_French.pdf,/IB PAST PAPERS - YEAR/2024 Examination Session/May 2024 Examination Session/Individuals and societies/Business_management_paper_1__case_study_HLSL_French.pdf,2024,May 2024,Business Management,language=French; level=HL/SL; zone=not labelled,case study / pre-seen material,310826,bddce257fbabc82bc11ec788c696d57b87680566c2dcce7fd7b77638a715c8d8,2026-09-02,downloaded; indexed size and PDF signature match; pdfinfo OK; qpdf succeeded with source-file warnings,Unofficial mirror copy; authenticity and redistribution rights unverified; local research/reference only; do not upload to GitHub or redistribute.
resources/private/past-papers/2022-2026/business-psychology/2024 Examination Session/May 2024 Examination Session/Individuals and societies/Business_management_paper_1__case_study_HLSL_Spanish.pdf,Business_management_paper_1__case_study_HLSL_Spanish.pdf,https://dl.ibdocs.re/documents/business-management-paper-1-case-study-hlsl-spanish-a06337ee928697f4,https://dl.ibdocs.re/p/IB%20PAST%20PAPERS%20-%20YEAR/2024%20Examination%20Session/May%202024%20Examination%20Session/Individuals%20and%20societies/Business_management_paper_1__case_study_HLSL_Spanish.pdf,/IB PAST PAPERS - YEAR/2024 Examination Session/May 2024 Examination Session/Individuals and societies/Business_management_paper_1__case_study_HLSL_Spanish.pdf,2024,May 2024,Business Management,language=Spanish; level=HL/SL; zone=not labelled,case study / pre-seen material,309121,fb328532720d161e39886a6a159bda578e1770e7697ba67353e491b364eb2f2a,2026-09-02,downloaded; indexed size and PDF signature match; pdfinfo OK; qpdf succeeded with source-file warnings,Unofficial mirror copy; authenticity and redistribution rights unverified; local research/reference only; do not upload to GitHub or redistribute.
resources/private/past-papers/2022-2026/business-psychology/2024 Examination Session/May 2024 Examination Session/Individuals and societies/Business_management_paper_2__HL_French.pdf,Business_management_paper_2__HL_French.pdf,https://dl.ibdocs.re/documents/business-management-paper-2-hl-french-57a38627c9668055,https://dl.ibdocs.re/p/IB%20PAST%20PAPERS%20-%20YEAR/2024%20Examination%20Session/May%202024%20Examination%20Session/Individuals%20and%20societies/Business_management_paper_2__HL_French.pdf,/IB PAST PAPERS - YEAR/2024 Examination Session/May 2024 Examination Session/Individuals and societies/Business_management_paper_2__HL_French.pdf,2024,May 2024,Business Management,language=French; level=HL; zone=not labelled,question paper,694443,2a58513dd0863e8c7d092061abac281e26e414070976f31ae43d9967b5636088,2026-09-02,downloaded; indexed size and PDF signature match; pdfinfo OK; qpdf succeeded with source-file warnings,Unofficial mirror copy; authenticity and redistribution rights unverified; local research/reference only; do not upload to GitHub or redistribute.
resources/private/past-papers/2022-2026/business-psychology/2024 Examination Session/May 2024 Examination Session/Individuals and societies/Business_management_paper_2__HL_Spanish.pdf,Business_management_paper_2__HL_Spanish.pdf,https://dl.ibdocs.re/documents/business-management-paper-2-hl-spanish-3ce068b2742e719b,https://dl.ibdocs.re/p/IB%20PAST%20PAPERS%20-%20YEAR/2024%20Examination%20Session/May%202024%20Examination%20Session/Individuals%20and%20societies/Business_management_paper_2__HL_Spanish.pdf,/IB PAST PAPERS - YEAR/2024 Examination Session/May 2024 Examination Session/Individuals and societies/Business_management_paper_2__HL_Spanish.pdf,2024,May 2024,Business Management,language=Spanish; level=HL; zone=not labelled,question paper,719439,cf5c263939241d60d9a2f9380183d3d053be2b8f1318411f8581c2a19e08379d,2026-09-02,downloaded; indexed size and PDF signature match; pdfinfo OK; qpdf succeeded with source-file warnings,Unofficial mirror copy; authenticity and redistribution rights unverified; local research/reference only; do not upload to GitHub or redistribute.
resources/private/past-papers/2022-2026/business-psychology/2024 Examination Session/May 2024 Examination Session/Individuals and societies/Business_management_paper_2__HL_markscheme_Spanish.pdf,Business_management_paper_2__HL_markscheme_Spanish.pdf,https://dl.ibdocs.re/documents/business-management-paper-2-hl-markscheme-spanish-23e70fceca27df04,https://dl.ibdocs.re/p/IB%20PAST%20PAPERS%20-%20YEAR/2024%20Examination%20Session/May%202024%20Examination%20Session/Individuals%20and%20societies/Business_management_paper_2__HL_markscheme_Spanish.pdf,/IB PAST PAPERS - YEAR/2024 Examination Session/May 2024 Examination Session/Individuals and societies/Business_management_paper_2__HL_markscheme_Spanish.pdf,2024,May 2024,Business Management,language=Spanish; level=HL; zone=not labelled,markscheme,515250,51349628b53343ab97178415f8cd5fc21f3e94c4a36eee34191d8f630acb3768,2026-09-02,downloaded; indexed size and PDF signature match; pdfinfo OK; qpdf clean,Unofficial mirror copy; authenticity and redistribution rights unverified; local research/reference only; do not upload to GitHub or redistribute.
resources/private/past-papers/2022-2026/business-psychology/2024 Examination Session/May 2024 Examination Session/Individuals and societies/Business_management_paper_2__SL_French.pdf,Business_management_paper_2__SL_French.pdf,https://dl.ibdocs.re/documents/business-management-paper-2-sl-french-7b6f405747aa5238,https://dl.ibdocs.re/p/IB%20PAST%20PAPERS%20-%20YEAR/2024%20Examination%20Session/May%202024%20Examination%20Session/Individuals%20and%20societies/Business_management_paper_2__SL_French.pdf,/IB PAST PAPERS - YEAR/2024 Examination Session/May 2024 Examination Session/Individuals and societies/Business_management_paper_2__SL_French.pdf,2024,May 2024,Business Management,language=French; level=SL; zone=not labelled,question paper,1782017,b6c7bbe8757ca9d00c2bd9d8f9e760940249c46e11eb1389bae0cb57184fb8c0,2026-09-02,downloaded; indexed size and PDF signature match; pdfinfo OK; qpdf clean,Unofficial mirror copy; authenticity and redistribution rights unverified; local research/reference only; do not upload to GitHub or redistribute.
resources/private/past-papers/2022-2026/business-psychology/2024 Examination Session/May 2024 Examination Session/Individuals and societies/Business_management_paper_2__SL_Spanish.pdf,Business_management_paper_2__SL_Spanish.pdf,https://dl.ibdocs.re/documents/business-management-paper-2-sl-spanish-d01cf3b51b6bf190,https://dl.ibdocs.re/p/IB%20PAST%20PAPERS%20-%20YEAR/2024%20Examination%20Session/May%202024%20Examination%20Session/Individuals%20and%20societies/Business_management_paper_2__SL_Spanish.pdf,/IB PAST PAPERS - YEAR/2024 Examination Session/May 2024 Examination Session/Individuals and societies/Business_management_paper_2__SL_Spanish.pdf,2024,May 2024,Business Management,language=Spanish; level=SL; zone=not labelled,question paper,1798607,f53cf1285d5a24693783f61f92ab41f60dc9c4cc7c67ae2da8df86f997b31d60,2026-09-02,downloaded; indexed size and PDF signature match; pdfinfo OK; qpdf clean,Unofficial mirror copy; authenticity and redistribution rights unverified; local research/reference only; do not upload to GitHub or redistribute.
resources/private/past-papers/2022-2026/business-psychology/2024 Examination Session/May 2024 Examination Session/Individuals and societies/Business_management_paper_2__SL_markscheme_Spanish.pdf,Business_management_paper_2__SL_markscheme_Spanish.pdf,https://dl.ibdocs.re/documents/business-management-paper-2-sl-markscheme-spanish-94a2a18eb24a8ab5,https://dl.ibdocs.re/p/IB%20PAST%20PAPERS%20-%20YEAR/2024%20Examination%20Session/May%202024%20Examination%20Session/Individuals%20and%20societies/Business_management_paper_2__SL_markscheme_Spanish.pdf,/IB PAST PAPERS - YEAR/2024 Examination Session/May 2024 Examination Session/Individuals and societies/Business_management_paper_2__SL_markscheme_Spanish.pdf,2024,May 2024,Business Management,language=Spanish; level=SL; zone=not labelled,markscheme,576811,d0e4df7845df91688ee2f907e1b34bdb120696090902beca9ff68a666bcd373b,2026-09-02,downloaded; indexed size and PDF signature match; pdfinfo OK; qpdf clean,Unofficial mirror copy; authenticity and redistribution rights unverified; local research/reference only; do not upload to GitHub or redistribute.
resources/private/past-papers/2022-2026/business-psychology/2024 Examination Session/May 2024 Examination Session/Individuals and societies/Business_management_paper_2__TZ1_HL.pdf,Business_management_paper_2__TZ1_HL.pdf,https://dl.ibdocs.re/documents/business-management-paper-2-tz1-hl-7b4bd7c59a3aa46e,https://dl.ibdocs.re/p/IB%20PAST%20PAPERS%20-%20YEAR/2024%20Examination%20Session/May%202024%20Examination%20Session/Individuals%20and%20societies/Business_management_paper_2__TZ1_HL.pdf,/IB PAST PAPERS - YEAR/2024 Examination Session/May 2024 Examination Session/Individuals and societies/Business_management_paper_2__TZ1_HL.pdf,2024,May 2024,Business Management,language=not labelled by archive; level=HL; zone=TZ1,question paper,2079888,df9c27d68014ce094e239195760790de77e4e286da0e2c8a91c5cb824f8ec891,2026-09-02,downloaded; indexed size and PDF signature match; pdfinfo OK; qpdf clean,Unofficial mirror copy; authenticity and redistribution rights unverified; local research/reference only; do not upload to GitHub or redistribute.
resources/private/past-papers/2022-2026/business-psychology/2024 Examination Session/May 2024 Examination Session/Individuals and societies/Business_management_paper_2__TZ1_HL_markscheme.pdf,Business_management_paper_2__TZ1_HL_markscheme.pdf,https://dl.ibdocs.re/documents/business-management-paper-2-tz1-hl-markscheme-d66d760638154c51,https://dl.ibdocs.re/p/IB%20PAST%20PAPERS%20-%20YEAR/2024%20Examination%20Session/May%202024%20Examination%20Session/Individuals%20and%20societies/Business_management_paper_2__TZ1_HL_markscheme.pdf,/IB PAST PAPERS - YEAR/2024 Examination Session/May 2024 Examination Session/Individuals and societies/Business_management_paper_2__TZ1_HL_markscheme.pdf,2024,May 2024,Business Management,language=not labelled by archive; level=HL; zone=TZ1,markscheme,411504,355636a75fb132934d6a5d75a57f020d682dd31ad1ba129a3f1378d474d18bfa,2026-09-02,downloaded; indexed size and PDF signature match; pdfinfo OK; qpdf clean,Unofficial mirror copy; authenticity and redistribution rights unverified; local research/reference only; do not upload to GitHub or redistribute.
resources/private/past-papers/2022-2026/business-psychology/2024 Examination Session/May 2024 Examination Session/Individuals and societies/Business_management_paper_2__TZ1_SL.pdf,Business_management_paper_2__TZ1_SL.pdf,https://dl.ibdocs.re/documents/business-management-paper-2-tz1-sl-94a51e8fc66ccd49,https://dl.ibdocs.re/p/IB%20PAST%20PAPERS%20-%20YEAR/2024%20Examination%20Session/May%202024%20Examination%20Session/Individuals%20and%20societies/Business_management_paper_2__TZ1_SL.pdf,/IB PAST PAPERS - YEAR/2024 Examination Session/May 2024 Examination Session/Individuals and societies/Business_management_paper_2__TZ1_SL.pdf,2024,May 2024,Business Management,language=not labelled by archive; level=SL; zone=TZ1,question paper,1155948,2f31b364a85a392006b8307883b0c9bfb74047177d9b5bff1ad0570187a040d6,2026-09-02,downloaded; indexed size and PDF signature match; pdfinfo OK; qpdf clean,Unofficial mirror copy; authenticity and redistribution rights unverified; local research/reference only; do not upload to GitHub or redistribute.
resources/private/past-papers/2022-2026/business-psychology/2024 Examination Session/May 2024 Examination Session/Individuals and societies/Business_management_paper_2__TZ1_SL_markscheme.pdf,Business_management_paper_2__TZ1_SL_markscheme.pdf,https://dl.ibdocs.re/documents/business-management-paper-2-tz1-sl-markscheme-1c5b67ff426eb55c,https://dl.ibdocs.re/p/IB%20PAST%20PAPERS%20-%20YEAR/2024%20Examination%20Session/May%202024%20Examination%20Session/Individuals%20and%20societies/Business_management_paper_2__TZ1_SL_markscheme.pdf,/IB PAST PAPERS - YEAR/2024 Examination Session/May 2024 Examination Session/Individuals and societies/Business_management_paper_2__TZ1_SL_markscheme.pdf,2024,May 2024,Business Management,language=not labelled by archive; level=SL; zone=TZ1,markscheme,446099,328ea4f5cda2c82da4825c098628b38e4710f7a1c479b090c414bede6b5e343e,2026-09-02,downloaded; indexed size and PDF signature match; pdfinfo OK; qpdf clean,Unofficial mirror copy; authenticity and redistribution rights unverified; local research/reference only; do not upload to GitHub or redistribute.
resources/private/past-papers/2022-2026/business-psychology/2024 Examination Session/May 2024 Examination Session/Individuals and societies/Business_management_paper_2__TZ2_HL.pdf,Business_management_paper_2__TZ2_HL.pdf,https://dl.ibdocs.re/documents/business-management-paper-2-tz2-hl-0e680bd5dc17984d,https://dl.ibdocs.re/p/IB%20PAST%20PAPERS%20-%20YEAR/2024%20Examination%20Session/May%202024%20Examination%20Session/Individuals%20and%20societies/Business_management_paper_2__TZ2_HL.pdf,/IB PAST PAPERS - YEAR/2024 Examination Session/May 2024 Examination Session/Individuals and societies/Business_management_paper_2__TZ2_HL.pdf,2024,May 2024,Business Management,language=not labelled by archive; level=HL; zone=TZ2,question paper,689601,813ccbdb5bfec34e9a59410514f002db53ba8ae37bdfd8bb5c8ab89bf8d66994,2026-09-02,downloaded; indexed size and PDF signature match; pdfinfo OK; qpdf clean,Unofficial mirror copy; authenticity and redistribution rights unverified; local research/reference only; do not upload to GitHub or redistribute.
resources/private/past-papers/2022-2026/business-psychology/2024 Examination Session/May 2024 Examination Session/Individuals and societies/Business_management_paper_2__TZ2_HL_markscheme.pdf,Business_management_paper_2__TZ2_HL_markscheme.pdf,https://dl.ibdocs.re/documents/business-management-paper-2-tz2-hl-markscheme-3ea0c3f43e12abc0,https://dl.ibdocs.re/p/IB%20PAST%20PAPERS%20-%20YEAR/2024%20Examination%20Session/May%202024%20Examination%20Session/Individuals%20and%20societies/Business_management_paper_2__TZ2_HL_markscheme.pdf,/IB PAST PAPERS - YEAR/2024 Examination Session/May 2024 Examination Session/Individuals and societies/Business_management_paper_2__TZ2_HL_markscheme.pdf,2024,May 2024,Business Management,language=not labelled by archive; level=HL; zone=TZ2,markscheme,412225,06b4028ea2f26480eb2a10b183a966110f412486b6d56dc24486f848fdd50da2,2026-09-02,downloaded; indexed size and PDF signature match; pdfinfo OK; qpdf clean,Unofficial mirror copy; authenticity and redistribution rights unverified; local research/reference only; do not upload to GitHub or redistribute.
resources/private/past-papers/2022-2026/business-psychology/2024 Examination Session/May 2024 Examination Session/Individuals and societies/Business_management_paper_2__TZ2_SL.pdf,Business_management_paper_2__TZ2_SL.pdf,https://dl.ibdocs.re/documents/business-management-paper-2-tz2-sl-e64011d846a97792,https://dl.ibdocs.re/p/IB%20PAST%20PAPERS%20-%20YEAR/2024%20Examination%20Session/May%202024%20Examination%20Session/Individuals%20and%20societies/Business_management_paper_2__TZ2_SL.pdf,/IB PAST PAPERS - YEAR/2024 Examination Session/May 2024 Examination Session/Individuals and societies/Business_management_paper_2__TZ2_SL.pdf,2024,May 2024,Business Management,language=not labelled by archive; level=SL; zone=TZ2,question paper,1794308,e3af29933034e98d012dca26522b9dee9049c91ba00185a93ec1b8c63cbff9fa,2026-09-02,downloaded; indexed size and PDF signature match; pdfinfo OK; qpdf clean,Unofficial mirror copy; authenticity and redistribution rights unverified; local research/reference only; do not upload to GitHub or redistribute.
resources/private/past-papers/2022-2026/business-psychology/2024 Examination Session/May 2024 Examination Session/Individuals and societies/Business_management_paper_2__TZ2_SL_markscheme.pdf,Business_management_paper_2__TZ2_SL_markscheme.pdf,https://dl.ibdocs.re/documents/business-management-paper-2-tz2-sl-markscheme-aa23e4c4d5826d55,https://dl.ibdocs.re/p/IB%20PAST%20PAPERS%20-%20YEAR/2024%20Examination%20Session/May%202024%20Examination%20Session/Individuals%20and%20societies/Business_management_paper_2__TZ2_SL_markscheme.pdf,/IB PAST PAPERS - YEAR/2024 Examination Session/May 2024 Examination Session/Individuals and societies/Business_management_paper_2__TZ2_SL_markscheme.pdf,2024,May 2024,Business Management,language=not labelled by archive; level=SL; zone=TZ2,markscheme,487747,d4c21b476378419aa441860113ce720d8b24f5833edc079df09ce0f3361e3976,2026-09-02,downloaded; indexed size and PDF signature match; pdfinfo OK; qpdf clean,Unofficial mirror copy; authenticity and redistribution rights unverified; local research/reference only; do not upload to GitHub or redistribute.
resources/private/past-papers/2022-2026/business-psychology/2024 Examination Session/May 2024 Examination Session/Individuals and societies/Business_management_paper_3__HL.pdf,Business_management_paper_3__HL.pdf,https://dl.ibdocs.re/documents/business-management-paper-3-hl-7b1a5a25db7a95eb,https://dl.ibdocs.re/p/IB%20PAST%20PAPERS%20-%20YEAR/2024%20Examination%20Session/May%202024%20Examination%20Session/Individuals%20and%20societies/Business_management_paper_3__HL.pdf,/IB PAST PAPERS - YEAR/2024 Examination Session/May 2024 Examination Session/Individuals and societies/Business_management_paper_3__HL.pdf,2024,May 2024,Business Management,language=not labelled by archive; level=HL; zone=not labelled,question paper,1808181,55207ff750014b00dae2b636bf699a4987db6515e73e986b029c38a97edb5807,2026-09-02,downloaded; indexed size and PDF signature match; pdfinfo OK; qpdf clean,Unofficial mirror copy; authenticity and redistribution rights unverified; local research/reference only; do not upload to GitHub or redistribute.
resources/private/past-papers/2022-2026/business-psychology/2024 Examination Session/May 2024 Examination Session/Individuals and societies/Business_management_paper_3__HL_French.pdf,Business_management_paper_3__HL_French.pdf,https://dl.ibdocs.re/documents/business-management-paper-3-hl-french-a9668b682742d718,https://dl.ibdocs.re/p/IB%20PAST%20PAPERS%20-%20YEAR/2024%20Examination%20Session/May%202024%20Examination%20Session/Individuals%20and%20societies/Business_management_paper_3__HL_French.pdf,/IB PAST PAPERS - YEAR/2024 Examination Session/May 2024 Examination Session/Individuals and societies/Business_management_paper_3__HL_French.pdf,2024,May 2024,Business Management,language=French; level=HL; zone=not labelled,question paper,1808876,7087abaf25473000f172b9463be24bf65eb2c5d031c15a6074e7663bdaf7e58c,2026-09-02,downloaded; indexed size and PDF signature match; pdfinfo OK; qpdf clean,Unofficial mirror copy; authenticity and redistribution rights unverified; local research/reference only; do not upload to GitHub or redistribute.
resources/private/past-papers/2022-2026/business-psychology/2024 Examination Session/May 2024 Examination Session/Individuals and societies/Business_management_paper_3__HL_Spanish.pdf,Business_management_paper_3__HL_Spanish.pdf,https://dl.ibdocs.re/documents/business-management-paper-3-hl-spanish-fc57fbfe71690bf0,https://dl.ibdocs.re/p/IB%20PAST%20PAPERS%20-%20YEAR/2024%20Examination%20Session/May%202024%20Examination%20Session/Individuals%20and%20societies/Business_management_paper_3__HL_Spanish.pdf,/IB PAST PAPERS - YEAR/2024 Examination Session/May 2024 Examination Session/Individuals and societies/Business_management_paper_3__HL_Spanish.pdf,2024,May 2024,Business Management,language=Spanish; level=HL; zone=not labelled,question paper,1824138,29cbb486bdc93e335a5093c061e46fc331e1606050ea2486f46018c0cab6b8e6,2026-09-02,downloaded; indexed size and PDF signature match; pdfinfo OK; qpdf clean,Unofficial mirror copy; authenticity and redistribution rights unverified; local research/reference only; do not upload to GitHub or redistribute.
resources/private/past-papers/2022-2026/business-psychology/2024 Examination Session/May 2024 Examination Session/Individuals and societies/Business_management_paper_3__HL_markscheme.pdf,Business_management_paper_3__HL_markscheme.pdf,https://dl.ibdocs.re/documents/business-management-paper-3-hl-markscheme-a3098e9fff8c9e0e,https://dl.ibdocs.re/p/IB%20PAST%20PAPERS%20-%20YEAR/2024%20Examination%20Session/May%202024%20Examination%20Session/Individuals%20and%20societies/Business_management_paper_3__HL_markscheme.pdf,/IB PAST PAPERS - YEAR/2024 Examination Session/May 2024 Examination Session/Individuals and societies/Business_management_paper_3__HL_markscheme.pdf,2024,May 2024,Business Management,language=not labelled by archive; level=HL; zone=not labelled,markscheme,589359,dc9fd2f83c79c1a54d71fdb80ad246e5ddab2bae88c399253d9dc28b08bb461b,2026-09-02,downloaded; indexed size and PDF signature match; pdfinfo OK; qpdf clean,Unofficial mirror copy; authenticity and redistribution rights unverified; local research/reference only; do not upload to GitHub or redistribute.
resources/private/past-papers/2022-2026/business-psychology/2024 Examination Session/May 2024 Examination Session/Individuals and societies/Business_management_paper_3__HL_markscheme_Spanish.pdf,Business_management_paper_3__HL_markscheme_Spanish.pdf,https://dl.ibdocs.re/documents/business-management-paper-3-hl-markscheme-spanish-307a78e9703594d5,https://dl.ibdocs.re/p/IB%20PAST%20PAPERS%20-%20YEAR/2024%20Examination%20Session/May%202024%20Examination%20Session/Individuals%20and%20societies/Business_management_paper_3__HL_markscheme_Spanish.pdf,/IB PAST PAPERS - YEAR/2024 Examination Session/May 2024 Examination Session/Individuals and societies/Business_management_paper_3__HL_markscheme_Spanish.pdf,2024,May 2024,Business Management,language=Spanish; level=HL; zone=not labelled,markscheme,425286,5b3854d52d24671777f91294d41b476c1c0d8e9708981963173a1e8622fff39c,2026-09-02,downloaded; indexed size and PDF signature match; pdfinfo OK; qpdf clean,Unofficial mirror copy; authenticity and redistribution rights unverified; local research/reference only; do not upload to GitHub or redistribute.
resources/private/past-papers/2022-2026/business-psychology/2024 Examination Session/November 2024 Examination Session/Individuals and societies/Business_management_paper_1__HLSL_Spanish.pdf,Business_management_paper_1__HLSL_Spanish.pdf,https://dl.ibdocs.re/documents/business-management-paper-1-hlsl-spanish-fd8db6998e29f716,https://dl.ibdocs.re/p/IB%20PAST%20PAPERS%20-%20YEAR/2024%20Examination%20Session/November%202024%20Examination%20Session/Individuals%20and%20societies/Business_management_paper_1__HLSL_Spanish.pdf,/IB PAST PAPERS - YEAR/2024 Examination Session/November 2024 Examination Session/Individuals and societies/Business_management_paper_1__HLSL_Spanish.pdf,2024,November 2024,Business Management,language=Spanish; level=HL/SL; zone=not labelled,question paper,879480,6448248b0eec6d7f5ed2fb0e167de196f551879d9a63a46d986669a617da6e68,2026-09-02,downloaded; indexed size and PDF signature match; pdfinfo OK; qpdf clean,Unofficial mirror copy; authenticity and redistribution rights unverified; local research/reference only; do not upload to GitHub or redistribute.
resources/private/past-papers/2022-2026/business-psychology/2024 Examination Session/November 2024 Examination Session/Individuals and societies/Business_management_paper_1__HLSL_markscheme_Spanish.pdf,Business_management_paper_1__HLSL_markscheme_Spanish.pdf,https://dl.ibdocs.re/documents/business-management-paper-1-hlsl-markscheme-spanish-14c7dddc79ce9283,https://dl.ibdocs.re/p/IB%20PAST%20PAPERS%20-%20YEAR/2024%20Examination%20Session/November%202024%20Examination%20Session/Individuals%20and%20societies/Business_management_paper_1__HLSL_markscheme_Spanish.pdf,/IB PAST PAPERS - YEAR/2024 Examination Session/November 2024 Examination Session/Individuals and societies/Business_management_paper_1__HLSL_markscheme_Spanish.pdf,2024,November 2024,Business Management,language=Spanish; level=HL/SL; zone=not labelled,markscheme,617246,c1f78d7db359af2e34444332a924bd66488e3d727edcfa536b6442c5d32ee630,2026-09-02,downloaded; indexed size and PDF signature match; pdfinfo OK; qpdf clean,Unofficial mirror copy; authenticity and redistribution rights unverified; local research/reference only; do not upload to GitHub or redistribute.
resources/private/past-papers/2022-2026/business-psychology/2024 Examination Session/November 2024 Examination Session/Individuals and societies/Business_management_paper_1__TZ1_HLSL.pdf,Business_management_paper_1__TZ1_HLSL.pdf,https://dl.ibdocs.re/documents/business-management-paper-1-tz1-hlsl-152c97d551707937,https://dl.ibdocs.re/p/IB%20PAST%20PAPERS%20-%20YEAR/2024%20Examination%20Session/November%202024%20Examination%20Session/Individuals%20and%20societies/Business_management_paper_1__TZ1_HLSL.pdf,/IB PAST PAPERS - YEAR/2024 Examination Session/November 2024 Examination Session/Individuals and societies/Business_management_paper_1__TZ1_HLSL.pdf,2024,November 2024,Business Management,language=not labelled by archive; level=HL/SL; zone=TZ1,question paper,876644,dc300223dc4fdc2ea6d79df176cdf8cd9c1eba49ed2ec99da09116f8b786dc27,2026-09-02,downloaded; indexed size and PDF signature match; pdfinfo OK; qpdf clean,Unofficial mirror copy; authenticity and redistribution rights unverified; local research/reference only; do not upload to GitHub or redistribute.
resources/private/past-papers/2022-2026/business-psychology/2024 Examination Session/November 2024 Examination Session/Individuals and societies/Business_management_paper_1__TZ1_HLSL_markscheme.pdf,Business_management_paper_1__TZ1_HLSL_markscheme.pdf,https://dl.ibdocs.re/documents/business-management-paper-1-tz1-hlsl-markscheme-d9a98cfd81ab624a,https://dl.ibdocs.re/p/IB%20PAST%20PAPERS%20-%20YEAR/2024%20Examination%20Session/November%202024%20Examination%20Session/Individuals%20and%20societies/Business_management_paper_1__TZ1_HLSL_markscheme.pdf,/IB PAST PAPERS - YEAR/2024 Examination Session/November 2024 Examination Session/Individuals and societies/Business_management_paper_1__TZ1_HLSL_markscheme.pdf,2024,November 2024,Business Management,language=not labelled by archive; level=HL/SL; zone=TZ1,markscheme,323600,280cdb9edc1b19022e3c9ccc58c59fe4256b5341e1a3adab801fba7d537c159f,2026-09-02,downloaded; indexed size and PDF signature match; pdfinfo OK; qpdf clean,Unofficial mirror copy; authenticity and redistribution rights unverified; local research/reference only; do not upload to GitHub or redistribute.
resources/private/past-papers/2022-2026/business-psychology/2024 Examination Session/November 2024 Examination Session/Individuals and societies/Business_management_paper_1__TZ2_HLSL.pdf,Business_management_paper_1__TZ2_HLSL.pdf,https://dl.ibdocs.re/documents/business-management-paper-1-tz2-hlsl-490f46688d368e6c,https://dl.ibdocs.re/p/IB%20PAST%20PAPERS%20-%20YEAR/2024%20Examination%20Session/November%202024%20Examination%20Session/Individuals%20and%20societies/Business_management_paper_1__TZ2_HLSL.pdf,/IB PAST PAPERS - YEAR/2024 Examination Session/November 2024 Examination Session/Individuals and societies/Business_management_paper_1__TZ2_HLSL.pdf,2024,November 2024,Business Management,language=not labelled by archive; level=HL/SL; zone=TZ2,question paper,876396,28d2f616872a9318cd4e699a9abe237e4333342d5db04fbacf50aa12ff0efdd1,2026-09-02,downloaded; indexed size and PDF signature match; pdfinfo OK; qpdf clean,Unofficial mirror copy; authenticity and redistribution rights unverified; local research/reference only; do not upload to GitHub or redistribute.
resources/private/past-papers/2022-2026/business-psychology/2024 Examination Session/November 2024 Examination Session/Individuals and societies/Business_management_paper_1__TZ2_HLSL_markscheme.pdf,Business_management_paper_1__TZ2_HLSL_markscheme.pdf,https://dl.ibdocs.re/documents/business-management-paper-1-tz2-hlsl-markscheme-1faeee6403cf9577,https://dl.ibdocs.re/p/IB%20PAST%20PAPERS%20-%20YEAR/2024%20Examination%20Session/November%202024%20Examination%20Session/Individuals%20and%20societies/Business_management_paper_1__TZ2_HLSL_markscheme.pdf,/IB PAST PAPERS - YEAR/2024 Examination Session/November 2024 Examination Session/Individuals and societies/Business_management_paper_1__TZ2_HLSL_markscheme.pdf,2024,November 2024,Business Management,language=not labelled by archive; level=HL/SL; zone=TZ2,markscheme,601183,da025f3c612e2a858a57397eddb55ff206de913ff47cd21c1d4fed7df9d06c2d,2026-09-02,downloaded; indexed size and PDF signature match; pdfinfo OK; qpdf clean,Unofficial mirror copy; authenticity and redistribution rights unverified; local research/reference only; do not upload to GitHub or redistribute.
resources/private/past-papers/2022-2026/business-psychology/2024 Examination Session/November 2024 Examination Session/Individuals and societies/Business_management_paper_1__pre-released_statement_HLSL.pdf,Business_management_paper_1__pre-released_statement_HLSL.pdf,https://dl.ibdocs.re/documents/business-management-paper-1-pre-released-statement-hlsl-448aa64a0d080933,https://dl.ibdocs.re/p/IB%20PAST%20PAPERS%20-%20YEAR/2024%20Examination%20Session/November%202024%20Examination%20Session/Individuals%20and%20societies/Business_management_paper_1__pre-released_statement_HLSL.pdf,/IB PAST PAPERS - YEAR/2024 Examination Session/November 2024 Examination Session/Individuals and societies/Business_management_paper_1__pre-released_statement_HLSL.pdf,2024,November 2024,Business Management,language=not labelled by archive; level=HL/SL; zone=not labelled,pre-released statement / pre-seen material,355331,962d4c50736fa9f76c70f927a3bbcef3ae4fee1b36dd628d0bbeb823d9378b30,2026-09-02,downloaded; indexed size and PDF signature match; pdfinfo OK; qpdf succeeded with source-file warnings,Unofficial mirror copy; authenticity and redistribution rights unverified; local research/reference only; do not upload to GitHub or redistribute.
resources/private/past-papers/2022-2026/business-psychology/2024 Examination Session/November 2024 Examination Session/Individuals and societies/Business_management_paper_1__pre-released_statement_HLSL_Spanish.pdf,Business_management_paper_1__pre-released_statement_HLSL_Spanish.pdf,https://dl.ibdocs.re/documents/business-management-paper-1-pre-released-statement-hlsl-spanish-a38a22c1226b2a78,https://dl.ibdocs.re/p/IB%20PAST%20PAPERS%20-%20YEAR/2024%20Examination%20Session/November%202024%20Examination%20Session/Individuals%20and%20societies/Business_management_paper_1__pre-released_statement_HLSL_Spanish.pdf,/IB PAST PAPERS - YEAR/2024 Examination Session/November 2024 Examination Session/Individuals and societies/Business_management_paper_1__pre-released_statement_HLSL_Spanish.pdf,2024,November 2024,Business Management,language=Spanish; level=HL/SL; zone=not labelled,pre-released statement / pre-seen material,357770,f027c124f50ba95d8e82801e4aa6a7b50ff63a5a05aa65b7ea55e9f41feaa840,2026-09-02,downloaded; indexed size and PDF signature match; pdfinfo OK; qpdf clean,Unofficial mirror copy; authenticity and redistribution rights unverified; local research/reference only; do not upload to GitHub or redistribute.
resources/private/past-papers/2022-2026/business-psychology/2024 Examination Session/November 2024 Examination Session/Individuals and societies/Business_management_paper_2__HL_Spanish.pdf,Business_management_paper_2__HL_Spanish.pdf,https://dl.ibdocs.re/documents/business-management-paper-2-hl-spanish-d64ca4aac0d8da0c,https://dl.ibdocs.re/p/IB%20PAST%20PAPERS%20-%20YEAR/2024%20Examination%20Session/November%202024%20Examination%20Session/Individuals%20and%20societies/Business_management_paper_2__HL_Spanish.pdf,/IB PAST PAPERS - YEAR/2024 Examination Session/November 2024 Examination Session/Individuals and societies/Business_management_paper_2__HL_Spanish.pdf,2024,November 2024,Business Management,language=Spanish; level=HL; zone=not labelled,question paper,1168407,dca3808bcb294cf4c5d5ec8c9ceab7fa5c68c75ae5ae8ccc43833de22152c5ea,2026-09-02,downloaded; indexed size and PDF signature match; pdfinfo OK; qpdf clean,Unofficial mirror copy; authenticity and redistribution rights unverified; local research/reference only; do not upload to GitHub or redistribute.
resources/private/past-papers/2022-2026/business-psychology/2024 Examination Session/November 2024 Examination Session/Individuals and societies/Business_management_paper_2__HL_markscheme_Spanish.pdf,Business_management_paper_2__HL_markscheme_Spanish.pdf,https://dl.ibdocs.re/documents/business-management-paper-2-hl-markscheme-spanish-5b436a8adf51c261,https://dl.ibdocs.re/p/IB%20PAST%20PAPERS%20-%20YEAR/2024%20Examination%20Session/November%202024%20Examination%20Session/Individuals%20and%20societies/Business_management_paper_2__HL_markscheme_Spanish.pdf,/IB PAST PAPERS - YEAR/2024 Examination Session/November 2024 Examination Session/Individuals and societies/Business_management_paper_2__HL_markscheme_Spanish.pdf,2024,November 2024,Business Management,language=Spanish; level=HL; zone=not labelled,markscheme,453969,dd5c9aafe6b019f7449bc0d15c9b2e4403a9ec7402ef83b59d2655b66fafdb8d,2026-09-02,downloaded; indexed size and PDF signature match; pdfinfo OK; qpdf succeeded with source-file warnings,Unofficial mirror copy; authenticity and redistribution rights unverified; local research/reference only; do not upload to GitHub or redistribute.
resources/private/past-papers/2022-2026/business-psychology/2024 Examination Session/November 2024 Examination Session/Individuals and societies/Business_management_paper_2__SL_Spanish.pdf,Business_management_paper_2__SL_Spanish.pdf,https://dl.ibdocs.re/documents/business-management-paper-2-sl-spanish-3aeabbd16a6b0037,https://dl.ibdocs.re/p/IB%20PAST%20PAPERS%20-%20YEAR/2024%20Examination%20Session/November%202024%20Examination%20Session/Individuals%20and%20societies/Business_management_paper_2__SL_Spanish.pdf,/IB PAST PAPERS - YEAR/2024 Examination Session/November 2024 Examination Session/Individuals and societies/Business_management_paper_2__SL_Spanish.pdf,2024,November 2024,Business Management,language=Spanish; level=SL; zone=not labelled,question paper,1259135,77fe7c1794f87425a72bd86d5e9367d1cebcc447a20ca1818580d07e42aa4006,2026-09-02,downloaded; indexed size and PDF signature match; pdfinfo OK; qpdf clean,Unofficial mirror copy; authenticity and redistribution rights unverified; local research/reference only; do not upload to GitHub or redistribute.
resources/private/past-papers/2022-2026/business-psychology/2024 Examination Session/November 2024 Examination Session/Individuals and societies/Business_management_paper_2__SL_markscheme_Spanish.pdf,Business_management_paper_2__SL_markscheme_Spanish.pdf,https://dl.ibdocs.re/documents/business-management-paper-2-sl-markscheme-spanish-def898ff3210be60,https://dl.ibdocs.re/p/IB%20PAST%20PAPERS%20-%20YEAR/2024%20Examination%20Session/November%202024%20Examination%20Session/Individuals%20and%20societies/Business_management_paper_2__SL_markscheme_Spanish.pdf,/IB PAST PAPERS - YEAR/2024 Examination Session/November 2024 Examination Session/Individuals and societies/Business_management_paper_2__SL_markscheme_Spanish.pdf,2024,November 2024,Business Management,language=Spanish; level=SL; zone=not labelled,markscheme,730404,01dc36a72863019feabeb1edad488b37950ecbcded232cfdde10f6b21b8f5785,2026-09-02,downloaded; indexed size and PDF signature match; pdfinfo OK; qpdf clean,Unofficial mirror copy; authenticity and redistribution rights unverified; local research/reference only; do not upload to GitHub or redistribute.
resources/private/past-papers/2022-2026/business-psychology/2024 Examination Session/November 2024 Examination Session/Individuals and societies/Business_management_paper_2__TZ1_HL.pdf,Business_management_paper_2__TZ1_HL.pdf,https://dl.ibdocs.re/documents/business-management-paper-2-tz1-hl-001b50550a0f6d35,https://dl.ibdocs.re/p/IB%20PAST%20PAPERS%20-%20YEAR/2024%20Examination%20Session/November%202024%20Examination%20Session/Individuals%20and%20societies/Business_management_paper_2__TZ1_HL.pdf,/IB PAST PAPERS - YEAR/2024 Examination Session/November 2024 Examination Session/Individuals and societies/Business_management_paper_2__TZ1_HL.pdf,2024,November 2024,Business Management,language=not labelled by archive; level=HL; zone=TZ1,question paper,1160684,b162fcdebf6d60e3dfb84ceab300d072613d01ddf07db485cab76bf97637f462,2026-09-02,downloaded; indexed size and PDF signature match; pdfinfo OK; qpdf clean,Unofficial mirror copy; authenticity and redistribution rights unverified; local research/reference only; do not upload to GitHub or redistribute.
resources/private/past-papers/2022-2026/business-psychology/2024 Examination Session/November 2024 Examination Session/Individuals and societies/Business_management_paper_2__TZ1_HL_markscheme.pdf,Business_management_paper_2__TZ1_HL_markscheme.pdf,https://dl.ibdocs.re/documents/business-management-paper-2-tz1-hl-markscheme-7ebdfef36d5dc708,https://dl.ibdocs.re/p/IB%20PAST%20PAPERS%20-%20YEAR/2024%20Examination%20Session/November%202024%20Examination%20Session/Individuals%20and%20societies/Business_management_paper_2__TZ1_HL_markscheme.pdf,/IB PAST PAPERS - YEAR/2024 Examination Session/November 2024 Examination Session/Individuals and societies/Business_management_paper_2__TZ1_HL_markscheme.pdf,2024,November 2024,Business Management,language=not labelled by archive; level=HL; zone=TZ1,markscheme,448379,046f58154916ee647a2317ae7a5723f542ddfb53ffd0d1cade9568d2c0470249,2026-09-02,downloaded; indexed size and PDF signature match; pdfinfo OK; qpdf clean,Unofficial mirror copy; authenticity and redistribution rights unverified; local research/reference only; do not upload to GitHub or redistribute.
resources/private/past-papers/2022-2026/business-psychology/2024 Examination Session/November 2024 Examination Session/Individuals and societies/Business_management_paper_2__TZ1_SL.pdf,Business_management_paper_2__TZ1_SL.pdf,https://dl.ibdocs.re/documents/business-management-paper-2-tz1-sl-47d200ef74f5edea,https://dl.ibdocs.re/p/IB%20PAST%20PAPERS%20-%20YEAR/2024%20Examination%20Session/November%202024%20Examination%20Session/Individuals%20and%20societies/Business_management_paper_2__TZ1_SL.pdf,/IB PAST PAPERS - YEAR/2024 Examination Session/November 2024 Examination Session/Individuals and societies/Business_management_paper_2__TZ1_SL.pdf,2024,November 2024,Business Management,language=not labelled by archive; level=SL; zone=TZ1,question paper,1268096,3822ff3e197251404885d56052c0b6e51a14b32766dceee37d07eb8d10e63d05,2026-09-02,downloaded; indexed size and PDF signature match; pdfinfo OK; qpdf clean,Unofficial mirror copy; authenticity and redistribution rights unverified; local research/reference only; do not upload to GitHub or redistribute.
resources/private/past-papers/2022-2026/business-psychology/2024 Examination Session/November 2024 Examination Session/Individuals and societies/Business_management_paper_2__TZ1_SL_markscheme.pdf,Business_management_paper_2__TZ1_SL_markscheme.pdf,https://dl.ibdocs.re/documents/business-management-paper-2-tz1-sl-markscheme-4ea265e35a08d22d,https://dl.ibdocs.re/p/IB%20PAST%20PAPERS%20-%20YEAR/2024%20Examination%20Session/November%202024%20Examination%20Session/Individuals%20and%20societies/Business_management_paper_2__TZ1_SL_markscheme.pdf,/IB PAST PAPERS - YEAR/2024 Examination Session/November 2024 Examination Session/Individuals and societies/Business_management_paper_2__TZ1_SL_markscheme.pdf,2024,November 2024,Business Management,language=not labelled by archive; level=SL; zone=TZ1,markscheme,514558,003495f2186d9c547f294109816b43d1cb17158103fb84bf6660d972256aa9d1,2026-09-02,downloaded; indexed size and PDF signature match; pdfinfo OK; qpdf clean,Unofficial mirror copy; authenticity and redistribution rights unverified; local research/reference only; do not upload to GitHub or redistribute.
resources/private/past-papers/2022-2026/business-psychology/2024 Examination Session/November 2024 Examination Session/Individuals and societies/Business_management_paper_2__TZ2_HL.pdf,Business_management_paper_2__TZ2_HL.pdf,https://dl.ibdocs.re/documents/business-management-paper-2-tz2-hl-60cbd2e4e586a6f6,https://dl.ibdocs.re/p/IB%20PAST%20PAPERS%20-%20YEAR/2024%20Examination%20Session/November%202024%20Examination%20Session/Individuals%20and%20societies/Business_management_paper_2__TZ2_HL.pdf,/IB PAST PAPERS - YEAR/2024 Examination Session/November 2024 Examination Session/Individuals and societies/Business_management_paper_2__TZ2_HL.pdf,2024,November 2024,Business Management,language=not labelled by archive; level=HL; zone=TZ2,question paper,1165553,6d4fe2ac949f6ce19a4988d8b65329c72a5c13a9d028f04c09cd4f6f43a93e3c,2026-09-02,downloaded; indexed size and PDF signature match; pdfinfo OK; qpdf clean,Unofficial mirror copy; authenticity and redistribution rights unverified; local research/reference only; do not upload to GitHub or redistribute.
resources/private/past-papers/2022-2026/business-psychology/2024 Examination Session/November 2024 Examination Session/Individuals and societies/Business_management_paper_2__TZ2_HL_markscheme.pdf,Business_management_paper_2__TZ2_HL_markscheme.pdf,https://dl.ibdocs.re/documents/business-management-paper-2-tz2-hl-markscheme-06c2f5c2f058da79,https://dl.ibdocs.re/p/IB%20PAST%20PAPERS%20-%20YEAR/2024%20Examination%20Session/November%202024%20Examination%20Session/Individuals%20and%20societies/Business_management_paper_2__TZ2_HL_markscheme.pdf,/IB PAST PAPERS - YEAR/2024 Examination Session/November 2024 Examination Session/Individuals and societies/Business_management_paper_2__TZ2_HL_markscheme.pdf,2024,November 2024,Business Management,language=not labelled by archive; level=HL; zone=TZ2,markscheme,435620,2ca9eb6119bbe5ed3df95694bbee05a7c4e472d08bd2a2ca0a08c3b061ab80fb,2026-09-02,downloaded; indexed size and PDF signature match; pdfinfo OK; qpdf clean,Unofficial mirror copy; authenticity and redistribution rights unverified; local research/reference only; do not upload to GitHub or redistribute.
resources/private/past-papers/2022-2026/business-psychology/2024 Examination Session/November 2024 Examination Session/Individuals and societies/Business_management_paper_2__TZ2_SL.pdf,Business_management_paper_2__TZ2_SL.pdf,https://dl.ibdocs.re/documents/business-management-paper-2-tz2-sl-32040580e9d88521,https://dl.ibdocs.re/p/IB%20PAST%20PAPERS%20-%20YEAR/2024%20Examination%20Session/November%202024%20Examination%20Session/Individuals%20and%20societies/Business_management_paper_2__TZ2_SL.pdf,/IB PAST PAPERS - YEAR/2024 Examination Session/November 2024 Examination Session/Individuals and societies/Business_management_paper_2__TZ2_SL.pdf,2024,November 2024,Business Management,language=not labelled by archive; level=SL; zone=TZ2,question paper,1256158,d1aadbd0e0c20dfd5adc377e45811699cef4f090781fb8fc938dbd344495acb9,2026-09-02,downloaded; indexed size and PDF signature match; pdfinfo OK; qpdf clean,Unofficial mirror copy; authenticity and redistribution rights unverified; local research/reference only; do not upload to GitHub or redistribute.
resources/private/past-papers/2022-2026/business-psychology/2024 Examination Session/November 2024 Examination Session/Individuals and societies/Business_management_paper_2__TZ2_SL_markscheme.pdf,Business_management_paper_2__TZ2_SL_markscheme.pdf,https://dl.ibdocs.re/documents/business-management-paper-2-tz2-sl-markscheme-a00fd8af04e37674,https://dl.ibdocs.re/p/IB%20PAST%20PAPERS%20-%20YEAR/2024%20Examination%20Session/November%202024%20Examination%20Session/Individuals%20and%20societies/Business_management_paper_2__TZ2_SL_markscheme.pdf,/IB PAST PAPERS - YEAR/2024 Examination Session/November 2024 Examination Session/Individuals and societies/Business_management_paper_2__TZ2_SL_markscheme.pdf,2024,November 2024,Business Management,language=not labelled by archive; level=SL; zone=TZ2,markscheme,493910,f23ae86c177202726f889674fe9a5722256671d83c12ba89d831f6fb834232fc,2026-09-02,downloaded; indexed size and PDF signature match; pdfinfo OK; qpdf clean,Unofficial mirror copy; authenticity and redistribution rights unverified; local research/reference only; do not upload to GitHub or redistribute.
resources/private/past-papers/2022-2026/business-psychology/2024 Examination Session/November 2024 Examination Session/Individuals and societies/Business_management_paper_3__HL.pdf,Business_management_paper_3__HL.pdf,https://dl.ibdocs.re/documents/business-management-paper-3-hl-bcad40c7b2f30060,https://dl.ibdocs.re/p/IB%20PAST%20PAPERS%20-%20YEAR/2024%20Examination%20Session/November%202024%20Examination%20Session/Individuals%20and%20societies/Business_management_paper_3__HL.pdf,/IB PAST PAPERS - YEAR/2024 Examination Session/November 2024 Examination Session/Individuals and societies/Business_management_paper_3__HL.pdf,2024,November 2024,Business Management,language=not labelled by archive; level=HL; zone=not labelled,question paper,1079572,192a2b0feba923d72c4a950ac63f4b0e34efebc5da109a34beff5927e481900b,2026-09-02,downloaded; indexed size and PDF signature match; pdfinfo OK; qpdf clean,Unofficial mirror copy; authenticity and redistribution rights unverified; local research/reference only; do not upload to GitHub or redistribute.
resources/private/past-papers/2022-2026/business-psychology/2024 Examination Session/November 2024 Examination Session/Individuals and societies/Business_management_paper_3__HL_Spanish.pdf,Business_management_paper_3__HL_Spanish.pdf,https://dl.ibdocs.re/documents/business-management-paper-3-hl-spanish-548b8d2ccffeaf07,https://dl.ibdocs.re/p/IB%20PAST%20PAPERS%20-%20YEAR/2024%20Examination%20Session/November%202024%20Examination%20Session/Individuals%20and%20societies/Business_management_paper_3__HL_Spanish.pdf,/IB PAST PAPERS - YEAR/2024 Examination Session/November 2024 Examination Session/Individuals and societies/Business_management_paper_3__HL_Spanish.pdf,2024,November 2024,Business Management,language=Spanish; level=HL; zone=not labelled,question paper,1083104,3ef608a99922ae2493c52187941cd37734437b34fc24ba18aab13e213cefc8b9,2026-09-02,downloaded; indexed size and PDF signature match; pdfinfo OK; qpdf clean,Unofficial mirror copy; authenticity and redistribution rights unverified; local research/reference only; do not upload to GitHub or redistribute.
resources/private/past-papers/2022-2026/business-psychology/2024 Examination Session/November 2024 Examination Session/Individuals and societies/Business_management_paper_3__HL_markscheme.pdf,Business_management_paper_3__HL_markscheme.pdf,https://dl.ibdocs.re/documents/business-management-paper-3-hl-markscheme-be4358b4a32ef26b,https://dl.ibdocs.re/p/IB%20PAST%20PAPERS%20-%20YEAR/2024%20Examination%20Session/November%202024%20Examination%20Session/Individuals%20and%20societies/Business_management_paper_3__HL_markscheme.pdf,/IB PAST PAPERS - YEAR/2024 Examination Session/November 2024 Examination Session/Individuals and societies/Business_management_paper_3__HL_markscheme.pdf,2024,November 2024,Business Management,language=not labelled by archive; level=HL; zone=not labelled,markscheme,339455,f874a2f88a916ee36bf529c037fd6bdc081c9353df48820f1f9ad3a69adc5b8a,2026-09-02,downloaded; indexed size and PDF signature match; pdfinfo OK; qpdf clean,Unofficial mirror copy; authenticity and redistribution rights unverified; local research/reference only; do not upload to GitHub or redistribute.
resources/private/past-papers/2022-2026/business-psychology/2024 Examination Session/November 2024 Examination Session/Individuals and societies/Business_management_paper_3__HL_markscheme_Spanish.pdf,Business_management_paper_3__HL_markscheme_Spanish.pdf,https://dl.ibdocs.re/documents/business-management-paper-3-hl-markscheme-spanish-478e4f9fade5f870,https://dl.ibdocs.re/p/IB%20PAST%20PAPERS%20-%20YEAR/2024%20Examination%20Session/November%202024%20Examination%20Session/Individuals%20and%20societies/Business_management_paper_3__HL_markscheme_Spanish.pdf,/IB PAST PAPERS - YEAR/2024 Examination Session/November 2024 Examination Session/Individuals and societies/Business_management_paper_3__HL_markscheme_Spanish.pdf,2024,November 2024,Business Management,language=Spanish; level=HL; zone=not labelled,markscheme,322117,c6f703f2e1696b1ae32f70634bdae79c587b8c274badb1032e3bb07a6f380c53,2026-09-02,downloaded; indexed size and PDF signature match; pdfinfo OK; qpdf clean,Unofficial mirror copy; authenticity and redistribution rights unverified; local research/reference only; do not upload to GitHub or redistribute.
resources/private/past-papers/2022-2026/business-psychology/2025 Examination Session/May 2025 Examination Session/Individuals and societies/Business_management_paper_1_TZ1_HLSL.pdf,Business_management_paper_1_TZ1_HLSL.pdf,https://dl.ibdocs.re/documents/business-management-paper-1-tz1-hlsl-93c72c072353624f,https://dl.ibdocs.re/p/IB%20PAST%20PAPERS%20-%20YEAR/2025%20Examination%20Session/May%202025%20Examination%20Session/Individuals%20and%20societies/Business_management_paper_1_TZ1_HLSL.pdf,/IB PAST PAPERS - YEAR/2025 Examination Session/May 2025 Examination Session/Individuals and societies/Business_management_paper_1_TZ1_HLSL.pdf,2025,May 2025,Business Management,language=not labelled by archive; level=HL/SL; zone=TZ1,question paper,342564,a27a60207929bf9e4f92e8c6000b13bf9b72460911ce20ec5038d1bc566944bb,2026-09-02,downloaded; indexed size and PDF signature match; pdfinfo OK; qpdf clean,Unofficial mirror copy; authenticity and redistribution rights unverified; local research/reference only; do not upload to GitHub or redistribute.
resources/private/past-papers/2022-2026/business-psychology/2025 Examination Session/May 2025 Examination Session/Individuals and societies/Business_management_paper_1_TZ1_HLSL_markscheme.pdf,Business_management_paper_1_TZ1_HLSL_markscheme.pdf,https://dl.ibdocs.re/documents/business-management-paper-1-tz1-hlsl-markscheme-5039224ca57c6822,https://dl.ibdocs.re/p/IB%20PAST%20PAPERS%20-%20YEAR/2025%20Examination%20Session/May%202025%20Examination%20Session/Individuals%20and%20societies/Business_management_paper_1_TZ1_HLSL_markscheme.pdf,/IB PAST PAPERS - YEAR/2025 Examination Session/May 2025 Examination Session/Individuals and societies/Business_management_paper_1_TZ1_HLSL_markscheme.pdf,2025,May 2025,Business Management,language=not labelled by archive; level=HL/SL; zone=TZ1,markscheme,316424,fbf80d9bd6fd56a4c3fd1b3ea2116302e8e4ba63df1eca54dec7040efe02c671,2026-09-02,downloaded; indexed size and PDF signature match; pdfinfo OK; qpdf clean,Unofficial mirror copy; authenticity and redistribution rights unverified; local research/reference only; do not upload to GitHub or redistribute.
resources/private/past-papers/2022-2026/business-psychology/2025 Examination Session/May 2025 Examination Session/Individuals and societies/Business_management_paper_1_TZ2_HLSL.pdf,Business_management_paper_1_TZ2_HLSL.pdf,https://dl.ibdocs.re/documents/business-management-paper-1-tz2-hlsl-0dcc138d303de724,https://dl.ibdocs.re/p/IB%20PAST%20PAPERS%20-%20YEAR/2025%20Examination%20Session/May%202025%20Examination%20Session/Individuals%20and%20societies/Business_management_paper_1_TZ2_HLSL.pdf,/IB PAST PAPERS - YEAR/2025 Examination Session/May 2025 Examination Session/Individuals and societies/Business_management_paper_1_TZ2_HLSL.pdf,2025,May 2025,Business Management,language=not labelled by archive; level=HL/SL; zone=TZ2,question paper,356257,ce1c05b2dc256d2ff5f22c65165e96a1b82dde44380e938724c27aa785c8e8d3,2026-09-02,downloaded; indexed size and PDF signature match; pdfinfo OK; qpdf clean,Unofficial mirror copy; authenticity and redistribution rights unverified; local research/reference only; do not upload to GitHub or redistribute.
resources/private/past-papers/2022-2026/business-psychology/2025 Examination Session/May 2025 Examination Session/Individuals and societies/Business_management_paper_1_TZ2_HLSL_French.pdf,Business_management_paper_1_TZ2_HLSL_French.pdf,https://dl.ibdocs.re/documents/business-management-paper-1-tz2-hlsl-french-36cf2fc830fb29d5,https://dl.ibdocs.re/p/IB%20PAST%20PAPERS%20-%20YEAR/2025%20Examination%20Session/May%202025%20Examination%20Session/Individuals%20and%20societies/Business_management_paper_1_TZ2_HLSL_French.pdf,/IB PAST PAPERS - YEAR/2025 Examination Session/May 2025 Examination Session/Individuals and societies/Business_management_paper_1_TZ2_HLSL_French.pdf,2025,May 2025,Business Management,language=French; level=HL/SL; zone=TZ2,question paper,359794,34fcb9bc813083d5b5e01fdac6aa798a2e5ea9a5fa570407d95c0c1495bbe058,2026-09-02,downloaded; indexed size and PDF signature match; pdfinfo OK; qpdf clean,Unofficial mirror copy; authenticity and redistribution rights unverified; local research/reference only; do not upload to GitHub or redistribute.
resources/private/past-papers/2022-2026/business-psychology/2025 Examination Session/May 2025 Examination Session/Individuals and societies/Business_management_paper_1_TZ2_HLSL_Spanish.pdf,Business_management_paper_1_TZ2_HLSL_Spanish.pdf,https://dl.ibdocs.re/documents/business-management-paper-1-tz2-hlsl-spanish-08bb244275ca761b,https://dl.ibdocs.re/p/IB%20PAST%20PAPERS%20-%20YEAR/2025%20Examination%20Session/May%202025%20Examination%20Session/Individuals%20and%20societies/Business_management_paper_1_TZ2_HLSL_Spanish.pdf,/IB PAST PAPERS - YEAR/2025 Examination Session/May 2025 Examination Session/Individuals and societies/Business_management_paper_1_TZ2_HLSL_Spanish.pdf,2025,May 2025,Business Management,language=Spanish; level=HL/SL; zone=TZ2,question paper,357705,b6454e70d8675f076ee3848525ae03bf7ebcbe41b6de433145cf8edcab5ad305,2026-09-02,downloaded; indexed size and PDF signature match; pdfinfo OK; qpdf clean,Unofficial mirror copy; authenticity and redistribution rights unverified; local research/reference only; do not upload to GitHub or redistribute.
resources/private/past-papers/2022-2026/business-psychology/2025 Examination Session/May 2025 Examination Session/Individuals and societies/Business_management_paper_1_TZ2_HLSL_markscheme.pdf,Business_management_paper_1_TZ2_HLSL_markscheme.pdf,https://dl.ibdocs.re/documents/business-management-paper-1-tz2-hlsl-markscheme-4a4b296caf6c310f,https://dl.ibdocs.re/p/IB%20PAST%20PAPERS%20-%20YEAR/2025%20Examination%20Session/May%202025%20Examination%20Session/Individuals%20and%20societies/Business_management_paper_1_TZ2_HLSL_markscheme.pdf,/IB PAST PAPERS - YEAR/2025 Examination Session/May 2025 Examination Session/Individuals and societies/Business_management_paper_1_TZ2_HLSL_markscheme.pdf,2025,May 2025,Business Management,language=not labelled by archive; level=HL/SL; zone=TZ2,markscheme,279801,04461e9200c1fb0a4c290ebc5128efe7936192759db518ec7bebb605ef7b8b90,2026-09-02,downloaded; indexed size and PDF signature match; pdfinfo OK; qpdf clean,Unofficial mirror copy; authenticity and redistribution rights unverified; local research/reference only; do not upload to GitHub or redistribute.
resources/private/past-papers/2022-2026/business-psychology/2025 Examination Session/May 2025 Examination Session/Individuals and societies/Business_management_paper_1_TZ2_HLSL_markscheme_Spanish.pdf,Business_management_paper_1_TZ2_HLSL_markscheme_Spanish.pdf,https://dl.ibdocs.re/documents/business-management-paper-1-tz2-hlsl-markscheme-spanish-8dd67b9652051084,https://dl.ibdocs.re/p/IB%20PAST%20PAPERS%20-%20YEAR/2025%20Examination%20Session/May%202025%20Examination%20Session/Individuals%20and%20societies/Business_management_paper_1_TZ2_HLSL_markscheme_Spanish.pdf,/IB PAST PAPERS - YEAR/2025 Examination Session/May 2025 Examination Session/Individuals and societies/Business_management_paper_1_TZ2_HLSL_markscheme_Spanish.pdf,2025,May 2025,Business Management,language=Spanish; level=HL/SL; zone=TZ2,markscheme,579687,df5af072e136ea5180772f7df278343935e137050848c49a0e8ad7b52da14520,2026-09-02,downloaded; indexed size and PDF signature match; pdfinfo OK; qpdf clean,Unofficial mirror copy; authenticity and redistribution rights unverified; local research/reference only; do not upload to GitHub or redistribute.
resources/private/past-papers/2022-2026/business-psychology/2025 Examination Session/May 2025 Examination Session/Individuals and societies/Business_management_paper_1_TZ3_HLSL.pdf,Business_management_paper_1_TZ3_HLSL.pdf,https://dl.ibdocs.re/documents/business-management-paper-1-tz3-hlsl-3a4d68e24accedc9,https://dl.ibdocs.re/p/IB%20PAST%20PAPERS%20-%20YEAR/2025%20Examination%20Session/May%202025%20Examination%20Session/Individuals%20and%20societies/Business_management_paper_1_TZ3_HLSL.pdf,/IB PAST PAPERS - YEAR/2025 Examination Session/May 2025 Examination Session/Individuals and societies/Business_management_paper_1_TZ3_HLSL.pdf,2025,May 2025,Business Management,language=not labelled by archive; level=HL/SL; zone=TZ3,question paper,337385,1d235f0b72c0982c117607894d16755b0666a82863aacd8b5e21175d9bf2ae16,2026-09-02,downloaded; indexed size and PDF signature match; pdfinfo OK; qpdf clean,Unofficial mirror copy; authenticity and redistribution rights unverified; local research/reference only; do not upload to GitHub or redistribute.
resources/private/past-papers/2022-2026/business-psychology/2025 Examination Session/May 2025 Examination Session/Individuals and societies/Business_management_paper_1_TZ3_HLSL_Spanish.pdf,Business_management_paper_1_TZ3_HLSL_Spanish.pdf,https://dl.ibdocs.re/documents/business-management-paper-1-tz3-hlsl-spanish-60c89c05014e0646,https://dl.ibdocs.re/p/IB%20PAST%20PAPERS%20-%20YEAR/2025%20Examination%20Session/May%202025%20Examination%20Session/Individuals%20and%20societies/Business_management_paper_1_TZ3_HLSL_Spanish.pdf,/IB PAST PAPERS - YEAR/2025 Examination Session/May 2025 Examination Session/Individuals and societies/Business_management_paper_1_TZ3_HLSL_Spanish.pdf,2025,May 2025,Business Management,language=Spanish; level=HL/SL; zone=TZ3,question paper,341561,3aff682524e0625d575b03e647afe251976d4d813c727109e9ea2a5fa2e71fdb,2026-09-02,downloaded; indexed size and PDF signature match; pdfinfo OK; qpdf clean,Unofficial mirror copy; authenticity and redistribution rights unverified; local research/reference only; do not upload to GitHub or redistribute.
resources/private/past-papers/2022-2026/business-psychology/2025 Examination Session/May 2025 Examination Session/Individuals and societies/Business_management_paper_1_TZ3_HLSL_markscheme.pdf,Business_management_paper_1_TZ3_HLSL_markscheme.pdf,https://dl.ibdocs.re/documents/business-management-paper-1-tz3-hlsl-markscheme-9849f7a18ff11adc,https://dl.ibdocs.re/p/IB%20PAST%20PAPERS%20-%20YEAR/2025%20Examination%20Session/May%202025%20Examination%20Session/Individuals%20and%20societies/Business_management_paper_1_TZ3_HLSL_markscheme.pdf,/IB PAST PAPERS - YEAR/2025 Examination Session/May 2025 Examination Session/Individuals and societies/Business_management_paper_1_TZ3_HLSL_markscheme.pdf,2025,May 2025,Business Management,language=not labelled by archive; level=HL/SL; zone=TZ3,markscheme,275248,6b30917e0e5f955e37391a28a234eaccc875cc6c6597df939630927b8466e8fa,2026-09-02,downloaded; indexed size and PDF signature match; pdfinfo OK; qpdf succeeded with source-file warnings,Unofficial mirror copy; authenticity and redistribution rights unverified; local research/reference only; do not upload to GitHub or redistribute.
resources/private/past-papers/2022-2026/business-psychology/2025 Examination Session/May 2025 Examination Session/Individuals and societies/Business_management_paper_1_TZ3_HLSL_markscheme_Spanish.pdf,Business_management_paper_1_TZ3_HLSL_markscheme_Spanish.pdf,https://dl.ibdocs.re/documents/business-management-paper-1-tz3-hlsl-markscheme-spanish-a69689574998d7b3,https://dl.ibdocs.re/p/IB%20PAST%20PAPERS%20-%20YEAR/2025%20Examination%20Session/May%202025%20Examination%20Session/Individuals%20and%20societies/Business_management_paper_1_TZ3_HLSL_markscheme_Spanish.pdf,/IB PAST PAPERS - YEAR/2025 Examination Session/May 2025 Examination Session/Individuals and societies/Business_management_paper_1_TZ3_HLSL_markscheme_Spanish.pdf,2025,May 2025,Business Management,language=Spanish; level=HL/SL; zone=TZ3,markscheme,489217,25de15336585a7c70602a9c4a28c0aaa8c177e11d5b080529c8ba97253a709e1,2026-09-02,downloaded; indexed size and PDF signature match; pdfinfo OK; qpdf clean,Unofficial mirror copy; authenticity and redistribution rights unverified; local research/reference only; do not upload to GitHub or redistribute.
resources/private/past-papers/2022-2026/business-psychology/2025 Examination Session/May 2025 Examination Session/Individuals and societies/Business_management_paper_1_pre-released_statement_HLSL.pdf,Business_management_paper_1_pre-released_statement_HLSL.pdf,https://dl.ibdocs.re/documents/business-management-paper-1-pre-released-statement-hlsl-0f1721c001418e3b,https://dl.ibdocs.re/p/IB%20PAST%20PAPERS%20-%20YEAR/2025%20Examination%20Session/May%202025%20Examination%20Session/Individuals%20and%20societies/Business_management_paper_1_pre-released_statement_HLSL.pdf,/IB PAST PAPERS - YEAR/2025 Examination Session/May 2025 Examination Session/Individuals and societies/Business_management_paper_1_pre-released_statement_HLSL.pdf,2025,May 2025,Business Management,language=not labelled by archive; level=HL/SL; zone=not labelled,pre-released statement / pre-seen material,310232,f32db68deac9c3cc9dbe9ccc187a427c78feeca1de1e9e474d53724d26a09a2d,2026-09-02,downloaded; indexed size and PDF signature match; pdfinfo OK; qpdf clean,Unofficial mirror copy; authenticity and redistribution rights unverified; local research/reference only; do not upload to GitHub or redistribute.
resources/private/past-papers/2022-2026/business-psychology/2025 Examination Session/May 2025 Examination Session/Individuals and societies/Business_management_paper_1_pre-released_statement_HLSL_French.pdf,Business_management_paper_1_pre-released_statement_HLSL_French.pdf,https://dl.ibdocs.re/documents/business-management-paper-1-pre-released-statement-hlsl-french-fdb3d89758242048,https://dl.ibdocs.re/p/IB%20PAST%20PAPERS%20-%20YEAR/2025%20Examination%20Session/May%202025%20Examination%20Session/Individuals%20and%20societies/Business_management_paper_1_pre-released_statement_HLSL_French.pdf,/IB PAST PAPERS - YEAR/2025 Examination Session/May 2025 Examination Session/Individuals and societies/Business_management_paper_1_pre-released_statement_HLSL_French.pdf,2025,May 2025,Business Management,language=French; level=HL/SL; zone=not labelled,pre-released statement / pre-seen material,311798,f258ee94536dbb1d13398677daa54f2e0378f4cccfd4e9e87373f05617df1318,2026-09-02,downloaded; indexed size and PDF signature match; pdfinfo OK; qpdf clean,Unofficial mirror copy; authenticity and redistribution rights unverified; local research/reference only; do not upload to GitHub or redistribute.
resources/private/past-papers/2022-2026/business-psychology/2025 Examination Session/May 2025 Examination Session/Individuals and societies/Business_management_paper_1_pre-released_statement_HLSL_Spanish.pdf,Business_management_paper_1_pre-released_statement_HLSL_Spanish.pdf,https://dl.ibdocs.re/documents/business-management-paper-1-pre-released-statement-hlsl-spanish-f8f0c8cc19219900,https://dl.ibdocs.re/p/IB%20PAST%20PAPERS%20-%20YEAR/2025%20Examination%20Session/May%202025%20Examination%20Session/Individuals%20and%20societies/Business_management_paper_1_pre-released_statement_HLSL_Spanish.pdf,/IB PAST PAPERS - YEAR/2025 Examination Session/May 2025 Examination Session/Individuals and societies/Business_management_paper_1_pre-released_statement_HLSL_Spanish.pdf,2025,May 2025,Business Management,language=Spanish; level=HL/SL; zone=not labelled,pre-released statement / pre-seen material,308375,46de5fec72dcb2bc7abb4cdb3df0c2b1e14e54b765d1517fb8aa3d289d7c4596,2026-09-02,downloaded; indexed size and PDF signature match; pdfinfo OK; qpdf clean,Unofficial mirror copy; authenticity and redistribution rights unverified; local research/reference only; do not upload to GitHub or redistribute.
resources/private/past-papers/2022-2026/business-psychology/2025 Examination Session/May 2025 Examination Session/Individuals and societies/Business_management_paper_2_TZ1_HL.pdf,Business_management_paper_2_TZ1_HL.pdf,https://dl.ibdocs.re/documents/business-management-paper-2-tz1-hl-43f96b8e3764a5a7,https://dl.ibdocs.re/p/IB%20PAST%20PAPERS%20-%20YEAR/2025%20Examination%20Session/May%202025%20Examination%20Session/Individuals%20and%20societies/Business_management_paper_2_TZ1_HL.pdf,/IB PAST PAPERS - YEAR/2025 Examination Session/May 2025 Examination Session/Individuals and societies/Business_management_paper_2_TZ1_HL.pdf,2025,May 2025,Business Management,language=not labelled by archive; level=HL; zone=TZ1,question paper,1634971,5e7a82650f32ba9b8900c858eafa70f9f873007c3994d5020cad42e0bccd1a50,2026-09-02,downloaded; indexed size and PDF signature match; pdfinfo OK; qpdf clean,Unofficial mirror copy; authenticity and redistribution rights unverified; local research/reference only; do not upload to GitHub or redistribute.
resources/private/past-papers/2022-2026/business-psychology/2025 Examination Session/May 2025 Examination Session/Individuals and societies/Business_management_paper_2_TZ1_HL_markscheme.pdf,Business_management_paper_2_TZ1_HL_markscheme.pdf,https://dl.ibdocs.re/documents/business-management-paper-2-tz1-hl-markscheme-a36a3937b1a8d27a,https://dl.ibdocs.re/p/IB%20PAST%20PAPERS%20-%20YEAR/2025%20Examination%20Session/May%202025%20Examination%20Session/Individuals%20and%20societies/Business_management_paper_2_TZ1_HL_markscheme.pdf,/IB PAST PAPERS - YEAR/2025 Examination Session/May 2025 Examination Session/Individuals and societies/Business_management_paper_2_TZ1_HL_markscheme.pdf,2025,May 2025,Business Management,language=not labelled by archive; level=HL; zone=TZ1,markscheme,458557,154b940a09a1db6a45de0acfc60d52d2f475021f4e0fedf08a1eeec37e521c3a,2026-09-02,downloaded; indexed size and PDF signature match; pdfinfo OK; qpdf succeeded with source-file warnings,Unofficial mirror copy; authenticity and redistribution rights unverified; local research/reference only; do not upload to GitHub or redistribute.
resources/private/past-papers/2022-2026/business-psychology/2025 Examination Session/May 2025 Examination Session/Individuals and societies/Business_management_paper_2_TZ1_SL.pdf,Business_management_paper_2_TZ1_SL.pdf,https://dl.ibdocs.re/documents/business-management-paper-2-tz1-sl-b256c9c64ce8c700,https://dl.ibdocs.re/p/IB%20PAST%20PAPERS%20-%20YEAR/2025%20Examination%20Session/May%202025%20Examination%20Session/Individuals%20and%20societies/Business_management_paper_2_TZ1_SL.pdf,/IB PAST PAPERS - YEAR/2025 Examination Session/May 2025 Examination Session/Individuals and societies/Business_management_paper_2_TZ1_SL.pdf,2025,May 2025,Business Management,language=not labelled by archive; level=SL; zone=TZ1,question paper,1793264,5a5676ff3c135fe13d9c19bcb0cce4493659ff1be8719a52cd08e9a93d34b6cc,2026-09-02,downloaded; indexed size and PDF signature match; pdfinfo OK; qpdf clean,Unofficial mirror copy; authenticity and redistribution rights unverified; local research/reference only; do not upload to GitHub or redistribute.
resources/private/past-papers/2022-2026/business-psychology/2025 Examination Session/May 2025 Examination Session/Individuals and societies/Business_management_paper_2_TZ1_SL_markscheme.pdf,Business_management_paper_2_TZ1_SL_markscheme.pdf,https://dl.ibdocs.re/documents/business-management-paper-2-tz1-sl-markscheme-ed3d18dac2a6edcb,https://dl.ibdocs.re/p/IB%20PAST%20PAPERS%20-%20YEAR/2025%20Examination%20Session/May%202025%20Examination%20Session/Individuals%20and%20societies/Business_management_paper_2_TZ1_SL_markscheme.pdf,/IB PAST PAPERS - YEAR/2025 Examination Session/May 2025 Examination Session/Individuals and societies/Business_management_paper_2_TZ1_SL_markscheme.pdf,2025,May 2025,Business Management,language=not labelled by archive; level=SL; zone=TZ1,markscheme,794581,6b47e45a49bbe56eead0ce5a91f7457454cf4c5763f1d968400ff5a6cc09cef1,2026-09-02,downloaded; indexed size and PDF signature match; pdfinfo OK; qpdf succeeded with source-file warnings,Unofficial mirror copy; authenticity and redistribution rights unverified; local research/reference only; do not upload to GitHub or redistribute.
resources/private/past-papers/2022-2026/business-psychology/2025 Examination Session/May 2025 Examination Session/Individuals and societies/Business_management_paper_2_TZ2_HL.pdf,Business_management_paper_2_TZ2_HL.pdf,https://dl.ibdocs.re/documents/business-management-paper-2-tz2-hl-9fb8fbcf0d591854,https://dl.ibdocs.re/p/IB%20PAST%20PAPERS%20-%20YEAR/2025%20Examination%20Session/May%202025%20Examination%20Session/Individuals%20and%20societies/Business_management_paper_2_TZ2_HL.pdf,/IB PAST PAPERS - YEAR/2025 Examination Session/May 2025 Examination Session/Individuals and societies/Business_management_paper_2_TZ2_HL.pdf,2025,May 2025,Business Management,language=not labelled by archive; level=HL; zone=TZ2,question paper,724843,a4ccf6254a0d56470075d4ab00b47f08ad0fa48c8813e16433349d88df03c57e,2026-09-02,downloaded; indexed size and PDF signature match; pdfinfo OK; qpdf clean,Unofficial mirror copy; authenticity and redistribution rights unverified; local research/reference only; do not upload to GitHub or redistribute.
resources/private/past-papers/2022-2026/business-psychology/2025 Examination Session/May 2025 Examination Session/Individuals and societies/Business_management_paper_2_TZ2_HL_French.pdf,Business_management_paper_2_TZ2_HL_French.pdf,https://dl.ibdocs.re/documents/business-management-paper-2-tz2-hl-french-970528d570e9b765,https://dl.ibdocs.re/p/IB%20PAST%20PAPERS%20-%20YEAR/2025%20Examination%20Session/May%202025%20Examination%20Session/Individuals%20and%20societies/Business_management_paper_2_TZ2_HL_French.pdf,/IB PAST PAPERS - YEAR/2025 Examination Session/May 2025 Examination Session/Individuals and societies/Business_management_paper_2_TZ2_HL_French.pdf,2025,May 2025,Business Management,language=French; level=HL; zone=TZ2,question paper,729606,48f5f22a0b4e4e9664ec95b5c815cf162f0ead1f2ab592d1bcc57baa396159e8,2026-09-02,downloaded; indexed size and PDF signature match; pdfinfo OK; qpdf clean,Unofficial mirror copy; authenticity and redistribution rights unverified; local research/reference only; do not upload to GitHub or redistribute.
resources/private/past-papers/2022-2026/business-psychology/2025 Examination Session/May 2025 Examination Session/Individuals and societies/Business_management_paper_2_TZ2_HL_Spanish.pdf,Business_management_paper_2_TZ2_HL_Spanish.pdf,https://dl.ibdocs.re/documents/business-management-paper-2-tz2-hl-spanish-ce557101782ef00b,https://dl.ibdocs.re/p/IB%20PAST%20PAPERS%20-%20YEAR/2025%20Examination%20Session/May%202025%20Examination%20Session/Individuals%20and%20societies/Business_management_paper_2_TZ2_HL_Spanish.pdf,/IB PAST PAPERS - YEAR/2025 Examination Session/May 2025 Examination Session/Individuals and societies/Business_management_paper_2_TZ2_HL_Spanish.pdf,2025,May 2025,Business Management,language=Spanish; level=HL; zone=TZ2,question paper,1214235,5d375f811efd3847baf48971a940ff8dc39151c0a6f935bb551112831302cdfe,2026-09-02,downloaded; indexed size and PDF signature match; pdfinfo OK; qpdf clean,Unofficial mirror copy; authenticity and redistribution rights unverified; local research/reference only; do not upload to GitHub or redistribute.
resources/private/past-papers/2022-2026/business-psychology/2025 Examination Session/May 2025 Examination Session/Individuals and societies/Business_management_paper_2_TZ2_HL_markscheme.pdf,Business_management_paper_2_TZ2_HL_markscheme.pdf,https://dl.ibdocs.re/documents/business-management-paper-2-tz2-hl-markscheme-c5fd4af451cd96bf,https://dl.ibdocs.re/p/IB%20PAST%20PAPERS%20-%20YEAR/2025%20Examination%20Session/May%202025%20Examination%20Session/Individuals%20and%20societies/Business_management_paper_2_TZ2_HL_markscheme.pdf,/IB PAST PAPERS - YEAR/2025 Examination Session/May 2025 Examination Session/Individuals and societies/Business_management_paper_2_TZ2_HL_markscheme.pdf,2025,May 2025,Business Management,language=not labelled by archive; level=HL; zone=TZ2,markscheme,419518,4acdd4b6de50d91bd971728a6d4b51d9b4b6f44959155457d492f9f044ccfd2a,2026-09-02,downloaded; indexed size and PDF signature match; pdfinfo OK; qpdf succeeded with source-file warnings,Unofficial mirror copy; authenticity and redistribution rights unverified; local research/reference only; do not upload to GitHub or redistribute.
resources/private/past-papers/2022-2026/business-psychology/2025 Examination Session/May 2025 Examination Session/Individuals and societies/Business_management_paper_2_TZ2_HL_markscheme_Spanish.pdf,Business_management_paper_2_TZ2_HL_markscheme_Spanish.pdf,https://dl.ibdocs.re/documents/business-management-paper-2-tz2-hl-markscheme-spanish-270d33f40955c3b4,https://dl.ibdocs.re/p/IB%20PAST%20PAPERS%20-%20YEAR/2025%20Examination%20Session/May%202025%20Examination%20Session/Individuals%20and%20societies/Business_management_paper_2_TZ2_HL_markscheme_Spanish.pdf,/IB PAST PAPERS - YEAR/2025 Examination Session/May 2025 Examination Session/Individuals and societies/Business_management_paper_2_TZ2_HL_markscheme_Spanish.pdf,2025,May 2025,Business Management,language=Spanish; level=HL; zone=TZ2,markscheme,745804,5e41445837c28219d5fb23504e176bb81fb2f11edb749a37f0dfbd4e0ecd44e4,2026-09-02,downloaded; indexed size and PDF signature match; pdfinfo OK; qpdf succeeded with source-file warnings,Unofficial mirror copy; authenticity and redistribution rights unverified; local research/reference only; do not upload to GitHub or redistribute.
resources/private/past-papers/2022-2026/business-psychology/2025 Examination Session/May 2025 Examination Session/Individuals and societies/Business_management_paper_2_TZ2_SL.pdf,Business_management_paper_2_TZ2_SL.pdf,https://dl.ibdocs.re/documents/business-management-paper-2-tz2-sl-fc16ceb049821b1b,https://dl.ibdocs.re/p/IB%20PAST%20PAPERS%20-%20YEAR/2025%20Examination%20Session/May%202025%20Examination%20Session/Individuals%20and%20societies/Business_management_paper_2_TZ2_SL.pdf,/IB PAST PAPERS - YEAR/2025 Examination Session/May 2025 Examination Session/Individuals and societies/Business_management_paper_2_TZ2_SL.pdf,2025,May 2025,Business Management,language=not labelled by archive; level=SL; zone=TZ2,question paper,1181843,90c265c0123e265fa0d049db981f5a23afdd660f388790cd81de007fdfe20da6,2026-09-02,downloaded; indexed size and PDF signature match; pdfinfo OK; qpdf clean,Unofficial mirror copy; authenticity and redistribution rights unverified; local research/reference only; do not upload to GitHub or redistribute.
resources/private/past-papers/2022-2026/business-psychology/2025 Examination Session/May 2025 Examination Session/Individuals and societies/Business_management_paper_2_TZ2_SL_French.pdf,Business_management_paper_2_TZ2_SL_French.pdf,https://dl.ibdocs.re/documents/business-management-paper-2-tz2-sl-french-a715ce0e8aeec328,https://dl.ibdocs.re/p/IB%20PAST%20PAPERS%20-%20YEAR/2025%20Examination%20Session/May%202025%20Examination%20Session/Individuals%20and%20societies/Business_management_paper_2_TZ2_SL_French.pdf,/IB PAST PAPERS - YEAR/2025 Examination Session/May 2025 Examination Session/Individuals and societies/Business_management_paper_2_TZ2_SL_French.pdf,2025,May 2025,Business Management,language=French; level=SL; zone=TZ2,question paper,1185189,4791090e3be09c81545703add0c499808ac53e8225a1f8d53f609cbce4c9f995,2026-09-02,downloaded; indexed size and PDF signature match; pdfinfo OK; qpdf clean,Unofficial mirror copy; authenticity and redistribution rights unverified; local research/reference only; do not upload to GitHub or redistribute.
resources/private/past-papers/2022-2026/business-psychology/2025 Examination Session/May 2025 Examination Session/Individuals and societies/Business_management_paper_2_TZ2_SL_Spanish.pdf,Business_management_paper_2_TZ2_SL_Spanish.pdf,https://dl.ibdocs.re/documents/business-management-paper-2-tz2-sl-spanish-2ffa03f8d2fedbe0,https://dl.ibdocs.re/p/IB%20PAST%20PAPERS%20-%20YEAR/2025%20Examination%20Session/May%202025%20Examination%20Session/Individuals%20and%20societies/Business_management_paper_2_TZ2_SL_Spanish.pdf,/IB PAST PAPERS - YEAR/2025 Examination Session/May 2025 Examination Session/Individuals and societies/Business_management_paper_2_TZ2_SL_Spanish.pdf,2025,May 2025,Business Management,language=Spanish; level=SL; zone=TZ2,question paper,1179585,2a929aeb3811c661b8f3ff2641d4de3b582be3847e447f3c9a37f72fae7f4c2d,2026-09-02,downloaded; indexed size and PDF signature match; pdfinfo OK; qpdf clean,Unofficial mirror copy; authenticity and redistribution rights unverified; local research/reference only; do not upload to GitHub or redistribute.
resources/private/past-papers/2022-2026/business-psychology/2025 Examination Session/May 2025 Examination Session/Individuals and societies/Business_management_paper_2_TZ2_SL_markscheme.pdf,Business_management_paper_2_TZ2_SL_markscheme.pdf,https://dl.ibdocs.re/documents/business-management-paper-2-tz2-sl-markscheme-e35052e3511a2fbe,https://dl.ibdocs.re/p/IB%20PAST%20PAPERS%20-%20YEAR/2025%20Examination%20Session/May%202025%20Examination%20Session/Individuals%20and%20societies/Business_management_paper_2_TZ2_SL_markscheme.pdf,/IB PAST PAPERS - YEAR/2025 Examination Session/May 2025 Examination Session/Individuals and societies/Business_management_paper_2_TZ2_SL_markscheme.pdf,2025,May 2025,Business Management,language=not labelled by archive; level=SL; zone=TZ2,markscheme,823117,88f195e97f81cc972bae848258aab900474c7b8f1755117371714f70c58e399f,2026-09-02,downloaded; indexed size and PDF signature match; pdfinfo OK; qpdf succeeded with source-file warnings,Unofficial mirror copy; authenticity and redistribution rights unverified; local research/reference only; do not upload to GitHub or redistribute.
resources/private/past-papers/2022-2026/business-psychology/2025 Examination Session/May 2025 Examination Session/Individuals and societies/Business_management_paper_2_TZ2_SL_markscheme_Spanish.pdf,Business_management_paper_2_TZ2_SL_markscheme_Spanish.pdf,https://dl.ibdocs.re/documents/business-management-paper-2-tz2-sl-markscheme-spanish-816fd90bf4fce1c5,https://dl.ibdocs.re/p/IB%20PAST%20PAPERS%20-%20YEAR/2025%20Examination%20Session/May%202025%20Examination%20Session/Individuals%20and%20societies/Business_management_paper_2_TZ2_SL_markscheme_Spanish.pdf,/IB PAST PAPERS - YEAR/2025 Examination Session/May 2025 Examination Session/Individuals and societies/Business_management_paper_2_TZ2_SL_markscheme_Spanish.pdf,2025,May 2025,Business Management,language=Spanish; level=SL; zone=TZ2,markscheme,493422,52dc56dd83da121f489956df650084af08855fafd55d391bd89abf42cffa220f,2026-09-02,downloaded; indexed size and PDF signature match; pdfinfo OK; qpdf succeeded with source-file warnings,Unofficial mirror copy; authenticity and redistribution rights unverified; local research/reference only; do not upload to GitHub or redistribute.
resources/private/past-papers/2022-2026/business-psychology/2025 Examination Session/May 2025 Examination Session/Individuals and societies/Business_management_paper_2_TZ3_HL.pdf,Business_management_paper_2_TZ3_HL.pdf,https://dl.ibdocs.re/documents/business-management-paper-2-tz3-hl-5ed81d6a8f629aa9,https://dl.ibdocs.re/p/IB%20PAST%20PAPERS%20-%20YEAR/2025%20Examination%20Session/May%202025%20Examination%20Session/Individuals%20and%20societies/Business_management_paper_2_TZ3_HL.pdf,/IB PAST PAPERS - YEAR/2025 Examination Session/May 2025 Examination Session/Individuals and societies/Business_management_paper_2_TZ3_HL.pdf,2025,May 2025,Business Management,language=not labelled by archive; level=HL; zone=TZ3,question paper,1560729,e145a0b41cd49d49794d3a0c923c7517977f9d877216af9bf325691fa8cd61ab,2026-09-02,downloaded; indexed size and PDF signature match; pdfinfo OK; qpdf clean,Unofficial mirror copy; authenticity and redistribution rights unverified; local research/reference only; do not upload to GitHub or redistribute.
resources/private/past-papers/2022-2026/business-psychology/2025 Examination Session/May 2025 Examination Session/Individuals and societies/Business_management_paper_2_TZ3_HL_Spanish.pdf,Business_management_paper_2_TZ3_HL_Spanish.pdf,https://dl.ibdocs.re/documents/business-management-paper-2-tz3-hl-spanish-0a2de1f6b1539426,https://dl.ibdocs.re/p/IB%20PAST%20PAPERS%20-%20YEAR/2025%20Examination%20Session/May%202025%20Examination%20Session/Individuals%20and%20societies/Business_management_paper_2_TZ3_HL_Spanish.pdf,/IB PAST PAPERS - YEAR/2025 Examination Session/May 2025 Examination Session/Individuals and societies/Business_management_paper_2_TZ3_HL_Spanish.pdf,2025,May 2025,Business Management,language=Spanish; level=HL; zone=TZ3,question paper,1558626,4d5922fd91daf5ead6bbda05d2cad227530b01169a9801764a91ec44df8ba569,2026-09-02,downloaded; indexed size and PDF signature match; pdfinfo OK; qpdf clean,Unofficial mirror copy; authenticity and redistribution rights unverified; local research/reference only; do not upload to GitHub or redistribute.
resources/private/past-papers/2022-2026/business-psychology/2025 Examination Session/May 2025 Examination Session/Individuals and societies/Business_management_paper_2_TZ3_HL_markscheme.pdf,Business_management_paper_2_TZ3_HL_markscheme.pdf,https://dl.ibdocs.re/documents/business-management-paper-2-tz3-hl-markscheme-0ff04856d1adcc7c,https://dl.ibdocs.re/p/IB%20PAST%20PAPERS%20-%20YEAR/2025%20Examination%20Session/May%202025%20Examination%20Session/Individuals%20and%20societies/Business_management_paper_2_TZ3_HL_markscheme.pdf,/IB PAST PAPERS - YEAR/2025 Examination Session/May 2025 Examination Session/Individuals and societies/Business_management_paper_2_TZ3_HL_markscheme.pdf,2025,May 2025,Business Management,language=not labelled by archive; level=HL; zone=TZ3,markscheme,357031,16f8f4997e7a2a4b9490524f7df35d3d4340342f87433043acdf696cd625f79e,2026-09-02,downloaded; indexed size and PDF signature match; pdfinfo OK; qpdf succeeded with source-file warnings,Unofficial mirror copy; authenticity and redistribution rights unverified; local research/reference only; do not upload to GitHub or redistribute.
resources/private/past-papers/2022-2026/business-psychology/2025 Examination Session/May 2025 Examination Session/Individuals and societies/Business_management_paper_2_TZ3_HL_markscheme_Spanish.pdf,Business_management_paper_2_TZ3_HL_markscheme_Spanish.pdf,https://dl.ibdocs.re/documents/business-management-paper-2-tz3-hl-markscheme-spanish-bc511a862f86ec53,https://dl.ibdocs.re/p/IB%20PAST%20PAPERS%20-%20YEAR/2025%20Examination%20Session/May%202025%20Examination%20Session/Individuals%20and%20societies/Business_management_paper_2_TZ3_HL_markscheme_Spanish.pdf,/IB PAST PAPERS - YEAR/2025 Examination Session/May 2025 Examination Session/Individuals and societies/Business_management_paper_2_TZ3_HL_markscheme_Spanish.pdf,2025,May 2025,Business Management,language=Spanish; level=HL; zone=TZ3,markscheme,416219,98f34486daf66b78301e18121ffd044a83df27beac289899248017aa707ede6b,2026-09-02,downloaded; indexed size and PDF signature match; pdfinfo OK; qpdf succeeded with source-file warnings,Unofficial mirror copy; authenticity and redistribution rights unverified; local research/reference only; do not upload to GitHub or redistribute.
resources/private/past-papers/2022-2026/business-psychology/2025 Examination Session/May 2025 Examination Session/Individuals and societies/Business_management_paper_2_TZ3_SL.pdf,Business_management_paper_2_TZ3_SL.pdf,https://dl.ibdocs.re/documents/business-management-paper-2-tz3-sl-9ddd01229a997fce,https://dl.ibdocs.re/p/IB%20PAST%20PAPERS%20-%20YEAR/2025%20Examination%20Session/May%202025%20Examination%20Session/Individuals%20and%20societies/Business_management_paper_2_TZ3_SL.pdf,/IB PAST PAPERS - YEAR/2025 Examination Session/May 2025 Examination Session/Individuals and societies/Business_management_paper_2_TZ3_SL.pdf,2025,May 2025,Business Management,language=not labelled by archive; level=SL; zone=TZ3,question paper,1588456,90c16573945df34aa8de1cc8ee4f0fd07972c3f09bfdf8fa144e92e4400f9d4d,2026-09-02,downloaded; indexed size and PDF signature match; pdfinfo OK; qpdf clean,Unofficial mirror copy; authenticity and redistribution rights unverified; local research/reference only; do not upload to GitHub or redistribute.
resources/private/past-papers/2022-2026/business-psychology/2025 Examination Session/May 2025 Examination Session/Individuals and societies/Business_management_paper_2_TZ3_SL_Spanish.pdf,Business_management_paper_2_TZ3_SL_Spanish.pdf,https://dl.ibdocs.re/documents/business-management-paper-2-tz3-sl-spanish-e5a3510be0e27d95,https://dl.ibdocs.re/p/IB%20PAST%20PAPERS%20-%20YEAR/2025%20Examination%20Session/May%202025%20Examination%20Session/Individuals%20and%20societies/Business_management_paper_2_TZ3_SL_Spanish.pdf,/IB PAST PAPERS - YEAR/2025 Examination Session/May 2025 Examination Session/Individuals and societies/Business_management_paper_2_TZ3_SL_Spanish.pdf,2025,May 2025,Business Management,language=Spanish; level=SL; zone=TZ3,question paper,1608104,eda871c7289370033baca2d1a2a8dd026151e371e3ad11177e8fc172fb788461,2026-09-02,downloaded; indexed size and PDF signature match; pdfinfo OK; qpdf clean,Unofficial mirror copy; authenticity and redistribution rights unverified; local research/reference only; do not upload to GitHub or redistribute.
resources/private/past-papers/2022-2026/business-psychology/2025 Examination Session/May 2025 Examination Session/Individuals and societies/Business_management_paper_2_TZ3_SL_markscheme.pdf,Business_management_paper_2_TZ3_SL_markscheme.pdf,https://dl.ibdocs.re/documents/business-management-paper-2-tz3-sl-markscheme-84844d1e641c51f1,https://dl.ibdocs.re/p/IB%20PAST%20PAPERS%20-%20YEAR/2025%20Examination%20Session/May%202025%20Examination%20Session/Individuals%20and%20societies/Business_management_paper_2_TZ3_SL_markscheme.pdf,/IB PAST PAPERS - YEAR/2025 Examination Session/May 2025 Examination Session/Individuals and societies/Business_management_paper_2_TZ3_SL_markscheme.pdf,2025,May 2025,Business Management,language=not labelled by archive; level=SL; zone=TZ3,markscheme,452499,e3de6783daf3874f1fe03142c165a67929932fe217d860a5a649d4d8490ac09b,2026-09-02,downloaded; indexed size and PDF signature match; pdfinfo OK; qpdf succeeded with source-file warnings,Unofficial mirror copy; authenticity and redistribution rights unverified; local research/reference only; do not upload to GitHub or redistribute.
resources/private/past-papers/2022-2026/business-psychology/2025 Examination Session/May 2025 Examination Session/Individuals and societies/Business_management_paper_2_TZ3_SL_markscheme_Spanish.pdf,Business_management_paper_2_TZ3_SL_markscheme_Spanish.pdf,https://dl.ibdocs.re/documents/business-management-paper-2-tz3-sl-markscheme-spanish-278434120c1f8bce,https://dl.ibdocs.re/p/IB%20PAST%20PAPERS%20-%20YEAR/2025%20Examination%20Session/May%202025%20Examination%20Session/Individuals%20and%20societies/Business_management_paper_2_TZ3_SL_markscheme_Spanish.pdf,/IB PAST PAPERS - YEAR/2025 Examination Session/May 2025 Examination Session/Individuals and societies/Business_management_paper_2_TZ3_SL_markscheme_Spanish.pdf,2025,May 2025,Business Management,language=Spanish; level=SL; zone=TZ3,markscheme,390378,bcb8e099d226cff19a3ec179bbca59991abe03e0632aedb73c853534fce51477,2026-09-02,downloaded; indexed size and PDF signature match; pdfinfo OK; qpdf succeeded with source-file warnings,Unofficial mirror copy; authenticity and redistribution rights unverified; local research/reference only; do not upload to GitHub or redistribute.
resources/private/past-papers/2022-2026/business-psychology/2025 Examination Session/May 2025 Examination Session/Individuals and societies/Business_management_paper_3_HL.pdf,Business_management_paper_3_HL.pdf,https://dl.ibdocs.re/documents/business-management-paper-3-hl-0aa7aaa3229fd264,https://dl.ibdocs.re/p/IB%20PAST%20PAPERS%20-%20YEAR/2025%20Examination%20Session/May%202025%20Examination%20Session/Individuals%20and%20societies/Business_management_paper_3_HL.pdf,/IB PAST PAPERS - YEAR/2025 Examination Session/May 2025 Examination Session/Individuals and societies/Business_management_paper_3_HL.pdf,2025,May 2025,Business Management,language=not labelled by archive; level=HL; zone=not labelled,question paper,922027,d6bb9398cfac80d0caaf63ee1530b0d59e623a91a291b3c5a13468bab70aa5f7,2026-09-02,downloaded; indexed size and PDF signature match; pdfinfo OK; qpdf clean,Unofficial mirror copy; authenticity and redistribution rights unverified; local research/reference only; do not upload to GitHub or redistribute.
resources/private/past-papers/2022-2026/business-psychology/2025 Examination Session/May 2025 Examination Session/Individuals and societies/Business_management_paper_3_HL_French.pdf,Business_management_paper_3_HL_French.pdf,https://dl.ibdocs.re/documents/business-management-paper-3-hl-french-6064fb08757a5315,https://dl.ibdocs.re/p/IB%20PAST%20PAPERS%20-%20YEAR/2025%20Examination%20Session/May%202025%20Examination%20Session/Individuals%20and%20societies/Business_management_paper_3_HL_French.pdf,/IB PAST PAPERS - YEAR/2025 Examination Session/May 2025 Examination Session/Individuals and societies/Business_management_paper_3_HL_French.pdf,2025,May 2025,Business Management,language=French; level=HL; zone=not labelled,question paper,925395,aa335237716eee9ddb3687b8ee106820db79940cbd0387a33adfddee6e864904,2026-09-02,downloaded; indexed size and PDF signature match; pdfinfo OK; qpdf clean,Unofficial mirror copy; authenticity and redistribution rights unverified; local research/reference only; do not upload to GitHub or redistribute.
resources/private/past-papers/2022-2026/business-psychology/2025 Examination Session/May 2025 Examination Session/Individuals and societies/Business_management_paper_3_HL_Spanish.pdf,Business_management_paper_3_HL_Spanish.pdf,https://dl.ibdocs.re/documents/business-management-paper-3-hl-spanish-4c481d97cf168b5b,https://dl.ibdocs.re/p/IB%20PAST%20PAPERS%20-%20YEAR/2025%20Examination%20Session/May%202025%20Examination%20Session/Individuals%20and%20societies/Business_management_paper_3_HL_Spanish.pdf,/IB PAST PAPERS - YEAR/2025 Examination Session/May 2025 Examination Session/Individuals and societies/Business_management_paper_3_HL_Spanish.pdf,2025,May 2025,Business Management,language=Spanish; level=HL; zone=not labelled,question paper,924420,b5ad981c70ce2bd47fc426c7cb940a160b8d34cbf9fdf9fc9a1c4c2dbe610e58,2026-09-02,downloaded; indexed size and PDF signature match; pdfinfo OK; qpdf clean,Unofficial mirror copy; authenticity and redistribution rights unverified; local research/reference only; do not upload to GitHub or redistribute.
resources/private/past-papers/2022-2026/business-psychology/2025 Examination Session/May 2025 Examination Session/Individuals and societies/Business_management_paper_3_HL_markscheme.pdf,Business_management_paper_3_HL_markscheme.pdf,https://dl.ibdocs.re/documents/business-management-paper-3-hl-markscheme-d51e3ee8f9d4ba4f,https://dl.ibdocs.re/p/IB%20PAST%20PAPERS%20-%20YEAR/2025%20Examination%20Session/May%202025%20Examination%20Session/Individuals%20and%20societies/Business_management_paper_3_HL_markscheme.pdf,/IB PAST PAPERS - YEAR/2025 Examination Session/May 2025 Examination Session/Individuals and societies/Business_management_paper_3_HL_markscheme.pdf,2025,May 2025,Business Management,language=not labelled by archive; level=HL; zone=not labelled,markscheme,308947,e76c032a7ad250d54a2af322b0890f087be5e198dded7e2c5b43aa47ef3874e5,2026-09-02,downloaded; indexed size and PDF signature match; pdfinfo OK; qpdf succeeded with source-file warnings,Unofficial mirror copy; authenticity and redistribution rights unverified; local research/reference only; do not upload to GitHub or redistribute.
resources/private/past-papers/2022-2026/business-psychology/2025 Examination Session/May 2025 Examination Session/Individuals and societies/Business_management_paper_3_HL_markscheme_Spanish.pdf,Business_management_paper_3_HL_markscheme_Spanish.pdf,https://dl.ibdocs.re/documents/business-management-paper-3-hl-markscheme-spanish-b21485c3cd3504c4,https://dl.ibdocs.re/p/IB%20PAST%20PAPERS%20-%20YEAR/2025%20Examination%20Session/May%202025%20Examination%20Session/Individuals%20and%20societies/Business_management_paper_3_HL_markscheme_Spanish.pdf,/IB PAST PAPERS - YEAR/2025 Examination Session/May 2025 Examination Session/Individuals and societies/Business_management_paper_3_HL_markscheme_Spanish.pdf,2025,May 2025,Business Management,language=Spanish; level=HL; zone=not labelled,markscheme,222479,3d2e1ef93913eb311d24129715068a4e5c971da6bbcd34fac68ea9bdfd6f3bea,2026-09-02,downloaded; indexed size and PDF signature match; pdfinfo OK; qpdf succeeded with source-file warnings,Unofficial mirror copy; authenticity and redistribution rights unverified; local research/reference only; do not upload to GitHub or redistribute.
resources/private/past-papers/2022-2026/business-psychology/2025 Examination Session/November 2025 Examination Session/Individuals and societies/Business_management_paper_1_TZ1_HLSL.pdf,Business_management_paper_1_TZ1_HLSL.pdf,https://dl.ibdocs.re/documents/business-management-paper-1-tz1-hlsl-41a0a3e743d9d5c8,https://dl.ibdocs.re/p/IB%20PAST%20PAPERS%20-%20YEAR/2025%20Examination%20Session/November%202025%20Examination%20Session/Individuals%20and%20societies/Business_management_paper_1_TZ1_HLSL.pdf,/IB PAST PAPERS - YEAR/2025 Examination Session/November 2025 Examination Session/Individuals and societies/Business_management_paper_1_TZ1_HLSL.pdf,2025,November 2025,Business Management,language=not labelled by archive; level=HL/SL; zone=TZ1,question paper,318983,008910815c48b25d733a3997c61c97c96076a361021110b4fa72f3306c5c6874,2026-09-02,downloaded; indexed size and PDF signature match; pdfinfo OK; qpdf succeeded with source-file warnings,Unofficial mirror copy; authenticity and redistribution rights unverified; local research/reference only; do not upload to GitHub or redistribute.
resources/private/past-papers/2022-2026/business-psychology/2025 Examination Session/November 2025 Examination Session/Individuals and societies/Business_management_paper_1_TZ1_HLSL_markscheme.pdf,Business_management_paper_1_TZ1_HLSL_markscheme.pdf,https://dl.ibdocs.re/documents/business-management-paper-1-tz1-hlsl-markscheme-e16a18263abe3813,https://dl.ibdocs.re/p/IB%20PAST%20PAPERS%20-%20YEAR/2025%20Examination%20Session/November%202025%20Examination%20Session/Individuals%20and%20societies/Business_management_paper_1_TZ1_HLSL_markscheme.pdf,/IB PAST PAPERS - YEAR/2025 Examination Session/November 2025 Examination Session/Individuals and societies/Business_management_paper_1_TZ1_HLSL_markscheme.pdf,2025,November 2025,Business Management,language=not labelled by archive; level=HL/SL; zone=TZ1,markscheme,447937,147aa3df53a6f086bff7c57f051a256f9d0ce2951a4b86b2eca16ef0d39b4fb5,2026-09-02,downloaded; indexed size and PDF signature match; pdfinfo OK; qpdf clean,Unofficial mirror copy; authenticity and redistribution rights unverified; local research/reference only; do not upload to GitHub or redistribute.
resources/private/past-papers/2022-2026/business-psychology/2025 Examination Session/November 2025 Examination Session/Individuals and societies/Business_management_paper_1_TZ3_HLSL.pdf,Business_management_paper_1_TZ3_HLSL.pdf,https://dl.ibdocs.re/documents/business-management-paper-1-tz3-hlsl-44c35d08abfec72e,https://dl.ibdocs.re/p/IB%20PAST%20PAPERS%20-%20YEAR/2025%20Examination%20Session/November%202025%20Examination%20Session/Individuals%20and%20societies/Business_management_paper_1_TZ3_HLSL.pdf,/IB PAST PAPERS - YEAR/2025 Examination Session/November 2025 Examination Session/Individuals and societies/Business_management_paper_1_TZ3_HLSL.pdf,2025,November 2025,Business Management,language=not labelled by archive; level=HL/SL; zone=TZ3,question paper,318548,23663d5c61a4d76b2d9df6709e363bac324233c5d682d4ef786289a37fc0e340,2026-09-02,downloaded; indexed size and PDF signature match; pdfinfo OK; qpdf succeeded with source-file warnings,Unofficial mirror copy; authenticity and redistribution rights unverified; local research/reference only; do not upload to GitHub or redistribute.
resources/private/past-papers/2022-2026/business-psychology/2025 Examination Session/November 2025 Examination Session/Individuals and societies/Business_management_paper_1_TZ3_HLSL_Spanish.pdf,Business_management_paper_1_TZ3_HLSL_Spanish.pdf,https://dl.ibdocs.re/documents/business-management-paper-1-tz3-hlsl-spanish-3724efa98f1d68f5,https://dl.ibdocs.re/p/IB%20PAST%20PAPERS%20-%20YEAR/2025%20Examination%20Session/November%202025%20Examination%20Session/Individuals%20and%20societies/Business_management_paper_1_TZ3_HLSL_Spanish.pdf,/IB PAST PAPERS - YEAR/2025 Examination Session/November 2025 Examination Session/Individuals and societies/Business_management_paper_1_TZ3_HLSL_Spanish.pdf,2025,November 2025,Business Management,language=Spanish; level=HL/SL; zone=TZ3,question paper,821737,e0ecfc9c6ef42e956d2a645161344bd1e145e5cf862acdc8c3c0650f7cb9c3f9,2026-09-02,downloaded; indexed size and PDF signature match; pdfinfo OK; qpdf succeeded with source-file warnings,Unofficial mirror copy; authenticity and redistribution rights unverified; local research/reference only; do not upload to GitHub or redistribute.
resources/private/past-papers/2022-2026/business-psychology/2025 Examination Session/November 2025 Examination Session/Individuals and societies/Business_management_paper_1_TZ3_HLSL_markscheme.pdf,Business_management_paper_1_TZ3_HLSL_markscheme.pdf,https://dl.ibdocs.re/documents/business-management-paper-1-tz3-hlsl-markscheme-1f8961721d62b511,https://dl.ibdocs.re/p/IB%20PAST%20PAPERS%20-%20YEAR/2025%20Examination%20Session/November%202025%20Examination%20Session/Individuals%20and%20societies/Business_management_paper_1_TZ3_HLSL_markscheme.pdf,/IB PAST PAPERS - YEAR/2025 Examination Session/November 2025 Examination Session/Individuals and societies/Business_management_paper_1_TZ3_HLSL_markscheme.pdf,2025,November 2025,Business Management,language=not labelled by archive; level=HL/SL; zone=TZ3,markscheme,442447,a324218730bc738fe4d96811d6b562b74efa136ed5000611d1a86608fa3283d2,2026-09-02,downloaded; indexed size and PDF signature match; pdfinfo OK; qpdf clean,Unofficial mirror copy; authenticity and redistribution rights unverified; local research/reference only; do not upload to GitHub or redistribute.
resources/private/past-papers/2022-2026/business-psychology/2025 Examination Session/November 2025 Examination Session/Individuals and societies/Business_management_paper_1_TZ3_HLSL_markscheme_Spanish.pdf,Business_management_paper_1_TZ3_HLSL_markscheme_Spanish.pdf,https://dl.ibdocs.re/documents/business-management-paper-1-tz3-hlsl-markscheme-spanish-c824be6bd8dd036e,https://dl.ibdocs.re/p/IB%20PAST%20PAPERS%20-%20YEAR/2025%20Examination%20Session/November%202025%20Examination%20Session/Individuals%20and%20societies/Business_management_paper_1_TZ3_HLSL_markscheme_Spanish.pdf,/IB PAST PAPERS - YEAR/2025 Examination Session/November 2025 Examination Session/Individuals and societies/Business_management_paper_1_TZ3_HLSL_markscheme_Spanish.pdf,2025,November 2025,Business Management,language=Spanish; level=HL/SL; zone=TZ3,markscheme,427268,b5f15c3d4fa476736f8fb19c5dc770f7a416cbf5d0557cb300216637e1f66e78,2026-09-02,downloaded; indexed size and PDF signature match; pdfinfo OK; qpdf clean,Unofficial mirror copy; authenticity and redistribution rights unverified; local research/reference only; do not upload to GitHub or redistribute.
resources/private/past-papers/2022-2026/business-psychology/2025 Examination Session/November 2025 Examination Session/Individuals and societies/Business_management_paper_1_pre-released_statement_HLSL.pdf,Business_management_paper_1_pre-released_statement_HLSL.pdf,https://dl.ibdocs.re/documents/business-management-paper-1-pre-released-statement-hlsl-f050993017d2f05a,https://dl.ibdocs.re/p/IB%20PAST%20PAPERS%20-%20YEAR/2025%20Examination%20Session/November%202025%20Examination%20Session/Individuals%20and%20societies/Business_management_paper_1_pre-released_statement_HLSL.pdf,/IB PAST PAPERS - YEAR/2025 Examination Session/November 2025 Examination Session/Individuals and societies/Business_management_paper_1_pre-released_statement_HLSL.pdf,2025,November 2025,Business Management,language=not labelled by archive; level=HL/SL; zone=not labelled,pre-released statement / pre-seen material,296003,35f73b34202345526840c1f1d6ae4a0c8218a814d46824cd4b77cd340f7f6b1c,2026-09-02,downloaded; indexed size and PDF signature match; pdfinfo OK; qpdf succeeded with source-file warnings,Unofficial mirror copy; authenticity and redistribution rights unverified; local research/reference only; do not upload to GitHub or redistribute.
resources/private/past-papers/2022-2026/business-psychology/2025 Examination Session/November 2025 Examination Session/Individuals and societies/Business_management_paper_1_pre-released_statement_HLSL_Spanish.pdf,Business_management_paper_1_pre-released_statement_HLSL_Spanish.pdf,https://dl.ibdocs.re/documents/business-management-paper-1-pre-released-statement-hlsl-spanish-16703d28b796f411,https://dl.ibdocs.re/p/IB%20PAST%20PAPERS%20-%20YEAR/2025%20Examination%20Session/November%202025%20Examination%20Session/Individuals%20and%20societies/Business_management_paper_1_pre-released_statement_HLSL_Spanish.pdf,/IB PAST PAPERS - YEAR/2025 Examination Session/November 2025 Examination Session/Individuals and societies/Business_management_paper_1_pre-released_statement_HLSL_Spanish.pdf,2025,November 2025,Business Management,language=Spanish; level=HL/SL; zone=not labelled,pre-released statement / pre-seen material,297012,18af1a5a8afdc8e8990d9ee67843381db76e9e78cb13e605d54117f813ad816f,2026-09-02,downloaded; indexed size and PDF signature match; pdfinfo OK; qpdf succeeded with source-file warnings,Unofficial mirror copy; authenticity and redistribution rights unverified; local research/reference only; do not upload to GitHub or redistribute.
resources/private/past-papers/2022-2026/business-psychology/2025 Examination Session/November 2025 Examination Session/Individuals and societies/Business_management_paper_2_TZ1_HL.pdf,Business_management_paper_2_TZ1_HL.pdf,https://dl.ibdocs.re/documents/business-management-paper-2-tz1-hl-6e3cb5991b291a00,https://dl.ibdocs.re/p/IB%20PAST%20PAPERS%20-%20YEAR/2025%20Examination%20Session/November%202025%20Examination%20Session/Individuals%20and%20societies/Business_management_paper_2_TZ1_HL.pdf,/IB PAST PAPERS - YEAR/2025 Examination Session/November 2025 Examination Session/Individuals and societies/Business_management_paper_2_TZ1_HL.pdf,2025,November 2025,Business Management,language=not labelled by archive; level=HL; zone=TZ1,question paper,1481246,8cd7407cc450d50fd5809a815908fe71e50ecf5aa42b0df5928354ba588da0ba,2026-09-02,downloaded; indexed size and PDF signature match; pdfinfo OK; qpdf succeeded with source-file warnings,Unofficial mirror copy; authenticity and redistribution rights unverified; local research/reference only; do not upload to GitHub or redistribute.
resources/private/past-papers/2022-2026/business-psychology/2025 Examination Session/November 2025 Examination Session/Individuals and societies/Business_management_paper_2_TZ1_HL_markscheme.pdf,Business_management_paper_2_TZ1_HL_markscheme.pdf,https://dl.ibdocs.re/documents/business-management-paper-2-tz1-hl-markscheme-4cda1d56d2d07ecb,https://dl.ibdocs.re/p/IB%20PAST%20PAPERS%20-%20YEAR/2025%20Examination%20Session/November%202025%20Examination%20Session/Individuals%20and%20societies/Business_management_paper_2_TZ1_HL_markscheme.pdf,/IB PAST PAPERS - YEAR/2025 Examination Session/November 2025 Examination Session/Individuals and societies/Business_management_paper_2_TZ1_HL_markscheme.pdf,2025,November 2025,Business Management,language=not labelled by archive; level=HL; zone=TZ1,markscheme,800351,9dcb9ffb96f62e472b3a47bacf9556d13bb35ad2f8d6a9621bf194f40171ffba,2026-09-02,downloaded; indexed size and PDF signature match; pdfinfo OK; qpdf clean,Unofficial mirror copy; authenticity and redistribution rights unverified; local research/reference only; do not upload to GitHub or redistribute.
resources/private/past-papers/2022-2026/business-psychology/2025 Examination Session/November 2025 Examination Session/Individuals and societies/Business_management_paper_2_TZ1_SL_markscheme.pdf,Business_management_paper_2_TZ1_SL_markscheme.pdf,https://dl.ibdocs.re/documents/business-management-paper-2-tz1-sl-markscheme-03073db3c1d2637a,https://dl.ibdocs.re/p/IB%20PAST%20PAPERS%20-%20YEAR/2025%20Examination%20Session/November%202025%20Examination%20Session/Individuals%20and%20societies/Business_management_paper_2_TZ1_SL_markscheme.pdf,/IB PAST PAPERS - YEAR/2025 Examination Session/November 2025 Examination Session/Individuals and societies/Business_management_paper_2_TZ1_SL_markscheme.pdf,2025,November 2025,Business Management,language=not labelled by archive; level=SL; zone=TZ1,markscheme,1587085,587ac515fb60a5e1612854b37c3be7771f0048951889e81326a1cd6d6389b277,2026-09-02,downloaded; indexed size and PDF signature match; pdfinfo OK; qpdf clean,Unofficial mirror copy; authenticity and redistribution rights unverified; local research/reference only; do not upload to GitHub or redistribute.
resources/private/past-papers/2022-2026/business-psychology/2025 Examination Session/November 2025 Examination Session/Individuals and societies/Business_management_paper_2_TZ3_HL.pdf,Business_management_paper_2_TZ3_HL.pdf,https://dl.ibdocs.re/documents/business-management-paper-2-tz3-hl-36204cbf0a3968c6,https://dl.ibdocs.re/p/IB%20PAST%20PAPERS%20-%20YEAR/2025%20Examination%20Session/November%202025%20Examination%20Session/Individuals%20and%20societies/Business_management_paper_2_TZ3_HL.pdf,/IB PAST PAPERS - YEAR/2025 Examination Session/November 2025 Examination Session/Individuals and societies/Business_management_paper_2_TZ3_HL.pdf,2025,November 2025,Business Management,language=not labelled by archive; level=HL; zone=TZ3,question paper,1196521,0a530c7c4f4810f76f4659561c40f524edd1162637802def1a58ddcc782c1da9,2026-09-02,downloaded; indexed size and PDF signature match; pdfinfo OK; qpdf succeeded with source-file warnings,Unofficial mirror copy; authenticity and redistribution rights unverified; local research/reference only; do not upload to GitHub or redistribute.
resources/private/past-papers/2022-2026/business-psychology/2025 Examination Session/November 2025 Examination Session/Individuals and societies/Business_management_paper_2_TZ3_HL_Spanish.pdf,Business_management_paper_2_TZ3_HL_Spanish.pdf,https://dl.ibdocs.re/documents/business-management-paper-2-tz3-hl-spanish-cc7e627ecfe62d0d,https://dl.ibdocs.re/p/IB%20PAST%20PAPERS%20-%20YEAR/2025%20Examination%20Session/November%202025%20Examination%20Session/Individuals%20and%20societies/Business_management_paper_2_TZ3_HL_Spanish.pdf,/IB PAST PAPERS - YEAR/2025 Examination Session/November 2025 Examination Session/Individuals and societies/Business_management_paper_2_TZ3_HL_Spanish.pdf,2025,November 2025,Business Management,language=Spanish; level=HL; zone=TZ3,question paper,1195587,edcb5dff9c83561130f133e2b473c34276aab39c51efaeefef23bde70097fc2a,2026-09-02,downloaded; indexed size and PDF signature match; pdfinfo OK; qpdf succeeded with source-file warnings,Unofficial mirror copy; authenticity and redistribution rights unverified; local research/reference only; do not upload to GitHub or redistribute.
resources/private/past-papers/2022-2026/business-psychology/2025 Examination Session/November 2025 Examination Session/Individuals and societies/Business_management_paper_2_TZ3_HL_markscheme.pdf,Business_management_paper_2_TZ3_HL_markscheme.pdf,https://dl.ibdocs.re/documents/business-management-paper-2-tz3-hl-markscheme-5c513ca4f3bef8c9,https://dl.ibdocs.re/p/IB%20PAST%20PAPERS%20-%20YEAR/2025%20Examination%20Session/November%202025%20Examination%20Session/Individuals%20and%20societies/Business_management_paper_2_TZ3_HL_markscheme.pdf,/IB PAST PAPERS - YEAR/2025 Examination Session/November 2025 Examination Session/Individuals and societies/Business_management_paper_2_TZ3_HL_markscheme.pdf,2025,November 2025,Business Management,language=not labelled by archive; level=HL; zone=TZ3,markscheme,764899,b69cd3e52c79046a16549e39b2dae6697791b57c9a9ce0210e5786eec2b11b08,2026-09-02,downloaded; indexed size and PDF signature match; pdfinfo OK; qpdf clean,Unofficial mirror copy; authenticity and redistribution rights unverified; local research/reference only; do not upload to GitHub or redistribute.
resources/private/past-papers/2022-2026/business-psychology/2025 Examination Session/November 2025 Examination Session/Individuals and societies/Business_management_paper_2_TZ3_HL_markscheme_Spanish.pdf,Business_management_paper_2_TZ3_HL_markscheme_Spanish.pdf,https://dl.ibdocs.re/documents/business-management-paper-2-tz3-hl-markscheme-spanish-00e1be5904af7146,https://dl.ibdocs.re/p/IB%20PAST%20PAPERS%20-%20YEAR/2025%20Examination%20Session/November%202025%20Examination%20Session/Individuals%20and%20societies/Business_management_paper_2_TZ3_HL_markscheme_Spanish.pdf,/IB PAST PAPERS - YEAR/2025 Examination Session/November 2025 Examination Session/Individuals and societies/Business_management_paper_2_TZ3_HL_markscheme_Spanish.pdf,2025,November 2025,Business Management,language=Spanish; level=HL; zone=TZ3,markscheme,1658367,5c2a8d1d2371a5fbbd6d33cd50bd365b099fe69e4c6c96cfc27152ab79a89197,2026-09-02,downloaded; indexed size and PDF signature match; pdfinfo OK; qpdf clean,Unofficial mirror copy; authenticity and redistribution rights unverified; local research/reference only; do not upload to GitHub or redistribute.
resources/private/past-papers/2022-2026/business-psychology/2025 Examination Session/November 2025 Examination Session/Individuals and societies/Business_management_paper_2_TZ3_SL.pdf,Business_management_paper_2_TZ3_SL.pdf,https://dl.ibdocs.re/documents/business-management-paper-2-tz3-sl-1a9683a6ed5456d1,https://dl.ibdocs.re/p/IB%20PAST%20PAPERS%20-%20YEAR/2025%20Examination%20Session/November%202025%20Examination%20Session/Individuals%20and%20societies/Business_management_paper_2_TZ3_SL.pdf,/IB PAST PAPERS - YEAR/2025 Examination Session/November 2025 Examination Session/Individuals and societies/Business_management_paper_2_TZ3_SL.pdf,2025,November 2025,Business Management,language=not labelled by archive; level=SL; zone=TZ3,question paper,1395286,322b3fbd81b0f5d37769271c5f6321e9101a120c0e673698312640d4032fb944,2026-09-02,downloaded; indexed size and PDF signature match; pdfinfo OK; qpdf succeeded with source-file warnings,Unofficial mirror copy; authenticity and redistribution rights unverified; local research/reference only; do not upload to GitHub or redistribute.
resources/private/past-papers/2022-2026/business-psychology/2025 Examination Session/November 2025 Examination Session/Individuals and societies/Business_management_paper_2_TZ3_SL_Spanish.pdf,Business_management_paper_2_TZ3_SL_Spanish.pdf,https://dl.ibdocs.re/documents/business-management-paper-2-tz3-sl-spanish-6af07bc516503b2e,https://dl.ibdocs.re/p/IB%20PAST%20PAPERS%20-%20YEAR/2025%20Examination%20Session/November%202025%20Examination%20Session/Individuals%20and%20societies/Business_management_paper_2_TZ3_SL_Spanish.pdf,/IB PAST PAPERS - YEAR/2025 Examination Session/November 2025 Examination Session/Individuals and societies/Business_management_paper_2_TZ3_SL_Spanish.pdf,2025,November 2025,Business Management,language=Spanish; level=SL; zone=TZ3,question paper,1372869,cf31943911edc3422aae00bf87ede3914457738980045c10487cfcad20ec969b,2026-09-02,downloaded; indexed size and PDF signature match; pdfinfo OK; qpdf succeeded with source-file warnings,Unofficial mirror copy; authenticity and redistribution rights unverified; local research/reference only; do not upload to GitHub or redistribute.
resources/private/past-papers/2022-2026/business-psychology/2025 Examination Session/November 2025 Examination Session/Individuals and societies/Business_management_paper_2_TZ3_SL_markscheme.pdf,Business_management_paper_2_TZ3_SL_markscheme.pdf,https://dl.ibdocs.re/documents/business-management-paper-2-tz3-sl-markscheme-4ece459ace0489a4,https://dl.ibdocs.re/p/IB%20PAST%20PAPERS%20-%20YEAR/2025%20Examination%20Session/November%202025%20Examination%20Session/Individuals%20and%20societies/Business_management_paper_2_TZ3_SL_markscheme.pdf,/IB PAST PAPERS - YEAR/2025 Examination Session/November 2025 Examination Session/Individuals and societies/Business_management_paper_2_TZ3_SL_markscheme.pdf,2025,November 2025,Business Management,language=not labelled by archive; level=SL; zone=TZ3,markscheme,1385192,131b9541f413de95d9b374d37aa53299025d3654600a5c2ed952f6441d8b8493,2026-09-02,downloaded; indexed size and PDF signature match; pdfinfo OK; qpdf clean,Unofficial mirror copy; authenticity and redistribution rights unverified; local research/reference only; do not upload to GitHub or redistribute.
resources/private/past-papers/2022-2026/business-psychology/2025 Examination Session/November 2025 Examination Session/Individuals and societies/Business_management_paper_2_TZ3_SL_markscheme_Spanish.pdf,Business_management_paper_2_TZ3_SL_markscheme_Spanish.pdf,https://dl.ibdocs.re/documents/business-management-paper-2-tz3-sl-markscheme-spanish-f4a8cce9ecde689b,https://dl.ibdocs.re/p/IB%20PAST%20PAPERS%20-%20YEAR/2025%20Examination%20Session/November%202025%20Examination%20Session/Individuals%20and%20societies/Business_management_paper_2_TZ3_SL_markscheme_Spanish.pdf,/IB PAST PAPERS - YEAR/2025 Examination Session/November 2025 Examination Session/Individuals and societies/Business_management_paper_2_TZ3_SL_markscheme_Spanish.pdf,2025,November 2025,Business Management,language=Spanish; level=SL; zone=TZ3,markscheme,721118,9d6197bd6f75e6c75e5d5bb681027a290b17847c07d48152459db702db3466da,2026-09-02,downloaded; indexed size and PDF signature match; pdfinfo OK; qpdf clean,Unofficial mirror copy; authenticity and redistribution rights unverified; local research/reference only; do not upload to GitHub or redistribute.
resources/private/past-papers/2022-2026/business-psychology/2025 Examination Session/November 2025 Examination Session/Individuals and societies/Business_management_paper_3_HL.pdf,Business_management_paper_3_HL.pdf,https://dl.ibdocs.re/documents/business-management-paper-3-hl-955d15128158e2ab,https://dl.ibdocs.re/p/IB%20PAST%20PAPERS%20-%20YEAR/2025%20Examination%20Session/November%202025%20Examination%20Session/Individuals%20and%20societies/Business_management_paper_3_HL.pdf,/IB PAST PAPERS - YEAR/2025 Examination Session/November 2025 Examination Session/Individuals and societies/Business_management_paper_3_HL.pdf,2025,November 2025,Business Management,language=not labelled by archive; level=HL; zone=not labelled,question paper,1280617,3baee65acb7601248fa726ffa9521309817900073ef033f91f7b926c3a86f8e5,2026-09-02,downloaded; indexed size and PDF signature match; pdfinfo OK; qpdf succeeded with source-file warnings,Unofficial mirror copy; authenticity and redistribution rights unverified; local research/reference only; do not upload to GitHub or redistribute.
resources/private/past-papers/2022-2026/business-psychology/2025 Examination Session/November 2025 Examination Session/Individuals and societies/Business_management_paper_3_HL_Spanish.pdf,Business_management_paper_3_HL_Spanish.pdf,https://dl.ibdocs.re/documents/business-management-paper-3-hl-spanish-3d100c7ff5133eb0,https://dl.ibdocs.re/p/IB%20PAST%20PAPERS%20-%20YEAR/2025%20Examination%20Session/November%202025%20Examination%20Session/Individuals%20and%20societies/Business_management_paper_3_HL_Spanish.pdf,/IB PAST PAPERS - YEAR/2025 Examination Session/November 2025 Examination Session/Individuals and societies/Business_management_paper_3_HL_Spanish.pdf,2025,November 2025,Business Management,language=Spanish; level=HL; zone=not labelled,question paper,1256414,17cdda8c403cd01884af818dbfdf8d9735ebd681d7d43feb6511560d1d59acfb,2026-09-02,downloaded; indexed size and PDF signature match; pdfinfo OK; qpdf succeeded with source-file warnings,Unofficial mirror copy; authenticity and redistribution rights unverified; local research/reference only; do not upload to GitHub or redistribute.
resources/private/past-papers/2022-2026/business-psychology/2025 Examination Session/November 2025 Examination Session/Individuals and societies/Business_management_paper_3_HL_markscheme.pdf,Business_management_paper_3_HL_markscheme.pdf,https://dl.ibdocs.re/documents/business-management-paper-3-hl-markscheme-3ca5e0ebe4713cce,https://dl.ibdocs.re/p/IB%20PAST%20PAPERS%20-%20YEAR/2025%20Examination%20Session/November%202025%20Examination%20Session/Individuals%20and%20societies/Business_management_paper_3_HL_markscheme.pdf,/IB PAST PAPERS - YEAR/2025 Examination Session/November 2025 Examination Session/Individuals and societies/Business_management_paper_3_HL_markscheme.pdf,2025,November 2025,Business Management,language=not labelled by archive; level=HL; zone=not labelled,markscheme,390678,f2fdb012e7b6713ed1eaaf9f32c14f398c5d9d27b1d6b08293531a3893b44506,2026-09-02,downloaded; indexed size and PDF signature match; pdfinfo OK; qpdf clean,Unofficial mirror copy; authenticity and redistribution rights unverified; local research/reference only; do not upload to GitHub or redistribute.
resources/private/past-papers/2022-2026/business-psychology/2025 Examination Session/November 2025 Examination Session/Individuals and societies/Business_management_paper_3_HL_markscheme_Spanish.pdf,Business_management_paper_3_HL_markscheme_Spanish.pdf,https://dl.ibdocs.re/documents/business-management-paper-3-hl-markscheme-spanish-16875c223553da95,https://dl.ibdocs.re/p/IB%20PAST%20PAPERS%20-%20YEAR/2025%20Examination%20Session/November%202025%20Examination%20Session/Individuals%20and%20societies/Business_management_paper_3_HL_markscheme_Spanish.pdf,/IB PAST PAPERS - YEAR/2025 Examination Session/November 2025 Examination Session/Individuals and societies/Business_management_paper_3_HL_markscheme_Spanish.pdf,2025,November 2025,Business Management,language=Spanish; level=HL; zone=not labelled,markscheme,421814,c252e35cb23f57d934d70fb527e12beddd328a844d461fcb4e93088345952d17,2026-09-02,downloaded; indexed size and PDF signature match; pdfinfo OK; qpdf clean,Unofficial mirror copy; authenticity and redistribution rights unverified; local research/reference only; do not upload to GitHub or redistribute.
