source_url,source_page_url,archive_year,session,subject,language_variant,material_type,archive_path,local_path,media_type,file_size_bytes,sha256,retrieved_on,status,verification_status,rights_note,note
https://ibdocs.re/p/IB%20PAST%20PAPERS%20-%20YEAR/2022%20Examination%20Session/May%202022%20Examination%20Session/audio/m222abenghliengtz0xxl.mp3,https://dl.ibdocs.re/IB%20PAST%20PAPERS%20-%20YEAR/2022%20Examination%20Session/May%202022%20Examination%20Session/audio,2022,May 2022 Examination Session,English B,English; HL,audio recording,May 2022 Examination Session/audio/m222abenghliengtz0xxl.mp3,resources/private/past-papers/2022-2026/languages/2022/May 2022 Examination Session/audio/m222abenghliengtz0xxl.mp3,audio/mpeg,24641165,869e8b97aee03fa92aa7c2346f9881d45cbc3ccdde0abcd6aba8effc894cf258,2026-09-02,existing_verified,size_and_sha256_verified,"Private reference copy; the source page states CC BY-NC-ND 4.0 for the webpage, but rights for the exam file are not stated and are presumed third-party/IB copyright. Do not redistribute or commit the binary.",Opaque archive filename decoded from IB subject code: abeng = English B; abspa = Spanish B.
https://ibdocs.re/p/IB%20PAST%20PAPERS%20-%20YEAR/2022%20Examination%20Session/May%202022%20Examination%20Session/audio/m222abengsliengtz0xxl.mp3,https://dl.ibdocs.re/IB%20PAST%20PAPERS%20-%20YEAR/2022%20Examination%20Session/May%202022%20Examination%20Session/audio,2022,May 2022 Examination Session,English B,English; SL,audio recording,May 2022 Examination Session/audio/m222abengsliengtz0xxl.mp3,resources/private/past-papers/2022-2026/languages/2022/May 2022 Examination Session/audio/m222abengsliengtz0xxl.mp3,audio/mpeg,19189690,3cb57fd14326d43cf829663d4379bade430f4aa00cff9ee4a190c9d7721e142d,2026-09-02,existing_verified,size_and_sha256_verified,"Private reference copy; the source page states CC BY-NC-ND 4.0 for the webpage, but rights for the exam file are not stated and are presumed third-party/IB copyright. Do not redistribute or commit the binary.",Opaque archive filename decoded from IB subject code: abeng = English B; abspa = Spanish B.
https://ibdocs.re/p/IB%20PAST%20PAPERS%20-%20YEAR/2022%20Examination%20Session/May%202022%20Examination%20Session/audio/m222abspahlispatz0xxl.mp3,https://dl.ibdocs.re/IB%20PAST%20PAPERS%20-%20YEAR/2022%20Examination%20Session/May%202022%20Examination%20Session/audio,2022,May 2022 Examination Session,Spanish B,Spanish; HL,audio recording,May 2022 Examination Session/audio/m222abspahlispatz0xxl.mp3,resources/private/past-papers/2022-2026/languages/2022/May 2022 Examination Session/audio/m222abspahlispatz0xxl.mp3,audio/mpeg,25587940,f9957b54f6f29882296867af2f234969b9a496bf3ae765489d430c13eb47f2fe,2026-09-02,existing_verified,size_and_sha256_verified,"Private reference copy; the source page states CC BY-NC-ND 4.0 for the webpage, but rights for the exam file are not stated and are presumed third-party/IB copyright. Do not redistribute or commit the binary.",Opaque archive filename decoded from IB subject code: abeng = English B; abspa = Spanish B.
https://ibdocs.re/p/IB%20PAST%20PAPERS%20-%20YEAR/2022%20Examination%20Session/May%202022%20Examination%20Session/audio/m222abspaslispatz0xxl.mp3,https://dl.ibdocs.re/IB%20PAST%20PAPERS%20-%20YEAR/2022%20Examination%20Session/May%202022%20Examination%20Session/audio,2022,May 2022 Examination Session,Spanish B,Spanish; SL,audio recording,May 2022 Examination Session/audio/m222abspaslispatz0xxl.mp3,resources/private/past-papers/2022-2026/languages/2022/May 2022 Examination Session/audio/m222abspaslispatz0xxl.mp3,audio/mpeg,18815007,d9098dc78fac9cf77391befc54817354f0f58358907d2f40d355e1f46bd7c8df,2026-09-02,existing_verified,size_and_sha256_verified,"Private reference copy; the source page states CC BY-NC-ND 4.0 for the webpage, but rights for the exam file are not stated and are presumed third-party/IB copyright. Do not redistribute or commit the binary.",Opaque archive filename decoded from IB subject code: abeng = English B; abspa = Spanish B.
https://ibdocs.re/p/IB%20PAST%20PAPERS%20-%20YEAR/2022%20Examination%20Session/May%202022%20Examination%20Session/Language%20acquisition/English_B_listening_comprehension__HL_markscheme.pdf,https://dl.ibdocs.re/documents/english-b-listening-comprehension-hl-markscheme-faa1f765b57d8611,2022,May 2022 Examination Session,English B,English; HL,markscheme,May 2022 Examination Session/Language acquisition/English_B_listening_comprehension__HL_markscheme.pdf,resources/private/past-papers/2022-2026/languages/2022/May 2022 Examination Session/Language acquisition/English_B_listening_comprehension__HL_markscheme.pdf,application/pdf,470319,5fb6c0b7e33b43335340d8ed9c34ec34ee0cfc4e38c9fdb27ad7479167ec5924,2026-09-02,downloaded,size_and_sha256_verified,"Private reference copy; the source page states CC BY-NC-ND 4.0 for the webpage, but rights for the exam file are not stated and are presumed third-party/IB copyright. Do not redistribute or commit the binary.",
https://ibdocs.re/p/IB%20PAST%20PAPERS%20-%20YEAR/2022%20Examination%20Session/May%202022%20Examination%20Session/Language%20acquisition/English_B_listening_comprehension__HL.pdf,https://dl.ibdocs.re/documents/english-b-listening-comprehension-hl-d99e79e4e01ada2e,2022,May 2022 Examination Session,English B,English; HL,listening question paper/associated material,May 2022 Examination Session/Language acquisition/English_B_listening_comprehension__HL.pdf,resources/private/past-papers/2022-2026/languages/2022/May 2022 Examination Session/Language acquisition/English_B_listening_comprehension__HL.pdf,application/pdf,1231878,b2aca144e38816c8442cc54c9d6c5472eb1651fd4767ad5f848a5aa034245de0,2026-09-02,downloaded,size_and_sha256_verified,"Private reference copy; the source page states CC BY-NC-ND 4.0 for the webpage, but rights for the exam file are not stated and are presumed third-party/IB copyright. Do not redistribute or commit the binary.",
https://ibdocs.re/p/IB%20PAST%20PAPERS%20-%20YEAR/2022%20Examination%20Session/May%202022%20Examination%20Session/Language%20acquisition/English_B_listening_comprehension__SL_markscheme.pdf,https://dl.ibdocs.re/documents/english-b-listening-comprehension-sl-markscheme-fc9c237b930e3e1c,2022,May 2022 Examination Session,English B,English; SL,markscheme,May 2022 Examination Session/Language acquisition/English_B_listening_comprehension__SL_markscheme.pdf,resources/private/past-papers/2022-2026/languages/2022/May 2022 Examination Session/Language acquisition/English_B_listening_comprehension__SL_markscheme.pdf,application/pdf,566069,5b418a33cb7ef6ba482ff29de965cfbd0e8a5d862bbddb9b13c05d5968b4a992,2026-09-02,downloaded,size_and_sha256_verified,"Private reference copy; the source page states CC BY-NC-ND 4.0 for the webpage, but rights for the exam file are not stated and are presumed third-party/IB copyright. Do not redistribute or commit the binary.",
https://ibdocs.re/p/IB%20PAST%20PAPERS%20-%20YEAR/2022%20Examination%20Session/May%202022%20Examination%20Session/Language%20acquisition/English_B_listening_comprehension__SL.pdf,https://dl.ibdocs.re/documents/english-b-listening-comprehension-sl-9e00962cd7c8d109,2022,May 2022 Examination Session,English B,English; SL,listening question paper/associated material,May 2022 Examination Session/Language acquisition/English_B_listening_comprehension__SL.pdf,resources/private/past-papers/2022-2026/languages/2022/May 2022 Examination Session/Language acquisition/English_B_listening_comprehension__SL.pdf,application/pdf,1435658,d496c5b71118ed34f55095f9cb8580869435b3c91954ad5eee9b8d37a6e5c449,2026-09-02,downloaded,size_and_sha256_verified,"Private reference copy; the source page states CC BY-NC-ND 4.0 for the webpage, but rights for the exam file are not stated and are presumed third-party/IB copyright. Do not redistribute or commit the binary.",
https://ibdocs.re/p/IB%20PAST%20PAPERS%20-%20YEAR/2022%20Examination%20Session/May%202022%20Examination%20Session/Language%20acquisition/English_B_paper_1__HL_markscheme.pdf,https://dl.ibdocs.re/documents/english-b-paper-1-hl-markscheme-cae955765c421a25,2022,May 2022 Examination Session,English B,English; HL,markscheme,May 2022 Examination Session/Language acquisition/English_B_paper_1__HL_markscheme.pdf,resources/private/past-papers/2022-2026/languages/2022/May 2022 Examination Session/Language acquisition/English_B_paper_1__HL_markscheme.pdf,application/pdf,484003,af5fe8a49213d8d0ce4fdb591bd7b2ef357afb55e25a9276e93383ad31ca4dd0,2026-09-02,downloaded,size_and_sha256_verified,"Private reference copy; the source page states CC BY-NC-ND 4.0 for the webpage, but rights for the exam file are not stated and are presumed third-party/IB copyright. Do not redistribute or commit the binary.",
https://ibdocs.re/p/IB%20PAST%20PAPERS%20-%20YEAR/2022%20Examination%20Session/May%202022%20Examination%20Session/Language%20acquisition/English_B_paper_1__HL.pdf,https://dl.ibdocs.re/documents/english-b-paper-1-hl-ac4ef27336a7bbe2,2022,May 2022 Examination Session,English B,English; HL,question paper,May 2022 Examination Session/Language acquisition/English_B_paper_1__HL.pdf,resources/private/past-papers/2022-2026/languages/2022/May 2022 Examination Session/Language acquisition/English_B_paper_1__HL.pdf,application/pdf,293514,3bbb23718f4f36c0b358884d1cc8b6e73490924b671b3c9c1bf04f561a53da67,2026-09-02,downloaded,size_and_sha256_verified,"Private reference copy; the source page states CC BY-NC-ND 4.0 for the webpage, but rights for the exam file are not stated and are presumed third-party/IB copyright. Do not redistribute or commit the binary.",
https://ibdocs.re/p/IB%20PAST%20PAPERS%20-%20YEAR/2022%20Examination%20Session/May%202022%20Examination%20Session/Language%20acquisition/English_B_paper_1__SL_markscheme.pdf,https://dl.ibdocs.re/documents/english-b-paper-1-sl-markscheme-756fc41982a5fa30,2022,May 2022 Examination Session,English B,English; SL,markscheme,May 2022 Examination Session/Language acquisition/English_B_paper_1__SL_markscheme.pdf,resources/private/past-papers/2022-2026/languages/2022/May 2022 Examination Session/Language acquisition/English_B_paper_1__SL_markscheme.pdf,application/pdf,544832,b400b0c0a6973b51ba0a281cfaada81db7b53450e89761eb5e09ac14e008cd15,2026-09-02,downloaded,size_and_sha256_verified,"Private reference copy; the source page states CC BY-NC-ND 4.0 for the webpage, but rights for the exam file are not stated and are presumed third-party/IB copyright. Do not redistribute or commit the binary.",
https://ibdocs.re/p/IB%20PAST%20PAPERS%20-%20YEAR/2022%20Examination%20Session/May%202022%20Examination%20Session/Language%20acquisition/English_B_paper_1__SL.pdf,https://dl.ibdocs.re/documents/english-b-paper-1-sl-6d4b0ebb2b7289bd,2022,May 2022 Examination Session,English B,English; SL,question paper,May 2022 Examination Session/Language acquisition/English_B_paper_1__SL.pdf,resources/private/past-papers/2022-2026/languages/2022/May 2022 Examination Session/Language acquisition/English_B_paper_1__SL.pdf,application/pdf,294147,395ccfee7a491cdcb38b0bce8131d42b84153aa885c94e12bed143225baff046,2026-09-02,downloaded,size_and_sha256_verified,"Private reference copy; the source page states CC BY-NC-ND 4.0 for the webpage, but rights for the exam file are not stated and are presumed third-party/IB copyright. Do not redistribute or commit the binary.",
https://ibdocs.re/p/IB%20PAST%20PAPERS%20-%20YEAR/2022%20Examination%20Session/May%202022%20Examination%20Session/Language%20acquisition/English_B_paper_2_reading_comprehension__HL_markscheme.pdf,https://dl.ibdocs.re/documents/english-b-paper-2-reading-comprehension-hl-markscheme-ea64f9fe2cdae176,2022,May 2022 Examination Session,English B,English; HL,markscheme,May 2022 Examination Session/Language acquisition/English_B_paper_2_reading_comprehension__HL_markscheme.pdf,resources/private/past-papers/2022-2026/languages/2022/May 2022 Examination Session/Language acquisition/English_B_paper_2_reading_comprehension__HL_markscheme.pdf,application/pdf,340193,e3d21def7ea2c11dfb590d4e5b46d5aa7b0a4fcde20b229ae3ab593ae423195b,2026-09-02,downloaded,size_and_sha256_verified,"Private reference copy; the source page states CC BY-NC-ND 4.0 for the webpage, but rights for the exam file are not stated and are presumed third-party/IB copyright. Do not redistribute or commit the binary.",
https://ibdocs.re/p/IB%20PAST%20PAPERS%20-%20YEAR/2022%20Examination%20Session/May%202022%20Examination%20Session/Language%20acquisition/English_B_paper_2_reading_comprehension__question_booklet_HL.pdf,https://dl.ibdocs.re/documents/english-b-paper-2-reading-comprehension-question-booklet-hl-b9b377c01a324587,2022,May 2022 Examination Session,English B,English; HL,question booklet,May 2022 Examination Session/Language acquisition/English_B_paper_2_reading_comprehension__question_booklet_HL.pdf,resources/private/past-papers/2022-2026/languages/2022/May 2022 Examination Session/Language acquisition/English_B_paper_2_reading_comprehension__question_booklet_HL.pdf,application/pdf,488101,fa48aa065847d512a98b857fb2a2b5fd8c16cfd91d903affd34b3a38d2938168,2026-09-02,downloaded,size_and_sha256_verified,"Private reference copy; the source page states CC BY-NC-ND 4.0 for the webpage, but rights for the exam file are not stated and are presumed third-party/IB copyright. Do not redistribute or commit the binary.",
https://ibdocs.re/p/IB%20PAST%20PAPERS%20-%20YEAR/2022%20Examination%20Session/May%202022%20Examination%20Session/Language%20acquisition/English_B_paper_2_reading_comprehension__question_booklet_SL.pdf,https://dl.ibdocs.re/documents/english-b-paper-2-reading-comprehension-question-booklet-sl-cdf544e4a2df7de0,2022,May 2022 Examination Session,English B,English; SL,question booklet,May 2022 Examination Session/Language acquisition/English_B_paper_2_reading_comprehension__question_booklet_SL.pdf,resources/private/past-papers/2022-2026/languages/2022/May 2022 Examination Session/Language acquisition/English_B_paper_2_reading_comprehension__question_booklet_SL.pdf,application/pdf,466954,3a1c08f9762c2642218cb0ae49aa5b89776501dbea4596a17d1e1905e86b2fa8,2026-09-02,downloaded,size_and_sha256_verified,"Private reference copy; the source page states CC BY-NC-ND 4.0 for the webpage, but rights for the exam file are not stated and are presumed third-party/IB copyright. Do not redistribute or commit the binary.",
https://ibdocs.re/p/IB%20PAST%20PAPERS%20-%20YEAR/2022%20Examination%20Session/May%202022%20Examination%20Session/Language%20acquisition/English_B_paper_2_reading_comprehension__SL_markscheme.pdf,https://dl.ibdocs.re/documents/english-b-paper-2-reading-comprehension-sl-markscheme-6cd30976beaf1d87,2022,May 2022 Examination Session,English B,English; SL,markscheme,May 2022 Examination Session/Language acquisition/English_B_paper_2_reading_comprehension__SL_markscheme.pdf,resources/private/past-papers/2022-2026/languages/2022/May 2022 Examination Session/Language acquisition/English_B_paper_2_reading_comprehension__SL_markscheme.pdf,application/pdf,393479,a04b6221e54c2ea3f70097c55d2fce3ee1afb1c3f30036669139cadfc2f544b2,2026-09-02,downloaded,size_and_sha256_verified,"Private reference copy; the source page states CC BY-NC-ND 4.0 for the webpage, but rights for the exam file are not stated and are presumed third-party/IB copyright. Do not redistribute or commit the binary.",
https://ibdocs.re/p/IB%20PAST%20PAPERS%20-%20YEAR/2022%20Examination%20Session/May%202022%20Examination%20Session/Language%20acquisition/English_B_paper_2_reading_comprehension__text_booklet_HL.pdf,https://dl.ibdocs.re/documents/english-b-paper-2-reading-comprehension-text-booklet-hl-4f58a03cf2249b6e,2022,May 2022 Examination Session,English B,English; HL,text booklet,May 2022 Examination Session/Language acquisition/English_B_paper_2_reading_comprehension__text_booklet_HL.pdf,resources/private/past-papers/2022-2026/languages/2022/May 2022 Examination Session/Language acquisition/English_B_paper_2_reading_comprehension__text_booklet_HL.pdf,application/pdf,1450263,bb9f8405d4fbcc00ef04c6597b763ec0afba227de33e3618681093ff5a33426e,2026-09-02,downloaded,size_and_sha256_verified,"Private reference copy; the source page states CC BY-NC-ND 4.0 for the webpage, but rights for the exam file are not stated and are presumed third-party/IB copyright. Do not redistribute or commit the binary.",
https://ibdocs.re/p/IB%20PAST%20PAPERS%20-%20YEAR/2022%20Examination%20Session/May%202022%20Examination%20Session/Language%20acquisition/English_B_paper_2_reading_comprehension__text_booklet_SL.pdf,https://dl.ibdocs.re/documents/english-b-paper-2-reading-comprehension-text-booklet-sl-68b1e7071e56c449,2022,May 2022 Examination Session,English B,English; SL,text booklet,May 2022 Examination Session/Language acquisition/English_B_paper_2_reading_comprehension__text_booklet_SL.pdf,resources/private/past-papers/2022-2026/languages/2022/May 2022 Examination Session/Language acquisition/English_B_paper_2_reading_comprehension__text_booklet_SL.pdf,application/pdf,1291178,3f4380aac4b47811e51992496d84c7e1f13b7b704acb3404bd5eee6c50ed5dd8,2026-09-02,downloaded,size_and_sha256_verified,"Private reference copy; the source page states CC BY-NC-ND 4.0 for the webpage, but rights for the exam file are not stated and are presumed third-party/IB copyright. Do not redistribute or commit the binary.",
https://ibdocs.re/p/IB%20PAST%20PAPERS%20-%20YEAR/2022%20Examination%20Session/May%202022%20Examination%20Session/Language%20acquisition/Spanish_B_listening_comprehension__HL_markscheme_Spanish.pdf,https://dl.ibdocs.re/documents/spanish-b-listening-comprehension-hl-markscheme-spanish-103fa0657e6331b6,2022,May 2022 Examination Session,Spanish B,Spanish; HL,markscheme,May 2022 Examination Session/Language acquisition/Spanish_B_listening_comprehension__HL_markscheme_Spanish.pdf,resources/private/past-papers/2022-2026/languages/2022/May 2022 Examination Session/Language acquisition/Spanish_B_listening_comprehension__HL_markscheme_Spanish.pdf,application/pdf,513957,483249041394099b7f2eb4c8a72f74795cebd3081fe4942ab1db595bee70ea22,2026-09-02,downloaded,size_and_sha256_verified,"Private reference copy; the source page states CC BY-NC-ND 4.0 for the webpage, but rights for the exam file are not stated and are presumed third-party/IB copyright. Do not redistribute or commit the binary.",
https://ibdocs.re/p/IB%20PAST%20PAPERS%20-%20YEAR/2022%20Examination%20Session/May%202022%20Examination%20Session/Language%20acquisition/Spanish_B_listening_comprehension__HL_Spanish.pdf,https://dl.ibdocs.re/documents/spanish-b-listening-comprehension-hl-spanish-8c7e76a7482f027d,2022,May 2022 Examination Session,Spanish B,Spanish; HL,listening question paper/associated material,May 2022 Examination Session/Language acquisition/Spanish_B_listening_comprehension__HL_Spanish.pdf,resources/private/past-papers/2022-2026/languages/2022/May 2022 Examination Session/Language acquisition/Spanish_B_listening_comprehension__HL_Spanish.pdf,application/pdf,963162,fd114a95848a6486683c4ef34b8c7e1e5757b308dba7659f04117ef2d4380353,2026-09-02,downloaded,size_and_sha256_verified,"Private reference copy; the source page states CC BY-NC-ND 4.0 for the webpage, but rights for the exam file are not stated and are presumed third-party/IB copyright. Do not redistribute or commit the binary.",
https://ibdocs.re/p/IB%20PAST%20PAPERS%20-%20YEAR/2022%20Examination%20Session/May%202022%20Examination%20Session/Language%20acquisition/Spanish_B_listening_comprehension__SL_markscheme_Spanish.pdf,https://dl.ibdocs.re/documents/spanish-b-listening-comprehension-sl-markscheme-spanish-0ae0e4ce484acc2b,2022,May 2022 Examination Session,Spanish B,Spanish; SL,markscheme,May 2022 Examination Session/Language acquisition/Spanish_B_listening_comprehension__SL_markscheme_Spanish.pdf,resources/private/past-papers/2022-2026/languages/2022/May 2022 Examination Session/Language acquisition/Spanish_B_listening_comprehension__SL_markscheme_Spanish.pdf,application/pdf,532853,7c3fce11d2788dfb8094dd14c5723bdf12d5ec4f6004511a8a9e821a8e011797,2026-09-02,downloaded,size_and_sha256_verified,"Private reference copy; the source page states CC BY-NC-ND 4.0 for the webpage, but rights for the exam file are not stated and are presumed third-party/IB copyright. Do not redistribute or commit the binary.",
https://ibdocs.re/p/IB%20PAST%20PAPERS%20-%20YEAR/2022%20Examination%20Session/May%202022%20Examination%20Session/Language%20acquisition/Spanish_B_listening_comprehension__SL_Spanish.pdf,https://dl.ibdocs.re/documents/spanish-b-listening-comprehension-sl-spanish-fd65da3e542377be,2022,May 2022 Examination Session,Spanish B,Spanish; SL,listening question paper/associated material,May 2022 Examination Session/Language acquisition/Spanish_B_listening_comprehension__SL_Spanish.pdf,resources/private/past-papers/2022-2026/languages/2022/May 2022 Examination Session/Language acquisition/Spanish_B_listening_comprehension__SL_Spanish.pdf,application/pdf,920955,05f3ef8777c39c780fdc6971e0108f29164375e5f497f8880434fb69140853a3,2026-09-02,downloaded,size_and_sha256_verified,"Private reference copy; the source page states CC BY-NC-ND 4.0 for the webpage, but rights for the exam file are not stated and are presumed third-party/IB copyright. Do not redistribute or commit the binary.",
https://ibdocs.re/p/IB%20PAST%20PAPERS%20-%20YEAR/2022%20Examination%20Session/May%202022%20Examination%20Session/Language%20acquisition/Spanish_B_paper_1__HL_markscheme_Spanish.pdf,https://dl.ibdocs.re/documents/spanish-b-paper-1-hl-markscheme-spanish-a9ec4c938fb23f3a,2022,May 2022 Examination Session,Spanish B,Spanish; HL,markscheme,May 2022 Examination Session/Language acquisition/Spanish_B_paper_1__HL_markscheme_Spanish.pdf,resources/private/past-papers/2022-2026/languages/2022/May 2022 Examination Session/Language acquisition/Spanish_B_paper_1__HL_markscheme_Spanish.pdf,application/pdf,735717,7a2b5ca02e4bb1fcae0c087908815e7d46a87a3c0955ac5217a44266d4a565d7,2026-09-02,downloaded,size_and_sha256_verified,"Private reference copy; the source page states CC BY-NC-ND 4.0 for the webpage, but rights for the exam file are not stated and are presumed third-party/IB copyright. Do not redistribute or commit the binary.",
https://ibdocs.re/p/IB%20PAST%20PAPERS%20-%20YEAR/2022%20Examination%20Session/May%202022%20Examination%20Session/Language%20acquisition/Spanish_B_paper_1__HL_Spanish.pdf,https://dl.ibdocs.re/documents/spanish-b-paper-1-hl-spanish-113802a693835041,2022,May 2022 Examination Session,Spanish B,Spanish; HL,question paper,May 2022 Examination Session/Language acquisition/Spanish_B_paper_1__HL_Spanish.pdf,resources/private/past-papers/2022-2026/languages/2022/May 2022 Examination Session/Language acquisition/Spanish_B_paper_1__HL_Spanish.pdf,application/pdf,311248,9f67d544a27ea32b9c56ae7a8fc3eb111d0784c18345aae0974b2ed395903b82,2026-09-02,downloaded,size_and_sha256_verified,"Private reference copy; the source page states CC BY-NC-ND 4.0 for the webpage, but rights for the exam file are not stated and are presumed third-party/IB copyright. Do not redistribute or commit the binary.",
https://ibdocs.re/p/IB%20PAST%20PAPERS%20-%20YEAR/2022%20Examination%20Session/May%202022%20Examination%20Session/Language%20acquisition/Spanish_B_paper_1__SL_markscheme_Spanish.pdf,https://dl.ibdocs.re/documents/spanish-b-paper-1-sl-markscheme-spanish-c29c930431e8110f,2022,May 2022 Examination Session,Spanish B,Spanish; SL,markscheme,May 2022 Examination Session/Language acquisition/Spanish_B_paper_1__SL_markscheme_Spanish.pdf,resources/private/past-papers/2022-2026/languages/2022/May 2022 Examination Session/Language acquisition/Spanish_B_paper_1__SL_markscheme_Spanish.pdf,application/pdf,592329,c048d16ad27b5c004641fa96781e7a155bf5afeb1708fa6d2cd9a828b0e2f4a9,2026-09-02,downloaded,size_and_sha256_verified,"Private reference copy; the source page states CC BY-NC-ND 4.0 for the webpage, but rights for the exam file are not stated and are presumed third-party/IB copyright. Do not redistribute or commit the binary.",
https://ibdocs.re/p/IB%20PAST%20PAPERS%20-%20YEAR/2022%20Examination%20Session/May%202022%20Examination%20Session/Language%20acquisition/Spanish_B_paper_1__SL_Spanish.pdf,https://dl.ibdocs.re/documents/spanish-b-paper-1-sl-spanish-cdf7790026d06402,2022,May 2022 Examination Session,Spanish B,Spanish; SL,question paper,May 2022 Examination Session/Language acquisition/Spanish_B_paper_1__SL_Spanish.pdf,resources/private/past-papers/2022-2026/languages/2022/May 2022 Examination Session/Language acquisition/Spanish_B_paper_1__SL_Spanish.pdf,application/pdf,312032,57c73dc5fb4eb65462dd84a3536aa6175a77329e38bc0b40625e2786a5bbad31,2026-09-02,downloaded,size_and_sha256_verified,"Private reference copy; the source page states CC BY-NC-ND 4.0 for the webpage, but rights for the exam file are not stated and are presumed third-party/IB copyright. Do not redistribute or commit the binary.",
https://ibdocs.re/p/IB%20PAST%20PAPERS%20-%20YEAR/2022%20Examination%20Session/May%202022%20Examination%20Session/Language%20acquisition/Spanish_B_paper_2_reading_comprehension__HL_markscheme_Spanish.pdf,https://dl.ibdocs.re/documents/spanish-b-paper-2-reading-comprehension-hl-markscheme-spanish-2cf430dcae610cb5,2022,May 2022 Examination Session,Spanish B,Spanish; HL,markscheme,May 2022 Examination Session/Language acquisition/Spanish_B_paper_2_reading_comprehension__HL_markscheme_Spanish.pdf,resources/private/past-papers/2022-2026/languages/2022/May 2022 Examination Session/Language acquisition/Spanish_B_paper_2_reading_comprehension__HL_markscheme_Spanish.pdf,application/pdf,403976,645d2c66a4bf4d69c1ff9699f7647756e7ec6e18d128ee202cbbaacde755a153,2026-09-02,downloaded,size_and_sha256_verified,"Private reference copy; the source page states CC BY-NC-ND 4.0 for the webpage, but rights for the exam file are not stated and are presumed third-party/IB copyright. Do not redistribute or commit the binary.",
https://ibdocs.re/p/IB%20PAST%20PAPERS%20-%20YEAR/2022%20Examination%20Session/May%202022%20Examination%20Session/Language%20acquisition/Spanish_B_paper_2_reading_comprehension__question_booklet_HL_Spanish.pdf,https://dl.ibdocs.re/documents/spanish-b-paper-2-reading-comprehension-question-booklet-hl-spanish-cb7ab37cad35baf4,2022,May 2022 Examination Session,Spanish B,Spanish; HL,question booklet,May 2022 Examination Session/Language acquisition/Spanish_B_paper_2_reading_comprehension__question_booklet_HL_Spanish.pdf,resources/private/past-papers/2022-2026/languages/2022/May 2022 Examination Session/Language acquisition/Spanish_B_paper_2_reading_comprehension__question_booklet_HL_Spanish.pdf,application/pdf,852413,9b07f075f881bcd40d495765d4a1750ad7c25f2fe5c68e2ef14996771242b9a9,2026-09-02,downloaded,size_and_sha256_verified,"Private reference copy; the source page states CC BY-NC-ND 4.0 for the webpage, but rights for the exam file are not stated and are presumed third-party/IB copyright. Do not redistribute or commit the binary.",
https://ibdocs.re/p/IB%20PAST%20PAPERS%20-%20YEAR/2022%20Examination%20Session/May%202022%20Examination%20Session/Language%20acquisition/Spanish_B_paper_2_reading_comprehension__question_booklet_SL_Spanish.pdf,https://dl.ibdocs.re/documents/spanish-b-paper-2-reading-comprehension-question-booklet-sl-spanish-af1ed570b4e93f4f,2022,May 2022 Examination Session,Spanish B,Spanish; SL,question booklet,May 2022 Examination Session/Language acquisition/Spanish_B_paper_2_reading_comprehension__question_booklet_SL_Spanish.pdf,resources/private/past-papers/2022-2026/languages/2022/May 2022 Examination Session/Language acquisition/Spanish_B_paper_2_reading_comprehension__question_booklet_SL_Spanish.pdf,application/pdf,937615,13273789be35624185062bf8e0cf57d94f23d43df635a3ef2aa184ae4cc22c70,2026-09-02,downloaded,size_and_sha256_verified,"Private reference copy; the source page states CC BY-NC-ND 4.0 for the webpage, but rights for the exam file are not stated and are presumed third-party/IB copyright. Do not redistribute or commit the binary.",
https://ibdocs.re/p/IB%20PAST%20PAPERS%20-%20YEAR/2022%20Examination%20Session/May%202022%20Examination%20Session/Language%20acquisition/Spanish_B_paper_2_reading_comprehension__SL_markscheme_Spanish.pdf,https://dl.ibdocs.re/documents/spanish-b-paper-2-reading-comprehension-sl-markscheme-spanish-bc389f1cc63e6104,2022,May 2022 Examination Session,Spanish B,Spanish; SL,markscheme,May 2022 Examination Session/Language acquisition/Spanish_B_paper_2_reading_comprehension__SL_markscheme_Spanish.pdf,resources/private/past-papers/2022-2026/languages/2022/May 2022 Examination Session/Language acquisition/Spanish_B_paper_2_reading_comprehension__SL_markscheme_Spanish.pdf,application/pdf,337057,4b1de306019b23d25861a8d8ba01db06590ab5d1d1b6682bf9ad3dec31eb111c,2026-09-02,downloaded,size_and_sha256_verified,"Private reference copy; the source page states CC BY-NC-ND 4.0 for the webpage, but rights for the exam file are not stated and are presumed third-party/IB copyright. Do not redistribute or commit the binary.",
https://ibdocs.re/p/IB%20PAST%20PAPERS%20-%20YEAR/2022%20Examination%20Session/May%202022%20Examination%20Session/Language%20acquisition/Spanish_B_paper_2_reading_comprehension__text_booklet_HL_Spanish.pdf,https://dl.ibdocs.re/documents/spanish-b-paper-2-reading-comprehension-text-booklet-hl-spanish-cb9fa3f1b4db9c2d,2022,May 2022 Examination Session,Spanish B,Spanish; HL,text booklet,May 2022 Examination Session/Language acquisition/Spanish_B_paper_2_reading_comprehension__text_booklet_HL_Spanish.pdf,resources/private/past-papers/2022-2026/languages/2022/May 2022 Examination Session/Language acquisition/Spanish_B_paper_2_reading_comprehension__text_booklet_HL_Spanish.pdf,application/pdf,1498898,2dce57956a8e3f60014a911dff17771891c0a6730fac94d2ab064bb894828780,2026-09-02,downloaded,size_and_sha256_verified,"Private reference copy; the source page states CC BY-NC-ND 4.0 for the webpage, but rights for the exam file are not stated and are presumed third-party/IB copyright. Do not redistribute or commit the binary.",
https://ibdocs.re/p/IB%20PAST%20PAPERS%20-%20YEAR/2022%20Examination%20Session/May%202022%20Examination%20Session/Language%20acquisition/Spanish_B_paper_2_reading_comprehension__text_booklet_SL_Spanish.pdf,https://dl.ibdocs.re/documents/spanish-b-paper-2-reading-comprehension-text-booklet-sl-spanish-b775f86cbcee6bce,2022,May 2022 Examination Session,Spanish B,Spanish; SL,text booklet,May 2022 Examination Session/Language acquisition/Spanish_B_paper_2_reading_comprehension__text_booklet_SL_Spanish.pdf,resources/private/past-papers/2022-2026/languages/2022/May 2022 Examination Session/Language acquisition/Spanish_B_paper_2_reading_comprehension__text_booklet_SL_Spanish.pdf,application/pdf,1874484,90952bdf2d682a8ebb041c2d6d7b3f95500a13af9aae97856a0d179e53fedd21,2026-09-02,downloaded,size_and_sha256_verified,"Private reference copy; the source page states CC BY-NC-ND 4.0 for the webpage, but rights for the exam file are not stated and are presumed third-party/IB copyright. Do not redistribute or commit the binary.",
https://ibdocs.re/p/IB%20PAST%20PAPERS%20-%20YEAR/2022%20Examination%20Session/May%202022%20Examination%20Session/Studies%20in%20language%20and%20literature/English_A_Language_and_literature_paper_1__TZ1_HL.pdf,https://dl.ibdocs.re/documents/english-a-language-and-literature-paper-1-tz1-hl-49f072f15b574f9f,2022,May 2022 Examination Session,English A Language and Literature,English; HL; TZ1,question paper,May 2022 Examination Session/Studies in language and literature/English_A_Language_and_literature_paper_1__TZ1_HL.pdf,resources/private/past-papers/2022-2026/languages/2022/May 2022 Examination Session/Studies in language and literature/English_A_Language_and_literature_paper_1__TZ1_HL.pdf,application/pdf,1706075,7054c5ea8ea03b0403f95f077882440905771e221148f764fdac8b8fea2eb87e,2026-09-02,downloaded,size_and_sha256_verified,"Private reference copy; the source page states CC BY-NC-ND 4.0 for the webpage, but rights for the exam file are not stated and are presumed third-party/IB copyright. Do not redistribute or commit the binary.",
https://ibdocs.re/p/IB%20PAST%20PAPERS%20-%20YEAR/2022%20Examination%20Session/May%202022%20Examination%20Session/Studies%20in%20language%20and%20literature/English_A_Language_and_literature_paper_1__TZ1_HLSL_markscheme.pdf,https://dl.ibdocs.re/documents/english-a-language-and-literature-paper-1-tz1-hlsl-markscheme-d344fdafeee6f60f,2022,May 2022 Examination Session,English A Language and Literature,English; HL/SL; TZ1,markscheme,May 2022 Examination Session/Studies in language and literature/English_A_Language_and_literature_paper_1__TZ1_HLSL_markscheme.pdf,resources/private/past-papers/2022-2026/languages/2022/May 2022 Examination Session/Studies in language and literature/English_A_Language_and_literature_paper_1__TZ1_HLSL_markscheme.pdf,application/pdf,463510,36b0de4e0c9254a479ebeb7e61ad017cb76e6285730dfa7010c31d6fbf501a74,2026-09-02,downloaded,size_and_sha256_verified,"Private reference copy; the source page states CC BY-NC-ND 4.0 for the webpage, but rights for the exam file are not stated and are presumed third-party/IB copyright. Do not redistribute or commit the binary.",
https://ibdocs.re/p/IB%20PAST%20PAPERS%20-%20YEAR/2022%20Examination%20Session/May%202022%20Examination%20Session/Studies%20in%20language%20and%20literature/English_A_Language_and_literature_paper_1__TZ1_SL.pdf,https://dl.ibdocs.re/documents/english-a-language-and-literature-paper-1-tz1-sl-80bd347765cccb48,2022,May 2022 Examination Session,English A Language and Literature,English; SL; TZ1,question paper,May 2022 Examination Session/Studies in language and literature/English_A_Language_and_literature_paper_1__TZ1_SL.pdf,resources/private/past-papers/2022-2026/languages/2022/May 2022 Examination Session/Studies in language and literature/English_A_Language_and_literature_paper_1__TZ1_SL.pdf,application/pdf,1706640,e75ecf8748cb0659ee6fd6c5c0e507812e94a9c6b9efcda30dd16461ae778899,2026-09-02,downloaded,size_and_sha256_verified,"Private reference copy; the source page states CC BY-NC-ND 4.0 for the webpage, but rights for the exam file are not stated and are presumed third-party/IB copyright. Do not redistribute or commit the binary.",
https://ibdocs.re/p/IB%20PAST%20PAPERS%20-%20YEAR/2022%20Examination%20Session/May%202022%20Examination%20Session/Studies%20in%20language%20and%20literature/English_A_Language_and_literature_paper_1__TZ2_HL.pdf,https://dl.ibdocs.re/documents/english-a-language-and-literature-paper-1-tz2-hl-67991583a6197aec,2022,May 2022 Examination Session,English A Language and Literature,English; HL; TZ2,question paper,May 2022 Examination Session/Studies in language and literature/English_A_Language_and_literature_paper_1__TZ2_HL.pdf,resources/private/past-papers/2022-2026/languages/2022/May 2022 Examination Session/Studies in language and literature/English_A_Language_and_literature_paper_1__TZ2_HL.pdf,application/pdf,1847367,b85119aabf2356edb65abd4dc90db549d7fadfe73db21ee9c989a8942110945f,2026-09-02,downloaded,size_and_sha256_verified,"Private reference copy; the source page states CC BY-NC-ND 4.0 for the webpage, but rights for the exam file are not stated and are presumed third-party/IB copyright. Do not redistribute or commit the binary.",
https://ibdocs.re/p/IB%20PAST%20PAPERS%20-%20YEAR/2022%20Examination%20Session/May%202022%20Examination%20Session/Studies%20in%20language%20and%20literature/English_A_Language_and_literature_paper_1__TZ2_HLSL_markscheme.pdf,https://dl.ibdocs.re/documents/english-a-language-and-literature-paper-1-tz2-hlsl-markscheme-d932f68fe4f72d22,2022,May 2022 Examination Session,English A Language and Literature,English; HL/SL; TZ2,markscheme,May 2022 Examination Session/Studies in language and literature/English_A_Language_and_literature_paper_1__TZ2_HLSL_markscheme.pdf,resources/private/past-papers/2022-2026/languages/2022/May 2022 Examination Session/Studies in language and literature/English_A_Language_and_literature_paper_1__TZ2_HLSL_markscheme.pdf,application/pdf,514726,cc7e6b2fa4567fddb2cd0804352e4e04ee8c38dbb2e4e8cc56682885fbc56731,2026-09-02,downloaded,size_and_sha256_verified,"Private reference copy; the source page states CC BY-NC-ND 4.0 for the webpage, but rights for the exam file are not stated and are presumed third-party/IB copyright. Do not redistribute or commit the binary.",
https://ibdocs.re/p/IB%20PAST%20PAPERS%20-%20YEAR/2022%20Examination%20Session/May%202022%20Examination%20Session/Studies%20in%20language%20and%20literature/English_A_Language_and_literature_paper_1__TZ2_SL.pdf,https://dl.ibdocs.re/documents/english-a-language-and-literature-paper-1-tz2-sl-a2b320d08fe880e3,2022,May 2022 Examination Session,English A Language and Literature,English; SL; TZ2,question paper,May 2022 Examination Session/Studies in language and literature/English_A_Language_and_literature_paper_1__TZ2_SL.pdf,resources/private/past-papers/2022-2026/languages/2022/May 2022 Examination Session/Studies in language and literature/English_A_Language_and_literature_paper_1__TZ2_SL.pdf,application/pdf,1841033,0cec884ee02e1701160334c83663d955653061bacec699933f01d3a17d9999e9,2026-09-02,downloaded,size_and_sha256_verified,"Private reference copy; the source page states CC BY-NC-ND 4.0 for the webpage, but rights for the exam file are not stated and are presumed third-party/IB copyright. Do not redistribute or commit the binary.",
https://ibdocs.re/p/IB%20PAST%20PAPERS%20-%20YEAR/2022%20Examination%20Session/May%202022%20Examination%20Session/Studies%20in%20language%20and%20literature/English_A_Literature_paper_1__TZ1_HL.pdf,https://dl.ibdocs.re/documents/english-a-literature-paper-1-tz1-hl-86b8d6fb7e7f5f6e,2022,May 2022 Examination Session,English A Literature,English; HL; TZ1,question paper,May 2022 Examination Session/Studies in language and literature/English_A_Literature_paper_1__TZ1_HL.pdf,resources/private/past-papers/2022-2026/languages/2022/May 2022 Examination Session/Studies in language and literature/English_A_Literature_paper_1__TZ1_HL.pdf,application/pdf,981788,c07e2f896621f8b19ede67e887f8341b3cebce44736496dd7ba71c8070738d59,2026-09-02,downloaded,size_and_sha256_verified,"Private reference copy; the source page states CC BY-NC-ND 4.0 for the webpage, but rights for the exam file are not stated and are presumed third-party/IB copyright. Do not redistribute or commit the binary.",
https://ibdocs.re/p/IB%20PAST%20PAPERS%20-%20YEAR/2022%20Examination%20Session/May%202022%20Examination%20Session/Studies%20in%20language%20and%20literature/English_A_Literature_paper_1__TZ1_HLSL_markscheme.pdf,https://dl.ibdocs.re/documents/english-a-literature-paper-1-tz1-hlsl-markscheme-edcf062c2d48b460,2022,May 2022 Examination Session,English A Literature,English; HL/SL; TZ1,markscheme,May 2022 Examination Session/Studies in language and literature/English_A_Literature_paper_1__TZ1_HLSL_markscheme.pdf,resources/private/past-papers/2022-2026/languages/2022/May 2022 Examination Session/Studies in language and literature/English_A_Literature_paper_1__TZ1_HLSL_markscheme.pdf,application/pdf,464431,7961605fcb8d25832052de20fd44aa60f2532468b100b94a3c5e1d157344f918,2026-09-02,downloaded,size_and_sha256_verified,"Private reference copy; the source page states CC BY-NC-ND 4.0 for the webpage, but rights for the exam file are not stated and are presumed third-party/IB copyright. Do not redistribute or commit the binary.",
https://ibdocs.re/p/IB%20PAST%20PAPERS%20-%20YEAR/2022%20Examination%20Session/May%202022%20Examination%20Session/Studies%20in%20language%20and%20literature/English_A_Literature_paper_1__TZ1_SL.pdf,https://dl.ibdocs.re/documents/english-a-literature-paper-1-tz1-sl-a0121dc5aab18849,2022,May 2022 Examination Session,English A Literature,English; SL; TZ1,question paper,May 2022 Examination Session/Studies in language and literature/English_A_Literature_paper_1__TZ1_SL.pdf,resources/private/past-papers/2022-2026/languages/2022/May 2022 Examination Session/Studies in language and literature/English_A_Literature_paper_1__TZ1_SL.pdf,application/pdf,943399,8f6a5843c3891e00f6f135c96be3140c53959a867c529989a1e7f88bbeee4bd5,2026-09-02,downloaded,size_and_sha256_verified,"Private reference copy; the source page states CC BY-NC-ND 4.0 for the webpage, but rights for the exam file are not stated and are presumed third-party/IB copyright. Do not redistribute or commit the binary.",
https://ibdocs.re/p/IB%20PAST%20PAPERS%20-%20YEAR/2022%20Examination%20Session/May%202022%20Examination%20Session/Studies%20in%20language%20and%20literature/English_A_Literature_paper_1__TZ2_HL.pdf,https://dl.ibdocs.re/documents/english-a-literature-paper-1-tz2-hl-19d50b0bc05c534d,2022,May 2022 Examination Session,English A Literature,English; HL; TZ2,question paper,May 2022 Examination Session/Studies in language and literature/English_A_Literature_paper_1__TZ2_HL.pdf,resources/private/past-papers/2022-2026/languages/2022/May 2022 Examination Session/Studies in language and literature/English_A_Literature_paper_1__TZ2_HL.pdf,application/pdf,913879,0378f6608db94b5ca3c10a0c36ab815a9fe97d7a2e0ff489ce1dd0f17504eb3f,2026-09-02,downloaded,size_and_sha256_verified,"Private reference copy; the source page states CC BY-NC-ND 4.0 for the webpage, but rights for the exam file are not stated and are presumed third-party/IB copyright. Do not redistribute or commit the binary.",
https://ibdocs.re/p/IB%20PAST%20PAPERS%20-%20YEAR/2022%20Examination%20Session/May%202022%20Examination%20Session/Studies%20in%20language%20and%20literature/English_A_Literature_paper_1__TZ2_HLSL_markscheme.pdf,https://dl.ibdocs.re/documents/english-a-literature-paper-1-tz2-hlsl-markscheme-83d730f0ee8f9c41,2022,May 2022 Examination Session,English A Literature,English; HL/SL; TZ2,markscheme,May 2022 Examination Session/Studies in language and literature/English_A_Literature_paper_1__TZ2_HLSL_markscheme.pdf,resources/private/past-papers/2022-2026/languages/2022/May 2022 Examination Session/Studies in language and literature/English_A_Literature_paper_1__TZ2_HLSL_markscheme.pdf,application/pdf,482547,ee07e7063a4b028b37c3ae95f472d9dc13c9d33dbc8463c2418bc881434d093d,2026-09-02,downloaded,size_and_sha256_verified,"Private reference copy; the source page states CC BY-NC-ND 4.0 for the webpage, but rights for the exam file are not stated and are presumed third-party/IB copyright. Do not redistribute or commit the binary.",
https://ibdocs.re/p/IB%20PAST%20PAPERS%20-%20YEAR/2022%20Examination%20Session/May%202022%20Examination%20Session/Studies%20in%20language%20and%20literature/English_A_Literature_paper_1__TZ2_SL.pdf,https://dl.ibdocs.re/documents/english-a-literature-paper-1-tz2-sl-f1ad110e2aee3292,2022,May 2022 Examination Session,English A Literature,English; SL; TZ2,question paper,May 2022 Examination Session/Studies in language and literature/English_A_Literature_paper_1__TZ2_SL.pdf,resources/private/past-papers/2022-2026/languages/2022/May 2022 Examination Session/Studies in language and literature/English_A_Literature_paper_1__TZ2_SL.pdf,application/pdf,910340,39ce0c62933f3c909ae59d6c72f192d7f73dde5980e67de00b54ab6ec1327578,2026-09-02,downloaded,size_and_sha256_verified,"Private reference copy; the source page states CC BY-NC-ND 4.0 for the webpage, but rights for the exam file are not stated and are presumed third-party/IB copyright. Do not redistribute or commit the binary.",
https://ibdocs.re/p/IB%20PAST%20PAPERS%20-%20YEAR/2022%20Examination%20Session/May%202022%20Examination%20Session/Studies%20in%20language%20and%20literature/Japanese_A_Literature_paper_1__HL.pdf,https://dl.ibdocs.re/documents/japanese-a-literature-paper-1-hl-117a4da91fbf2277,2022,May 2022 Examination Session,Japanese A Literature,Japanese; HL,question paper,May 2022 Examination Session/Studies in language and literature/Japanese_A_Literature_paper_1__HL.pdf,resources/private/past-papers/2022-2026/languages/2022/May 2022 Examination Session/Studies in language and literature/Japanese_A_Literature_paper_1__HL.pdf,application/pdf,990315,e67e208599281766a633490e4875ab78e6b1197cfe6e0a2c0ac0d55d2200b779,2026-09-02,downloaded,size_and_sha256_verified,"Private reference copy; the source page states CC BY-NC-ND 4.0 for the webpage, but rights for the exam file are not stated and are presumed third-party/IB copyright. Do not redistribute or commit the binary.",
https://ibdocs.re/p/IB%20PAST%20PAPERS%20-%20YEAR/2022%20Examination%20Session/May%202022%20Examination%20Session/Studies%20in%20language%20and%20literature/Japanese_A_Literature_paper_1__HLSL_markscheme.pdf,https://dl.ibdocs.re/documents/japanese-a-literature-paper-1-hlsl-markscheme-b90febe76bf77657,2022,May 2022 Examination Session,Japanese A Literature,Japanese; HL/SL,markscheme,May 2022 Examination Session/Studies in language and literature/Japanese_A_Literature_paper_1__HLSL_markscheme.pdf,resources/private/past-papers/2022-2026/languages/2022/May 2022 Examination Session/Studies in language and literature/Japanese_A_Literature_paper_1__HLSL_markscheme.pdf,application/pdf,280560,52a7d08c0f67c26b9c7a3f1afac413be40c9cb2115966b0abf754ddc1ef6930d,2026-09-02,downloaded,size_and_sha256_verified,"Private reference copy; the source page states CC BY-NC-ND 4.0 for the webpage, but rights for the exam file are not stated and are presumed third-party/IB copyright. Do not redistribute or commit the binary.",
https://ibdocs.re/p/IB%20PAST%20PAPERS%20-%20YEAR/2022%20Examination%20Session/May%202022%20Examination%20Session/Studies%20in%20language%20and%20literature/Japanese_A_Literature_paper_1__SL.pdf,https://dl.ibdocs.re/documents/japanese-a-literature-paper-1-sl-c056525b9835aeb0,2022,May 2022 Examination Session,Japanese A Literature,Japanese; SL,question paper,May 2022 Examination Session/Studies in language and literature/Japanese_A_Literature_paper_1__SL.pdf,resources/private/past-papers/2022-2026/languages/2022/May 2022 Examination Session/Studies in language and literature/Japanese_A_Literature_paper_1__SL.pdf,application/pdf,992543,55f44da0fd17944dfca5797c53c8ed36bbc3be6f3ae49da1c5c50fdba989e5de,2026-09-02,downloaded,size_and_sha256_verified,"Private reference copy; the source page states CC BY-NC-ND 4.0 for the webpage, but rights for the exam file are not stated and are presumed third-party/IB copyright. Do not redistribute or commit the binary.",
https://ibdocs.re/p/IB%20PAST%20PAPERS%20-%20YEAR/2022%20Examination%20Session/May%202022%20Examination%20Session/Studies%20in%20language%20and%20literature/Korean_A_Language_and_literature_paper_1__HL.pdf,https://dl.ibdocs.re/documents/korean-a-language-and-literature-paper-1-hl-003ae96b9f38ef33,2022,May 2022 Examination Session,Korean A Language and Literature,Korean; HL,question paper,May 2022 Examination Session/Studies in language and literature/Korean_A_Language_and_literature_paper_1__HL.pdf,resources/private/past-papers/2022-2026/languages/2022/May 2022 Examination Session/Studies in language and literature/Korean_A_Language_and_literature_paper_1__HL.pdf,application/pdf,917287,9b368700ddc364661596193295b80f4b4ec2a77dfdbfd5a6cff585006c7c06fb,2026-09-02,downloaded,size_and_sha256_verified,"Private reference copy; the source page states CC BY-NC-ND 4.0 for the webpage, but rights for the exam file are not stated and are presumed third-party/IB copyright. Do not redistribute or commit the binary.",
https://ibdocs.re/p/IB%20PAST%20PAPERS%20-%20YEAR/2022%20Examination%20Session/May%202022%20Examination%20Session/Studies%20in%20language%20and%20literature/Korean_A_Language_and_literature_paper_1__HLSL_markscheme.pdf,https://dl.ibdocs.re/documents/korean-a-language-and-literature-paper-1-hlsl-markscheme-eb056a2e5ed3028b,2022,May 2022 Examination Session,Korean A Language and Literature,Korean; HL/SL,markscheme,May 2022 Examination Session/Studies in language and literature/Korean_A_Language_and_literature_paper_1__HLSL_markscheme.pdf,resources/private/past-papers/2022-2026/languages/2022/May 2022 Examination Session/Studies in language and literature/Korean_A_Language_and_literature_paper_1__HLSL_markscheme.pdf,application/pdf,408314,bc50f34b1cebe396417fa3c6d521668140e4b76aa3e714eeba3881132e2d69bd,2026-09-02,downloaded,size_and_sha256_verified,"Private reference copy; the source page states CC BY-NC-ND 4.0 for the webpage, but rights for the exam file are not stated and are presumed third-party/IB copyright. Do not redistribute or commit the binary.",
https://ibdocs.re/p/IB%20PAST%20PAPERS%20-%20YEAR/2022%20Examination%20Session/May%202022%20Examination%20Session/Studies%20in%20language%20and%20literature/Korean_A_Language_and_literature_paper_1__SL.pdf,https://dl.ibdocs.re/documents/korean-a-language-and-literature-paper-1-sl-d4012695ad9e66dc,2022,May 2022 Examination Session,Korean A Language and Literature,Korean; SL,question paper,May 2022 Examination Session/Studies in language and literature/Korean_A_Language_and_literature_paper_1__SL.pdf,resources/private/past-papers/2022-2026/languages/2022/May 2022 Examination Session/Studies in language and literature/Korean_A_Language_and_literature_paper_1__SL.pdf,application/pdf,917597,b859a0f18c48839a68facac96239c395f3d24ccd6ef3183a7b8f76012ff708fb,2026-09-02,downloaded,size_and_sha256_verified,"Private reference copy; the source page states CC BY-NC-ND 4.0 for the webpage, but rights for the exam file are not stated and are presumed third-party/IB copyright. Do not redistribute or commit the binary.",
https://ibdocs.re/p/IB%20PAST%20PAPERS%20-%20YEAR/2022%20Examination%20Session/May%202022%20Examination%20Session/Studies%20in%20language%20and%20literature/Korean_A_Literature_paper_1__HL.pdf,https://dl.ibdocs.re/documents/korean-a-literature-paper-1-hl-140ee364c5ce887a,2022,May 2022 Examination Session,Korean A Literature,Korean; HL,question paper,May 2022 Examination Session/Studies in language and literature/Korean_A_Literature_paper_1__HL.pdf,resources/private/past-papers/2022-2026/languages/2022/May 2022 Examination Session/Studies in language and literature/Korean_A_Literature_paper_1__HL.pdf,application/pdf,1001781,cbb94960d0c3d188fec7c886fa15d0b6fb6619aaf7aecf1723c02c863d26b278,2026-09-02,downloaded,size_and_sha256_verified,"Private reference copy; the source page states CC BY-NC-ND 4.0 for the webpage, but rights for the exam file are not stated and are presumed third-party/IB copyright. Do not redistribute or commit the binary.",
https://ibdocs.re/p/IB%20PAST%20PAPERS%20-%20YEAR/2022%20Examination%20Session/May%202022%20Examination%20Session/Studies%20in%20language%20and%20literature/Korean_A_Literature_paper_1__HLSL_markscheme.pdf,https://dl.ibdocs.re/documents/korean-a-literature-paper-1-hlsl-markscheme-a0e31414c1869bd4,2022,May 2022 Examination Session,Korean A Literature,Korean; HL/SL,markscheme,May 2022 Examination Session/Studies in language and literature/Korean_A_Literature_paper_1__HLSL_markscheme.pdf,resources/private/past-papers/2022-2026/languages/2022/May 2022 Examination Session/Studies in language and literature/Korean_A_Literature_paper_1__HLSL_markscheme.pdf,application/pdf,576388,c069bbf97b35fb132736b175bf4e736b2be9d2603b044bdcc395d490c968751f,2026-09-02,downloaded,size_and_sha256_verified,"Private reference copy; the source page states CC BY-NC-ND 4.0 for the webpage, but rights for the exam file are not stated and are presumed third-party/IB copyright. Do not redistribute or commit the binary.",
https://ibdocs.re/p/IB%20PAST%20PAPERS%20-%20YEAR/2022%20Examination%20Session/May%202022%20Examination%20Session/Studies%20in%20language%20and%20literature/Korean_A_Literature_paper_1__SL.pdf,https://dl.ibdocs.re/documents/korean-a-literature-paper-1-sl-361af71151b1ffe5,2022,May 2022 Examination Session,Korean A Literature,Korean; SL,question paper,May 2022 Examination Session/Studies in language and literature/Korean_A_Literature_paper_1__SL.pdf,resources/private/past-papers/2022-2026/languages/2022/May 2022 Examination Session/Studies in language and literature/Korean_A_Literature_paper_1__SL.pdf,application/pdf,1001936,89ea9cc11f30bd5664db88ac90e6ab75053326192a2225b3d64813afe9392ea8,2026-09-02,downloaded,size_and_sha256_verified,"Private reference copy; the source page states CC BY-NC-ND 4.0 for the webpage, but rights for the exam file are not stated and are presumed third-party/IB copyright. Do not redistribute or commit the binary.",
https://ibdocs.re/p/IB%20PAST%20PAPERS%20-%20YEAR/2022%20Examination%20Session/May%202022%20Examination%20Session/Studies%20in%20language%20and%20literature/Spanish_A_Language_and_literature_paper_1__HL_Spanish.pdf,https://dl.ibdocs.re/documents/spanish-a-language-and-literature-paper-1-hl-spanish-e00772b2c5c1dcd6,2022,May 2022 Examination Session,Spanish A Language and Literature,Spanish; HL,question paper,May 2022 Examination Session/Studies in language and literature/Spanish_A_Language_and_literature_paper_1__HL_Spanish.pdf,resources/private/past-papers/2022-2026/languages/2022/May 2022 Examination Session/Studies in language and literature/Spanish_A_Language_and_literature_paper_1__HL_Spanish.pdf,application/pdf,1485680,04ce192350dbf5a98795a3120e51358fe6d40f9d0d2b057e8e755d960521369b,2026-09-02,downloaded,size_and_sha256_verified,"Private reference copy; the source page states CC BY-NC-ND 4.0 for the webpage, but rights for the exam file are not stated and are presumed third-party/IB copyright. Do not redistribute or commit the binary.",
https://ibdocs.re/p/IB%20PAST%20PAPERS%20-%20YEAR/2022%20Examination%20Session/May%202022%20Examination%20Session/Studies%20in%20language%20and%20literature/Spanish_A_Language_and_literature_paper_1__HLSL_markscheme_Spanish.pdf,https://dl.ibdocs.re/documents/spanish-a-language-and-literature-paper-1-hlsl-markscheme-spanish-d73955c8b722b602,2022,May 2022 Examination Session,Spanish A Language and Literature,Spanish; HL/SL,markscheme,May 2022 Examination Session/Studies in language and literature/Spanish_A_Language_and_literature_paper_1__HLSL_markscheme_Spanish.pdf,resources/private/past-papers/2022-2026/languages/2022/May 2022 Examination Session/Studies in language and literature/Spanish_A_Language_and_literature_paper_1__HLSL_markscheme_Spanish.pdf,application/pdf,239491,c7bcac142fd2c3753f229fb2bcdd1e1a06a08ffd23ee3910faa17ad37dc10768,2026-09-02,downloaded,size_and_sha256_verified,"Private reference copy; the source page states CC BY-NC-ND 4.0 for the webpage, but rights for the exam file are not stated and are presumed third-party/IB copyright. Do not redistribute or commit the binary.",
https://ibdocs.re/p/IB%20PAST%20PAPERS%20-%20YEAR/2022%20Examination%20Session/May%202022%20Examination%20Session/Studies%20in%20language%20and%20literature/Spanish_A_Language_and_literature_paper_1__SL_Spanish.pdf,https://dl.ibdocs.re/documents/spanish-a-language-and-literature-paper-1-sl-spanish-83f5cf6d8da9c3a5,2022,May 2022 Examination Session,Spanish A Language and Literature,Spanish; SL,question paper,May 2022 Examination Session/Studies in language and literature/Spanish_A_Language_and_literature_paper_1__SL_Spanish.pdf,resources/private/past-papers/2022-2026/languages/2022/May 2022 Examination Session/Studies in language and literature/Spanish_A_Language_and_literature_paper_1__SL_Spanish.pdf,application/pdf,1491944,28b1e44658cb97b559a462f3f5ea6ba4c2e8ff2b9eb24649c76234cfb06007cc,2026-09-02,downloaded,size_and_sha256_verified,"Private reference copy; the source page states CC BY-NC-ND 4.0 for the webpage, but rights for the exam file are not stated and are presumed third-party/IB copyright. Do not redistribute or commit the binary.",
https://ibdocs.re/p/IB%20PAST%20PAPERS%20-%20YEAR/2022%20Examination%20Session/May%202022%20Examination%20Session/Studies%20in%20language%20and%20literature/Spanish_A_Literature_paper_1__HL_Spanish.pdf,https://dl.ibdocs.re/documents/spanish-a-literature-paper-1-hl-spanish-2cfe1defdda54b03,2022,May 2022 Examination Session,Spanish A Literature,Spanish; HL,question paper,May 2022 Examination Session/Studies in language and literature/Spanish_A_Literature_paper_1__HL_Spanish.pdf,resources/private/past-papers/2022-2026/languages/2022/May 2022 Examination Session/Studies in language and literature/Spanish_A_Literature_paper_1__HL_Spanish.pdf,application/pdf,822744,7f05fb891c7d2e3c6fa3a19394aba97171a7f4b176bd475edde1172fad96e088,2026-09-02,downloaded,size_and_sha256_verified,"Private reference copy; the source page states CC BY-NC-ND 4.0 for the webpage, but rights for the exam file are not stated and are presumed third-party/IB copyright. Do not redistribute or commit the binary.",
https://ibdocs.re/p/IB%20PAST%20PAPERS%20-%20YEAR/2022%20Examination%20Session/May%202022%20Examination%20Session/Studies%20in%20language%20and%20literature/Spanish_A_Literature_paper_1__HLSL_markscheme_Spanish.pdf,https://dl.ibdocs.re/documents/spanish-a-literature-paper-1-hlsl-markscheme-spanish-cbe1981b110c1239,2022,May 2022 Examination Session,Spanish A Literature,Spanish; HL/SL,markscheme,May 2022 Examination Session/Studies in language and literature/Spanish_A_Literature_paper_1__HLSL_markscheme_Spanish.pdf,resources/private/past-papers/2022-2026/languages/2022/May 2022 Examination Session/Studies in language and literature/Spanish_A_Literature_paper_1__HLSL_markscheme_Spanish.pdf,application/pdf,284149,4b9a04433b689e46c427e679d2247337b5d846a8985fa168ba611497744f8fed,2026-09-02,downloaded,size_and_sha256_verified,"Private reference copy; the source page states CC BY-NC-ND 4.0 for the webpage, but rights for the exam file are not stated and are presumed third-party/IB copyright. Do not redistribute or commit the binary.",
https://ibdocs.re/p/IB%20PAST%20PAPERS%20-%20YEAR/2022%20Examination%20Session/May%202022%20Examination%20Session/Studies%20in%20language%20and%20literature/Spanish_A_Literature_paper_1__SL_Spanish.pdf,https://dl.ibdocs.re/documents/spanish-a-literature-paper-1-sl-spanish-d64e7e4f5c2108e8,2022,May 2022 Examination Session,Spanish A Literature,Spanish; SL,question paper,May 2022 Examination Session/Studies in language and literature/Spanish_A_Literature_paper_1__SL_Spanish.pdf,resources/private/past-papers/2022-2026/languages/2022/May 2022 Examination Session/Studies in language and literature/Spanish_A_Literature_paper_1__SL_Spanish.pdf,application/pdf,822915,9d8403a290f940e65956d9485b98e0868a1769306e0a717a2c973cab3ef6d47b,2026-09-02,downloaded,size_and_sha256_verified,"Private reference copy; the source page states CC BY-NC-ND 4.0 for the webpage, but rights for the exam file are not stated and are presumed third-party/IB copyright. Do not redistribute or commit the binary.",
https://ibdocs.re/p/IB%20PAST%20PAPERS%20-%20YEAR/2022%20Examination%20Session/November%202022%20Examination%20Session/audio/n222abenghliengtz0xxl.mp3,https://dl.ibdocs.re/IB%20PAST%20PAPERS%20-%20YEAR/2022%20Examination%20Session/November%202022%20Examination%20Session/audio,2022,November 2022 Examination Session,English B,English; HL,audio recording,November 2022 Examination Session/audio/n222abenghliengtz0xxl.mp3,resources/private/past-papers/2022-2026/languages/2022/November 2022 Examination Session/audio/n222abenghliengtz0xxl.mp3,audio/mpeg,24804214,fd36dd64097664002759e9d05d281f4e83001b04bfda23f98815d5dc5a7a389d,2026-09-02,downloaded,size_and_sha256_verified,"Private reference copy; the source page states CC BY-NC-ND 4.0 for the webpage, but rights for the exam file are not stated and are presumed third-party/IB copyright. Do not redistribute or commit the binary.",Opaque archive filename decoded from IB subject code: abeng = English B; abspa = Spanish B.
https://ibdocs.re/p/IB%20PAST%20PAPERS%20-%20YEAR/2022%20Examination%20Session/November%202022%20Examination%20Session/audio/n222abengsliengtz0xxl.mp3,https://dl.ibdocs.re/IB%20PAST%20PAPERS%20-%20YEAR/2022%20Examination%20Session/November%202022%20Examination%20Session/audio,2022,November 2022 Examination Session,English B,English; SL,audio recording,November 2022 Examination Session/audio/n222abengsliengtz0xxl.mp3,resources/private/past-papers/2022-2026/languages/2022/November 2022 Examination Session/audio/n222abengsliengtz0xxl.mp3,audio/mpeg,18516208,457b11a77b6a451b64a74cd4e73824311e987e5c7a7e4137c526dc38b6f3e47b,2026-09-02,downloaded,size_and_sha256_verified,"Private reference copy; the source page states CC BY-NC-ND 4.0 for the webpage, but rights for the exam file are not stated and are presumed third-party/IB copyright. Do not redistribute or commit the binary.",Opaque archive filename decoded from IB subject code: abeng = English B; abspa = Spanish B.
https://ibdocs.re/p/IB%20PAST%20PAPERS%20-%20YEAR/2022%20Examination%20Session/November%202022%20Examination%20Session/audio/n222abspahlispatz0xxl.mp3,https://dl.ibdocs.re/IB%20PAST%20PAPERS%20-%20YEAR/2022%20Examination%20Session/November%202022%20Examination%20Session/audio,2022,November 2022 Examination Session,Spanish B,Spanish; HL,audio recording,November 2022 Examination Session/audio/n222abspahlispatz0xxl.mp3,resources/private/past-papers/2022-2026/languages/2022/November 2022 Examination Session/audio/n222abspahlispatz0xxl.mp3,audio/mpeg,25259322,b74803e67b8ac10333d8f52750c031cc369d334f562bee95519812475dcfba37,2026-09-02,downloaded,size_and_sha256_verified,"Private reference copy; the source page states CC BY-NC-ND 4.0 for the webpage, but rights for the exam file are not stated and are presumed third-party/IB copyright. Do not redistribute or commit the binary.",Opaque archive filename decoded from IB subject code: abeng = English B; abspa = Spanish B.
https://ibdocs.re/p/IB%20PAST%20PAPERS%20-%20YEAR/2022%20Examination%20Session/November%202022%20Examination%20Session/audio/n222abspaslispatz0xxl.mp3,https://dl.ibdocs.re/IB%20PAST%20PAPERS%20-%20YEAR/2022%20Examination%20Session/November%202022%20Examination%20Session/audio,2022,November 2022 Examination Session,Spanish B,Spanish; SL,audio recording,November 2022 Examination Session/audio/n222abspaslispatz0xxl.mp3,resources/private/past-papers/2022-2026/languages/2022/November 2022 Examination Session/audio/n222abspaslispatz0xxl.mp3,audio/mpeg,19340899,15c33db65a3fb9dc3b059634e604f905b069bea9641d42918f0254c7746b5b4b,2026-09-02,downloaded,size_and_sha256_verified,"Private reference copy; the source page states CC BY-NC-ND 4.0 for the webpage, but rights for the exam file are not stated and are presumed third-party/IB copyright. Do not redistribute or commit the binary.",Opaque archive filename decoded from IB subject code: abeng = English B; abspa = Spanish B.
https://ibdocs.re/p/IB%20PAST%20PAPERS%20-%20YEAR/2022%20Examination%20Session/November%202022%20Examination%20Session/Language%20acquisition/English_B_listening_comprehension__HL_markscheme.pdf,https://dl.ibdocs.re/documents/english-b-listening-comprehension-hl-markscheme-7207d856415f96be,2022,November 2022 Examination Session,English B,English; HL,markscheme,November 2022 Examination Session/Language acquisition/English_B_listening_comprehension__HL_markscheme.pdf,resources/private/past-papers/2022-2026/languages/2022/November 2022 Examination Session/Language acquisition/English_B_listening_comprehension__HL_markscheme.pdf,application/pdf,534952,e9b6fcb9352798480455760a54e819f878c52c2d3847d3a848a5639c42bea682,2026-09-02,downloaded,size_and_sha256_verified,"Private reference copy; the source page states CC BY-NC-ND 4.0 for the webpage, but rights for the exam file are not stated and are presumed third-party/IB copyright. Do not redistribute or commit the binary.",
https://ibdocs.re/p/IB%20PAST%20PAPERS%20-%20YEAR/2022%20Examination%20Session/November%202022%20Examination%20Session/Language%20acquisition/English_B_listening_comprehension__HL.pdf,https://dl.ibdocs.re/documents/english-b-listening-comprehension-hl-bf7401522321b01b,2022,November 2022 Examination Session,English B,English; HL,listening question paper/associated material,November 2022 Examination Session/Language acquisition/English_B_listening_comprehension__HL.pdf,resources/private/past-papers/2022-2026/languages/2022/November 2022 Examination Session/Language acquisition/English_B_listening_comprehension__HL.pdf,application/pdf,643184,9a3eefcbebde38591f18ca07e3a705fab7508010370ed6534793519acfff2232,2026-09-02,downloaded,size_and_sha256_verified,"Private reference copy; the source page states CC BY-NC-ND 4.0 for the webpage, but rights for the exam file are not stated and are presumed third-party/IB copyright. Do not redistribute or commit the binary.",
https://ibdocs.re/p/IB%20PAST%20PAPERS%20-%20YEAR/2022%20Examination%20Session/November%202022%20Examination%20Session/Language%20acquisition/English_B_listening_comprehension__SL_markscheme.pdf,https://dl.ibdocs.re/documents/english-b-listening-comprehension-sl-markscheme-54b4d0674212fdbf,2022,November 2022 Examination Session,English B,English; SL,markscheme,November 2022 Examination Session/Language acquisition/English_B_listening_comprehension__SL_markscheme.pdf,resources/private/past-papers/2022-2026/languages/2022/November 2022 Examination Session/Language acquisition/English_B_listening_comprehension__SL_markscheme.pdf,application/pdf,453114,668b35ad1330326fc7f6d5cf6c813f61161f588cd53f6e864ec3774a3576d6f4,2026-09-02,downloaded,size_and_sha256_verified,"Private reference copy; the source page states CC BY-NC-ND 4.0 for the webpage, but rights for the exam file are not stated and are presumed third-party/IB copyright. Do not redistribute or commit the binary.",
https://ibdocs.re/p/IB%20PAST%20PAPERS%20-%20YEAR/2022%20Examination%20Session/November%202022%20Examination%20Session/Language%20acquisition/English_B_listening_comprehension__SL.pdf,https://dl.ibdocs.re/documents/english-b-listening-comprehension-sl-63162e70e6f8ad54,2022,November 2022 Examination Session,English B,English; SL,listening question paper/associated material,November 2022 Examination Session/Language acquisition/English_B_listening_comprehension__SL.pdf,resources/private/past-papers/2022-2026/languages/2022/November 2022 Examination Session/Language acquisition/English_B_listening_comprehension__SL.pdf,application/pdf,762827,e4f84b5e73e97b238740ad998d91d60b3503e4d8aa7a7bd6f5eef3ffa78fbf12,2026-09-02,downloaded,size_and_sha256_verified,"Private reference copy; the source page states CC BY-NC-ND 4.0 for the webpage, but rights for the exam file are not stated and are presumed third-party/IB copyright. Do not redistribute or commit the binary.",
https://ibdocs.re/p/IB%20PAST%20PAPERS%20-%20YEAR/2022%20Examination%20Session/November%202022%20Examination%20Session/Language%20acquisition/English_B_paper_1__HL_markscheme.pdf,https://dl.ibdocs.re/documents/english-b-paper-1-hl-markscheme-13bd588e623277ee,2022,November 2022 Examination Session,English B,English; HL,markscheme,November 2022 Examination Session/Language acquisition/English_B_paper_1__HL_markscheme.pdf,resources/private/past-papers/2022-2026/languages/2022/November 2022 Examination Session/Language acquisition/English_B_paper_1__HL_markscheme.pdf,application/pdf,451723,7272e011b479152be253092e48f2a96d09240a49689cae5c5a3568a2edde8faa,2026-09-02,downloaded,size_and_sha256_verified,"Private reference copy; the source page states CC BY-NC-ND 4.0 for the webpage, but rights for the exam file are not stated and are presumed third-party/IB copyright. Do not redistribute or commit the binary.",
https://ibdocs.re/p/IB%20PAST%20PAPERS%20-%20YEAR/2022%20Examination%20Session/November%202022%20Examination%20Session/Language%20acquisition/English_B_paper_1__HL.pdf,https://dl.ibdocs.re/documents/english-b-paper-1-hl-33b43a66850ddf8b,2022,November 2022 Examination Session,English B,English; HL,question paper,November 2022 Examination Session/Language acquisition/English_B_paper_1__HL.pdf,resources/private/past-papers/2022-2026/languages/2022/November 2022 Examination Session/Language acquisition/English_B_paper_1__HL.pdf,application/pdf,295797,61e5ad208365402776ca445565d7bcfa6d184c6202cc81aa965c13c2b8f22de4,2026-09-02,downloaded,size_and_sha256_verified,"Private reference copy; the source page states CC BY-NC-ND 4.0 for the webpage, but rights for the exam file are not stated and are presumed third-party/IB copyright. Do not redistribute or commit the binary.",
https://ibdocs.re/p/IB%20PAST%20PAPERS%20-%20YEAR/2022%20Examination%20Session/November%202022%20Examination%20Session/Language%20acquisition/English_B_paper_1__SL_markscheme.pdf,https://dl.ibdocs.re/documents/english-b-paper-1-sl-markscheme-958435c162e8088f,2022,November 2022 Examination Session,English B,English; SL,markscheme,November 2022 Examination Session/Language acquisition/English_B_paper_1__SL_markscheme.pdf,resources/private/past-papers/2022-2026/languages/2022/November 2022 Examination Session/Language acquisition/English_B_paper_1__SL_markscheme.pdf,application/pdf,491387,64471ae3e70a447cbddb8a5359d8ff1c577511c6383326eae65b261a73b2bdb4,2026-09-02,downloaded,size_and_sha256_verified,"Private reference copy; the source page states CC BY-NC-ND 4.0 for the webpage, but rights for the exam file are not stated and are presumed third-party/IB copyright. Do not redistribute or commit the binary.",
https://ibdocs.re/p/IB%20PAST%20PAPERS%20-%20YEAR/2022%20Examination%20Session/November%202022%20Examination%20Session/Language%20acquisition/English_B_paper_1__SL.pdf,https://dl.ibdocs.re/documents/english-b-paper-1-sl-734ff664f9d39da4,2022,November 2022 Examination Session,English B,English; SL,question paper,November 2022 Examination Session/Language acquisition/English_B_paper_1__SL.pdf,resources/private/past-papers/2022-2026/languages/2022/November 2022 Examination Session/Language acquisition/English_B_paper_1__SL.pdf,application/pdf,296005,a36bbdbaf1de9496b4f14042b880df00b8eff378755ffb64b8b3cb6b668692f3,2026-09-02,downloaded,size_and_sha256_verified,"Private reference copy; the source page states CC BY-NC-ND 4.0 for the webpage, but rights for the exam file are not stated and are presumed third-party/IB copyright. Do not redistribute or commit the binary.",
https://ibdocs.re/p/IB%20PAST%20PAPERS%20-%20YEAR/2022%20Examination%20Session/November%202022%20Examination%20Session/Language%20acquisition/English_B_paper_2_reading_comprehension__HL_markscheme.pdf,https://dl.ibdocs.re/documents/english-b-paper-2-reading-comprehension-hl-markscheme-34fb33b00985c8ed,2022,November 2022 Examination Session,English B,English; HL,markscheme,November 2022 Examination Session/Language acquisition/English_B_paper_2_reading_comprehension__HL_markscheme.pdf,resources/private/past-papers/2022-2026/languages/2022/November 2022 Examination Session/Language acquisition/English_B_paper_2_reading_comprehension__HL_markscheme.pdf,application/pdf,379858,9ce7bddad1746635db6a8bfcb83c1f562b09cb3340b0fc4eb178f998079973da,2026-09-02,downloaded,size_and_sha256_verified,"Private reference copy; the source page states CC BY-NC-ND 4.0 for the webpage, but rights for the exam file are not stated and are presumed third-party/IB copyright. Do not redistribute or commit the binary.",
https://ibdocs.re/p/IB%20PAST%20PAPERS%20-%20YEAR/2022%20Examination%20Session/November%202022%20Examination%20Session/Language%20acquisition/English_B_paper_2_reading_comprehension__question_booklet_HL.pdf,https://dl.ibdocs.re/documents/english-b-paper-2-reading-comprehension-question-booklet-hl-d4fee5173b5d7edc,2022,November 2022 Examination Session,English B,English; HL,question booklet,November 2022 Examination Session/Language acquisition/English_B_paper_2_reading_comprehension__question_booklet_HL.pdf,resources/private/past-papers/2022-2026/languages/2022/November 2022 Examination Session/Language acquisition/English_B_paper_2_reading_comprehension__question_booklet_HL.pdf,application/pdf,464496,f188d0c0cce0ef9c7ae4334009bf8392055ddec6e14bb91b53adb6d41e39b35a,2026-09-02,downloaded,size_and_sha256_verified,"Private reference copy; the source page states CC BY-NC-ND 4.0 for the webpage, but rights for the exam file are not stated and are presumed third-party/IB copyright. Do not redistribute or commit the binary.",
https://ibdocs.re/p/IB%20PAST%20PAPERS%20-%20YEAR/2022%20Examination%20Session/November%202022%20Examination%20Session/Language%20acquisition/English_B_paper_2_reading_comprehension__question_booklet_SL.pdf,https://dl.ibdocs.re/documents/english-b-paper-2-reading-comprehension-question-booklet-sl-0138a7ed2cf80733,2022,November 2022 Examination Session,English B,English; SL,question booklet,November 2022 Examination Session/Language acquisition/English_B_paper_2_reading_comprehension__question_booklet_SL.pdf,resources/private/past-papers/2022-2026/languages/2022/November 2022 Examination Session/Language acquisition/English_B_paper_2_reading_comprehension__question_booklet_SL.pdf,application/pdf,479382,37d377ca81a87f1aa6e213aa610caf3323d540f39c59aa4ed850db2613a9f39f,2026-09-02,downloaded,size_and_sha256_verified,"Private reference copy; the source page states CC BY-NC-ND 4.0 for the webpage, but rights for the exam file are not stated and are presumed third-party/IB copyright. Do not redistribute or commit the binary.",
https://ibdocs.re/p/IB%20PAST%20PAPERS%20-%20YEAR/2022%20Examination%20Session/November%202022%20Examination%20Session/Language%20acquisition/English_B_paper_2_reading_comprehension__SL_markscheme.pdf,https://dl.ibdocs.re/documents/english-b-paper-2-reading-comprehension-sl-markscheme-0e5a9952378b31c8,2022,November 2022 Examination Session,English B,English; SL,markscheme,November 2022 Examination Session/Language acquisition/English_B_paper_2_reading_comprehension__SL_markscheme.pdf,resources/private/past-papers/2022-2026/languages/2022/November 2022 Examination Session/Language acquisition/English_B_paper_2_reading_comprehension__SL_markscheme.pdf,application/pdf,368182,ababeaf8f10d0a977fe53c4438c958692465a582b32128a607b597f20c51c616,2026-09-02,downloaded,size_and_sha256_verified,"Private reference copy; the source page states CC BY-NC-ND 4.0 for the webpage, but rights for the exam file are not stated and are presumed third-party/IB copyright. Do not redistribute or commit the binary.",
https://ibdocs.re/p/IB%20PAST%20PAPERS%20-%20YEAR/2022%20Examination%20Session/November%202022%20Examination%20Session/Language%20acquisition/English_B_paper_2_reading_comprehension__text_booklet_HL.pdf,https://dl.ibdocs.re/documents/english-b-paper-2-reading-comprehension-text-booklet-hl-477bfdb3578032d9,2022,November 2022 Examination Session,English B,English; HL,text booklet,November 2022 Examination Session/Language acquisition/English_B_paper_2_reading_comprehension__text_booklet_HL.pdf,resources/private/past-papers/2022-2026/languages/2022/November 2022 Examination Session/Language acquisition/English_B_paper_2_reading_comprehension__text_booklet_HL.pdf,application/pdf,863516,019b1a22230c60a2cec2be6f89aada4874f8388eea3b9bd5b48e00545b647de2,2026-09-02,downloaded,size_and_sha256_verified,"Private reference copy; the source page states CC BY-NC-ND 4.0 for the webpage, but rights for the exam file are not stated and are presumed third-party/IB copyright. Do not redistribute or commit the binary.",
https://ibdocs.re/p/IB%20PAST%20PAPERS%20-%20YEAR/2022%20Examination%20Session/November%202022%20Examination%20Session/Language%20acquisition/English_B_paper_2_reading_comprehension__text_booklet_SL.pdf,https://dl.ibdocs.re/documents/english-b-paper-2-reading-comprehension-text-booklet-sl-194447e0da0d9e5e,2022,November 2022 Examination Session,English B,English; SL,text booklet,November 2022 Examination Session/Language acquisition/English_B_paper_2_reading_comprehension__text_booklet_SL.pdf,resources/private/past-papers/2022-2026/languages/2022/November 2022 Examination Session/Language acquisition/English_B_paper_2_reading_comprehension__text_booklet_SL.pdf,application/pdf,841158,932607517c5d2e2a1cf8851f9ccbeea586a5272a5a17310c1b6723b6d56d84ec,2026-09-02,downloaded,size_and_sha256_verified,"Private reference copy; the source page states CC BY-NC-ND 4.0 for the webpage, but rights for the exam file are not stated and are presumed third-party/IB copyright. Do not redistribute or commit the binary.",
https://ibdocs.re/p/IB%20PAST%20PAPERS%20-%20YEAR/2022%20Examination%20Session/November%202022%20Examination%20Session/Language%20acquisition/Spanish_B_listening_comprehension__HL_markscheme_Spanish.pdf,https://dl.ibdocs.re/documents/spanish-b-listening-comprehension-hl-markscheme-spanish-b6ebcc90b72916f5,2022,November 2022 Examination Session,Spanish B,Spanish; HL,markscheme,November 2022 Examination Session/Language acquisition/Spanish_B_listening_comprehension__HL_markscheme_Spanish.pdf,resources/private/past-papers/2022-2026/languages/2022/November 2022 Examination Session/Language acquisition/Spanish_B_listening_comprehension__HL_markscheme_Spanish.pdf,application/pdf,514887,290a6c2a79921328773df1dab20e40f71dd081fcbe3b8f3d5d691cd018450da3,2026-09-02,downloaded,size_and_sha256_verified,"Private reference copy; the source page states CC BY-NC-ND 4.0 for the webpage, but rights for the exam file are not stated and are presumed third-party/IB copyright. Do not redistribute or commit the binary.",
https://ibdocs.re/p/IB%20PAST%20PAPERS%20-%20YEAR/2022%20Examination%20Session/November%202022%20Examination%20Session/Language%20acquisition/Spanish_B_listening_comprehension__HL_Spanish.pdf,https://dl.ibdocs.re/documents/spanish-b-listening-comprehension-hl-spanish-490ac81eb3fdc5d0,2022,November 2022 Examination Session,Spanish B,Spanish; HL,listening question paper/associated material,November 2022 Examination Session/Language acquisition/Spanish_B_listening_comprehension__HL_Spanish.pdf,resources/private/past-papers/2022-2026/languages/2022/November 2022 Examination Session/Language acquisition/Spanish_B_listening_comprehension__HL_Spanish.pdf,application/pdf,542647,e858f7cae98a0c82442ca40334a4287b247b6b3b0d52bd986c7f30248aa367ff,2026-09-02,downloaded,size_and_sha256_verified,"Private reference copy; the source page states CC BY-NC-ND 4.0 for the webpage, but rights for the exam file are not stated and are presumed third-party/IB copyright. Do not redistribute or commit the binary.",
https://ibdocs.re/p/IB%20PAST%20PAPERS%20-%20YEAR/2022%20Examination%20Session/November%202022%20Examination%20Session/Language%20acquisition/Spanish_B_listening_comprehension__SL_markscheme_Spanish.pdf,https://dl.ibdocs.re/documents/spanish-b-listening-comprehension-sl-markscheme-spanish-f1f36dfbcfbca744,2022,November 2022 Examination Session,Spanish B,Spanish; SL,markscheme,November 2022 Examination Session/Language acquisition/Spanish_B_listening_comprehension__SL_markscheme_Spanish.pdf,resources/private/past-papers/2022-2026/languages/2022/November 2022 Examination Session/Language acquisition/Spanish_B_listening_comprehension__SL_markscheme_Spanish.pdf,application/pdf,509415,e3f93ffec07736a22e891cf9a194829d67b50f8c5af7d801b5056cfeeba4d219,2026-09-02,downloaded,size_and_sha256_verified,"Private reference copy; the source page states CC BY-NC-ND 4.0 for the webpage, but rights for the exam file are not stated and are presumed third-party/IB copyright. Do not redistribute or commit the binary.",
https://ibdocs.re/p/IB%20PAST%20PAPERS%20-%20YEAR/2022%20Examination%20Session/November%202022%20Examination%20Session/Language%20acquisition/Spanish_B_listening_comprehension__SL_Spanish.pdf,https://dl.ibdocs.re/documents/spanish-b-listening-comprehension-sl-spanish-98bd033050e182db,2022,November 2022 Examination Session,Spanish B,Spanish; SL,listening question paper/associated material,November 2022 Examination Session/Language acquisition/Spanish_B_listening_comprehension__SL_Spanish.pdf,resources/private/past-papers/2022-2026/languages/2022/November 2022 Examination Session/Language acquisition/Spanish_B_listening_comprehension__SL_Spanish.pdf,application/pdf,593051,050f29ef80811228104127bdc8f3b28bc391a61819846d6f286b175f3be3105e,2026-09-02,downloaded,size_and_sha256_verified,"Private reference copy; the source page states CC BY-NC-ND 4.0 for the webpage, but rights for the exam file are not stated and are presumed third-party/IB copyright. Do not redistribute or commit the binary.",
https://ibdocs.re/p/IB%20PAST%20PAPERS%20-%20YEAR/2022%20Examination%20Session/November%202022%20Examination%20Session/Language%20acquisition/Spanish_B_paper_1__HL_markscheme_Spanish.pdf,https://dl.ibdocs.re/documents/spanish-b-paper-1-hl-markscheme-spanish-20be2af33472df45,2022,November 2022 Examination Session,Spanish B,Spanish; HL,markscheme,November 2022 Examination Session/Language acquisition/Spanish_B_paper_1__HL_markscheme_Spanish.pdf,resources/private/past-papers/2022-2026/languages/2022/November 2022 Examination Session/Language acquisition/Spanish_B_paper_1__HL_markscheme_Spanish.pdf,application/pdf,677620,7beb382220836aceb34db8044c4a593522fd38fa5d37aae31ed62acb11342cac,2026-09-02,downloaded,size_and_sha256_verified,"Private reference copy; the source page states CC BY-NC-ND 4.0 for the webpage, but rights for the exam file are not stated and are presumed third-party/IB copyright. Do not redistribute or commit the binary.",
https://ibdocs.re/p/IB%20PAST%20PAPERS%20-%20YEAR/2022%20Examination%20Session/November%202022%20Examination%20Session/Language%20acquisition/Spanish_B_paper_1__HL_Spanish.pdf,https://dl.ibdocs.re/documents/spanish-b-paper-1-hl-spanish-d4631491de50c460,2022,November 2022 Examination Session,Spanish B,Spanish; HL,question paper,November 2022 Examination Session/Language acquisition/Spanish_B_paper_1__HL_Spanish.pdf,resources/private/past-papers/2022-2026/languages/2022/November 2022 Examination Session/Language acquisition/Spanish_B_paper_1__HL_Spanish.pdf,application/pdf,294051,6bc10db2e666938a8a33f63aee5f0835be723e246432f10e1ef560ae291790ff,2026-09-02,downloaded,size_and_sha256_verified,"Private reference copy; the source page states CC BY-NC-ND 4.0 for the webpage, but rights for the exam file are not stated and are presumed third-party/IB copyright. Do not redistribute or commit the binary.",
https://ibdocs.re/p/IB%20PAST%20PAPERS%20-%20YEAR/2022%20Examination%20Session/November%202022%20Examination%20Session/Language%20acquisition/Spanish_B_paper_1__SL_markscheme_Spanish.pdf,https://dl.ibdocs.re/documents/spanish-b-paper-1-sl-markscheme-spanish-c65b85db48cbc134,2022,November 2022 Examination Session,Spanish B,Spanish; SL,markscheme,November 2022 Examination Session/Language acquisition/Spanish_B_paper_1__SL_markscheme_Spanish.pdf,resources/private/past-papers/2022-2026/languages/2022/November 2022 Examination Session/Language acquisition/Spanish_B_paper_1__SL_markscheme_Spanish.pdf,application/pdf,589721,d4b4403b41e99942fc4717218c637fefac679acc28e4366c2c09f9a21c2d3964,2026-09-02,downloaded,size_and_sha256_verified,"Private reference copy; the source page states CC BY-NC-ND 4.0 for the webpage, but rights for the exam file are not stated and are presumed third-party/IB copyright. Do not redistribute or commit the binary.",
https://ibdocs.re/p/IB%20PAST%20PAPERS%20-%20YEAR/2022%20Examination%20Session/November%202022%20Examination%20Session/Language%20acquisition/Spanish_B_paper_1__SL_Spanish.pdf,https://dl.ibdocs.re/documents/spanish-b-paper-1-sl-spanish-72be819a8380d88b,2022,November 2022 Examination Session,Spanish B,Spanish; SL,question paper,November 2022 Examination Session/Language acquisition/Spanish_B_paper_1__SL_Spanish.pdf,resources/private/past-papers/2022-2026/languages/2022/November 2022 Examination Session/Language acquisition/Spanish_B_paper_1__SL_Spanish.pdf,application/pdf,299971,8ab3b92bb540de019f4d42f50af3ffc4d937f149d3ce78c91b6eacc6f755e1aa,2026-09-02,downloaded,size_and_sha256_verified,"Private reference copy; the source page states CC BY-NC-ND 4.0 for the webpage, but rights for the exam file are not stated and are presumed third-party/IB copyright. Do not redistribute or commit the binary.",
https://ibdocs.re/p/IB%20PAST%20PAPERS%20-%20YEAR/2022%20Examination%20Session/November%202022%20Examination%20Session/Language%20acquisition/Spanish_B_paper_2_reading_comprehension__HL_markscheme_Spanish.pdf,https://dl.ibdocs.re/documents/spanish-b-paper-2-reading-comprehension-hl-markscheme-spanish-32bdee0aaf0d9d6a,2022,November 2022 Examination Session,Spanish B,Spanish; HL,markscheme,November 2022 Examination Session/Language acquisition/Spanish_B_paper_2_reading_comprehension__HL_markscheme_Spanish.pdf,resources/private/past-papers/2022-2026/languages/2022/November 2022 Examination Session/Language acquisition/Spanish_B_paper_2_reading_comprehension__HL_markscheme_Spanish.pdf,application/pdf,356629,6f518e900ffb6b5415bd5f95ae421a755777c6e1539e5fe8bbcfefb9380baecc,2026-09-02,downloaded,size_and_sha256_verified,"Private reference copy; the source page states CC BY-NC-ND 4.0 for the webpage, but rights for the exam file are not stated and are presumed third-party/IB copyright. Do not redistribute or commit the binary.",
https://ibdocs.re/p/IB%20PAST%20PAPERS%20-%20YEAR/2022%20Examination%20Session/November%202022%20Examination%20Session/Language%20acquisition/Spanish_B_paper_2_reading_comprehension__question_booklet_HL_Spanish.pdf,https://dl.ibdocs.re/documents/spanish-b-paper-2-reading-comprehension-question-booklet-hl-spanish-5ac95b896961a143,2022,November 2022 Examination Session,Spanish B,Spanish; HL,question booklet,November 2022 Examination Session/Language acquisition/Spanish_B_paper_2_reading_comprehension__question_booklet_HL_Spanish.pdf,resources/private/past-papers/2022-2026/languages/2022/November 2022 Examination Session/Language acquisition/Spanish_B_paper_2_reading_comprehension__question_booklet_HL_Spanish.pdf,application/pdf,508136,cd033b56b38edacc87a55167e0580818c830c3c513c280aeec8cbcab1e856e36,2026-09-02,downloaded,size_and_sha256_verified,"Private reference copy; the source page states CC BY-NC-ND 4.0 for the webpage, but rights for the exam file are not stated and are presumed third-party/IB copyright. Do not redistribute or commit the binary.",
https://ibdocs.re/p/IB%20PAST%20PAPERS%20-%20YEAR/2022%20Examination%20Session/November%202022%20Examination%20Session/Language%20acquisition/Spanish_B_paper_2_reading_comprehension__question_booklet_SL_Spanish.pdf,https://dl.ibdocs.re/documents/spanish-b-paper-2-reading-comprehension-question-booklet-sl-spanish-cf155d839a3dcc28,2022,November 2022 Examination Session,Spanish B,Spanish; SL,question booklet,November 2022 Examination Session/Language acquisition/Spanish_B_paper_2_reading_comprehension__question_booklet_SL_Spanish.pdf,resources/private/past-papers/2022-2026/languages/2022/November 2022 Examination Session/Language acquisition/Spanish_B_paper_2_reading_comprehension__question_booklet_SL_Spanish.pdf,application/pdf,539138,a5ebe027ca1be4a1050a07dad106fb6ca257a8e9c296b57a9faad63025d4a50e,2026-09-02,downloaded,size_and_sha256_verified,"Private reference copy; the source page states CC BY-NC-ND 4.0 for the webpage, but rights for the exam file are not stated and are presumed third-party/IB copyright. Do not redistribute or commit the binary.",
https://ibdocs.re/p/IB%20PAST%20PAPERS%20-%20YEAR/2022%20Examination%20Session/November%202022%20Examination%20Session/Language%20acquisition/Spanish_B_paper_2_reading_comprehension__SL_markscheme_Spanish.pdf,https://dl.ibdocs.re/documents/spanish-b-paper-2-reading-comprehension-sl-markscheme-spanish-0e860245b221bcdf,2022,November 2022 Examination Session,Spanish B,Spanish; SL,markscheme,November 2022 Examination Session/Language acquisition/Spanish_B_paper_2_reading_comprehension__SL_markscheme_Spanish.pdf,resources/private/past-papers/2022-2026/languages/2022/November 2022 Examination Session/Language acquisition/Spanish_B_paper_2_reading_comprehension__SL_markscheme_Spanish.pdf,application/pdf,337664,cc2159c49787f7be18e47792a19a8ecf6c2f381a0c6ec932a525e8485bc12cb6,2026-09-02,downloaded,size_and_sha256_verified,"Private reference copy; the source page states CC BY-NC-ND 4.0 for the webpage, but rights for the exam file are not stated and are presumed third-party/IB copyright. Do not redistribute or commit the binary.",
https://ibdocs.re/p/IB%20PAST%20PAPERS%20-%20YEAR/2022%20Examination%20Session/November%202022%20Examination%20Session/Language%20acquisition/Spanish_B_paper_2_reading_comprehension__text_booklet_HL_Spanish.pdf,https://dl.ibdocs.re/documents/spanish-b-paper-2-reading-comprehension-text-booklet-hl-spanish-afab317a5441fe46,2022,November 2022 Examination Session,Spanish B,Spanish; HL,text booklet,November 2022 Examination Session/Language acquisition/Spanish_B_paper_2_reading_comprehension__text_booklet_HL_Spanish.pdf,resources/private/past-papers/2022-2026/languages/2022/November 2022 Examination Session/Language acquisition/Spanish_B_paper_2_reading_comprehension__text_booklet_HL_Spanish.pdf,application/pdf,1543816,651c6d482dc4e7c188b2067ae8dc8e7408d01d58a9aeb2378b33624dbec2c7a3,2026-09-02,downloaded,size_and_sha256_verified,"Private reference copy; the source page states CC BY-NC-ND 4.0 for the webpage, but rights for the exam file are not stated and are presumed third-party/IB copyright. Do not redistribute or commit the binary.",
https://ibdocs.re/p/IB%20PAST%20PAPERS%20-%20YEAR/2022%20Examination%20Session/November%202022%20Examination%20Session/Language%20acquisition/Spanish_B_paper_2_reading_comprehension__text_booklet_SL_Spanish.pdf,https://dl.ibdocs.re/documents/spanish-b-paper-2-reading-comprehension-text-booklet-sl-spanish-4f1fa8baff9168b5,2022,November 2022 Examination Session,Spanish B,Spanish; SL,text booklet,November 2022 Examination Session/Language acquisition/Spanish_B_paper_2_reading_comprehension__text_booklet_SL_Spanish.pdf,resources/private/past-papers/2022-2026/languages/2022/November 2022 Examination Session/Language acquisition/Spanish_B_paper_2_reading_comprehension__text_booklet_SL_Spanish.pdf,application/pdf,1496266,09d481ee98d7106b97852baa22d10120a9d27c46f1130de78f5a7179b16d95eb,2026-09-02,downloaded,size_and_sha256_verified,"Private reference copy; the source page states CC BY-NC-ND 4.0 for the webpage, but rights for the exam file are not stated and are presumed third-party/IB copyright. Do not redistribute or commit the binary.",
https://ibdocs.re/p/IB%20PAST%20PAPERS%20-%20YEAR/2022%20Examination%20Session/November%202022%20Examination%20Session/Studies%20in%20language%20and%20literature/English_A_Language_and_literature_paper_1__HL.pdf,https://dl.ibdocs.re/documents/english-a-language-and-literature-paper-1-hl-1a3d32faeadb229c,2022,November 2022 Examination Session,English A Language and Literature,English; HL,question paper,November 2022 Examination Session/Studies in language and literature/English_A_Language_and_literature_paper_1__HL.pdf,resources/private/past-papers/2022-2026/languages/2022/November 2022 Examination Session/Studies in language and literature/English_A_Language_and_literature_paper_1__HL.pdf,application/pdf,1745628,7818f44b036805687a064a0785fe37917b877f8ad42ad0fd22f8055287ff7fca,2026-09-02,downloaded,size_and_sha256_verified,"Private reference copy; the source page states CC BY-NC-ND 4.0 for the webpage, but rights for the exam file are not stated and are presumed third-party/IB copyright. Do not redistribute or commit the binary.",
https://ibdocs.re/p/IB%20PAST%20PAPERS%20-%20YEAR/2022%20Examination%20Session/November%202022%20Examination%20Session/Studies%20in%20language%20and%20literature/English_A_Language_and_literature_paper_1__HLSL_markscheme.pdf,https://dl.ibdocs.re/documents/english-a-language-and-literature-paper-1-hlsl-markscheme-04d35ca2fa784d32,2022,November 2022 Examination Session,English A Language and Literature,English; HL/SL,markscheme,November 2022 Examination Session/Studies in language and literature/English_A_Language_and_literature_paper_1__HLSL_markscheme.pdf,resources/private/past-papers/2022-2026/languages/2022/November 2022 Examination Session/Studies in language and literature/English_A_Language_and_literature_paper_1__HLSL_markscheme.pdf,application/pdf,505568,4452cfb91feed65b8d5039ed7a034c4738bd7980af2d109d93d2e27dcf2f4b38,2026-09-02,downloaded,size_and_sha256_verified,"Private reference copy; the source page states CC BY-NC-ND 4.0 for the webpage, but rights for the exam file are not stated and are presumed third-party/IB copyright. Do not redistribute or commit the binary.",
https://ibdocs.re/p/IB%20PAST%20PAPERS%20-%20YEAR/2022%20Examination%20Session/November%202022%20Examination%20Session/Studies%20in%20language%20and%20literature/English_A_Language_and_literature_paper_1__SL.pdf,https://dl.ibdocs.re/documents/english-a-language-and-literature-paper-1-sl-410ecb587509f2f3,2022,November 2022 Examination Session,English A Language and Literature,English; SL,question paper,November 2022 Examination Session/Studies in language and literature/English_A_Language_and_literature_paper_1__SL.pdf,resources/private/past-papers/2022-2026/languages/2022/November 2022 Examination Session/Studies in language and literature/English_A_Language_and_literature_paper_1__SL.pdf,application/pdf,1746137,7e97cc59b9683aa59c51666d313ee4161887d961f2cf40034837aca0f594a90f,2026-09-02,downloaded,size_and_sha256_verified,"Private reference copy; the source page states CC BY-NC-ND 4.0 for the webpage, but rights for the exam file are not stated and are presumed third-party/IB copyright. Do not redistribute or commit the binary.",
https://ibdocs.re/p/IB%20PAST%20PAPERS%20-%20YEAR/2022%20Examination%20Session/November%202022%20Examination%20Session/Studies%20in%20language%20and%20literature/English_A_Literature_paper_1__HL.pdf,https://dl.ibdocs.re/documents/english-a-literature-paper-1-hl-7f9c707f8ae595a3,2022,November 2022 Examination Session,English A Literature,English; HL,question paper,November 2022 Examination Session/Studies in language and literature/English_A_Literature_paper_1__HL.pdf,resources/private/past-papers/2022-2026/languages/2022/November 2022 Examination Session/Studies in language and literature/English_A_Literature_paper_1__HL.pdf,application/pdf,835144,d28ee5579d61969d04c8e98dcf4903e0a644c124aa829c4cfd3000493325a48f,2026-09-02,downloaded,size_and_sha256_verified,"Private reference copy; the source page states CC BY-NC-ND 4.0 for the webpage, but rights for the exam file are not stated and are presumed third-party/IB copyright. Do not redistribute or commit the binary.",
https://ibdocs.re/p/IB%20PAST%20PAPERS%20-%20YEAR/2022%20Examination%20Session/November%202022%20Examination%20Session/Studies%20in%20language%20and%20literature/English_A_Literature_paper_1__HLSL_markscheme.pdf,https://dl.ibdocs.re/documents/english-a-literature-paper-1-hlsl-markscheme-7d2419fc6a7e27db,2022,November 2022 Examination Session,English A Literature,English; HL/SL,markscheme,November 2022 Examination Session/Studies in language and literature/English_A_Literature_paper_1__HLSL_markscheme.pdf,resources/private/past-papers/2022-2026/languages/2022/November 2022 Examination Session/Studies in language and literature/English_A_Literature_paper_1__HLSL_markscheme.pdf,application/pdf,302717,266ce68c669ef712393f2e184a704e46b2cefed8b56dec3d842cd29349160441,2026-09-02,downloaded,size_and_sha256_verified,"Private reference copy; the source page states CC BY-NC-ND 4.0 for the webpage, but rights for the exam file are not stated and are presumed third-party/IB copyright. Do not redistribute or commit the binary.",
https://ibdocs.re/p/IB%20PAST%20PAPERS%20-%20YEAR/2022%20Examination%20Session/November%202022%20Examination%20Session/Studies%20in%20language%20and%20literature/English_A_Literature_paper_1__SL.pdf,https://dl.ibdocs.re/documents/english-a-literature-paper-1-sl-effe8fafed9c16ac,2022,November 2022 Examination Session,English A Literature,English; SL,question paper,November 2022 Examination Session/Studies in language and literature/English_A_Literature_paper_1__SL.pdf,resources/private/past-papers/2022-2026/languages/2022/November 2022 Examination Session/Studies in language and literature/English_A_Literature_paper_1__SL.pdf,application/pdf,835465,f594547cc0fa6cc073ea0d062986646712f0d0c7d4add50864106f993fd82319,2026-09-02,downloaded,size_and_sha256_verified,"Private reference copy; the source page states CC BY-NC-ND 4.0 for the webpage, but rights for the exam file are not stated and are presumed third-party/IB copyright. Do not redistribute or commit the binary.",
https://ibdocs.re/p/IB%20PAST%20PAPERS%20-%20YEAR/2022%20Examination%20Session/November%202022%20Examination%20Session/Studies%20in%20language%20and%20literature/Japanese_A_Language_and_literature_paper_1__HL.pdf,https://dl.ibdocs.re/documents/japanese-a-language-and-literature-paper-1-hl-76b382687fd0da03,2022,November 2022 Examination Session,Japanese A Language and Literature,Japanese; HL,question paper,November 2022 Examination Session/Studies in language and literature/Japanese_A_Language_and_literature_paper_1__HL.pdf,resources/private/past-papers/2022-2026/languages/2022/November 2022 Examination Session/Studies in language and literature/Japanese_A_Language_and_literature_paper_1__HL.pdf,application/pdf,1306462,c1b373db52e7c132ddab88ae56e64048d7c2d756c1829e7b72aa00385c791bc3,2026-09-02,downloaded,size_and_sha256_verified,"Private reference copy; the source page states CC BY-NC-ND 4.0 for the webpage, but rights for the exam file are not stated and are presumed third-party/IB copyright. Do not redistribute or commit the binary.",
https://ibdocs.re/p/IB%20PAST%20PAPERS%20-%20YEAR/2022%20Examination%20Session/November%202022%20Examination%20Session/Studies%20in%20language%20and%20literature/Japanese_A_Language_and_literature_paper_1__HLSL_markscheme.pdf,https://dl.ibdocs.re/documents/japanese-a-language-and-literature-paper-1-hlsl-markscheme-7fe4e26cd55357fb,2022,November 2022 Examination Session,Japanese A Language and Literature,Japanese; HL/SL,markscheme,November 2022 Examination Session/Studies in language and literature/Japanese_A_Language_and_literature_paper_1__HLSL_markscheme.pdf,resources/private/past-papers/2022-2026/languages/2022/November 2022 Examination Session/Studies in language and literature/Japanese_A_Language_and_literature_paper_1__HLSL_markscheme.pdf,application/pdf,343601,4a265795dee11099b77656477cef49fb38b0b33c3b3a903580d28486bfff6c5b,2026-09-02,downloaded,size_and_sha256_verified,"Private reference copy; the source page states CC BY-NC-ND 4.0 for the webpage, but rights for the exam file are not stated and are presumed third-party/IB copyright. Do not redistribute or commit the binary.",
https://ibdocs.re/p/IB%20PAST%20PAPERS%20-%20YEAR/2022%20Examination%20Session/November%202022%20Examination%20Session/Studies%20in%20language%20and%20literature/Japanese_A_Language_and_literature_paper_1__SL.pdf,https://dl.ibdocs.re/documents/japanese-a-language-and-literature-paper-1-sl-4100a193fd6bd90c,2022,November 2022 Examination Session,Japanese A Language and Literature,Japanese; SL,question paper,November 2022 Examination Session/Studies in language and literature/Japanese_A_Language_and_literature_paper_1__SL.pdf,resources/private/past-papers/2022-2026/languages/2022/November 2022 Examination Session/Studies in language and literature/Japanese_A_Language_and_literature_paper_1__SL.pdf,application/pdf,1322444,4a0ad36575a66a451a2119c91c569d54c53110229e7c229b2f1499f949e737f8,2026-09-02,downloaded,size_and_sha256_verified,"Private reference copy; the source page states CC BY-NC-ND 4.0 for the webpage, but rights for the exam file are not stated and are presumed third-party/IB copyright. Do not redistribute or commit the binary.",
https://ibdocs.re/p/IB%20PAST%20PAPERS%20-%20YEAR/2022%20Examination%20Session/November%202022%20Examination%20Session/Studies%20in%20language%20and%20literature/Korean_A_Literature_paper_1__HL.pdf,https://dl.ibdocs.re/documents/korean-a-literature-paper-1-hl-d6dcfe3cc96500cf,2022,November 2022 Examination Session,Korean A Literature,Korean; HL,question paper,November 2022 Examination Session/Studies in language and literature/Korean_A_Literature_paper_1__HL.pdf,resources/private/past-papers/2022-2026/languages/2022/November 2022 Examination Session/Studies in language and literature/Korean_A_Literature_paper_1__HL.pdf,application/pdf,1065564,a2ca2e6b879587ca84687aaf11a1295b833e5b77b40bf03ae309ec665753d41c,2026-09-02,downloaded,size_and_sha256_verified,"Private reference copy; the source page states CC BY-NC-ND 4.0 for the webpage, but rights for the exam file are not stated and are presumed third-party/IB copyright. Do not redistribute or commit the binary.",
https://ibdocs.re/p/IB%20PAST%20PAPERS%20-%20YEAR/2022%20Examination%20Session/November%202022%20Examination%20Session/Studies%20in%20language%20and%20literature/Korean_A_Literature_paper_1__HLSL_markscheme.pdf,https://dl.ibdocs.re/documents/korean-a-literature-paper-1-hlsl-markscheme-314e10fa589ffb9f,2022,November 2022 Examination Session,Korean A Literature,Korean; HL/SL,markscheme,November 2022 Examination Session/Studies in language and literature/Korean_A_Literature_paper_1__HLSL_markscheme.pdf,resources/private/past-papers/2022-2026/languages/2022/November 2022 Examination Session/Studies in language and literature/Korean_A_Literature_paper_1__HLSL_markscheme.pdf,application/pdf,476572,d9ec8add009c5fcf1250ba8908de474eac0c7c5c3d71a69c80de618b4b0dfb4d,2026-09-02,downloaded,size_and_sha256_verified,"Private reference copy; the source page states CC BY-NC-ND 4.0 for the webpage, but rights for the exam file are not stated and are presumed third-party/IB copyright. Do not redistribute or commit the binary.",
https://ibdocs.re/p/IB%20PAST%20PAPERS%20-%20YEAR/2022%20Examination%20Session/November%202022%20Examination%20Session/Studies%20in%20language%20and%20literature/Korean_A_Literature_paper_1__SL.pdf,https://dl.ibdocs.re/documents/korean-a-literature-paper-1-sl-7a7f1b5b8d3be2d8,2022,November 2022 Examination Session,Korean A Literature,Korean; SL,question paper,November 2022 Examination Session/Studies in language and literature/Korean_A_Literature_paper_1__SL.pdf,resources/private/past-papers/2022-2026/languages/2022/November 2022 Examination Session/Studies in language and literature/Korean_A_Literature_paper_1__SL.pdf,application/pdf,1063553,e01c1ca7ae4d01335b8132355261491bf5bc74de02221a7ad34487e42b657336,2026-09-02,downloaded,size_and_sha256_verified,"Private reference copy; the source page states CC BY-NC-ND 4.0 for the webpage, but rights for the exam file are not stated and are presumed third-party/IB copyright. Do not redistribute or commit the binary.",
https://ibdocs.re/p/IB%20PAST%20PAPERS%20-%20YEAR/2022%20Examination%20Session/November%202022%20Examination%20Session/Studies%20in%20language%20and%20literature/Spanish_A_Language_and_literature_paper_1__HL_Spanish.pdf,https://dl.ibdocs.re/documents/spanish-a-language-and-literature-paper-1-hl-spanish-44309706181744ab,2022,November 2022 Examination Session,Spanish A Language and Literature,Spanish; HL,question paper,November 2022 Examination Session/Studies in language and literature/Spanish_A_Language_and_literature_paper_1__HL_Spanish.pdf,resources/private/past-papers/2022-2026/languages/2022/November 2022 Examination Session/Studies in language and literature/Spanish_A_Language_and_literature_paper_1__HL_Spanish.pdf,application/pdf,2825596,33b89f8819c1c998103e011e1f6f60adec49c50fd2927f80b2eaa3115c2fc8c8,2026-09-02,downloaded,size_and_sha256_verified,"Private reference copy; the source page states CC BY-NC-ND 4.0 for the webpage, but rights for the exam file are not stated and are presumed third-party/IB copyright. Do not redistribute or commit the binary.",
https://ibdocs.re/p/IB%20PAST%20PAPERS%20-%20YEAR/2022%20Examination%20Session/November%202022%20Examination%20Session/Studies%20in%20language%20and%20literature/Spanish_A_Language_and_literature_paper_1__HLSL_markscheme_Spanish.pdf,https://dl.ibdocs.re/documents/spanish-a-language-and-literature-paper-1-hlsl-markscheme-spanish-75f546f704a17891,2022,November 2022 Examination Session,Spanish A Language and Literature,Spanish; HL/SL,markscheme,November 2022 Examination Session/Studies in language and literature/Spanish_A_Language_and_literature_paper_1__HLSL_markscheme_Spanish.pdf,resources/private/past-papers/2022-2026/languages/2022/November 2022 Examination Session/Studies in language and literature/Spanish_A_Language_and_literature_paper_1__HLSL_markscheme_Spanish.pdf,application/pdf,314566,b6a21455c41e1391d6ff2faaefcc1f2071288937dcb0c05e36d2f48c95ac61dc,2026-09-02,downloaded,size_and_sha256_verified,"Private reference copy; the source page states CC BY-NC-ND 4.0 for the webpage, but rights for the exam file are not stated and are presumed third-party/IB copyright. Do not redistribute or commit the binary.",
https://ibdocs.re/p/IB%20PAST%20PAPERS%20-%20YEAR/2022%20Examination%20Session/November%202022%20Examination%20Session/Studies%20in%20language%20and%20literature/Spanish_A_Language_and_literature_paper_1__SL_Spanish.pdf,https://dl.ibdocs.re/documents/spanish-a-language-and-literature-paper-1-sl-spanish-2b589381f28f7180,2022,November 2022 Examination Session,Spanish A Language and Literature,Spanish; SL,question paper,November 2022 Examination Session/Studies in language and literature/Spanish_A_Language_and_literature_paper_1__SL_Spanish.pdf,resources/private/past-papers/2022-2026/languages/2022/November 2022 Examination Session/Studies in language and literature/Spanish_A_Language_and_literature_paper_1__SL_Spanish.pdf,application/pdf,2825087,2a119f906549876487e7663b2482e198d1c1f4501f17af974fd126d60fbf2f1a,2026-09-02,downloaded,size_and_sha256_verified,"Private reference copy; the source page states CC BY-NC-ND 4.0 for the webpage, but rights for the exam file are not stated and are presumed third-party/IB copyright. Do not redistribute or commit the binary.",
https://ibdocs.re/p/IB%20PAST%20PAPERS%20-%20YEAR/2022%20Examination%20Session/November%202022%20Examination%20Session/Studies%20in%20language%20and%20literature/Spanish_A_Literature_paper_1__HL_Spanish.pdf,https://dl.ibdocs.re/documents/spanish-a-literature-paper-1-hl-spanish-5e9318f8235f2120,2022,November 2022 Examination Session,Spanish A Literature,Spanish; HL,question paper,November 2022 Examination Session/Studies in language and literature/Spanish_A_Literature_paper_1__HL_Spanish.pdf,resources/private/past-papers/2022-2026/languages/2022/November 2022 Examination Session/Studies in language and literature/Spanish_A_Literature_paper_1__HL_Spanish.pdf,application/pdf,826097,344247fb5032188a835e354a5aae578fb949cc4a80c010177033e7ca4b9461a9,2026-09-02,downloaded,size_and_sha256_verified,"Private reference copy; the source page states CC BY-NC-ND 4.0 for the webpage, but rights for the exam file are not stated and are presumed third-party/IB copyright. Do not redistribute or commit the binary.",
https://ibdocs.re/p/IB%20PAST%20PAPERS%20-%20YEAR/2022%20Examination%20Session/November%202022%20Examination%20Session/Studies%20in%20language%20and%20literature/Spanish_A_Literature_paper_1__HLSL_markscheme_Spanish.pdf,https://dl.ibdocs.re/documents/spanish-a-literature-paper-1-hlsl-markscheme-spanish-c61d14d37acabf28,2022,November 2022 Examination Session,Spanish A Literature,Spanish; HL/SL,markscheme,November 2022 Examination Session/Studies in language and literature/Spanish_A_Literature_paper_1__HLSL_markscheme_Spanish.pdf,resources/private/past-papers/2022-2026/languages/2022/November 2022 Examination Session/Studies in language and literature/Spanish_A_Literature_paper_1__HLSL_markscheme_Spanish.pdf,application/pdf,352158,fe02fadf32f2ee3a5ff814b4d706d933bdcf97413789c4f6e1eeec531c46b48c,2026-09-02,downloaded,size_and_sha256_verified,"Private reference copy; the source page states CC BY-NC-ND 4.0 for the webpage, but rights for the exam file are not stated and are presumed third-party/IB copyright. Do not redistribute or commit the binary.",
https://ibdocs.re/p/IB%20PAST%20PAPERS%20-%20YEAR/2022%20Examination%20Session/November%202022%20Examination%20Session/Studies%20in%20language%20and%20literature/Spanish_A_Literature_paper_1__SL_Spanish.pdf,https://dl.ibdocs.re/documents/spanish-a-literature-paper-1-sl-spanish-6f2b71c81976c64b,2022,November 2022 Examination Session,Spanish A Literature,Spanish; SL,question paper,November 2022 Examination Session/Studies in language and literature/Spanish_A_Literature_paper_1__SL_Spanish.pdf,resources/private/past-papers/2022-2026/languages/2022/November 2022 Examination Session/Studies in language and literature/Spanish_A_Literature_paper_1__SL_Spanish.pdf,application/pdf,826663,708b15f0e7970a64e288bb1140c7ff5a45b96801f516b66740c4089fa30d2955,2026-09-02,downloaded,size_and_sha256_verified,"Private reference copy; the source page states CC BY-NC-ND 4.0 for the webpage, but rights for the exam file are not stated and are presumed third-party/IB copyright. Do not redistribute or commit the binary.",
https://ibdocs.re/p/IB%20PAST%20PAPERS%20-%20YEAR/2023%20Examination%20Session/May%202023%20Examination%20Session/audio/m232abenghliengtz0xxl.mp3,https://dl.ibdocs.re/IB%20PAST%20PAPERS%20-%20YEAR/2023%20Examination%20Session/May%202023%20Examination%20Session/audio,2023,May 2023 Examination Session,English B,English; HL,audio recording,May 2023 Examination Session/audio/m232abenghliengtz0xxl.mp3,resources/private/past-papers/2022-2026/languages/2023/May 2023 Examination Session/audio/m232abenghliengtz0xxl.mp3,audio/mpeg,27581077,43abdb2dacf7e1a6aa09f3ebbdc9a6fe4ace9eb06427bfa7b1b3e2562228b1ca,2026-09-02,downloaded,size_and_sha256_verified,"Private reference copy; the source page states CC BY-NC-ND 4.0 for the webpage, but rights for the exam file are not stated and are presumed third-party/IB copyright. Do not redistribute or commit the binary.",Opaque archive filename decoded from IB subject code: abeng = English B; abspa = Spanish B.
https://ibdocs.re/p/IB%20PAST%20PAPERS%20-%20YEAR/2023%20Examination%20Session/May%202023%20Examination%20Session/audio/m232abengsliengtz0xxl.mp3,https://dl.ibdocs.re/IB%20PAST%20PAPERS%20-%20YEAR/2023%20Examination%20Session/May%202023%20Examination%20Session/audio,2023,May 2023 Examination Session,English B,English; SL,audio recording,May 2023 Examination Session/audio/m232abengsliengtz0xxl.mp3,resources/private/past-papers/2022-2026/languages/2023/May 2023 Examination Session/audio/m232abengsliengtz0xxl.mp3,audio/mpeg,21156476,596cd1c24d89be72dc3903305cfeecc706854fa7392a9a3210e7579422eba0d8,2026-09-02,downloaded,size_and_sha256_verified,"Private reference copy; the source page states CC BY-NC-ND 4.0 for the webpage, but rights for the exam file are not stated and are presumed third-party/IB copyright. Do not redistribute or commit the binary.",Opaque archive filename decoded from IB subject code: abeng = English B; abspa = Spanish B.
https://ibdocs.re/p/IB%20PAST%20PAPERS%20-%20YEAR/2023%20Examination%20Session/May%202023%20Examination%20Session/audio/m232abspahlispatz0xxl.mp3,https://dl.ibdocs.re/IB%20PAST%20PAPERS%20-%20YEAR/2023%20Examination%20Session/May%202023%20Examination%20Session/audio,2023,May 2023 Examination Session,Spanish B,Spanish; HL,audio recording,May 2023 Examination Session/audio/m232abspahlispatz0xxl.mp3,resources/private/past-papers/2022-2026/languages/2023/May 2023 Examination Session/audio/m232abspahlispatz0xxl.mp3,audio/mpeg,26760032,7afbceb0cfad508e508343f089e6f70c3949b2c15d7baf6c3903a15b10e426a5,2026-09-02,downloaded,size_and_sha256_verified,"Private reference copy; the source page states CC BY-NC-ND 4.0 for the webpage, but rights for the exam file are not stated and are presumed third-party/IB copyright. Do not redistribute or commit the binary.",Opaque archive filename decoded from IB subject code: abeng = English B; abspa = Spanish B.
https://ibdocs.re/p/IB%20PAST%20PAPERS%20-%20YEAR/2023%20Examination%20Session/May%202023%20Examination%20Session/audio/m232abspaslispatz0xxl.mp3,https://dl.ibdocs.re/IB%20PAST%20PAPERS%20-%20YEAR/2023%20Examination%20Session/May%202023%20Examination%20Session/audio,2023,May 2023 Examination Session,Spanish B,Spanish; SL,audio recording,May 2023 Examination Session/audio/m232abspaslispatz0xxl.mp3,resources/private/past-papers/2022-2026/languages/2023/May 2023 Examination Session/audio/m232abspaslispatz0xxl.mp3,audio/mpeg,20166079,d30a7bb2ccea143e275cd5037334675b53c5d2be243a4f160639300c4aca9c8d,2026-09-02,downloaded,size_and_sha256_verified,"Private reference copy; the source page states CC BY-NC-ND 4.0 for the webpage, but rights for the exam file are not stated and are presumed third-party/IB copyright. Do not redistribute or commit the binary.",Opaque archive filename decoded from IB subject code: abeng = English B; abspa = Spanish B.
https://ibdocs.re/p/IB%20PAST%20PAPERS%20-%20YEAR/2023%20Examination%20Session/May%202023%20Examination%20Session/Language%20acquisition/English_B_listening_comprehension__HL_markscheme.pdf,https://dl.ibdocs.re/documents/english-b-listening-comprehension-hl-markscheme-ee66806bd4f1166b,2023,May 2023 Examination Session,English B,English; HL,markscheme,May 2023 Examination Session/Language acquisition/English_B_listening_comprehension__HL_markscheme.pdf,resources/private/past-papers/2022-2026/languages/2023/May 2023 Examination Session/Language acquisition/English_B_listening_comprehension__HL_markscheme.pdf,application/pdf,598557,d516cc9def81e55c89fa2eb7b1c73999bcdafb5f151eb84db371a39e46088316,2026-09-02,downloaded,size_and_sha256_verified,"Private reference copy; the source page states CC BY-NC-ND 4.0 for the webpage, but rights for the exam file are not stated and are presumed third-party/IB copyright. Do not redistribute or commit the binary.",
https://ibdocs.re/p/IB%20PAST%20PAPERS%20-%20YEAR/2023%20Examination%20Session/May%202023%20Examination%20Session/Language%20acquisition/English_B_listening_comprehension__HL.pdf,https://dl.ibdocs.re/documents/english-b-listening-comprehension-hl-7d0419985593ec60,2023,May 2023 Examination Session,English B,English; HL,listening question paper/associated material,May 2023 Examination Session/Language acquisition/English_B_listening_comprehension__HL.pdf,resources/private/past-papers/2022-2026/languages/2023/May 2023 Examination Session/Language acquisition/English_B_listening_comprehension__HL.pdf,application/pdf,535054,b281808c569ac08379032b8861477c117de5914e82d069b88c8709ba364278f6,2026-09-02,downloaded,size_and_sha256_verified,"Private reference copy; the source page states CC BY-NC-ND 4.0 for the webpage, but rights for the exam file are not stated and are presumed third-party/IB copyright. Do not redistribute or commit the binary.",
https://ibdocs.re/p/IB%20PAST%20PAPERS%20-%20YEAR/2023%20Examination%20Session/May%202023%20Examination%20Session/Language%20acquisition/English_B_listening_comprehension__SL_markscheme.pdf,https://dl.ibdocs.re/documents/english-b-listening-comprehension-sl-markscheme-1d0996b35a39139a,2023,May 2023 Examination Session,English B,English; SL,markscheme,May 2023 Examination Session/Language acquisition/English_B_listening_comprehension__SL_markscheme.pdf,resources/private/past-papers/2022-2026/languages/2023/May 2023 Examination Session/Language acquisition/English_B_listening_comprehension__SL_markscheme.pdf,application/pdf,519307,f954020c99e1080e4005d378649befabe65d7a01c32e88387e1a300d4f995670,2026-09-02,downloaded,size_and_sha256_verified,"Private reference copy; the source page states CC BY-NC-ND 4.0 for the webpage, but rights for the exam file are not stated and are presumed third-party/IB copyright. Do not redistribute or commit the binary.",
https://ibdocs.re/p/IB%20PAST%20PAPERS%20-%20YEAR/2023%20Examination%20Session/May%202023%20Examination%20Session/Language%20acquisition/English_B_listening_comprehension__SL.pdf,https://dl.ibdocs.re/documents/english-b-listening-comprehension-sl-68c24c73cce6b407,2023,May 2023 Examination Session,English B,English; SL,listening question paper/associated material,May 2023 Examination Session/Language acquisition/English_B_listening_comprehension__SL.pdf,resources/private/past-papers/2022-2026/languages/2023/May 2023 Examination Session/Language acquisition/English_B_listening_comprehension__SL.pdf,application/pdf,768098,e0e49676734ec70b9e9d888fbb0eac3dcb8fe17ba3832bba66a12b0a834ff1a4,2026-09-02,downloaded,size_and_sha256_verified,"Private reference copy; the source page states CC BY-NC-ND 4.0 for the webpage, but rights for the exam file are not stated and are presumed third-party/IB copyright. Do not redistribute or commit the binary.",
https://ibdocs.re/p/IB%20PAST%20PAPERS%20-%20YEAR/2023%20Examination%20Session/May%202023%20Examination%20Session/Language%20acquisition/English_B_paper_1__TZ1_HL_markscheme.pdf,https://dl.ibdocs.re/documents/english-b-paper-1-tz1-hl-markscheme-22d97710e33d2a31,2023,May 2023 Examination Session,English B,English; HL; TZ1,markscheme,May 2023 Examination Session/Language acquisition/English_B_paper_1__TZ1_HL_markscheme.pdf,resources/private/past-papers/2022-2026/languages/2023/May 2023 Examination Session/Language acquisition/English_B_paper_1__TZ1_HL_markscheme.pdf,application/pdf,504141,50d172e9e79d1fb2c41f28d5537a395de0e40d8c7399e95f6f98f679f3cd0da9,2026-09-02,downloaded,size_and_sha256_verified,"Private reference copy; the source page states CC BY-NC-ND 4.0 for the webpage, but rights for the exam file are not stated and are presumed third-party/IB copyright. Do not redistribute or commit the binary.",
https://ibdocs.re/p/IB%20PAST%20PAPERS%20-%20YEAR/2023%20Examination%20Session/May%202023%20Examination%20Session/Language%20acquisition/English_B_paper_1__TZ1_HL.pdf,https://dl.ibdocs.re/documents/english-b-paper-1-tz1-hl-1473acbff681da0e,2023,May 2023 Examination Session,English B,English; HL; TZ1,question paper,May 2023 Examination Session/Language acquisition/English_B_paper_1__TZ1_HL.pdf,resources/private/past-papers/2022-2026/languages/2023/May 2023 Examination Session/Language acquisition/English_B_paper_1__TZ1_HL.pdf,application/pdf,295305,f2cc60689c0aee38fdb2a8d3d64acd7a621ba00b52d990f26762c4b7e03554c7,2026-09-02,downloaded,size_and_sha256_verified,"Private reference copy; the source page states CC BY-NC-ND 4.0 for the webpage, but rights for the exam file are not stated and are presumed third-party/IB copyright. Do not redistribute or commit the binary.",
https://ibdocs.re/p/IB%20PAST%20PAPERS%20-%20YEAR/2023%20Examination%20Session/May%202023%20Examination%20Session/Language%20acquisition/English_B_paper_1__TZ1_SL_markscheme.pdf,https://dl.ibdocs.re/documents/english-b-paper-1-tz1-sl-markscheme-ce07c5f1d2f085bc,2023,May 2023 Examination Session,English B,English; SL; TZ1,markscheme,May 2023 Examination Session/Language acquisition/English_B_paper_1__TZ1_SL_markscheme.pdf,resources/private/past-papers/2022-2026/languages/2023/May 2023 Examination Session/Language acquisition/English_B_paper_1__TZ1_SL_markscheme.pdf,application/pdf,503017,f731ad101a44ea6336a974948e02a0191feac00c4f9f6ac8911282b1f8ebf2e2,2026-09-02,downloaded,size_and_sha256_verified,"Private reference copy; the source page states CC BY-NC-ND 4.0 for the webpage, but rights for the exam file are not stated and are presumed third-party/IB copyright. Do not redistribute or commit the binary.",
https://ibdocs.re/p/IB%20PAST%20PAPERS%20-%20YEAR/2023%20Examination%20Session/May%202023%20Examination%20Session/Language%20acquisition/English_B_paper_1__TZ1_SL.pdf,https://dl.ibdocs.re/documents/english-b-paper-1-tz1-sl-8452f3853ab70ae9,2023,May 2023 Examination Session,English B,English; SL; TZ1,question paper,May 2023 Examination Session/Language acquisition/English_B_paper_1__TZ1_SL.pdf,resources/private/past-papers/2022-2026/languages/2023/May 2023 Examination Session/Language acquisition/English_B_paper_1__TZ1_SL.pdf,application/pdf,295456,f22465dc9ad03ada7e8a41ad102defef6e49563f4bd95e6d86458d35ce7546ba,2026-09-02,downloaded,size_and_sha256_verified,"Private reference copy; the source page states CC BY-NC-ND 4.0 for the webpage, but rights for the exam file are not stated and are presumed third-party/IB copyright. Do not redistribute or commit the binary.",
https://ibdocs.re/p/IB%20PAST%20PAPERS%20-%20YEAR/2023%20Examination%20Session/May%202023%20Examination%20Session/Language%20acquisition/English_B_paper_1__TZ2_HL_markscheme.pdf,https://dl.ibdocs.re/documents/english-b-paper-1-tz2-hl-markscheme-577f444cac89f720,2023,May 2023 Examination Session,English B,English; HL; TZ2,markscheme,May 2023 Examination Session/Language acquisition/English_B_paper_1__TZ2_HL_markscheme.pdf,resources/private/past-papers/2022-2026/languages/2023/May 2023 Examination Session/Language acquisition/English_B_paper_1__TZ2_HL_markscheme.pdf,application/pdf,504036,362f3c05819ab6d1bc8d9d6e82490fa3458ac92dbe8ed0f3b715feeb26790ff6,2026-09-02,downloaded,size_and_sha256_verified,"Private reference copy; the source page states CC BY-NC-ND 4.0 for the webpage, but rights for the exam file are not stated and are presumed third-party/IB copyright. Do not redistribute or commit the binary.",
https://ibdocs.re/p/IB%20PAST%20PAPERS%20-%20YEAR/2023%20Examination%20Session/May%202023%20Examination%20Session/Language%20acquisition/English_B_paper_1__TZ2_HL.pdf,https://dl.ibdocs.re/documents/english-b-paper-1-tz2-hl-c1d8e8b47793a56d,2023,May 2023 Examination Session,English B,English; HL; TZ2,question paper,May 2023 Examination Session/Language acquisition/English_B_paper_1__TZ2_HL.pdf,resources/private/past-papers/2022-2026/languages/2023/May 2023 Examination Session/Language acquisition/English_B_paper_1__TZ2_HL.pdf,application/pdf,295266,791dd1b6ea97819d492d5e6f89ffc2efb137d9520a043775a90e9b3277730e6d,2026-09-02,downloaded,size_and_sha256_verified,"Private reference copy; the source page states CC BY-NC-ND 4.0 for the webpage, but rights for the exam file are not stated and are presumed third-party/IB copyright. Do not redistribute or commit the binary.",
https://ibdocs.re/p/IB%20PAST%20PAPERS%20-%20YEAR/2023%20Examination%20Session/May%202023%20Examination%20Session/Language%20acquisition/English_B_paper_1__TZ2_SL_markscheme.pdf,https://dl.ibdocs.re/documents/english-b-paper-1-tz2-sl-markscheme-e683eff5698514b5,2023,May 2023 Examination Session,English B,English; SL; TZ2,markscheme,May 2023 Examination Session/Language acquisition/English_B_paper_1__TZ2_SL_markscheme.pdf,resources/private/past-papers/2022-2026/languages/2023/May 2023 Examination Session/Language acquisition/English_B_paper_1__TZ2_SL_markscheme.pdf,application/pdf,502676,9022f8524249b0474a2bbe5b2bc71498da3c774d19ed9966541252594835556d,2026-09-02,downloaded,size_and_sha256_verified,"Private reference copy; the source page states CC BY-NC-ND 4.0 for the webpage, but rights for the exam file are not stated and are presumed third-party/IB copyright. Do not redistribute or commit the binary.",
https://ibdocs.re/p/IB%20PAST%20PAPERS%20-%20YEAR/2023%20Examination%20Session/May%202023%20Examination%20Session/Language%20acquisition/English_B_paper_1__TZ2_SL.pdf,https://dl.ibdocs.re/documents/english-b-paper-1-tz2-sl-eb128820a1d5d5b2,2023,May 2023 Examination Session,English B,English; SL; TZ2,question paper,May 2023 Examination Session/Language acquisition/English_B_paper_1__TZ2_SL.pdf,resources/private/past-papers/2022-2026/languages/2023/May 2023 Examination Session/Language acquisition/English_B_paper_1__TZ2_SL.pdf,application/pdf,295504,ba59f30c0be891fc79d45a70fdaff2b08dd0a1064051fb4b2c11868438de3c00,2026-09-02,downloaded,size_and_sha256_verified,"Private reference copy; the source page states CC BY-NC-ND 4.0 for the webpage, but rights for the exam file are not stated and are presumed third-party/IB copyright. Do not redistribute or commit the binary.",
https://ibdocs.re/p/IB%20PAST%20PAPERS%20-%20YEAR/2023%20Examination%20Session/May%202023%20Examination%20Session/Language%20acquisition/English_B_paper_2_reading_comprehension__HL_markscheme.pdf,https://dl.ibdocs.re/documents/english-b-paper-2-reading-comprehension-hl-markscheme-46aba3a64760db2c,2023,May 2023 Examination Session,English B,English; HL,markscheme,May 2023 Examination Session/Language acquisition/English_B_paper_2_reading_comprehension__HL_markscheme.pdf,resources/private/past-papers/2022-2026/languages/2023/May 2023 Examination Session/Language acquisition/English_B_paper_2_reading_comprehension__HL_markscheme.pdf,application/pdf,365471,d6cea12fd72a9b5cdb05c2407a7160176a95926d562c6ed5613cd0227b79dfe4,2026-09-02,downloaded,size_and_sha256_verified,"Private reference copy; the source page states CC BY-NC-ND 4.0 for the webpage, but rights for the exam file are not stated and are presumed third-party/IB copyright. Do not redistribute or commit the binary.",
https://ibdocs.re/p/IB%20PAST%20PAPERS%20-%20YEAR/2023%20Examination%20Session/May%202023%20Examination%20Session/Language%20acquisition/English_B_paper_2_reading_comprehension__question_booklet_HL.pdf,https://dl.ibdocs.re/documents/english-b-paper-2-reading-comprehension-question-booklet-hl-1a098f9a4af7406d,2023,May 2023 Examination Session,English B,English; HL,question booklet,May 2023 Examination Session/Language acquisition/English_B_paper_2_reading_comprehension__question_booklet_HL.pdf,resources/private/past-papers/2022-2026/languages/2023/May 2023 Examination Session/Language acquisition/English_B_paper_2_reading_comprehension__question_booklet_HL.pdf,application/pdf,490530,cb7067f714b319848d2595311307e01904e65577b02ab5fe4eea1115cb2338ca,2026-09-02,downloaded,size_and_sha256_verified,"Private reference copy; the source page states CC BY-NC-ND 4.0 for the webpage, but rights for the exam file are not stated and are presumed third-party/IB copyright. Do not redistribute or commit the binary.",
https://ibdocs.re/p/IB%20PAST%20PAPERS%20-%20YEAR/2023%20Examination%20Session/May%202023%20Examination%20Session/Language%20acquisition/English_B_paper_2_reading_comprehension__question_booklet_SL.pdf,https://dl.ibdocs.re/documents/english-b-paper-2-reading-comprehension-question-booklet-sl-43432f06753970b2,2023,May 2023 Examination Session,English B,English; SL,question booklet,May 2023 Examination Session/Language acquisition/English_B_paper_2_reading_comprehension__question_booklet_SL.pdf,resources/private/past-papers/2022-2026/languages/2023/May 2023 Examination Session/Language acquisition/English_B_paper_2_reading_comprehension__question_booklet_SL.pdf,application/pdf,485957,8e7f20caa54b4e661986a585ffb7f5d597bf482a7d5312236fa99cae87743bfb,2026-09-02,downloaded,size_and_sha256_verified,"Private reference copy; the source page states CC BY-NC-ND 4.0 for the webpage, but rights for the exam file are not stated and are presumed third-party/IB copyright. Do not redistribute or commit the binary.",
https://ibdocs.re/p/IB%20PAST%20PAPERS%20-%20YEAR/2023%20Examination%20Session/May%202023%20Examination%20Session/Language%20acquisition/English_B_paper_2_reading_comprehension__SL_markscheme.pdf,https://dl.ibdocs.re/documents/english-b-paper-2-reading-comprehension-sl-markscheme-bf9ad488f7693a41,2023,May 2023 Examination Session,English B,English; SL,markscheme,May 2023 Examination Session/Language acquisition/English_B_paper_2_reading_comprehension__SL_markscheme.pdf,resources/private/past-papers/2022-2026/languages/2023/May 2023 Examination Session/Language acquisition/English_B_paper_2_reading_comprehension__SL_markscheme.pdf,application/pdf,365600,8b44ee911b8f9116c9cfffe32d1dcfe7e20970ed6ab0c10e4abf0909ff1441f1,2026-09-02,downloaded,size_and_sha256_verified,"Private reference copy; the source page states CC BY-NC-ND 4.0 for the webpage, but rights for the exam file are not stated and are presumed third-party/IB copyright. Do not redistribute or commit the binary.",
https://ibdocs.re/p/IB%20PAST%20PAPERS%20-%20YEAR/2023%20Examination%20Session/May%202023%20Examination%20Session/Language%20acquisition/English_B_paper_2_reading_comprehension__text_booklet_HL.pdf,https://dl.ibdocs.re/documents/english-b-paper-2-reading-comprehension-text-booklet-hl-b3ffd93b153b91c8,2023,May 2023 Examination Session,English B,English; HL,text booklet,May 2023 Examination Session/Language acquisition/English_B_paper_2_reading_comprehension__text_booklet_HL.pdf,resources/private/past-papers/2022-2026/languages/2023/May 2023 Examination Session/Language acquisition/English_B_paper_2_reading_comprehension__text_booklet_HL.pdf,application/pdf,994798,e7f16232cc0517f4c58698f516ed50a85cff77330e661897996ce05db1e315d4,2026-09-02,downloaded,size_and_sha256_verified,"Private reference copy; the source page states CC BY-NC-ND 4.0 for the webpage, but rights for the exam file are not stated and are presumed third-party/IB copyright. Do not redistribute or commit the binary.",
https://ibdocs.re/p/IB%20PAST%20PAPERS%20-%20YEAR/2023%20Examination%20Session/May%202023%20Examination%20Session/Language%20acquisition/English_B_paper_2_reading_comprehension__text_booklet_SL.pdf,https://dl.ibdocs.re/documents/english-b-paper-2-reading-comprehension-text-booklet-sl-7d3317b50ac6161f,2023,May 2023 Examination Session,English B,English; SL,text booklet,May 2023 Examination Session/Language acquisition/English_B_paper_2_reading_comprehension__text_booklet_SL.pdf,resources/private/past-papers/2022-2026/languages/2023/May 2023 Examination Session/Language acquisition/English_B_paper_2_reading_comprehension__text_booklet_SL.pdf,application/pdf,1471192,258e60b992370ba7e5de00fb37d51205d1115460b58b1cd173182ce198294c41,2026-09-02,downloaded,size_and_sha256_verified,"Private reference copy; the source page states CC BY-NC-ND 4.0 for the webpage, but rights for the exam file are not stated and are presumed third-party/IB copyright. Do not redistribute or commit the binary.",
https://ibdocs.re/p/IB%20PAST%20PAPERS%20-%20YEAR/2023%20Examination%20Session/May%202023%20Examination%20Session/Language%20acquisition/Spanish_B_listening_comprehension__HL_markscheme_Spanish.pdf,https://dl.ibdocs.re/documents/spanish-b-listening-comprehension-hl-markscheme-spanish-251bed323cbabad8,2023,May 2023 Examination Session,Spanish B,Spanish; HL,markscheme,May 2023 Examination Session/Language acquisition/Spanish_B_listening_comprehension__HL_markscheme_Spanish.pdf,resources/private/past-papers/2022-2026/languages/2023/May 2023 Examination Session/Language acquisition/Spanish_B_listening_comprehension__HL_markscheme_Spanish.pdf,application/pdf,1028143,3f670941d1bbedf3c2935c7793e1f25b3e3e151916cd63e7e4b5187a1a8bb410,2026-09-02,downloaded,size_and_sha256_verified,"Private reference copy; the source page states CC BY-NC-ND 4.0 for the webpage, but rights for the exam file are not stated and are presumed third-party/IB copyright. Do not redistribute or commit the binary.",
https://ibdocs.re/p/IB%20PAST%20PAPERS%20-%20YEAR/2023%20Examination%20Session/May%202023%20Examination%20Session/Language%20acquisition/Spanish_B_listening_comprehension__HL_Spanish.pdf,https://dl.ibdocs.re/documents/spanish-b-listening-comprehension-hl-spanish-06d0e05964c010ef,2023,May 2023 Examination Session,Spanish B,Spanish; HL,listening question paper/associated material,May 2023 Examination Session/Language acquisition/Spanish_B_listening_comprehension__HL_Spanish.pdf,resources/private/past-papers/2022-2026/languages/2023/May 2023 Examination Session/Language acquisition/Spanish_B_listening_comprehension__HL_Spanish.pdf,application/pdf,992958,23037dc409a7d05f07d95fe04b21bb8ccc2e87212af545f5fe3b5c33dc5aca40,2026-09-02,downloaded,size_and_sha256_verified,"Private reference copy; the source page states CC BY-NC-ND 4.0 for the webpage, but rights for the exam file are not stated and are presumed third-party/IB copyright. Do not redistribute or commit the binary.",
https://ibdocs.re/p/IB%20PAST%20PAPERS%20-%20YEAR/2023%20Examination%20Session/May%202023%20Examination%20Session/Language%20acquisition/Spanish_B_listening_comprehension__SL_markscheme_Spanish.pdf,https://dl.ibdocs.re/documents/spanish-b-listening-comprehension-sl-markscheme-spanish-86c05f20e1d6f289,2023,May 2023 Examination Session,Spanish B,Spanish; SL,markscheme,May 2023 Examination Session/Language acquisition/Spanish_B_listening_comprehension__SL_markscheme_Spanish.pdf,resources/private/past-papers/2022-2026/languages/2023/May 2023 Examination Session/Language acquisition/Spanish_B_listening_comprehension__SL_markscheme_Spanish.pdf,application/pdf,701551,2670c079336d3a748006cb2986ce341ad7a19f2a926c1c70009525afb3bf637d,2026-09-02,downloaded,size_and_sha256_verified,"Private reference copy; the source page states CC BY-NC-ND 4.0 for the webpage, but rights for the exam file are not stated and are presumed third-party/IB copyright. Do not redistribute or commit the binary.",
https://ibdocs.re/p/IB%20PAST%20PAPERS%20-%20YEAR/2023%20Examination%20Session/May%202023%20Examination%20Session/Language%20acquisition/Spanish_B_listening_comprehension__SL_Spanish.pdf,https://dl.ibdocs.re/documents/spanish-b-listening-comprehension-sl-spanish-3156237d6a6b7094,2023,May 2023 Examination Session,Spanish B,Spanish; SL,listening question paper/associated material,May 2023 Examination Session/Language acquisition/Spanish_B_listening_comprehension__SL_Spanish.pdf,resources/private/past-papers/2022-2026/languages/2023/May 2023 Examination Session/Language acquisition/Spanish_B_listening_comprehension__SL_Spanish.pdf,application/pdf,512445,6824461bfd58d4728afb89064888f058bef188d8f750d9b7a90851a5bbbf0e26,2026-09-02,downloaded,size_and_sha256_verified,"Private reference copy; the source page states CC BY-NC-ND 4.0 for the webpage, but rights for the exam file are not stated and are presumed third-party/IB copyright. Do not redistribute or commit the binary.",
https://ibdocs.re/p/IB%20PAST%20PAPERS%20-%20YEAR/2023%20Examination%20Session/May%202023%20Examination%20Session/Language%20acquisition/Spanish_B_paper_1__TZ1_HL_markscheme_Spanish.pdf,https://dl.ibdocs.re/documents/spanish-b-paper-1-tz1-hl-markscheme-spanish-5256b884726478f6,2023,May 2023 Examination Session,Spanish B,Spanish; HL; TZ1,markscheme,May 2023 Examination Session/Language acquisition/Spanish_B_paper_1__TZ1_HL_markscheme_Spanish.pdf,resources/private/past-papers/2022-2026/languages/2023/May 2023 Examination Session/Language acquisition/Spanish_B_paper_1__TZ1_HL_markscheme_Spanish.pdf,application/pdf,693509,e128c26e496ef8fdbab1e0733048792d08d51f6b51748430961a4617794875aa,2026-09-02,downloaded,size_and_sha256_verified,"Private reference copy; the source page states CC BY-NC-ND 4.0 for the webpage, but rights for the exam file are not stated and are presumed third-party/IB copyright. Do not redistribute or commit the binary.",
https://ibdocs.re/p/IB%20PAST%20PAPERS%20-%20YEAR/2023%20Examination%20Session/May%202023%20Examination%20Session/Language%20acquisition/Spanish_B_paper_1__TZ1_HL_Spanish.pdf,https://dl.ibdocs.re/documents/spanish-b-paper-1-tz1-hl-spanish-ee1cb7ddb7bfe2bd,2023,May 2023 Examination Session,Spanish B,Spanish; HL; TZ1,question paper,May 2023 Examination Session/Language acquisition/Spanish_B_paper_1__TZ1_HL_Spanish.pdf,resources/private/past-papers/2022-2026/languages/2023/May 2023 Examination Session/Language acquisition/Spanish_B_paper_1__TZ1_HL_Spanish.pdf,application/pdf,295462,ca08e2cd990aa2a8f22e4503524305301438567e68b9f6a13754f8a58a7a9900,2026-09-02,downloaded,size_and_sha256_verified,"Private reference copy; the source page states CC BY-NC-ND 4.0 for the webpage, but rights for the exam file are not stated and are presumed third-party/IB copyright. Do not redistribute or commit the binary.",
https://ibdocs.re/p/IB%20PAST%20PAPERS%20-%20YEAR/2023%20Examination%20Session/May%202023%20Examination%20Session/Language%20acquisition/Spanish_B_paper_1__TZ1_SL_markscheme_Spanish.pdf,https://dl.ibdocs.re/documents/spanish-b-paper-1-tz1-sl-markscheme-spanish-688566c0003f6b6b,2023,May 2023 Examination Session,Spanish B,Spanish; SL; TZ1,markscheme,May 2023 Examination Session/Language acquisition/Spanish_B_paper_1__TZ1_SL_markscheme_Spanish.pdf,resources/private/past-papers/2022-2026/languages/2023/May 2023 Examination Session/Language acquisition/Spanish_B_paper_1__TZ1_SL_markscheme_Spanish.pdf,application/pdf,642898,15b1c6c6212e1b0e6237cc9d9ebe998c750e79467ef416143257e5cb58e2d2de,2026-09-02,downloaded,size_and_sha256_verified,"Private reference copy; the source page states CC BY-NC-ND 4.0 for the webpage, but rights for the exam file are not stated and are presumed third-party/IB copyright. Do not redistribute or commit the binary.",
https://ibdocs.re/p/IB%20PAST%20PAPERS%20-%20YEAR/2023%20Examination%20Session/May%202023%20Examination%20Session/Language%20acquisition/Spanish_B_paper_1__TZ1_SL_Spanish.pdf,https://dl.ibdocs.re/documents/spanish-b-paper-1-tz1-sl-spanish-1f6f80fde54ba5fe,2023,May 2023 Examination Session,Spanish B,Spanish; SL; TZ1,question paper,May 2023 Examination Session/Language acquisition/Spanish_B_paper_1__TZ1_SL_Spanish.pdf,resources/private/past-papers/2022-2026/languages/2023/May 2023 Examination Session/Language acquisition/Spanish_B_paper_1__TZ1_SL_Spanish.pdf,application/pdf,296402,f1fd82bb343bb84e8f09f2e6fc697b1d5043db2354c973833fb03b65c0514569,2026-09-02,downloaded,size_and_sha256_verified,"Private reference copy; the source page states CC BY-NC-ND 4.0 for the webpage, but rights for the exam file are not stated and are presumed third-party/IB copyright. Do not redistribute or commit the binary.",
https://ibdocs.re/p/IB%20PAST%20PAPERS%20-%20YEAR/2023%20Examination%20Session/May%202023%20Examination%20Session/Language%20acquisition/Spanish_B_paper_1__TZ2_HL_markscheme_Spanish.pdf,https://dl.ibdocs.re/documents/spanish-b-paper-1-tz2-hl-markscheme-spanish-41ecf67141ab566f,2023,May 2023 Examination Session,Spanish B,Spanish; HL; TZ2,markscheme,May 2023 Examination Session/Language acquisition/Spanish_B_paper_1__TZ2_HL_markscheme_Spanish.pdf,resources/private/past-papers/2022-2026/languages/2023/May 2023 Examination Session/Language acquisition/Spanish_B_paper_1__TZ2_HL_markscheme_Spanish.pdf,application/pdf,627548,d4a264224dab014eff4f37e94ea70feea7130ae249971e54aae41c30556469f7,2026-09-02,downloaded,size_and_sha256_verified,"Private reference copy; the source page states CC BY-NC-ND 4.0 for the webpage, but rights for the exam file are not stated and are presumed third-party/IB copyright. Do not redistribute or commit the binary.",
https://ibdocs.re/p/IB%20PAST%20PAPERS%20-%20YEAR/2023%20Examination%20Session/May%202023%20Examination%20Session/Language%20acquisition/Spanish_B_paper_1__TZ2_HL_Spanish.pdf,https://dl.ibdocs.re/documents/spanish-b-paper-1-tz2-hl-spanish-b392ef5d117ad0a2,2023,May 2023 Examination Session,Spanish B,Spanish; HL; TZ2,question paper,May 2023 Examination Session/Language acquisition/Spanish_B_paper_1__TZ2_HL_Spanish.pdf,resources/private/past-papers/2022-2026/languages/2023/May 2023 Examination Session/Language acquisition/Spanish_B_paper_1__TZ2_HL_Spanish.pdf,application/pdf,294644,ed24099289aa1dfddd721b8edc7a1385887d0ad2cb0b0f307808db5c07f43158,2026-09-02,downloaded,size_and_sha256_verified,"Private reference copy; the source page states CC BY-NC-ND 4.0 for the webpage, but rights for the exam file are not stated and are presumed third-party/IB copyright. Do not redistribute or commit the binary.",
https://ibdocs.re/p/IB%20PAST%20PAPERS%20-%20YEAR/2023%20Examination%20Session/May%202023%20Examination%20Session/Language%20acquisition/Spanish_B_paper_1__TZ2_SL_markscheme_Spanish.pdf,https://dl.ibdocs.re/documents/spanish-b-paper-1-tz2-sl-markscheme-spanish-21854ecfd32d271a,2023,May 2023 Examination Session,Spanish B,Spanish; SL; TZ2,markscheme,May 2023 Examination Session/Language acquisition/Spanish_B_paper_1__TZ2_SL_markscheme_Spanish.pdf,resources/private/past-papers/2022-2026/languages/2023/May 2023 Examination Session/Language acquisition/Spanish_B_paper_1__TZ2_SL_markscheme_Spanish.pdf,application/pdf,633869,c7ecd03b87872e6f16d07e8c7a5fbbfc52c4b3d8c27bd4c90fa48293ac695959,2026-09-02,downloaded,size_and_sha256_verified,"Private reference copy; the source page states CC BY-NC-ND 4.0 for the webpage, but rights for the exam file are not stated and are presumed third-party/IB copyright. Do not redistribute or commit the binary.",
https://ibdocs.re/p/IB%20PAST%20PAPERS%20-%20YEAR/2023%20Examination%20Session/May%202023%20Examination%20Session/Language%20acquisition/Spanish_B_paper_1__TZ2_SL_Spanish.pdf,https://dl.ibdocs.re/documents/spanish-b-paper-1-tz2-sl-spanish-52c719d9c18ebf61,2023,May 2023 Examination Session,Spanish B,Spanish; SL; TZ2,question paper,May 2023 Examination Session/Language acquisition/Spanish_B_paper_1__TZ2_SL_Spanish.pdf,resources/private/past-papers/2022-2026/languages/2023/May 2023 Examination Session/Language acquisition/Spanish_B_paper_1__TZ2_SL_Spanish.pdf,application/pdf,295883,f2e2b06a03d604ac75cffbcfa399d1045c4ae666c2793163185a0ea12b22a227,2026-09-02,downloaded,size_and_sha256_verified,"Private reference copy; the source page states CC BY-NC-ND 4.0 for the webpage, but rights for the exam file are not stated and are presumed third-party/IB copyright. Do not redistribute or commit the binary.",
https://ibdocs.re/p/IB%20PAST%20PAPERS%20-%20YEAR/2023%20Examination%20Session/May%202023%20Examination%20Session/Language%20acquisition/Spanish_B_paper_2_reading_comprehension__HL_markscheme_Spanish.pdf,https://dl.ibdocs.re/documents/spanish-b-paper-2-reading-comprehension-hl-markscheme-spanish-117839d034a877db,2023,May 2023 Examination Session,Spanish B,Spanish; HL,markscheme,May 2023 Examination Session/Language acquisition/Spanish_B_paper_2_reading_comprehension__HL_markscheme_Spanish.pdf,resources/private/past-papers/2022-2026/languages/2023/May 2023 Examination Session/Language acquisition/Spanish_B_paper_2_reading_comprehension__HL_markscheme_Spanish.pdf,application/pdf,333003,46da1fd65d2d6dd72cdf2c8a881879a8944ca966fad17517279c369f7d150140,2026-09-02,downloaded,size_and_sha256_verified,"Private reference copy; the source page states CC BY-NC-ND 4.0 for the webpage, but rights for the exam file are not stated and are presumed third-party/IB copyright. Do not redistribute or commit the binary.",
https://ibdocs.re/p/IB%20PAST%20PAPERS%20-%20YEAR/2023%20Examination%20Session/May%202023%20Examination%20Session/Language%20acquisition/Spanish_B_paper_2_reading_comprehension__question_booklet_HL_Spanish.pdf,https://dl.ibdocs.re/documents/spanish-b-paper-2-reading-comprehension-question-booklet-hl-spanish-8388d50bc37f0312,2023,May 2023 Examination Session,Spanish B,Spanish; HL,question booklet,May 2023 Examination Session/Language acquisition/Spanish_B_paper_2_reading_comprehension__question_booklet_HL_Spanish.pdf,resources/private/past-papers/2022-2026/languages/2023/May 2023 Examination Session/Language acquisition/Spanish_B_paper_2_reading_comprehension__question_booklet_HL_Spanish.pdf,application/pdf,442949,8ccec7c0169924b15f376032ee6dec3c2b49a00f696bcb48fcfa444c1497dd21,2026-09-02,downloaded,size_and_sha256_verified,"Private reference copy; the source page states CC BY-NC-ND 4.0 for the webpage, but rights for the exam file are not stated and are presumed third-party/IB copyright. Do not redistribute or commit the binary.",
https://ibdocs.re/p/IB%20PAST%20PAPERS%20-%20YEAR/2023%20Examination%20Session/May%202023%20Examination%20Session/Language%20acquisition/Spanish_B_paper_2_reading_comprehension__question_booklet_SL_Spanish.pdf,https://dl.ibdocs.re/documents/spanish-b-paper-2-reading-comprehension-question-booklet-sl-spanish-a6df7a73a2d626b1,2023,May 2023 Examination Session,Spanish B,Spanish; SL,question booklet,May 2023 Examination Session/Language acquisition/Spanish_B_paper_2_reading_comprehension__question_booklet_SL_Spanish.pdf,resources/private/past-papers/2022-2026/languages/2023/May 2023 Examination Session/Language acquisition/Spanish_B_paper_2_reading_comprehension__question_booklet_SL_Spanish.pdf,application/pdf,901153,999141348d460f0227b0dfe7b5dd127f41092972d47a536362bd600566b7370e,2026-09-02,downloaded,size_and_sha256_verified,"Private reference copy; the source page states CC BY-NC-ND 4.0 for the webpage, but rights for the exam file are not stated and are presumed third-party/IB copyright. Do not redistribute or commit the binary.",
https://ibdocs.re/p/IB%20PAST%20PAPERS%20-%20YEAR/2023%20Examination%20Session/May%202023%20Examination%20Session/Language%20acquisition/Spanish_B_paper_2_reading_comprehension__SL_markscheme_Spanish.pdf,https://dl.ibdocs.re/documents/spanish-b-paper-2-reading-comprehension-sl-markscheme-spanish-e92b3d9ba84ba586,2023,May 2023 Examination Session,Spanish B,Spanish; SL,markscheme,May 2023 Examination Session/Language acquisition/Spanish_B_paper_2_reading_comprehension__SL_markscheme_Spanish.pdf,resources/private/past-papers/2022-2026/languages/2023/May 2023 Examination Session/Language acquisition/Spanish_B_paper_2_reading_comprehension__SL_markscheme_Spanish.pdf,application/pdf,337523,49547a2ff05004d631d8d8423d4ea79cc4718ef0f703c6259fddeedd11b3bb89,2026-09-02,downloaded,size_and_sha256_verified,"Private reference copy; the source page states CC BY-NC-ND 4.0 for the webpage, but rights for the exam file are not stated and are presumed third-party/IB copyright. Do not redistribute or commit the binary.",
https://ibdocs.re/p/IB%20PAST%20PAPERS%20-%20YEAR/2023%20Examination%20Session/May%202023%20Examination%20Session/Language%20acquisition/Spanish_B_paper_2_reading_comprehension__text_booklet_HL_Spanish.pdf,https://dl.ibdocs.re/documents/spanish-b-paper-2-reading-comprehension-text-booklet-hl-spanish-2568236e12f49687,2023,May 2023 Examination Session,Spanish B,Spanish; HL,text booklet,May 2023 Examination Session/Language acquisition/Spanish_B_paper_2_reading_comprehension__text_booklet_HL_Spanish.pdf,resources/private/past-papers/2022-2026/languages/2023/May 2023 Examination Session/Language acquisition/Spanish_B_paper_2_reading_comprehension__text_booklet_HL_Spanish.pdf,application/pdf,1540084,2d7c74952930afb7d42c6d9f1502967fc19ccac680487ec178fa5ea64ff5d297,2026-09-02,downloaded,size_and_sha256_verified,"Private reference copy; the source page states CC BY-NC-ND 4.0 for the webpage, but rights for the exam file are not stated and are presumed third-party/IB copyright. Do not redistribute or commit the binary.",
https://ibdocs.re/p/IB%20PAST%20PAPERS%20-%20YEAR/2023%20Examination%20Session/May%202023%20Examination%20Session/Language%20acquisition/Spanish_B_paper_2_reading_comprehension__text_booklet_SL_Spanish.pdf,https://dl.ibdocs.re/documents/spanish-b-paper-2-reading-comprehension-text-booklet-sl-spanish-2ba75a9b71fdc9fc,2023,May 2023 Examination Session,Spanish B,Spanish; SL,text booklet,May 2023 Examination Session/Language acquisition/Spanish_B_paper_2_reading_comprehension__text_booklet_SL_Spanish.pdf,resources/private/past-papers/2022-2026/languages/2023/May 2023 Examination Session/Language acquisition/Spanish_B_paper_2_reading_comprehension__text_booklet_SL_Spanish.pdf,application/pdf,1769596,c988983f4b8721887dee23224897a346ecd9e92691294532622b81f0b6dab74e,2026-09-02,downloaded,size_and_sha256_verified,"Private reference copy; the source page states CC BY-NC-ND 4.0 for the webpage, but rights for the exam file are not stated and are presumed third-party/IB copyright. Do not redistribute or commit the binary.",
https://ibdocs.re/p/IB%20PAST%20PAPERS%20-%20YEAR/2023%20Examination%20Session/May%202023%20Examination%20Session/Studies%20in%20language%20and%20literature/English_A_Language_and_literature_paper_1__TZ1_HL.pdf,https://dl.ibdocs.re/documents/english-a-language-and-literature-paper-1-tz1-hl-d720d9e6aa3e40e1,2023,May 2023 Examination Session,English A Language and Literature,English; HL; TZ1,question paper,May 2023 Examination Session/Studies in language and literature/English_A_Language_and_literature_paper_1__TZ1_HL.pdf,resources/private/past-papers/2022-2026/languages/2023/May 2023 Examination Session/Studies in language and literature/English_A_Language_and_literature_paper_1__TZ1_HL.pdf,application/pdf,2932633,e5ab120d9267eb4c0e4820c7d1336a6c489911ac75ce8157c4b92436512f63a6,2026-09-02,downloaded,size_and_sha256_verified,"Private reference copy; the source page states CC BY-NC-ND 4.0 for the webpage, but rights for the exam file are not stated and are presumed third-party/IB copyright. Do not redistribute or commit the binary.",
https://ibdocs.re/p/IB%20PAST%20PAPERS%20-%20YEAR/2023%20Examination%20Session/May%202023%20Examination%20Session/Studies%20in%20language%20and%20literature/English_A_Language_and_literature_paper_1__TZ1_HLSL_markscheme.pdf,https://dl.ibdocs.re/documents/english-a-language-and-literature-paper-1-tz1-hlsl-markscheme-bd23d0f8189a776d,2023,May 2023 Examination Session,English A Language and Literature,English; HL/SL; TZ1,markscheme,May 2023 Examination Session/Studies in language and literature/English_A_Language_and_literature_paper_1__TZ1_HLSL_markscheme.pdf,resources/private/past-papers/2022-2026/languages/2023/May 2023 Examination Session/Studies in language and literature/English_A_Language_and_literature_paper_1__TZ1_HLSL_markscheme.pdf,application/pdf,395380,3e65f07027fb23abc675e59ebc12649ba21b139019e0326299be918760dde4f3,2026-09-02,downloaded,size_and_sha256_verified,"Private reference copy; the source page states CC BY-NC-ND 4.0 for the webpage, but rights for the exam file are not stated and are presumed third-party/IB copyright. Do not redistribute or commit the binary.",
https://ibdocs.re/p/IB%20PAST%20PAPERS%20-%20YEAR/2023%20Examination%20Session/May%202023%20Examination%20Session/Studies%20in%20language%20and%20literature/English_A_Language_and_literature_paper_1__TZ1_SL.pdf,https://dl.ibdocs.re/documents/english-a-language-and-literature-paper-1-tz1-sl-5c6ea745bdef6ab6,2023,May 2023 Examination Session,English A Language and Literature,English; SL; TZ1,question paper,May 2023 Examination Session/Studies in language and literature/English_A_Language_and_literature_paper_1__TZ1_SL.pdf,resources/private/past-papers/2022-2026/languages/2023/May 2023 Examination Session/Studies in language and literature/English_A_Language_and_literature_paper_1__TZ1_SL.pdf,application/pdf,2922934,4fc35fd558887f99ec1ded077ead9b1001328d3f27cc9a15038ab86158780a19,2026-09-02,downloaded,size_and_sha256_verified,"Private reference copy; the source page states CC BY-NC-ND 4.0 for the webpage, but rights for the exam file are not stated and are presumed third-party/IB copyright. Do not redistribute or commit the binary.",
https://ibdocs.re/p/IB%20PAST%20PAPERS%20-%20YEAR/2023%20Examination%20Session/May%202023%20Examination%20Session/Studies%20in%20language%20and%20literature/English_A_Language_and_literature_paper_1__TZ2_HL.pdf,https://dl.ibdocs.re/documents/english-a-language-and-literature-paper-1-tz2-hl-b4c539a0881f5652,2023,May 2023 Examination Session,English A Language and Literature,English; HL; TZ2,question paper,May 2023 Examination Session/Studies in language and literature/English_A_Language_and_literature_paper_1__TZ2_HL.pdf,resources/private/past-papers/2022-2026/languages/2023/May 2023 Examination Session/Studies in language and literature/English_A_Language_and_literature_paper_1__TZ2_HL.pdf,application/pdf,2103628,055840b64640fe5432586aa0cc32add737264d8097072e6c0e6f5c6b4491d592,2026-09-02,downloaded,size_and_sha256_verified,"Private reference copy; the source page states CC BY-NC-ND 4.0 for the webpage, but rights for the exam file are not stated and are presumed third-party/IB copyright. Do not redistribute or commit the binary.",
https://ibdocs.re/p/IB%20PAST%20PAPERS%20-%20YEAR/2023%20Examination%20Session/May%202023%20Examination%20Session/Studies%20in%20language%20and%20literature/English_A_Language_and_literature_paper_1__TZ2_HLSL_markscheme.pdf,https://dl.ibdocs.re/documents/english-a-language-and-literature-paper-1-tz2-hlsl-markscheme-c85716f2ccb9431c,2023,May 2023 Examination Session,English A Language and Literature,English; HL/SL; TZ2,markscheme,May 2023 Examination Session/Studies in language and literature/English_A_Language_and_literature_paper_1__TZ2_HLSL_markscheme.pdf,resources/private/past-papers/2022-2026/languages/2023/May 2023 Examination Session/Studies in language and literature/English_A_Language_and_literature_paper_1__TZ2_HLSL_markscheme.pdf,application/pdf,349787,38257b2465fc69df782fd55d2a3404b192d948542e772b7ee6e57f43b608f855,2026-09-02,downloaded,size_and_sha256_verified,"Private reference copy; the source page states CC BY-NC-ND 4.0 for the webpage, but rights for the exam file are not stated and are presumed third-party/IB copyright. Do not redistribute or commit the binary.",
https://ibdocs.re/p/IB%20PAST%20PAPERS%20-%20YEAR/2023%20Examination%20Session/May%202023%20Examination%20Session/Studies%20in%20language%20and%20literature/English_A_Language_and_literature_paper_1__TZ2_SL.pdf,https://dl.ibdocs.re/documents/english-a-language-and-literature-paper-1-tz2-sl-e052339e206eed0d,2023,May 2023 Examination Session,English A Language and Literature,English; SL; TZ2,question paper,May 2023 Examination Session/Studies in language and literature/English_A_Language_and_literature_paper_1__TZ2_SL.pdf,resources/private/past-papers/2022-2026/languages/2023/May 2023 Examination Session/Studies in language and literature/English_A_Language_and_literature_paper_1__TZ2_SL.pdf,application/pdf,2097734,b6d816059260ecc71d8452b855113901ec843fbbced56112ccaaa721a730430f,2026-09-02,downloaded,size_and_sha256_verified,"Private reference copy; the source page states CC BY-NC-ND 4.0 for the webpage, but rights for the exam file are not stated and are presumed third-party/IB copyright. Do not redistribute or commit the binary.",
https://ibdocs.re/p/IB%20PAST%20PAPERS%20-%20YEAR/2023%20Examination%20Session/May%202023%20Examination%20Session/Studies%20in%20language%20and%20literature/English_A_Language_and_literature_paper_2__TZ1_HLSL.pdf,https://dl.ibdocs.re/documents/english-a-language-and-literature-paper-2-tz1-hlsl-e0742d57aeec77cb,2023,May 2023 Examination Session,English A Language and Literature,English; HL/SL; TZ1,question paper,May 2023 Examination Session/Studies in language and literature/English_A_Language_and_literature_paper_2__TZ1_HLSL.pdf,resources/private/past-papers/2022-2026/languages/2023/May 2023 Examination Session/Studies in language and literature/English_A_Language_and_literature_paper_2__TZ1_HLSL.pdf,application/pdf,300320,3f2641146b6de6ab907b84a513a3898590cd1eb38e0c7caa82323d93114cf3b9,2026-09-02,downloaded,size_and_sha256_verified,"Private reference copy; the source page states CC BY-NC-ND 4.0 for the webpage, but rights for the exam file are not stated and are presumed third-party/IB copyright. Do not redistribute or commit the binary.",
https://ibdocs.re/p/IB%20PAST%20PAPERS%20-%20YEAR/2023%20Examination%20Session/May%202023%20Examination%20Session/Studies%20in%20language%20and%20literature/English_A_Language_and_literature_paper_2__TZ2_HLSL.pdf,https://dl.ibdocs.re/documents/english-a-language-and-literature-paper-2-tz2-hlsl-138e2a9c43aca8e0,2023,May 2023 Examination Session,English A Language and Literature,English; HL/SL; TZ2,question paper,May 2023 Examination Session/Studies in language and literature/English_A_Language_and_literature_paper_2__TZ2_HLSL.pdf,resources/private/past-papers/2022-2026/languages/2023/May 2023 Examination Session/Studies in language and literature/English_A_Language_and_literature_paper_2__TZ2_HLSL.pdf,application/pdf,301025,7028000e6a3f1ff9e528638e38d04cafcac07014e6016268c2cc300c718a71e6,2026-09-02,downloaded,size_and_sha256_verified,"Private reference copy; the source page states CC BY-NC-ND 4.0 for the webpage, but rights for the exam file are not stated and are presumed third-party/IB copyright. Do not redistribute or commit the binary.",
https://ibdocs.re/p/IB%20PAST%20PAPERS%20-%20YEAR/2023%20Examination%20Session/May%202023%20Examination%20Session/Studies%20in%20language%20and%20literature/English_A_Literature_paper_1__TZ1_HL.pdf,https://dl.ibdocs.re/documents/english-a-literature-paper-1-tz1-hl-60e8d452f610c6dc,2023,May 2023 Examination Session,English A Literature,English; HL; TZ1,question paper,May 2023 Examination Session/Studies in language and literature/English_A_Literature_paper_1__TZ1_HL.pdf,resources/private/past-papers/2022-2026/languages/2023/May 2023 Examination Session/Studies in language and literature/English_A_Literature_paper_1__TZ1_HL.pdf,application/pdf,837887,6ff231d74cb97e2cfb4e96ab8db89c82c04bf4f2d289ad15e8af7e41281f42de,2026-09-02,downloaded,size_and_sha256_verified,"Private reference copy; the source page states CC BY-NC-ND 4.0 for the webpage, but rights for the exam file are not stated and are presumed third-party/IB copyright. Do not redistribute or commit the binary.",
https://ibdocs.re/p/IB%20PAST%20PAPERS%20-%20YEAR/2023%20Examination%20Session/May%202023%20Examination%20Session/Studies%20in%20language%20and%20literature/English_A_Literature_paper_1__TZ1_HLSL_markscheme.pdf,https://dl.ibdocs.re/documents/english-a-literature-paper-1-tz1-hlsl-markscheme-a4e41313a88c0e72,2023,May 2023 Examination Session,English A Literature,English; HL/SL; TZ1,markscheme,May 2023 Examination Session/Studies in language and literature/English_A_Literature_paper_1__TZ1_HLSL_markscheme.pdf,resources/private/past-papers/2022-2026/languages/2023/May 2023 Examination Session/Studies in language and literature/English_A_Literature_paper_1__TZ1_HLSL_markscheme.pdf,application/pdf,309247,44d98a2131a0bc1f0150cafaf9e507cd333bfe5064c4c3580de1daa5e29ec62d,2026-09-02,downloaded,size_and_sha256_verified,"Private reference copy; the source page states CC BY-NC-ND 4.0 for the webpage, but rights for the exam file are not stated and are presumed third-party/IB copyright. Do not redistribute or commit the binary.",
https://ibdocs.re/p/IB%20PAST%20PAPERS%20-%20YEAR/2023%20Examination%20Session/May%202023%20Examination%20Session/Studies%20in%20language%20and%20literature/English_A_Literature_paper_1__TZ1_SL.pdf,https://dl.ibdocs.re/documents/english-a-literature-paper-1-tz1-sl-8d229728e7ab4f33,2023,May 2023 Examination Session,English A Literature,English; SL; TZ1,question paper,May 2023 Examination Session/Studies in language and literature/English_A_Literature_paper_1__TZ1_SL.pdf,resources/private/past-papers/2022-2026/languages/2023/May 2023 Examination Session/Studies in language and literature/English_A_Literature_paper_1__TZ1_SL.pdf,application/pdf,837714,b5d5fee6e635cd3b4293a9904259310c72bdb05ee528658194f7a51b84afb5bf,2026-09-02,downloaded,size_and_sha256_verified,"Private reference copy; the source page states CC BY-NC-ND 4.0 for the webpage, but rights for the exam file are not stated and are presumed third-party/IB copyright. Do not redistribute or commit the binary.",
https://ibdocs.re/p/IB%20PAST%20PAPERS%20-%20YEAR/2023%20Examination%20Session/May%202023%20Examination%20Session/Studies%20in%20language%20and%20literature/English_A_Literature_paper_1__TZ2_HL.pdf,https://dl.ibdocs.re/documents/english-a-literature-paper-1-tz2-hl-89d2d631ae63b10f,2023,May 2023 Examination Session,English A Literature,English; HL; TZ2,question paper,May 2023 Examination Session/Studies in language and literature/English_A_Literature_paper_1__TZ2_HL.pdf,resources/private/past-papers/2022-2026/languages/2023/May 2023 Examination Session/Studies in language and literature/English_A_Literature_paper_1__TZ2_HL.pdf,application/pdf,828528,260a04feed72e518b28e91efb7138fe7b001e2477948c21f869c34c3f00d8ee1,2026-09-02,downloaded,size_and_sha256_verified,"Private reference copy; the source page states CC BY-NC-ND 4.0 for the webpage, but rights for the exam file are not stated and are presumed third-party/IB copyright. Do not redistribute or commit the binary.",
https://ibdocs.re/p/IB%20PAST%20PAPERS%20-%20YEAR/2023%20Examination%20Session/May%202023%20Examination%20Session/Studies%20in%20language%20and%20literature/English_A_Literature_paper_1__TZ2_HLSL_markscheme.pdf,https://dl.ibdocs.re/documents/english-a-literature-paper-1-tz2-hlsl-markscheme-ecba4fb2d82379df,2023,May 2023 Examination Session,English A Literature,English; HL/SL; TZ2,markscheme,May 2023 Examination Session/Studies in language and literature/English_A_Literature_paper_1__TZ2_HLSL_markscheme.pdf,resources/private/past-papers/2022-2026/languages/2023/May 2023 Examination Session/Studies in language and literature/English_A_Literature_paper_1__TZ2_HLSL_markscheme.pdf,application/pdf,358023,ddfecb328657f5b8524ced3cb072b324eba66de3d4c17e43c9dc54278ab06fe4,2026-09-02,downloaded,size_and_sha256_verified,"Private reference copy; the source page states CC BY-NC-ND 4.0 for the webpage, but rights for the exam file are not stated and are presumed third-party/IB copyright. Do not redistribute or commit the binary.",
https://ibdocs.re/p/IB%20PAST%20PAPERS%20-%20YEAR/2023%20Examination%20Session/May%202023%20Examination%20Session/Studies%20in%20language%20and%20literature/English_A_Literature_paper_1__TZ2_SL.pdf,https://dl.ibdocs.re/documents/english-a-literature-paper-1-tz2-sl-2d74f350723a9318,2023,May 2023 Examination Session,English A Literature,English; SL; TZ2,question paper,May 2023 Examination Session/Studies in language and literature/English_A_Literature_paper_1__TZ2_SL.pdf,resources/private/past-papers/2022-2026/languages/2023/May 2023 Examination Session/Studies in language and literature/English_A_Literature_paper_1__TZ2_SL.pdf,application/pdf,828894,cf629eac1f4a74269786cf3711ef4cd937fb61bf2f37a87e6021a159eee47401,2026-09-02,downloaded,size_and_sha256_verified,"Private reference copy; the source page states CC BY-NC-ND 4.0 for the webpage, but rights for the exam file are not stated and are presumed third-party/IB copyright. Do not redistribute or commit the binary.",
https://ibdocs.re/p/IB%20PAST%20PAPERS%20-%20YEAR/2023%20Examination%20Session/May%202023%20Examination%20Session/Studies%20in%20language%20and%20literature/English_A_Literature_paper_2__TZ1_HLSL.pdf,https://dl.ibdocs.re/documents/english-a-literature-paper-2-tz1-hlsl-acce89f8709eb0de,2023,May 2023 Examination Session,English A Literature,English; HL/SL; TZ1,question paper,May 2023 Examination Session/Studies in language and literature/English_A_Literature_paper_2__TZ1_HLSL.pdf,resources/private/past-papers/2022-2026/languages/2023/May 2023 Examination Session/Studies in language and literature/English_A_Literature_paper_2__TZ1_HLSL.pdf,application/pdf,295987,f85a5d61cd4bd87ed3523ed8fe3a469cfaf8299e94f24b6437f1961039e31cd4,2026-09-02,downloaded,size_and_sha256_verified,"Private reference copy; the source page states CC BY-NC-ND 4.0 for the webpage, but rights for the exam file are not stated and are presumed third-party/IB copyright. Do not redistribute or commit the binary.",
https://ibdocs.re/p/IB%20PAST%20PAPERS%20-%20YEAR/2023%20Examination%20Session/May%202023%20Examination%20Session/Studies%20in%20language%20and%20literature/English_A_Literature_paper_2__TZ2_HLSL.pdf,https://dl.ibdocs.re/documents/english-a-literature-paper-2-tz2-hlsl-e5cf9fadcd0dfaed,2023,May 2023 Examination Session,English A Literature,English; HL/SL; TZ2,question paper,May 2023 Examination Session/Studies in language and literature/English_A_Literature_paper_2__TZ2_HLSL.pdf,resources/private/past-papers/2022-2026/languages/2023/May 2023 Examination Session/Studies in language and literature/English_A_Literature_paper_2__TZ2_HLSL.pdf,application/pdf,295843,4c297f978542a915a13f00ae3fa77520f846369e5ce053648187125daa31dd95,2026-09-02,downloaded,size_and_sha256_verified,"Private reference copy; the source page states CC BY-NC-ND 4.0 for the webpage, but rights for the exam file are not stated and are presumed third-party/IB copyright. Do not redistribute or commit the binary.",
https://ibdocs.re/p/IB%20PAST%20PAPERS%20-%20YEAR/2023%20Examination%20Session/May%202023%20Examination%20Session/Studies%20in%20language%20and%20literature/Japanese_A_Language_and_literature_paper_1__HL.pdf,https://dl.ibdocs.re/documents/japanese-a-language-and-literature-paper-1-hl-8ba3d1459326fd16,2023,May 2023 Examination Session,Japanese A Language and Literature,Japanese; HL,question paper,May 2023 Examination Session/Studies in language and literature/Japanese_A_Language_and_literature_paper_1__HL.pdf,resources/private/past-papers/2022-2026/languages/2023/May 2023 Examination Session/Studies in language and literature/Japanese_A_Language_and_literature_paper_1__HL.pdf,application/pdf,1666804,42018d27fe1b63c23c36f0928224294c3b069451c366667623201de45f37bd90,2026-09-02,downloaded,size_and_sha256_verified,"Private reference copy; the source page states CC BY-NC-ND 4.0 for the webpage, but rights for the exam file are not stated and are presumed third-party/IB copyright. Do not redistribute or commit the binary.",
https://ibdocs.re/p/IB%20PAST%20PAPERS%20-%20YEAR/2023%20Examination%20Session/May%202023%20Examination%20Session/Studies%20in%20language%20and%20literature/Japanese_A_Language_and_literature_paper_1__HLSL_markscheme.pdf,https://dl.ibdocs.re/documents/japanese-a-language-and-literature-paper-1-hlsl-markscheme-ac5e071bca967198,2023,May 2023 Examination Session,Japanese A Language and Literature,Japanese; HL/SL,markscheme,May 2023 Examination Session/Studies in language and literature/Japanese_A_Language_and_literature_paper_1__HLSL_markscheme.pdf,resources/private/past-papers/2022-2026/languages/2023/May 2023 Examination Session/Studies in language and literature/Japanese_A_Language_and_literature_paper_1__HLSL_markscheme.pdf,application/pdf,378801,d0899ee9d97422ce7ba139791cde8c1b4bba6fe246ab487a37043ccd7965bda5,2026-09-02,downloaded,size_and_sha256_verified,"Private reference copy; the source page states CC BY-NC-ND 4.0 for the webpage, but rights for the exam file are not stated and are presumed third-party/IB copyright. Do not redistribute or commit the binary.",
https://ibdocs.re/p/IB%20PAST%20PAPERS%20-%20YEAR/2023%20Examination%20Session/May%202023%20Examination%20Session/Studies%20in%20language%20and%20literature/Japanese_A_Language_and_literature_paper_1__SL.pdf,https://dl.ibdocs.re/documents/japanese-a-language-and-literature-paper-1-sl-5cdc03e19778db41,2023,May 2023 Examination Session,Japanese A Language and Literature,Japanese; SL,question paper,May 2023 Examination Session/Studies in language and literature/Japanese_A_Language_and_literature_paper_1__SL.pdf,resources/private/past-papers/2022-2026/languages/2023/May 2023 Examination Session/Studies in language and literature/Japanese_A_Language_and_literature_paper_1__SL.pdf,application/pdf,1682780,6cbccdc6306aa1bd6c4f2864a23d00f2be6952f67cff1954b29eb7afbdb46a5f,2026-09-02,downloaded,size_and_sha256_verified,"Private reference copy; the source page states CC BY-NC-ND 4.0 for the webpage, but rights for the exam file are not stated and are presumed third-party/IB copyright. Do not redistribute or commit the binary.",
https://ibdocs.re/p/IB%20PAST%20PAPERS%20-%20YEAR/2023%20Examination%20Session/May%202023%20Examination%20Session/Studies%20in%20language%20and%20literature/Japanese_A_Language_and_literature_paper_2__HLSL.pdf,https://dl.ibdocs.re/documents/japanese-a-language-and-literature-paper-2-hlsl-f4ba4665dc897fe8,2023,May 2023 Examination Session,Japanese A Language and Literature,Japanese; HL/SL,question paper,May 2023 Examination Session/Studies in language and literature/Japanese_A_Language_and_literature_paper_2__HLSL.pdf,resources/private/past-papers/2022-2026/languages/2023/May 2023 Examination Session/Studies in language and literature/Japanese_A_Language_and_literature_paper_2__HLSL.pdf,application/pdf,358704,9a034012898820878cc1bcbbeb73dbc86694ddb2c2d3f2d35c57b1fa87a54f94,2026-09-02,downloaded,size_and_sha256_verified,"Private reference copy; the source page states CC BY-NC-ND 4.0 for the webpage, but rights for the exam file are not stated and are presumed third-party/IB copyright. Do not redistribute or commit the binary.",
https://ibdocs.re/p/IB%20PAST%20PAPERS%20-%20YEAR/2023%20Examination%20Session/May%202023%20Examination%20Session/Studies%20in%20language%20and%20literature/Japanese_A_Literature_paper_1__HL.pdf,https://dl.ibdocs.re/documents/japanese-a-literature-paper-1-hl-8463c4258e045ed1,2023,May 2023 Examination Session,Japanese A Literature,Japanese; HL,question paper,May 2023 Examination Session/Studies in language and literature/Japanese_A_Literature_paper_1__HL.pdf,resources/private/past-papers/2022-2026/languages/2023/May 2023 Examination Session/Studies in language and literature/Japanese_A_Literature_paper_1__HL.pdf,application/pdf,956722,a067a93b65179265dd849d0d6431ef7af65a2bd2b1a94595707360e73d65ce68,2026-09-02,downloaded,size_and_sha256_verified,"Private reference copy; the source page states CC BY-NC-ND 4.0 for the webpage, but rights for the exam file are not stated and are presumed third-party/IB copyright. Do not redistribute or commit the binary.",
https://ibdocs.re/p/IB%20PAST%20PAPERS%20-%20YEAR/2023%20Examination%20Session/May%202023%20Examination%20Session/Studies%20in%20language%20and%20literature/Japanese_A_Literature_paper_1__HLSL_markscheme.pdf,https://dl.ibdocs.re/documents/japanese-a-literature-paper-1-hlsl-markscheme-d891d76aeee345fd,2023,May 2023 Examination Session,Japanese A Literature,Japanese; HL/SL,markscheme,May 2023 Examination Session/Studies in language and literature/Japanese_A_Literature_paper_1__HLSL_markscheme.pdf,resources/private/past-papers/2022-2026/languages/2023/May 2023 Examination Session/Studies in language and literature/Japanese_A_Literature_paper_1__HLSL_markscheme.pdf,application/pdf,415426,f08bfbcfad8ecb8a97df6c32b8c67a442ea1d6bec65a2aef88c1ac20a8056676,2026-09-02,downloaded,size_and_sha256_verified,"Private reference copy; the source page states CC BY-NC-ND 4.0 for the webpage, but rights for the exam file are not stated and are presumed third-party/IB copyright. Do not redistribute or commit the binary.",
https://ibdocs.re/p/IB%20PAST%20PAPERS%20-%20YEAR/2023%20Examination%20Session/May%202023%20Examination%20Session/Studies%20in%20language%20and%20literature/Japanese_A_Literature_paper_1__SL.pdf,https://dl.ibdocs.re/documents/japanese-a-literature-paper-1-sl-9fed8d3daae970c6,2023,May 2023 Examination Session,Japanese A Literature,Japanese; SL,question paper,May 2023 Examination Session/Studies in language and literature/Japanese_A_Literature_paper_1__SL.pdf,resources/private/past-papers/2022-2026/languages/2023/May 2023 Examination Session/Studies in language and literature/Japanese_A_Literature_paper_1__SL.pdf,application/pdf,973286,874bb32bede577e998a47839920dd34b12c4122e962132dae1590a93e6969528,2026-09-02,downloaded,size_and_sha256_verified,"Private reference copy; the source page states CC BY-NC-ND 4.0 for the webpage, but rights for the exam file are not stated and are presumed third-party/IB copyright. Do not redistribute or commit the binary.",
https://ibdocs.re/p/IB%20PAST%20PAPERS%20-%20YEAR/2023%20Examination%20Session/May%202023%20Examination%20Session/Studies%20in%20language%20and%20literature/Japanese_A_Literature_paper_2__HLSL.pdf,https://dl.ibdocs.re/documents/japanese-a-literature-paper-2-hlsl-3d4d253aed1d8bdb,2023,May 2023 Examination Session,Japanese A Literature,Japanese; HL/SL,question paper,May 2023 Examination Session/Studies in language and literature/Japanese_A_Literature_paper_2__HLSL.pdf,resources/private/past-papers/2022-2026/languages/2023/May 2023 Examination Session/Studies in language and literature/Japanese_A_Literature_paper_2__HLSL.pdf,application/pdf,359238,9ffd6c0b186667d894dcc35931dda1f6129ca238fccaefbde33c1b5c9af8a48e,2026-09-02,downloaded,size_and_sha256_verified,"Private reference copy; the source page states CC BY-NC-ND 4.0 for the webpage, but rights for the exam file are not stated and are presumed third-party/IB copyright. Do not redistribute or commit the binary.",
https://ibdocs.re/p/IB%20PAST%20PAPERS%20-%20YEAR/2023%20Examination%20Session/May%202023%20Examination%20Session/Studies%20in%20language%20and%20literature/Korean_A_Language_and_literature_paper_1__HL.pdf,https://dl.ibdocs.re/documents/korean-a-language-and-literature-paper-1-hl-3fe98731f4b27625,2023,May 2023 Examination Session,Korean A Language and Literature,Korean; HL,question paper,May 2023 Examination Session/Studies in language and literature/Korean_A_Language_and_literature_paper_1__HL.pdf,resources/private/past-papers/2022-2026/languages/2023/May 2023 Examination Session/Studies in language and literature/Korean_A_Language_and_literature_paper_1__HL.pdf,application/pdf,982971,6380a862bccc528179c9f4b560ec65c2449ab19a61b0b02d76560a015da7483f,2026-09-02,downloaded,size_and_sha256_verified,"Private reference copy; the source page states CC BY-NC-ND 4.0 for the webpage, but rights for the exam file are not stated and are presumed third-party/IB copyright. Do not redistribute or commit the binary.",
https://ibdocs.re/p/IB%20PAST%20PAPERS%20-%20YEAR/2023%20Examination%20Session/May%202023%20Examination%20Session/Studies%20in%20language%20and%20literature/Korean_A_Language_and_literature_paper_1__HLSL_markscheme.pdf,https://dl.ibdocs.re/documents/korean-a-language-and-literature-paper-1-hlsl-markscheme-0b13ec4774f73929,2023,May 2023 Examination Session,Korean A Language and Literature,Korean; HL/SL,markscheme,May 2023 Examination Session/Studies in language and literature/Korean_A_Language_and_literature_paper_1__HLSL_markscheme.pdf,resources/private/past-papers/2022-2026/languages/2023/May 2023 Examination Session/Studies in language and literature/Korean_A_Language_and_literature_paper_1__HLSL_markscheme.pdf,application/pdf,474857,8b6861c3b9b18185bf1f879dbae4acd1e4908ae91065ec622d31c44b95b34918,2026-09-02,downloaded,size_and_sha256_verified,"Private reference copy; the source page states CC BY-NC-ND 4.0 for the webpage, but rights for the exam file are not stated and are presumed third-party/IB copyright. Do not redistribute or commit the binary.",
https://ibdocs.re/p/IB%20PAST%20PAPERS%20-%20YEAR/2023%20Examination%20Session/May%202023%20Examination%20Session/Studies%20in%20language%20and%20literature/Korean_A_Language_and_literature_paper_1__SL.pdf,https://dl.ibdocs.re/documents/korean-a-language-and-literature-paper-1-sl-1ddd738568cefeba,2023,May 2023 Examination Session,Korean A Language and Literature,Korean; SL,question paper,May 2023 Examination Session/Studies in language and literature/Korean_A_Language_and_literature_paper_1__SL.pdf,resources/private/past-papers/2022-2026/languages/2023/May 2023 Examination Session/Studies in language and literature/Korean_A_Language_and_literature_paper_1__SL.pdf,application/pdf,983721,63746797de5e7449e474d1004b213f3e80a38bb80099711f60e30276f843bbaf,2026-09-02,downloaded,size_and_sha256_verified,"Private reference copy; the source page states CC BY-NC-ND 4.0 for the webpage, but rights for the exam file are not stated and are presumed third-party/IB copyright. Do not redistribute or commit the binary.",
https://ibdocs.re/p/IB%20PAST%20PAPERS%20-%20YEAR/2023%20Examination%20Session/May%202023%20Examination%20Session/Studies%20in%20language%20and%20literature/Korean_A_Language_and_literature_paper_2__HLSL.pdf,https://dl.ibdocs.re/documents/korean-a-language-and-literature-paper-2-hlsl-2d5f9bae6191f177,2023,May 2023 Examination Session,Korean A Language and Literature,Korean; HL/SL,question paper,May 2023 Examination Session/Studies in language and literature/Korean_A_Language_and_literature_paper_2__HLSL.pdf,resources/private/past-papers/2022-2026/languages/2023/May 2023 Examination Session/Studies in language and literature/Korean_A_Language_and_literature_paper_2__HLSL.pdf,application/pdf,362507,fa6413e9516c8e56072f68f2b3d87c33c118ea1407767bbf1635d46321a5c1f5,2026-09-02,downloaded,size_and_sha256_verified,"Private reference copy; the source page states CC BY-NC-ND 4.0 for the webpage, but rights for the exam file are not stated and are presumed third-party/IB copyright. Do not redistribute or commit the binary.",
https://ibdocs.re/p/IB%20PAST%20PAPERS%20-%20YEAR/2023%20Examination%20Session/May%202023%20Examination%20Session/Studies%20in%20language%20and%20literature/Korean_A_Literature_paper_1__HL.pdf,https://dl.ibdocs.re/documents/korean-a-literature-paper-1-hl-a24da0d56bce6e70,2023,May 2023 Examination Session,Korean A Literature,Korean; HL,question paper,May 2023 Examination Session/Studies in language and literature/Korean_A_Literature_paper_1__HL.pdf,resources/private/past-papers/2022-2026/languages/2023/May 2023 Examination Session/Studies in language and literature/Korean_A_Literature_paper_1__HL.pdf,application/pdf,909296,2097cecb3f75bf8674d2123ba402d4546fde606d6a9d45a60a5bece9f7eefd9f,2026-09-02,downloaded,size_and_sha256_verified,"Private reference copy; the source page states CC BY-NC-ND 4.0 for the webpage, but rights for the exam file are not stated and are presumed third-party/IB copyright. Do not redistribute or commit the binary.",
https://ibdocs.re/p/IB%20PAST%20PAPERS%20-%20YEAR/2023%20Examination%20Session/May%202023%20Examination%20Session/Studies%20in%20language%20and%20literature/Korean_A_Literature_paper_1__HLSL_markscheme.pdf,https://dl.ibdocs.re/documents/korean-a-literature-paper-1-hlsl-markscheme-18a6073631f753de,2023,May 2023 Examination Session,Korean A Literature,Korean; HL/SL,markscheme,May 2023 Examination Session/Studies in language and literature/Korean_A_Literature_paper_1__HLSL_markscheme.pdf,resources/private/past-papers/2022-2026/languages/2023/May 2023 Examination Session/Studies in language and literature/Korean_A_Literature_paper_1__HLSL_markscheme.pdf,application/pdf,549299,9e663129567e9c31b5d83136329b474a9fa037bbee27f2502d6c6c1a592c1fd7,2026-09-02,downloaded,size_and_sha256_verified,"Private reference copy; the source page states CC BY-NC-ND 4.0 for the webpage, but rights for the exam file are not stated and are presumed third-party/IB copyright. Do not redistribute or commit the binary.",
https://ibdocs.re/p/IB%20PAST%20PAPERS%20-%20YEAR/2023%20Examination%20Session/May%202023%20Examination%20Session/Studies%20in%20language%20and%20literature/Korean_A_Literature_paper_1__SL.pdf,https://dl.ibdocs.re/documents/korean-a-literature-paper-1-sl-448e71a5a3ed7f37,2023,May 2023 Examination Session,Korean A Literature,Korean; SL,question paper,May 2023 Examination Session/Studies in language and literature/Korean_A_Literature_paper_1__SL.pdf,resources/private/past-papers/2022-2026/languages/2023/May 2023 Examination Session/Studies in language and literature/Korean_A_Literature_paper_1__SL.pdf,application/pdf,909481,070293c3f8721fd75d69124b6a2334e1acc72227b7ace807b70e666fe21d8441,2026-09-02,downloaded,size_and_sha256_verified,"Private reference copy; the source page states CC BY-NC-ND 4.0 for the webpage, but rights for the exam file are not stated and are presumed third-party/IB copyright. Do not redistribute or commit the binary.",
https://ibdocs.re/p/IB%20PAST%20PAPERS%20-%20YEAR/2023%20Examination%20Session/May%202023%20Examination%20Session/Studies%20in%20language%20and%20literature/Korean_A_Literature_paper_2__HLSL.pdf,https://dl.ibdocs.re/documents/korean-a-literature-paper-2-hlsl-88bc8d85ecf9f81a,2023,May 2023 Examination Session,Korean A Literature,Korean; HL/SL,question paper,May 2023 Examination Session/Studies in language and literature/Korean_A_Literature_paper_2__HLSL.pdf,resources/private/past-papers/2022-2026/languages/2023/May 2023 Examination Session/Studies in language and literature/Korean_A_Literature_paper_2__HLSL.pdf,application/pdf,362929,2bb417ac91d3cfe3b8530e39f3dabd60e3bbfdcf3ef88d81c185309b61c45adc,2026-09-02,downloaded,size_and_sha256_verified,"Private reference copy; the source page states CC BY-NC-ND 4.0 for the webpage, but rights for the exam file are not stated and are presumed third-party/IB copyright. Do not redistribute or commit the binary.",
https://ibdocs.re/p/IB%20PAST%20PAPERS%20-%20YEAR/2023%20Examination%20Session/May%202023%20Examination%20Session/Studies%20in%20language%20and%20literature/Spanish_A_Language_and_literature_paper_1__HL_Spanish.pdf,https://dl.ibdocs.re/documents/spanish-a-language-and-literature-paper-1-hl-spanish-5008f3ebd8432cd8,2023,May 2023 Examination Session,Spanish A Language and Literature,Spanish; HL,question paper,May 2023 Examination Session/Studies in language and literature/Spanish_A_Language_and_literature_paper_1__HL_Spanish.pdf,resources/private/past-papers/2022-2026/languages/2023/May 2023 Examination Session/Studies in language and literature/Spanish_A_Language_and_literature_paper_1__HL_Spanish.pdf,application/pdf,1638138,951b1cd23d6f1b4f457d724b22a3b01faa1435574a06bdc0d378ff1cae8d0366,2026-09-02,downloaded,size_and_sha256_verified,"Private reference copy; the source page states CC BY-NC-ND 4.0 for the webpage, but rights for the exam file are not stated and are presumed third-party/IB copyright. Do not redistribute or commit the binary.",
https://ibdocs.re/p/IB%20PAST%20PAPERS%20-%20YEAR/2023%20Examination%20Session/May%202023%20Examination%20Session/Studies%20in%20language%20and%20literature/Spanish_A_Language_and_literature_paper_1__HLSL_markscheme_Spanish.pdf,https://dl.ibdocs.re/documents/spanish-a-language-and-literature-paper-1-hlsl-markscheme-spanish-03c313ca0b075b30,2023,May 2023 Examination Session,Spanish A Language and Literature,Spanish; HL/SL,markscheme,May 2023 Examination Session/Studies in language and literature/Spanish_A_Language_and_literature_paper_1__HLSL_markscheme_Spanish.pdf,resources/private/past-papers/2022-2026/languages/2023/May 2023 Examination Session/Studies in language and literature/Spanish_A_Language_and_literature_paper_1__HLSL_markscheme_Spanish.pdf,application/pdf,354429,cd5f9a02fc9b67d520f25b8aeaba3f2a265f58fcb6029c884cc2b163ae72b93a,2026-09-02,downloaded,size_and_sha256_verified,"Private reference copy; the source page states CC BY-NC-ND 4.0 for the webpage, but rights for the exam file are not stated and are presumed third-party/IB copyright. Do not redistribute or commit the binary.",
https://ibdocs.re/p/IB%20PAST%20PAPERS%20-%20YEAR/2023%20Examination%20Session/May%202023%20Examination%20Session/Studies%20in%20language%20and%20literature/Spanish_A_Language_and_literature_paper_1__SL_Spanish.pdf,https://dl.ibdocs.re/documents/spanish-a-language-and-literature-paper-1-sl-spanish-654746f1e359af13,2023,May 2023 Examination Session,Spanish A Language and Literature,Spanish; SL,question paper,May 2023 Examination Session/Studies in language and literature/Spanish_A_Language_and_literature_paper_1__SL_Spanish.pdf,resources/private/past-papers/2022-2026/languages/2023/May 2023 Examination Session/Studies in language and literature/Spanish_A_Language_and_literature_paper_1__SL_Spanish.pdf,application/pdf,1637810,1541f46781d67099978e794df43620965c5409701abe26277a40b17557077905,2026-09-02,downloaded,size_and_sha256_verified,"Private reference copy; the source page states CC BY-NC-ND 4.0 for the webpage, but rights for the exam file are not stated and are presumed third-party/IB copyright. Do not redistribute or commit the binary.",
https://ibdocs.re/p/IB%20PAST%20PAPERS%20-%20YEAR/2023%20Examination%20Session/May%202023%20Examination%20Session/Studies%20in%20language%20and%20literature/Spanish_A_Language_and_literature_paper_2__TZ1_HLSL_Spanish.pdf,https://dl.ibdocs.re/documents/spanish-a-language-and-literature-paper-2-tz1-hlsl-spanish-74e6f723d3823510,2023,May 2023 Examination Session,Spanish A Language and Literature,Spanish; HL/SL; TZ1,question paper,May 2023 Examination Session/Studies in language and literature/Spanish_A_Language_and_literature_paper_2__TZ1_HLSL_Spanish.pdf,resources/private/past-papers/2022-2026/languages/2023/May 2023 Examination Session/Studies in language and literature/Spanish_A_Language_and_literature_paper_2__TZ1_HLSL_Spanish.pdf,application/pdf,301301,99675fce2dc37412844aca1896d4f245b6e500c48d1e00334e0f8b62d1885bbf,2026-09-02,downloaded,size_and_sha256_verified,"Private reference copy; the source page states CC BY-NC-ND 4.0 for the webpage, but rights for the exam file are not stated and are presumed third-party/IB copyright. Do not redistribute or commit the binary.",
https://ibdocs.re/p/IB%20PAST%20PAPERS%20-%20YEAR/2023%20Examination%20Session/May%202023%20Examination%20Session/Studies%20in%20language%20and%20literature/Spanish_A_Language_and_literature_paper_2__TZ2_HLSL_Spanish.pdf,https://dl.ibdocs.re/documents/spanish-a-language-and-literature-paper-2-tz2-hlsl-spanish-6d5d4ab1481a25c7,2023,May 2023 Examination Session,Spanish A Language and Literature,Spanish; HL/SL; TZ2,question paper,May 2023 Examination Session/Studies in language and literature/Spanish_A_Language_and_literature_paper_2__TZ2_HLSL_Spanish.pdf,resources/private/past-papers/2022-2026/languages/2023/May 2023 Examination Session/Studies in language and literature/Spanish_A_Language_and_literature_paper_2__TZ2_HLSL_Spanish.pdf,application/pdf,300520,981db41f3940ffd0d61fc3da517186a8d74e1939c3e33abccd541ddf7288236b,2026-09-02,downloaded,size_and_sha256_verified,"Private reference copy; the source page states CC BY-NC-ND 4.0 for the webpage, but rights for the exam file are not stated and are presumed third-party/IB copyright. Do not redistribute or commit the binary.",
https://ibdocs.re/p/IB%20PAST%20PAPERS%20-%20YEAR/2023%20Examination%20Session/May%202023%20Examination%20Session/Studies%20in%20language%20and%20literature/Spanish_A_Literature_paper_1__HL_Spanish.pdf,https://dl.ibdocs.re/documents/spanish-a-literature-paper-1-hl-spanish-44e56240dff65f11,2023,May 2023 Examination Session,Spanish A Literature,Spanish; HL,question paper,May 2023 Examination Session/Studies in language and literature/Spanish_A_Literature_paper_1__HL_Spanish.pdf,resources/private/past-papers/2022-2026/languages/2023/May 2023 Examination Session/Studies in language and literature/Spanish_A_Literature_paper_1__HL_Spanish.pdf,application/pdf,833841,6ae05f8a44ff0d75854e5df67b6440592b2d9b4fe70f18c348c3b8082c64c18b,2026-09-02,downloaded,size_and_sha256_verified,"Private reference copy; the source page states CC BY-NC-ND 4.0 for the webpage, but rights for the exam file are not stated and are presumed third-party/IB copyright. Do not redistribute or commit the binary.",
https://ibdocs.re/p/IB%20PAST%20PAPERS%20-%20YEAR/2023%20Examination%20Session/May%202023%20Examination%20Session/Studies%20in%20language%20and%20literature/Spanish_A_Literature_paper_1__HLSL_markscheme_Spanish.pdf,https://dl.ibdocs.re/documents/spanish-a-literature-paper-1-hlsl-markscheme-spanish-b2641c09263a33ab,2023,May 2023 Examination Session,Spanish A Literature,Spanish; HL/SL,markscheme,May 2023 Examination Session/Studies in language and literature/Spanish_A_Literature_paper_1__HLSL_markscheme_Spanish.pdf,resources/private/past-papers/2022-2026/languages/2023/May 2023 Examination Session/Studies in language and literature/Spanish_A_Literature_paper_1__HLSL_markscheme_Spanish.pdf,application/pdf,315840,840bda755a9e6513921eb04e9d9b782fecba52cea7a67c7efa8733b1c7cd473c,2026-09-02,downloaded,size_and_sha256_verified,"Private reference copy; the source page states CC BY-NC-ND 4.0 for the webpage, but rights for the exam file are not stated and are presumed third-party/IB copyright. Do not redistribute or commit the binary.",
https://ibdocs.re/p/IB%20PAST%20PAPERS%20-%20YEAR/2023%20Examination%20Session/May%202023%20Examination%20Session/Studies%20in%20language%20and%20literature/Spanish_A_Literature_paper_1__SL_Spanish.pdf,https://dl.ibdocs.re/documents/spanish-a-literature-paper-1-sl-spanish-91e39ddd8b7220f2,2023,May 2023 Examination Session,Spanish A Literature,Spanish; SL,question paper,May 2023 Examination Session/Studies in language and literature/Spanish_A_Literature_paper_1__SL_Spanish.pdf,resources/private/past-papers/2022-2026/languages/2023/May 2023 Examination Session/Studies in language and literature/Spanish_A_Literature_paper_1__SL_Spanish.pdf,application/pdf,834183,87577e6c8c58e4b9fb6a1d28a2a54c38a51b3884160e42953212e7a2dac2b7c7,2026-09-02,downloaded,size_and_sha256_verified,"Private reference copy; the source page states CC BY-NC-ND 4.0 for the webpage, but rights for the exam file are not stated and are presumed third-party/IB copyright. Do not redistribute or commit the binary.",
https://ibdocs.re/p/IB%20PAST%20PAPERS%20-%20YEAR/2023%20Examination%20Session/May%202023%20Examination%20Session/Studies%20in%20language%20and%20literature/Spanish_A_Literature_paper_2__TZ1_HLSL_Spanish.pdf,https://dl.ibdocs.re/documents/spanish-a-literature-paper-2-tz1-hlsl-spanish-506bb66ede6c8b25,2023,May 2023 Examination Session,Spanish A Literature,Spanish; HL/SL; TZ1,question paper,May 2023 Examination Session/Studies in language and literature/Spanish_A_Literature_paper_2__TZ1_HLSL_Spanish.pdf,resources/private/past-papers/2022-2026/languages/2023/May 2023 Examination Session/Studies in language and literature/Spanish_A_Literature_paper_2__TZ1_HLSL_Spanish.pdf,application/pdf,300911,fa6e8821ca035026013aebfa58ea13c479e8876e71b07f839ea2f8b65515a30c,2026-09-02,downloaded,size_and_sha256_verified,"Private reference copy; the source page states CC BY-NC-ND 4.0 for the webpage, but rights for the exam file are not stated and are presumed third-party/IB copyright. Do not redistribute or commit the binary.",
https://ibdocs.re/p/IB%20PAST%20PAPERS%20-%20YEAR/2023%20Examination%20Session/May%202023%20Examination%20Session/Studies%20in%20language%20and%20literature/Spanish_A_Literature_paper_2__TZ2_HLSL_Spanish.pdf,https://dl.ibdocs.re/documents/spanish-a-literature-paper-2-tz2-hlsl-spanish-798f7f8932323bda,2023,May 2023 Examination Session,Spanish A Literature,Spanish; HL/SL; TZ2,question paper,May 2023 Examination Session/Studies in language and literature/Spanish_A_Literature_paper_2__TZ2_HLSL_Spanish.pdf,resources/private/past-papers/2022-2026/languages/2023/May 2023 Examination Session/Studies in language and literature/Spanish_A_Literature_paper_2__TZ2_HLSL_Spanish.pdf,application/pdf,300501,872e0a43e862e951b4a9f97bd528a7485bd7814479494769f2492d6673eabcc3,2026-09-02,downloaded,size_and_sha256_verified,"Private reference copy; the source page states CC BY-NC-ND 4.0 for the webpage, but rights for the exam file are not stated and are presumed third-party/IB copyright. Do not redistribute or commit the binary.",
https://ibdocs.re/p/IB%20PAST%20PAPERS%20-%20YEAR/2023%20Examination%20Session/More%20Papers%20M23/English_A_Language_and_literature_paper_1__HLSL_markscheme.pdf,https://dl.ibdocs.re/documents/english-a-language-and-literature-paper-1-hlsl-markscheme-f221a255686719a9,2023,More Papers M23,English A Language and Literature,English; HL/SL,markscheme,More Papers M23/English_A_Language_and_literature_paper_1__HLSL_markscheme.pdf,resources/private/past-papers/2022-2026/languages/2023/More Papers M23/English_A_Language_and_literature_paper_1__HLSL_markscheme.pdf,application/pdf,600788,95797d84f50ad06c3f35c4c23adb4e000f467c5fca30fde80912d8b1ec1b5ff3,2026-09-02,downloaded,size_and_sha256_verified,"Private reference copy; the source page states CC BY-NC-ND 4.0 for the webpage, but rights for the exam file are not stated and are presumed third-party/IB copyright. Do not redistribute or commit the binary.",
https://ibdocs.re/p/IB%20PAST%20PAPERS%20-%20YEAR/2023%20Examination%20Session/More%20Papers%20M23/English_A_Language_and_literature_paper_1__HLSL_TZA%26B.pdf,https://dl.ibdocs.re/documents/english-a-language-and-literature-paper-1-hlsl-tza-and-b-d0c10f0d09730184,2023,More Papers M23,English A Language and Literature,English; HL/SL; TZA,question paper,More Papers M23/English_A_Language_and_literature_paper_1__HLSL_TZA&B.pdf,resources/private/past-papers/2022-2026/languages/2023/More Papers M23/English_A_Language_and_literature_paper_1__HLSL_TZA&B.pdf,application/pdf,13194479,41225e939f1d3b9e40867f4a4519fc46534a52e46b0c59ddcc2c357ac27294d8,2026-09-02,downloaded,size_and_sha256_verified,"Private reference copy; the source page states CC BY-NC-ND 4.0 for the webpage, but rights for the exam file are not stated and are presumed third-party/IB copyright. Do not redistribute or commit the binary.",
https://ibdocs.re/p/IB%20PAST%20PAPERS%20-%20YEAR/2023%20Examination%20Session/More%20Papers%20M23/English_A_Language_and_literature_paper_2__SL.pdf,https://dl.ibdocs.re/documents/english-a-language-and-literature-paper-2-sl-2646a96572f8132b,2023,More Papers M23,English A Language and Literature,English; SL,question paper,More Papers M23/English_A_Language_and_literature_paper_2__SL.pdf,resources/private/past-papers/2022-2026/languages/2023/More Papers M23/English_A_Language_and_literature_paper_2__SL.pdf,application/pdf,190859,46a3a76189618f2f5cc122d4e937b1a9f58f721b3f93305f7e2504792e0df67a,2026-09-02,downloaded,size_and_sha256_verified,"Private reference copy; the source page states CC BY-NC-ND 4.0 for the webpage, but rights for the exam file are not stated and are presumed third-party/IB copyright. Do not redistribute or commit the binary.",
https://ibdocs.re/p/IB%20PAST%20PAPERS%20-%20YEAR/2023%20Examination%20Session/More%20Papers%20M23/English_B_paper_1__HL.pdf,https://dl.ibdocs.re/documents/english-b-paper-1-hl-f38abc0bd731b4cd,2023,More Papers M23,English B,English; HL,question paper,More Papers M23/English_B_paper_1__HL.pdf,resources/private/past-papers/2022-2026/languages/2023/More Papers M23/English_B_paper_1__HL.pdf,application/pdf,1299718,414fc632a9bf879085ddc8cef0c24e4638b7159c6b2b20d8e17b13a6b7978249,2026-09-02,downloaded,size_and_sha256_verified,"Private reference copy; the source page states CC BY-NC-ND 4.0 for the webpage, but rights for the exam file are not stated and are presumed third-party/IB copyright. Do not redistribute or commit the binary.",
https://ibdocs.re/p/IB%20PAST%20PAPERS%20-%20YEAR/2023%20Examination%20Session/More%20Papers%20M23/English_B_paper_2_reading_comprehension__question_booklet_HL.pdf,https://dl.ibdocs.re/documents/english-b-paper-2-reading-comprehension-question-booklet-hl-d34e48421af5d8f2,2023,More Papers M23,English B,English; HL,question booklet,More Papers M23/English_B_paper_2_reading_comprehension__question_booklet_HL.pdf,resources/private/past-papers/2022-2026/languages/2023/More Papers M23/English_B_paper_2_reading_comprehension__question_booklet_HL.pdf,application/pdf,6031298,5d33cbfdfdbce9abf078ce3104fa2d3b0adaad339db6c730ef281eacf52ce212,2026-09-02,downloaded,size_and_sha256_verified,"Private reference copy; the source page states CC BY-NC-ND 4.0 for the webpage, but rights for the exam file are not stated and are presumed third-party/IB copyright. Do not redistribute or commit the binary.",
https://ibdocs.re/p/IB%20PAST%20PAPERS%20-%20YEAR/2023%20Examination%20Session/More%20Papers%20M23/English_B_paper_2_reading_comprehension__text_booklet_HL.pdf,https://dl.ibdocs.re/documents/english-b-paper-2-reading-comprehension-text-booklet-hl-e5cf0c9c0b3063b3,2023,More Papers M23,English B,English; HL,text booklet,More Papers M23/English_B_paper_2_reading_comprehension__text_booklet_HL.pdf,resources/private/past-papers/2022-2026/languages/2023/More Papers M23/English_B_paper_2_reading_comprehension__text_booklet_HL.pdf,application/pdf,5068378,fb0681b32af6dab9d3ee1d1c0735ff7be38d5efd28883f361fd0ea4705a16e26,2026-09-02,downloaded,size_and_sha256_verified,"Private reference copy; the source page states CC BY-NC-ND 4.0 for the webpage, but rights for the exam file are not stated and are presumed third-party/IB copyright. Do not redistribute or commit the binary.",
https://ibdocs.re/p/IB%20PAST%20PAPERS%20-%20YEAR/2023%20Examination%20Session/More%20Papers%20M23/Spanish_A_Language_and_literature_paper_1__SL.pdf,https://dl.ibdocs.re/documents/spanish-a-language-and-literature-paper-1-sl-9ea5ae3f3569a9da,2023,More Papers M23,Spanish A Language and Literature,Spanish; SL,question paper,More Papers M23/Spanish_A_Language_and_literature_paper_1__SL.pdf,resources/private/past-papers/2022-2026/languages/2023/More Papers M23/Spanish_A_Language_and_literature_paper_1__SL.pdf,application/pdf,1524973,3bb9c58a6b738e5fc82582c1c01bad0702460876853635069647a0540568992e,2026-09-02,downloaded,size_and_sha256_verified,"Private reference copy; the source page states CC BY-NC-ND 4.0 for the webpage, but rights for the exam file are not stated and are presumed third-party/IB copyright. Do not redistribute or commit the binary.",
https://ibdocs.re/p/IB%20PAST%20PAPERS%20-%20YEAR/2023%20Examination%20Session/More%20Papers%20N23/English_A_Literature_paper_1__TZ0_HL.pdf,https://dl.ibdocs.re/documents/english-a-literature-paper-1-tz0-hl-b9549ed4d9253bd8,2023,More Papers N23,English A Literature,English; HL; TZ0,question paper,More Papers N23/English_A_Literature_paper_1__TZ0_HL.pdf,resources/private/past-papers/2022-2026/languages/2023/More Papers N23/English_A_Literature_paper_1__TZ0_HL.pdf,application/pdf,4092158,461bcf621bf9fafdd15484d9fcc6c27711ab0d8089093a7f48c3efdbe0d09d31,2026-09-02,downloaded,size_and_sha256_verified,"Private reference copy; the source page states CC BY-NC-ND 4.0 for the webpage, but rights for the exam file are not stated and are presumed third-party/IB copyright. Do not redistribute or commit the binary.",
https://ibdocs.re/p/IB%20PAST%20PAPERS%20-%20YEAR/2023%20Examination%20Session/More%20Papers%20N23/English_A_Literature_paper_2__TZ0_HL.pdf,https://dl.ibdocs.re/documents/english-a-literature-paper-2-tz0-hl-5d8fc85af001c161,2023,More Papers N23,English A Literature,English; HL; TZ0,question paper,More Papers N23/English_A_Literature_paper_2__TZ0_HL.pdf,resources/private/past-papers/2022-2026/languages/2023/More Papers N23/English_A_Literature_paper_2__TZ0_HL.pdf,application/pdf,1134576,a3818d3489b3417d2fc00447f8dae1a03abc28a78340ecf53298f8285f8d17cc,2026-09-02,downloaded,size_and_sha256_verified,"Private reference copy; the source page states CC BY-NC-ND 4.0 for the webpage, but rights for the exam file are not stated and are presumed third-party/IB copyright. Do not redistribute or commit the binary.",
https://ibdocs.re/p/IB%20PAST%20PAPERS%20-%20YEAR/2023%20Examination%20Session/November%202023%20Examination%20Session/audio/n232abenghliengtz0xxl.mp3,https://dl.ibdocs.re/IB%20PAST%20PAPERS%20-%20YEAR/2023%20Examination%20Session/November%202023%20Examination%20Session/audio,2023,November 2023 Examination Session,English B,English; HL,audio recording,November 2023 Examination Session/audio/n232abenghliengtz0xxl.mp3,resources/private/past-papers/2022-2026/languages/2023/November 2023 Examination Session/audio/n232abenghliengtz0xxl.mp3,audio/mpeg,24658820,25cc88e619a921a01a6690e9d99719124cabb87362609cb46c09414ccd3190bf,2026-09-02,downloaded,size_and_sha256_verified,"Private reference copy; the source page states CC BY-NC-ND 4.0 for the webpage, but rights for the exam file are not stated and are presumed third-party/IB copyright. Do not redistribute or commit the binary.",Opaque archive filename decoded from IB subject code: abeng = English B; abspa = Spanish B.
https://ibdocs.re/p/IB%20PAST%20PAPERS%20-%20YEAR/2023%20Examination%20Session/November%202023%20Examination%20Session/audio/n232abengsliengtz0xxl.mp3,https://dl.ibdocs.re/IB%20PAST%20PAPERS%20-%20YEAR/2023%20Examination%20Session/November%202023%20Examination%20Session/audio,2023,November 2023 Examination Session,English B,English; SL,audio recording,November 2023 Examination Session/audio/n232abengsliengtz0xxl.mp3,resources/private/past-papers/2022-2026/languages/2023/November 2023 Examination Session/audio/n232abengsliengtz0xxl.mp3,audio/mpeg,18849780,dc56ec0098f36255caaaf0b5a451ff6394b7696b6fa68fab36c75d40cc8769ac,2026-09-02,downloaded,size_and_sha256_verified,"Private reference copy; the source page states CC BY-NC-ND 4.0 for the webpage, but rights for the exam file are not stated and are presumed third-party/IB copyright. Do not redistribute or commit the binary.",Opaque archive filename decoded from IB subject code: abeng = English B; abspa = Spanish B.
https://ibdocs.re/p/IB%20PAST%20PAPERS%20-%20YEAR/2023%20Examination%20Session/November%202023%20Examination%20Session/audio/n232abspahlispatz0xxl.mp3,https://dl.ibdocs.re/IB%20PAST%20PAPERS%20-%20YEAR/2023%20Examination%20Session/November%202023%20Examination%20Session/audio,2023,November 2023 Examination Session,Spanish B,Spanish; HL,audio recording,November 2023 Examination Session/audio/n232abspahlispatz0xxl.mp3,resources/private/past-papers/2022-2026/languages/2023/November 2023 Examination Session/audio/n232abspahlispatz0xxl.mp3,audio/mpeg,25097497,9d8e4c48adac7951e681dda36028719a8ce2b6d20a9a623e444e124ab749a7b1,2026-09-02,downloaded,size_and_sha256_verified,"Private reference copy; the source page states CC BY-NC-ND 4.0 for the webpage, but rights for the exam file are not stated and are presumed third-party/IB copyright. Do not redistribute or commit the binary.",Opaque archive filename decoded from IB subject code: abeng = English B; abspa = Spanish B.
https://ibdocs.re/p/IB%20PAST%20PAPERS%20-%20YEAR/2023%20Examination%20Session/November%202023%20Examination%20Session/audio/n232abspaslispatz0xxl.mp3,https://dl.ibdocs.re/IB%20PAST%20PAPERS%20-%20YEAR/2023%20Examination%20Session/November%202023%20Examination%20Session/audio,2023,November 2023 Examination Session,Spanish B,Spanish; SL,audio recording,November 2023 Examination Session/audio/n232abspaslispatz0xxl.mp3,resources/private/past-papers/2022-2026/languages/2023/November 2023 Examination Session/audio/n232abspaslispatz0xxl.mp3,audio/mpeg,18990121,553609f000e999cf5125bf0f0244aa5483bf6e80c8db39f47fab869781dcbe64,2026-09-02,downloaded,size_and_sha256_verified,"Private reference copy; the source page states CC BY-NC-ND 4.0 for the webpage, but rights for the exam file are not stated and are presumed third-party/IB copyright. Do not redistribute or commit the binary.",Opaque archive filename decoded from IB subject code: abeng = English B; abspa = Spanish B.
https://ibdocs.re/p/IB%20PAST%20PAPERS%20-%20YEAR/2023%20Examination%20Session/November%202023%20Examination%20Session/Language%20acquisition/English_B_listening_comprehension__HL_markscheme.pdf,https://dl.ibdocs.re/documents/english-b-listening-comprehension-hl-markscheme-d20d598dd115cd36,2023,November 2023 Examination Session,English B,English; HL,markscheme,November 2023 Examination Session/Language acquisition/English_B_listening_comprehension__HL_markscheme.pdf,resources/private/past-papers/2022-2026/languages/2023/November 2023 Examination Session/Language acquisition/English_B_listening_comprehension__HL_markscheme.pdf,application/pdf,594913,b5bc286e6714b33c325924387352afb20a1a393d5a210f9a13ca5e92c76f8220,2026-09-02,downloaded,size_and_sha256_verified,"Private reference copy; the source page states CC BY-NC-ND 4.0 for the webpage, but rights for the exam file are not stated and are presumed third-party/IB copyright. Do not redistribute or commit the binary.",
https://ibdocs.re/p/IB%20PAST%20PAPERS%20-%20YEAR/2023%20Examination%20Session/November%202023%20Examination%20Session/Language%20acquisition/English_B_listening_comprehension__HL.pdf,https://dl.ibdocs.re/documents/english-b-listening-comprehension-hl-ea9719e672d77693,2023,November 2023 Examination Session,English B,English; HL,listening question paper/associated material,November 2023 Examination Session/Language acquisition/English_B_listening_comprehension__HL.pdf,resources/private/past-papers/2022-2026/languages/2023/November 2023 Examination Session/Language acquisition/English_B_listening_comprehension__HL.pdf,application/pdf,611650,985fe5ec53be46afb6291393c08f9a1133fcf6a6506b06473f3a12356d2803e6,2026-09-02,downloaded,size_and_sha256_verified,"Private reference copy; the source page states CC BY-NC-ND 4.0 for the webpage, but rights for the exam file are not stated and are presumed third-party/IB copyright. Do not redistribute or commit the binary.",
https://ibdocs.re/p/IB%20PAST%20PAPERS%20-%20YEAR/2023%20Examination%20Session/November%202023%20Examination%20Session/Language%20acquisition/English_B_listening_comprehension__SL_markscheme.pdf,https://dl.ibdocs.re/documents/english-b-listening-comprehension-sl-markscheme-8a9d713ef39a5947,2023,November 2023 Examination Session,English B,English; SL,markscheme,November 2023 Examination Session/Language acquisition/English_B_listening_comprehension__SL_markscheme.pdf,resources/private/past-papers/2022-2026/languages/2023/November 2023 Examination Session/Language acquisition/English_B_listening_comprehension__SL_markscheme.pdf,application/pdf,557798,6ae1b006c6211ba46fafe5098ec0ececb09af7b687e66e190df886fe04acfcb5,2026-09-02,downloaded,size_and_sha256_verified,"Private reference copy; the source page states CC BY-NC-ND 4.0 for the webpage, but rights for the exam file are not stated and are presumed third-party/IB copyright. Do not redistribute or commit the binary.",
https://ibdocs.re/p/IB%20PAST%20PAPERS%20-%20YEAR/2023%20Examination%20Session/November%202023%20Examination%20Session/Language%20acquisition/English_B_listening_comprehension__SL.pdf,https://dl.ibdocs.re/documents/english-b-listening-comprehension-sl-178c52e07e5ffabc,2023,November 2023 Examination Session,English B,English; SL,listening question paper/associated material,November 2023 Examination Session/Language acquisition/English_B_listening_comprehension__SL.pdf,resources/private/past-papers/2022-2026/languages/2023/November 2023 Examination Session/Language acquisition/English_B_listening_comprehension__SL.pdf,application/pdf,587379,3855f363e259cc41caa84fd79cd41491e6ae2c4b43cff4e8f05c65486357f8b5,2026-09-02,downloaded,size_and_sha256_verified,"Private reference copy; the source page states CC BY-NC-ND 4.0 for the webpage, but rights for the exam file are not stated and are presumed third-party/IB copyright. Do not redistribute or commit the binary.",
https://ibdocs.re/p/IB%20PAST%20PAPERS%20-%20YEAR/2023%20Examination%20Session/November%202023%20Examination%20Session/Language%20acquisition/English_B_paper_1__TZ1_HL_markscheme.pdf,https://dl.ibdocs.re/documents/english-b-paper-1-tz1-hl-markscheme-02be9cd17486ef84,2023,November 2023 Examination Session,English B,English; HL; TZ1,markscheme,November 2023 Examination Session/Language acquisition/English_B_paper_1__TZ1_HL_markscheme.pdf,resources/private/past-papers/2022-2026/languages/2023/November 2023 Examination Session/Language acquisition/English_B_paper_1__TZ1_HL_markscheme.pdf,application/pdf,484234,e8e02a3ca7f1f9d28b6b27f2db1b0e4e8e4cbfcad99a0f0ef3819515830b06fa,2026-09-02,downloaded,size_and_sha256_verified,"Private reference copy; the source page states CC BY-NC-ND 4.0 for the webpage, but rights for the exam file are not stated and are presumed third-party/IB copyright. Do not redistribute or commit the binary.",
https://ibdocs.re/p/IB%20PAST%20PAPERS%20-%20YEAR/2023%20Examination%20Session/November%202023%20Examination%20Session/Language%20acquisition/English_B_paper_1__TZ1_HL.pdf,https://dl.ibdocs.re/documents/english-b-paper-1-tz1-hl-26db0eaa2b69cf71,2023,November 2023 Examination Session,English B,English; HL; TZ1,question paper,November 2023 Examination Session/Language acquisition/English_B_paper_1__TZ1_HL.pdf,resources/private/past-papers/2022-2026/languages/2023/November 2023 Examination Session/Language acquisition/English_B_paper_1__TZ1_HL.pdf,application/pdf,295925,47344b15aad076640e9fbcd1c2090fa0e781cfd534d4b25f9938421ebfb831cb,2026-09-02,downloaded,size_and_sha256_verified,"Private reference copy; the source page states CC BY-NC-ND 4.0 for the webpage, but rights for the exam file are not stated and are presumed third-party/IB copyright. Do not redistribute or commit the binary.",
https://ibdocs.re/p/IB%20PAST%20PAPERS%20-%20YEAR/2023%20Examination%20Session/November%202023%20Examination%20Session/Language%20acquisition/English_B_paper_1__TZ1_SL_markscheme.pdf,https://dl.ibdocs.re/documents/english-b-paper-1-tz1-sl-markscheme-4156ac8e99cc63a9,2023,November 2023 Examination Session,English B,English; SL; TZ1,markscheme,November 2023 Examination Session/Language acquisition/English_B_paper_1__TZ1_SL_markscheme.pdf,resources/private/past-papers/2022-2026/languages/2023/November 2023 Examination Session/Language acquisition/English_B_paper_1__TZ1_SL_markscheme.pdf,application/pdf,482807,c9d70794bc32d20d7dad6023b3e01643fc1785e3027053fb0bb8c941850e2292,2026-09-02,downloaded,size_and_sha256_verified,"Private reference copy; the source page states CC BY-NC-ND 4.0 for the webpage, but rights for the exam file are not stated and are presumed third-party/IB copyright. Do not redistribute or commit the binary.",
https://ibdocs.re/p/IB%20PAST%20PAPERS%20-%20YEAR/2023%20Examination%20Session/November%202023%20Examination%20Session/Language%20acquisition/English_B_paper_1__TZ1_SL.pdf,https://dl.ibdocs.re/documents/english-b-paper-1-tz1-sl-ee89d39c156f43e6,2023,November 2023 Examination Session,English B,English; SL; TZ1,question paper,November 2023 Examination Session/Language acquisition/English_B_paper_1__TZ1_SL.pdf,resources/private/past-papers/2022-2026/languages/2023/November 2023 Examination Session/Language acquisition/English_B_paper_1__TZ1_SL.pdf,application/pdf,296041,7ca54b92c0ae8753a63f334e03a754b95a1a2702d3f9afe515e210e23dcefaab,2026-09-02,downloaded,size_and_sha256_verified,"Private reference copy; the source page states CC BY-NC-ND 4.0 for the webpage, but rights for the exam file are not stated and are presumed third-party/IB copyright. Do not redistribute or commit the binary.",
https://ibdocs.re/p/IB%20PAST%20PAPERS%20-%20YEAR/2023%20Examination%20Session/November%202023%20Examination%20Session/Language%20acquisition/English_B_paper_1__TZ2_HL_markscheme.pdf,https://dl.ibdocs.re/documents/english-b-paper-1-tz2-hl-markscheme-e43b574c249a16a5,2023,November 2023 Examination Session,English B,English; HL; TZ2,markscheme,November 2023 Examination Session/Language acquisition/English_B_paper_1__TZ2_HL_markscheme.pdf,resources/private/past-papers/2022-2026/languages/2023/November 2023 Examination Session/Language acquisition/English_B_paper_1__TZ2_HL_markscheme.pdf,application/pdf,509497,f3385c57010b4b1b5758e36013056bada9676f135f52adbcca7d8e7f99d318e2,2026-09-02,downloaded,size_and_sha256_verified,"Private reference copy; the source page states CC BY-NC-ND 4.0 for the webpage, but rights for the exam file are not stated and are presumed third-party/IB copyright. Do not redistribute or commit the binary.",
https://ibdocs.re/p/IB%20PAST%20PAPERS%20-%20YEAR/2023%20Examination%20Session/November%202023%20Examination%20Session/Language%20acquisition/English_B_paper_1__TZ2_HL.pdf,https://dl.ibdocs.re/documents/english-b-paper-1-tz2-hl-f2e51a1ae1260162,2023,November 2023 Examination Session,English B,English; HL; TZ2,question paper,November 2023 Examination Session/Language acquisition/English_B_paper_1__TZ2_HL.pdf,resources/private/past-papers/2022-2026/languages/2023/November 2023 Examination Session/Language acquisition/English_B_paper_1__TZ2_HL.pdf,application/pdf,295842,0eb554840a403d365b34eb7a8244986769f35a77841f030c82985fc316ad901f,2026-09-02,downloaded,size_and_sha256_verified,"Private reference copy; the source page states CC BY-NC-ND 4.0 for the webpage, but rights for the exam file are not stated and are presumed third-party/IB copyright. Do not redistribute or commit the binary.",
https://ibdocs.re/p/IB%20PAST%20PAPERS%20-%20YEAR/2023%20Examination%20Session/November%202023%20Examination%20Session/Language%20acquisition/English_B_paper_1__TZ2_SL_markscheme.pdf,https://dl.ibdocs.re/documents/english-b-paper-1-tz2-sl-markscheme-8ec1c5ef4afdf6b0,2023,November 2023 Examination Session,English B,English; SL; TZ2,markscheme,November 2023 Examination Session/Language acquisition/English_B_paper_1__TZ2_SL_markscheme.pdf,resources/private/past-papers/2022-2026/languages/2023/November 2023 Examination Session/Language acquisition/English_B_paper_1__TZ2_SL_markscheme.pdf,application/pdf,482789,2719bf63a311bcc8591274dec1a0ffe4f922a8abde60a846f250c168e1d715b3,2026-09-02,downloaded,size_and_sha256_verified,"Private reference copy; the source page states CC BY-NC-ND 4.0 for the webpage, but rights for the exam file are not stated and are presumed third-party/IB copyright. Do not redistribute or commit the binary.",
https://ibdocs.re/p/IB%20PAST%20PAPERS%20-%20YEAR/2023%20Examination%20Session/November%202023%20Examination%20Session/Language%20acquisition/English_B_paper_1__TZ2_SL.pdf,https://dl.ibdocs.re/documents/english-b-paper-1-tz2-sl-b3e13662d5f0cf3d,2023,November 2023 Examination Session,English B,English; SL; TZ2,question paper,November 2023 Examination Session/Language acquisition/English_B_paper_1__TZ2_SL.pdf,resources/private/past-papers/2022-2026/languages/2023/November 2023 Examination Session/Language acquisition/English_B_paper_1__TZ2_SL.pdf,application/pdf,295803,33ae4842582f2517f358952962800e7c27831cf42b67c7d49d4b06ed0e0e9cb5,2026-09-02,downloaded,size_and_sha256_verified,"Private reference copy; the source page states CC BY-NC-ND 4.0 for the webpage, but rights for the exam file are not stated and are presumed third-party/IB copyright. Do not redistribute or commit the binary.",
https://ibdocs.re/p/IB%20PAST%20PAPERS%20-%20YEAR/2023%20Examination%20Session/November%202023%20Examination%20Session/Language%20acquisition/English_B_paper_2_reading_comprehension__HL_markscheme.pdf,https://dl.ibdocs.re/documents/english-b-paper-2-reading-comprehension-hl-markscheme-f7d0295617649e75,2023,November 2023 Examination Session,English B,English; HL,markscheme,November 2023 Examination Session/Language acquisition/English_B_paper_2_reading_comprehension__HL_markscheme.pdf,resources/private/past-papers/2022-2026/languages/2023/November 2023 Examination Session/Language acquisition/English_B_paper_2_reading_comprehension__HL_markscheme.pdf,application/pdf,487019,d20f15813be5bb2c2a36642d3f11f48b6e47b9d7dd53fea764372b6af6a36508,2026-09-02,downloaded,size_and_sha256_verified,"Private reference copy; the source page states CC BY-NC-ND 4.0 for the webpage, but rights for the exam file are not stated and are presumed third-party/IB copyright. Do not redistribute or commit the binary.",
https://ibdocs.re/p/IB%20PAST%20PAPERS%20-%20YEAR/2023%20Examination%20Session/November%202023%20Examination%20Session/Language%20acquisition/English_B_paper_2_reading_comprehension__question_booklet_HL.pdf,https://dl.ibdocs.re/documents/english-b-paper-2-reading-comprehension-question-booklet-hl-f88f702e73be5c24,2023,November 2023 Examination Session,English B,English; HL,question booklet,November 2023 Examination Session/Language acquisition/English_B_paper_2_reading_comprehension__question_booklet_HL.pdf,resources/private/past-papers/2022-2026/languages/2023/November 2023 Examination Session/Language acquisition/English_B_paper_2_reading_comprehension__question_booklet_HL.pdf,application/pdf,492645,e21ef67558e02c7015b64d431e165904de3b4e119b6092adf73d85241b43409c,2026-09-02,downloaded,size_and_sha256_verified,"Private reference copy; the source page states CC BY-NC-ND 4.0 for the webpage, but rights for the exam file are not stated and are presumed third-party/IB copyright. Do not redistribute or commit the binary.",
https://ibdocs.re/p/IB%20PAST%20PAPERS%20-%20YEAR/2023%20Examination%20Session/November%202023%20Examination%20Session/Language%20acquisition/English_B_paper_2_reading_comprehension__question_booklet_SL.pdf,https://dl.ibdocs.re/documents/english-b-paper-2-reading-comprehension-question-booklet-sl-b8f3b42ffef89e0b,2023,November 2023 Examination Session,English B,English; SL,question booklet,November 2023 Examination Session/Language acquisition/English_B_paper_2_reading_comprehension__question_booklet_SL.pdf,resources/private/past-papers/2022-2026/languages/2023/November 2023 Examination Session/Language acquisition/English_B_paper_2_reading_comprehension__question_booklet_SL.pdf,application/pdf,476313,b24584109990554795a4937c824c24bf40ec327ef2a596109309c06fb4be1dc1,2026-09-02,downloaded,size_and_sha256_verified,"Private reference copy; the source page states CC BY-NC-ND 4.0 for the webpage, but rights for the exam file are not stated and are presumed third-party/IB copyright. Do not redistribute or commit the binary.",
https://ibdocs.re/p/IB%20PAST%20PAPERS%20-%20YEAR/2023%20Examination%20Session/November%202023%20Examination%20Session/Language%20acquisition/English_B_paper_2_reading_comprehension__SL_markscheme.pdf,https://dl.ibdocs.re/documents/english-b-paper-2-reading-comprehension-sl-markscheme-cdaad95259f688e0,2023,November 2023 Examination Session,English B,English; SL,markscheme,November 2023 Examination Session/Language acquisition/English_B_paper_2_reading_comprehension__SL_markscheme.pdf,resources/private/past-papers/2022-2026/languages/2023/November 2023 Examination Session/Language acquisition/English_B_paper_2_reading_comprehension__SL_markscheme.pdf,application/pdf,391696,a00eb3ab61f6d6c619adbdfc87eb37315fecc7350c2f51497edca4b3c37c4420,2026-09-02,downloaded,size_and_sha256_verified,"Private reference copy; the source page states CC BY-NC-ND 4.0 for the webpage, but rights for the exam file are not stated and are presumed third-party/IB copyright. Do not redistribute or commit the binary.",
https://ibdocs.re/p/IB%20PAST%20PAPERS%20-%20YEAR/2023%20Examination%20Session/November%202023%20Examination%20Session/Language%20acquisition/English_B_paper_2_reading_comprehension__text_booklet_HL.pdf,https://dl.ibdocs.re/documents/english-b-paper-2-reading-comprehension-text-booklet-hl-17f76db5fa1696c1,2023,November 2023 Examination Session,English B,English; HL,text booklet,November 2023 Examination Session/Language acquisition/English_B_paper_2_reading_comprehension__text_booklet_HL.pdf,resources/private/past-papers/2022-2026/languages/2023/November 2023 Examination Session/Language acquisition/English_B_paper_2_reading_comprehension__text_booklet_HL.pdf,application/pdf,859462,d01b56740290c5d63619c8e0be03d60a9277bfa2306ca1b760b8cd3da46c5262,2026-09-02,downloaded,size_and_sha256_verified,"Private reference copy; the source page states CC BY-NC-ND 4.0 for the webpage, but rights for the exam file are not stated and are presumed third-party/IB copyright. Do not redistribute or commit the binary.",
https://ibdocs.re/p/IB%20PAST%20PAPERS%20-%20YEAR/2023%20Examination%20Session/November%202023%20Examination%20Session/Language%20acquisition/English_B_paper_2_reading_comprehension__text_booklet_SL.pdf,https://dl.ibdocs.re/documents/english-b-paper-2-reading-comprehension-text-booklet-sl-46bf3b19f5c4b896,2023,November 2023 Examination Session,English B,English; SL,text booklet,November 2023 Examination Session/Language acquisition/English_B_paper_2_reading_comprehension__text_booklet_SL.pdf,resources/private/past-papers/2022-2026/languages/2023/November 2023 Examination Session/Language acquisition/English_B_paper_2_reading_comprehension__text_booklet_SL.pdf,application/pdf,844086,4781854aa704522b7d7ee62975aaaeb2433a317723799d9ee807871f1831f9cd,2026-09-02,downloaded,size_and_sha256_verified,"Private reference copy; the source page states CC BY-NC-ND 4.0 for the webpage, but rights for the exam file are not stated and are presumed third-party/IB copyright. Do not redistribute or commit the binary.",
https://ibdocs.re/p/IB%20PAST%20PAPERS%20-%20YEAR/2023%20Examination%20Session/November%202023%20Examination%20Session/Language%20acquisition/Spanish_B_listening_comprehension__HL_markscheme_Spanish.pdf,https://dl.ibdocs.re/documents/spanish-b-listening-comprehension-hl-markscheme-spanish-b42bbe2a2c4dfcbd,2023,November 2023 Examination Session,Spanish B,Spanish; HL,markscheme,November 2023 Examination Session/Language acquisition/Spanish_B_listening_comprehension__HL_markscheme_Spanish.pdf,resources/private/past-papers/2022-2026/languages/2023/November 2023 Examination Session/Language acquisition/Spanish_B_listening_comprehension__HL_markscheme_Spanish.pdf,application/pdf,577086,322d611388974b3b90710d1ae2d5327a77a13852e4c72c4cd44f230997a90f33,2026-09-02,downloaded,size_and_sha256_verified,"Private reference copy; the source page states CC BY-NC-ND 4.0 for the webpage, but rights for the exam file are not stated and are presumed third-party/IB copyright. Do not redistribute or commit the binary.",
https://ibdocs.re/p/IB%20PAST%20PAPERS%20-%20YEAR/2023%20Examination%20Session/November%202023%20Examination%20Session/Language%20acquisition/Spanish_B_listening_comprehension__HL_Spanish.pdf,https://dl.ibdocs.re/documents/spanish-b-listening-comprehension-hl-spanish-9543142818ad4058,2023,November 2023 Examination Session,Spanish B,Spanish; HL,listening question paper/associated material,November 2023 Examination Session/Language acquisition/Spanish_B_listening_comprehension__HL_Spanish.pdf,resources/private/past-papers/2022-2026/languages/2023/November 2023 Examination Session/Language acquisition/Spanish_B_listening_comprehension__HL_Spanish.pdf,application/pdf,517177,124b46faaff190443f9d4d8db2b62b4a5bcb06109a063c40a870abc32309b1d3,2026-09-02,downloaded,size_and_sha256_verified,"Private reference copy; the source page states CC BY-NC-ND 4.0 for the webpage, but rights for the exam file are not stated and are presumed third-party/IB copyright. Do not redistribute or commit the binary.",
https://ibdocs.re/p/IB%20PAST%20PAPERS%20-%20YEAR/2023%20Examination%20Session/November%202023%20Examination%20Session/Language%20acquisition/Spanish_B_listening_comprehension__SL_markscheme_Spanish.pdf,https://dl.ibdocs.re/documents/spanish-b-listening-comprehension-sl-markscheme-spanish-faa3f161b4aebdbc,2023,November 2023 Examination Session,Spanish B,Spanish; SL,markscheme,November 2023 Examination Session/Language acquisition/Spanish_B_listening_comprehension__SL_markscheme_Spanish.pdf,resources/private/past-papers/2022-2026/languages/2023/November 2023 Examination Session/Language acquisition/Spanish_B_listening_comprehension__SL_markscheme_Spanish.pdf,application/pdf,632728,96ee8d01dc35c8df654cc791f5811466171db810f86733c630d507cc76f1d33f,2026-09-02,downloaded,size_and_sha256_verified,"Private reference copy; the source page states CC BY-NC-ND 4.0 for the webpage, but rights for the exam file are not stated and are presumed third-party/IB copyright. Do not redistribute or commit the binary.",
https://ibdocs.re/p/IB%20PAST%20PAPERS%20-%20YEAR/2023%20Examination%20Session/November%202023%20Examination%20Session/Language%20acquisition/Spanish_B_listening_comprehension__SL_Spanish.pdf,https://dl.ibdocs.re/documents/spanish-b-listening-comprehension-sl-spanish-aa81672e23c3c293,2023,November 2023 Examination Session,Spanish B,Spanish; SL,listening question paper/associated material,November 2023 Examination Session/Language acquisition/Spanish_B_listening_comprehension__SL_Spanish.pdf,resources/private/past-papers/2022-2026/languages/2023/November 2023 Examination Session/Language acquisition/Spanish_B_listening_comprehension__SL_Spanish.pdf,application/pdf,521584,88aa4bd848d919be880c6362f19581ec5a754a4805a065a860298d206d18b957,2026-09-02,downloaded,size_and_sha256_verified,"Private reference copy; the source page states CC BY-NC-ND 4.0 for the webpage, but rights for the exam file are not stated and are presumed third-party/IB copyright. Do not redistribute or commit the binary.",
https://ibdocs.re/p/IB%20PAST%20PAPERS%20-%20YEAR/2023%20Examination%20Session/November%202023%20Examination%20Session/Language%20acquisition/Spanish_B_paper_1__HL_markscheme_Spanish.pdf,https://dl.ibdocs.re/documents/spanish-b-paper-1-hl-markscheme-spanish-a63054687ba9a0cd,2023,November 2023 Examination Session,Spanish B,Spanish; HL,markscheme,November 2023 Examination Session/Language acquisition/Spanish_B_paper_1__HL_markscheme_Spanish.pdf,resources/private/past-papers/2022-2026/languages/2023/November 2023 Examination Session/Language acquisition/Spanish_B_paper_1__HL_markscheme_Spanish.pdf,application/pdf,962722,77017ffffbbee56a09089c570b789b001951a8f234b9dd9f7e8d913fbb768d30,2026-09-02,downloaded,size_and_sha256_verified,"Private reference copy; the source page states CC BY-NC-ND 4.0 for the webpage, but rights for the exam file are not stated and are presumed third-party/IB copyright. Do not redistribute or commit the binary.",
https://ibdocs.re/p/IB%20PAST%20PAPERS%20-%20YEAR/2023%20Examination%20Session/November%202023%20Examination%20Session/Language%20acquisition/Spanish_B_paper_1__HL_Spanish.pdf,https://dl.ibdocs.re/documents/spanish-b-paper-1-hl-spanish-4b785ee07d087f28,2023,November 2023 Examination Session,Spanish B,Spanish; HL,question paper,November 2023 Examination Session/Language acquisition/Spanish_B_paper_1__HL_Spanish.pdf,resources/private/past-papers/2022-2026/languages/2023/November 2023 Examination Session/Language acquisition/Spanish_B_paper_1__HL_Spanish.pdf,application/pdf,293861,d080c1673cfb43c3321422399eeca58c0f1c9a633e2b65228c0549f31626b346,2026-09-02,downloaded,size_and_sha256_verified,"Private reference copy; the source page states CC BY-NC-ND 4.0 for the webpage, but rights for the exam file are not stated and are presumed third-party/IB copyright. Do not redistribute or commit the binary.",
https://ibdocs.re/p/IB%20PAST%20PAPERS%20-%20YEAR/2023%20Examination%20Session/November%202023%20Examination%20Session/Language%20acquisition/Spanish_B_paper_1__SL_markscheme_Spanish.pdf,https://dl.ibdocs.re/documents/spanish-b-paper-1-sl-markscheme-spanish-c11f5df9453c396c,2023,November 2023 Examination Session,Spanish B,Spanish; SL,markscheme,November 2023 Examination Session/Language acquisition/Spanish_B_paper_1__SL_markscheme_Spanish.pdf,resources/private/past-papers/2022-2026/languages/2023/November 2023 Examination Session/Language acquisition/Spanish_B_paper_1__SL_markscheme_Spanish.pdf,application/pdf,821933,ac5e2695837cfc9b55402082b81b9e2a38c949390d03f6180530846fcb6b8f37,2026-09-02,downloaded,size_and_sha256_verified,"Private reference copy; the source page states CC BY-NC-ND 4.0 for the webpage, but rights for the exam file are not stated and are presumed third-party/IB copyright. Do not redistribute or commit the binary.",
https://ibdocs.re/p/IB%20PAST%20PAPERS%20-%20YEAR/2023%20Examination%20Session/November%202023%20Examination%20Session/Language%20acquisition/Spanish_B_paper_1__SL_Spanish.pdf,https://dl.ibdocs.re/documents/spanish-b-paper-1-sl-spanish-d72c5ce64c2c5443,2023,November 2023 Examination Session,Spanish B,Spanish; SL,question paper,November 2023 Examination Session/Language acquisition/Spanish_B_paper_1__SL_Spanish.pdf,resources/private/past-papers/2022-2026/languages/2023/November 2023 Examination Session/Language acquisition/Spanish_B_paper_1__SL_Spanish.pdf,application/pdf,285799,d6499042321a025da370aee455c8817af595f55b8d73a9586ef8a398ba359783,2026-09-02,downloaded,size_and_sha256_verified,"Private reference copy; the source page states CC BY-NC-ND 4.0 for the webpage, but rights for the exam file are not stated and are presumed third-party/IB copyright. Do not redistribute or commit the binary.",
https://ibdocs.re/p/IB%20PAST%20PAPERS%20-%20YEAR/2023%20Examination%20Session/November%202023%20Examination%20Session/Language%20acquisition/Spanish_B_paper_2_reading_comprehension__HL_markscheme_Spanish.pdf,https://dl.ibdocs.re/documents/spanish-b-paper-2-reading-comprehension-hl-markscheme-spanish-d5300410dd4f4ca2,2023,November 2023 Examination Session,Spanish B,Spanish; HL,markscheme,November 2023 Examination Session/Language acquisition/Spanish_B_paper_2_reading_comprehension__HL_markscheme_Spanish.pdf,resources/private/past-papers/2022-2026/languages/2023/November 2023 Examination Session/Language acquisition/Spanish_B_paper_2_reading_comprehension__HL_markscheme_Spanish.pdf,application/pdf,380956,c4bfed3e2f21ebb8b9af9ddde8093b364ffc7d526aafe4a61f2b1c86eeb9f3e4,2026-09-02,downloaded,size_and_sha256_verified,"Private reference copy; the source page states CC BY-NC-ND 4.0 for the webpage, but rights for the exam file are not stated and are presumed third-party/IB copyright. Do not redistribute or commit the binary.",
https://ibdocs.re/p/IB%20PAST%20PAPERS%20-%20YEAR/2023%20Examination%20Session/November%202023%20Examination%20Session/Language%20acquisition/Spanish_B_paper_2_reading_comprehension__question_booklet_HL_Spanish.pdf,https://dl.ibdocs.re/documents/spanish-b-paper-2-reading-comprehension-question-booklet-hl-spanish-b050ff3664f5bd1b,2023,November 2023 Examination Session,Spanish B,Spanish; HL,question booklet,November 2023 Examination Session/Language acquisition/Spanish_B_paper_2_reading_comprehension__question_booklet_HL_Spanish.pdf,resources/private/past-papers/2022-2026/languages/2023/November 2023 Examination Session/Language acquisition/Spanish_B_paper_2_reading_comprehension__question_booklet_HL_Spanish.pdf,application/pdf,443982,22ee44c623a203632f12709718ad469c0484eaacb827da815267a3404e9629d4,2026-09-02,downloaded,size_and_sha256_verified,"Private reference copy; the source page states CC BY-NC-ND 4.0 for the webpage, but rights for the exam file are not stated and are presumed third-party/IB copyright. Do not redistribute or commit the binary.",
https://ibdocs.re/p/IB%20PAST%20PAPERS%20-%20YEAR/2023%20Examination%20Session/November%202023%20Examination%20Session/Language%20acquisition/Spanish_B_paper_2_reading_comprehension__text_booklet_HL_Spanish.pdf,https://dl.ibdocs.re/documents/spanish-b-paper-2-reading-comprehension-text-booklet-hl-spanish-6464c522edf45cde,2023,November 2023 Examination Session,Spanish B,Spanish; HL,text booklet,November 2023 Examination Session/Language acquisition/Spanish_B_paper_2_reading_comprehension__text_booklet_HL_Spanish.pdf,resources/private/past-papers/2022-2026/languages/2023/November 2023 Examination Session/Language acquisition/Spanish_B_paper_2_reading_comprehension__text_booklet_HL_Spanish.pdf,application/pdf,1175001,cbc5d438b6e1e4f448957122a13d57ac9a59c2dab2af0bee9a507beb98192602,2026-09-02,downloaded,size_and_sha256_verified,"Private reference copy; the source page states CC BY-NC-ND 4.0 for the webpage, but rights for the exam file are not stated and are presumed third-party/IB copyright. Do not redistribute or commit the binary.",
https://ibdocs.re/p/IB%20PAST%20PAPERS%20-%20YEAR/2023%20Examination%20Session/November%202023%20Examination%20Session/Studies%20in%20language%20and%20literature/English_A_Language_and_literature_paper_1__TZ1_HL.pdf,https://dl.ibdocs.re/documents/english-a-language-and-literature-paper-1-tz1-hl-a71ce616ce4542ae,2023,November 2023 Examination Session,English A Language and Literature,English; HL; TZ1,question paper,November 2023 Examination Session/Studies in language and literature/English_A_Language_and_literature_paper_1__TZ1_HL.pdf,resources/private/past-papers/2022-2026/languages/2023/November 2023 Examination Session/Studies in language and literature/English_A_Language_and_literature_paper_1__TZ1_HL.pdf,application/pdf,989521,e7e0d46cd57189c016fd9309fb7980ce4c91e3da0d0c91be00db60546abaed14,2026-09-02,downloaded,size_and_sha256_verified,"Private reference copy; the source page states CC BY-NC-ND 4.0 for the webpage, but rights for the exam file are not stated and are presumed third-party/IB copyright. Do not redistribute or commit the binary.",
https://ibdocs.re/p/IB%20PAST%20PAPERS%20-%20YEAR/2023%20Examination%20Session/November%202023%20Examination%20Session/Studies%20in%20language%20and%20literature/English_A_Language_and_literature_paper_1__TZ1_HLSL_markscheme.pdf,https://dl.ibdocs.re/documents/english-a-language-and-literature-paper-1-tz1-hlsl-markscheme-1d578df429af22a0,2023,November 2023 Examination Session,English A Language and Literature,English; HL/SL; TZ1,markscheme,November 2023 Examination Session/Studies in language and literature/English_A_Language_and_literature_paper_1__TZ1_HLSL_markscheme.pdf,resources/private/past-papers/2022-2026/languages/2023/November 2023 Examination Session/Studies in language and literature/English_A_Language_and_literature_paper_1__TZ1_HLSL_markscheme.pdf,application/pdf,344798,f8701f6b8d2937395872ac537122b6dab2a33d930283db4d1bf10726fffc5535,2026-09-02,downloaded,size_and_sha256_verified,"Private reference copy; the source page states CC BY-NC-ND 4.0 for the webpage, but rights for the exam file are not stated and are presumed third-party/IB copyright. Do not redistribute or commit the binary.",
https://ibdocs.re/p/IB%20PAST%20PAPERS%20-%20YEAR/2023%20Examination%20Session/November%202023%20Examination%20Session/Studies%20in%20language%20and%20literature/English_A_Language_and_literature_paper_1__TZ1_SL.pdf,https://dl.ibdocs.re/documents/english-a-language-and-literature-paper-1-tz1-sl-6b7f025ec5f33989,2023,November 2023 Examination Session,English A Language and Literature,English; SL; TZ1,question paper,November 2023 Examination Session/Studies in language and literature/English_A_Language_and_literature_paper_1__TZ1_SL.pdf,resources/private/past-papers/2022-2026/languages/2023/November 2023 Examination Session/Studies in language and literature/English_A_Language_and_literature_paper_1__TZ1_SL.pdf,application/pdf,991465,1bae73a3873e64680422dad28b0e7f2ce200e03d8340d9de40fd8f22d2f1d9ff,2026-09-02,downloaded,size_and_sha256_verified,"Private reference copy; the source page states CC BY-NC-ND 4.0 for the webpage, but rights for the exam file are not stated and are presumed third-party/IB copyright. Do not redistribute or commit the binary.",
https://ibdocs.re/p/IB%20PAST%20PAPERS%20-%20YEAR/2023%20Examination%20Session/November%202023%20Examination%20Session/Studies%20in%20language%20and%20literature/English_A_Language_and_literature_paper_1__TZ2_HL.pdf,https://dl.ibdocs.re/documents/english-a-language-and-literature-paper-1-tz2-hl-ab445ce2656da08d,2023,November 2023 Examination Session,English A Language and Literature,English; HL; TZ2,question paper,November 2023 Examination Session/Studies in language and literature/English_A_Language_and_literature_paper_1__TZ2_HL.pdf,resources/private/past-papers/2022-2026/languages/2023/November 2023 Examination Session/Studies in language and literature/English_A_Language_and_literature_paper_1__TZ2_HL.pdf,application/pdf,2453686,47c7a8ca0dd8233f1d87a630f79c6fe5f5a861266eed4552f2c6d9445ce03bda,2026-09-02,downloaded,size_and_sha256_verified,"Private reference copy; the source page states CC BY-NC-ND 4.0 for the webpage, but rights for the exam file are not stated and are presumed third-party/IB copyright. Do not redistribute or commit the binary.",
https://ibdocs.re/p/IB%20PAST%20PAPERS%20-%20YEAR/2023%20Examination%20Session/November%202023%20Examination%20Session/Studies%20in%20language%20and%20literature/English_A_Language_and_literature_paper_1__TZ2_HLSL_markscheme.pdf,https://dl.ibdocs.re/documents/english-a-language-and-literature-paper-1-tz2-hlsl-markscheme-2ea3aa0b207fc681,2023,November 2023 Examination Session,English A Language and Literature,English; HL/SL; TZ2,markscheme,November 2023 Examination Session/Studies in language and literature/English_A_Language_and_literature_paper_1__TZ2_HLSL_markscheme.pdf,resources/private/past-papers/2022-2026/languages/2023/November 2023 Examination Session/Studies in language and literature/English_A_Language_and_literature_paper_1__TZ2_HLSL_markscheme.pdf,application/pdf,341080,2643d283edf44f4554250f9e47184ed58b843be5ff23a3901a20310547b5c85d,2026-09-02,downloaded,size_and_sha256_verified,"Private reference copy; the source page states CC BY-NC-ND 4.0 for the webpage, but rights for the exam file are not stated and are presumed third-party/IB copyright. Do not redistribute or commit the binary.",
https://ibdocs.re/p/IB%20PAST%20PAPERS%20-%20YEAR/2023%20Examination%20Session/November%202023%20Examination%20Session/Studies%20in%20language%20and%20literature/English_A_Language_and_literature_paper_1__TZ2_SL.pdf,https://dl.ibdocs.re/documents/english-a-language-and-literature-paper-1-tz2-sl-7fb762e4cd1e09d2,2023,November 2023 Examination Session,English A Language and Literature,English; SL; TZ2,question paper,November 2023 Examination Session/Studies in language and literature/English_A_Language_and_literature_paper_1__TZ2_SL.pdf,resources/private/past-papers/2022-2026/languages/2023/November 2023 Examination Session/Studies in language and literature/English_A_Language_and_literature_paper_1__TZ2_SL.pdf,application/pdf,2453363,84ca1c484fb684bca4af45e764acbc1e00e8464f0c636ba2342357754b64a431,2026-09-02,downloaded,size_and_sha256_verified,"Private reference copy; the source page states CC BY-NC-ND 4.0 for the webpage, but rights for the exam file are not stated and are presumed third-party/IB copyright. Do not redistribute or commit the binary.",
https://ibdocs.re/p/IB%20PAST%20PAPERS%20-%20YEAR/2023%20Examination%20Session/November%202023%20Examination%20Session/Studies%20in%20language%20and%20literature/English_A_Language_and_literature_paper_2__TZ1_HLSL.pdf,https://dl.ibdocs.re/documents/english-a-language-and-literature-paper-2-tz1-hlsl-fecea52232418380,2023,November 2023 Examination Session,English A Language and Literature,English; HL/SL; TZ1,question paper,November 2023 Examination Session/Studies in language and literature/English_A_Language_and_literature_paper_2__TZ1_HLSL.pdf,resources/private/past-papers/2022-2026/languages/2023/November 2023 Examination Session/Studies in language and literature/English_A_Language_and_literature_paper_2__TZ1_HLSL.pdf,application/pdf,293507,24e4ca9f397848b58cdc41c9492184bd13fa90bcd083824de237cd2b9a487068,2026-09-02,downloaded,size_and_sha256_verified,"Private reference copy; the source page states CC BY-NC-ND 4.0 for the webpage, but rights for the exam file are not stated and are presumed third-party/IB copyright. Do not redistribute or commit the binary.",
https://ibdocs.re/p/IB%20PAST%20PAPERS%20-%20YEAR/2023%20Examination%20Session/November%202023%20Examination%20Session/Studies%20in%20language%20and%20literature/English_A_Language_and_literature_paper_2__TZ2_HLSL.pdf,https://dl.ibdocs.re/documents/english-a-language-and-literature-paper-2-tz2-hlsl-3f491e5649a13feb,2023,November 2023 Examination Session,English A Language and Literature,English; HL/SL; TZ2,question paper,November 2023 Examination Session/Studies in language and literature/English_A_Language_and_literature_paper_2__TZ2_HLSL.pdf,resources/private/past-papers/2022-2026/languages/2023/November 2023 Examination Session/Studies in language and literature/English_A_Language_and_literature_paper_2__TZ2_HLSL.pdf,application/pdf,294625,61d4fbf2a3784303cc2118ec35d450bb187ac7a7e54e2a6f0e781060a90a2808,2026-09-02,downloaded,size_and_sha256_verified,"Private reference copy; the source page states CC BY-NC-ND 4.0 for the webpage, but rights for the exam file are not stated and are presumed third-party/IB copyright. Do not redistribute or commit the binary.",
https://ibdocs.re/p/IB%20PAST%20PAPERS%20-%20YEAR/2023%20Examination%20Session/November%202023%20Examination%20Session/Studies%20in%20language%20and%20literature/English_A_Literature_paper_1__TZ1_HL.pdf,https://dl.ibdocs.re/documents/english-a-literature-paper-1-tz1-hl-9bb348e8c25b6d59,2023,November 2023 Examination Session,English A Literature,English; HL; TZ1,question paper,November 2023 Examination Session/Studies in language and literature/English_A_Literature_paper_1__TZ1_HL.pdf,resources/private/past-papers/2022-2026/languages/2023/November 2023 Examination Session/Studies in language and literature/English_A_Literature_paper_1__TZ1_HL.pdf,application/pdf,832331,44f834d3ca3a46a12d1807e66207f4d66c948a100692f0f8eba385d12b5327f7,2026-09-02,downloaded,size_and_sha256_verified,"Private reference copy; the source page states CC BY-NC-ND 4.0 for the webpage, but rights for the exam file are not stated and are presumed third-party/IB copyright. Do not redistribute or commit the binary.",
https://ibdocs.re/p/IB%20PAST%20PAPERS%20-%20YEAR/2023%20Examination%20Session/November%202023%20Examination%20Session/Studies%20in%20language%20and%20literature/English_A_Literature_paper_1__TZ1_HLSL_markscheme.pdf,https://dl.ibdocs.re/documents/english-a-literature-paper-1-tz1-hlsl-markscheme-dd889c6216b18395,2023,November 2023 Examination Session,English A Literature,English; HL/SL; TZ1,markscheme,November 2023 Examination Session/Studies in language and literature/English_A_Literature_paper_1__TZ1_HLSL_markscheme.pdf,resources/private/past-papers/2022-2026/languages/2023/November 2023 Examination Session/Studies in language and literature/English_A_Literature_paper_1__TZ1_HLSL_markscheme.pdf,application/pdf,449174,ec66a5522ef4fbaf94030fc8a6378c8a80767d213968802becc5eef184dd9a6c,2026-09-02,downloaded,size_and_sha256_verified,"Private reference copy; the source page states CC BY-NC-ND 4.0 for the webpage, but rights for the exam file are not stated and are presumed third-party/IB copyright. Do not redistribute or commit the binary.",
https://ibdocs.re/p/IB%20PAST%20PAPERS%20-%20YEAR/2023%20Examination%20Session/November%202023%20Examination%20Session/Studies%20in%20language%20and%20literature/English_A_Literature_paper_1__TZ1_SL.pdf,https://dl.ibdocs.re/documents/english-a-literature-paper-1-tz1-sl-6d7b931644e8d8de,2023,November 2023 Examination Session,English A Literature,English; SL; TZ1,question paper,November 2023 Examination Session/Studies in language and literature/English_A_Literature_paper_1__TZ1_SL.pdf,resources/private/past-papers/2022-2026/languages/2023/November 2023 Examination Session/Studies in language and literature/English_A_Literature_paper_1__TZ1_SL.pdf,application/pdf,832671,c47f0e98bf88a534e6638e8d2d130c0d7dc900bf6b47afa2ad2740b8a82defb7,2026-09-02,downloaded,size_and_sha256_verified,"Private reference copy; the source page states CC BY-NC-ND 4.0 for the webpage, but rights for the exam file are not stated and are presumed third-party/IB copyright. Do not redistribute or commit the binary.",
https://ibdocs.re/p/IB%20PAST%20PAPERS%20-%20YEAR/2023%20Examination%20Session/November%202023%20Examination%20Session/Studies%20in%20language%20and%20literature/English_A_Literature_paper_1__TZ2_HL.pdf,https://dl.ibdocs.re/documents/english-a-literature-paper-1-tz2-hl-0fce9356bee44a0a,2023,November 2023 Examination Session,English A Literature,English; HL; TZ2,question paper,November 2023 Examination Session/Studies in language and literature/English_A_Literature_paper_1__TZ2_HL.pdf,resources/private/past-papers/2022-2026/languages/2023/November 2023 Examination Session/Studies in language and literature/English_A_Literature_paper_1__TZ2_HL.pdf,application/pdf,836555,534ff45cd151423b082c1a4529d7f90b705de7176717b6421830ce58cb788316,2026-09-02,downloaded,size_and_sha256_verified,"Private reference copy; the source page states CC BY-NC-ND 4.0 for the webpage, but rights for the exam file are not stated and are presumed third-party/IB copyright. Do not redistribute or commit the binary.",
https://ibdocs.re/p/IB%20PAST%20PAPERS%20-%20YEAR/2023%20Examination%20Session/November%202023%20Examination%20Session/Studies%20in%20language%20and%20literature/English_A_Literature_paper_1__TZ2_HLSL_markscheme.pdf,https://dl.ibdocs.re/documents/english-a-literature-paper-1-tz2-hlsl-markscheme-c84c8b1d58a20044,2023,November 2023 Examination Session,English A Literature,English; HL/SL; TZ2,markscheme,November 2023 Examination Session/Studies in language and literature/English_A_Literature_paper_1__TZ2_HLSL_markscheme.pdf,resources/private/past-papers/2022-2026/languages/2023/November 2023 Examination Session/Studies in language and literature/English_A_Literature_paper_1__TZ2_HLSL_markscheme.pdf,application/pdf,388382,3338e25b7fbf0a7ad8f9deb381a063d6a5f9b516cfe0e5c2596eb11e180bbb04,2026-09-02,downloaded,size_and_sha256_verified,"Private reference copy; the source page states CC BY-NC-ND 4.0 for the webpage, but rights for the exam file are not stated and are presumed third-party/IB copyright. Do not redistribute or commit the binary.",
https://ibdocs.re/p/IB%20PAST%20PAPERS%20-%20YEAR/2023%20Examination%20Session/November%202023%20Examination%20Session/Studies%20in%20language%20and%20literature/English_A_Literature_paper_1__TZ2_SL.pdf,https://dl.ibdocs.re/documents/english-a-literature-paper-1-tz2-sl-cac1de91391f80d5,2023,November 2023 Examination Session,English A Literature,English; SL; TZ2,question paper,November 2023 Examination Session/Studies in language and literature/English_A_Literature_paper_1__TZ2_SL.pdf,resources/private/past-papers/2022-2026/languages/2023/November 2023 Examination Session/Studies in language and literature/English_A_Literature_paper_1__TZ2_SL.pdf,application/pdf,836453,5dac5683a268b01a68967aa7c0fb998d0f270c63b873fb4a7b92838713b1c44b,2026-09-02,downloaded,size_and_sha256_verified,"Private reference copy; the source page states CC BY-NC-ND 4.0 for the webpage, but rights for the exam file are not stated and are presumed third-party/IB copyright. Do not redistribute or commit the binary.",
https://ibdocs.re/p/IB%20PAST%20PAPERS%20-%20YEAR/2023%20Examination%20Session/November%202023%20Examination%20Session/Studies%20in%20language%20and%20literature/English_A_Literature_paper_2__TZ1_HLSL.pdf,https://dl.ibdocs.re/documents/english-a-literature-paper-2-tz1-hlsl-1a4d378bae47a093,2023,November 2023 Examination Session,English A Literature,English; HL/SL; TZ1,question paper,November 2023 Examination Session/Studies in language and literature/English_A_Literature_paper_2__TZ1_HLSL.pdf,resources/private/past-papers/2022-2026/languages/2023/November 2023 Examination Session/Studies in language and literature/English_A_Literature_paper_2__TZ1_HLSL.pdf,application/pdf,294608,8dfd9afd56a423c7bebf097b06961590e4eba45eccc2336c24f96316a0d363ee,2026-09-02,downloaded,size_and_sha256_verified,"Private reference copy; the source page states CC BY-NC-ND 4.0 for the webpage, but rights for the exam file are not stated and are presumed third-party/IB copyright. Do not redistribute or commit the binary.",
https://ibdocs.re/p/IB%20PAST%20PAPERS%20-%20YEAR/2023%20Examination%20Session/November%202023%20Examination%20Session/Studies%20in%20language%20and%20literature/English_A_Literature_paper_2__TZ2_HLSL.pdf,https://dl.ibdocs.re/documents/english-a-literature-paper-2-tz2-hlsl-ea2ef2f4ab2d4e28,2023,November 2023 Examination Session,English A Literature,English; HL/SL; TZ2,question paper,November 2023 Examination Session/Studies in language and literature/English_A_Literature_paper_2__TZ2_HLSL.pdf,resources/private/past-papers/2022-2026/languages/2023/November 2023 Examination Session/Studies in language and literature/English_A_Literature_paper_2__TZ2_HLSL.pdf,application/pdf,295862,d065081d576586273a1214c3f7b19aee84e4f160461879cc5be2dbd2328f1953,2026-09-02,downloaded,size_and_sha256_verified,"Private reference copy; the source page states CC BY-NC-ND 4.0 for the webpage, but rights for the exam file are not stated and are presumed third-party/IB copyright. Do not redistribute or commit the binary.",
https://ibdocs.re/p/IB%20PAST%20PAPERS%20-%20YEAR/2023%20Examination%20Session/November%202023%20Examination%20Session/Studies%20in%20language%20and%20literature/Japanese_A_Language_and_literature_paper_1__HL.pdf,https://dl.ibdocs.re/documents/japanese-a-language-and-literature-paper-1-hl-86788b225192731b,2023,November 2023 Examination Session,Japanese A Language and Literature,Japanese; HL,question paper,November 2023 Examination Session/Studies in language and literature/Japanese_A_Language_and_literature_paper_1__HL.pdf,resources/private/past-papers/2022-2026/languages/2023/November 2023 Examination Session/Studies in language and literature/Japanese_A_Language_and_literature_paper_1__HL.pdf,application/pdf,5934437,b4000c6f332d17c0aee5ebb4c43d0c34d5831374fa1b460c6da4ce9faf486ca0,2026-09-02,downloaded,size_and_sha256_verified,"Private reference copy; the source page states CC BY-NC-ND 4.0 for the webpage, but rights for the exam file are not stated and are presumed third-party/IB copyright. Do not redistribute or commit the binary.",
https://ibdocs.re/p/IB%20PAST%20PAPERS%20-%20YEAR/2023%20Examination%20Session/November%202023%20Examination%20Session/Studies%20in%20language%20and%20literature/Japanese_A_Language_and_literature_paper_1__HLSL_markscheme.pdf,https://dl.ibdocs.re/documents/japanese-a-language-and-literature-paper-1-hlsl-markscheme-0b697816c9c879e3,2023,November 2023 Examination Session,Japanese A Language and Literature,Japanese; HL/SL,markscheme,November 2023 Examination Session/Studies in language and literature/Japanese_A_Language_and_literature_paper_1__HLSL_markscheme.pdf,resources/private/past-papers/2022-2026/languages/2023/November 2023 Examination Session/Studies in language and literature/Japanese_A_Language_and_literature_paper_1__HLSL_markscheme.pdf,application/pdf,467419,4e6cbc6257afb8313a4608973cdd40692a099cc28333e398e9278e650a11e133,2026-09-02,downloaded,size_and_sha256_verified,"Private reference copy; the source page states CC BY-NC-ND 4.0 for the webpage, but rights for the exam file are not stated and are presumed third-party/IB copyright. Do not redistribute or commit the binary.",
https://ibdocs.re/p/IB%20PAST%20PAPERS%20-%20YEAR/2023%20Examination%20Session/November%202023%20Examination%20Session/Studies%20in%20language%20and%20literature/Japanese_A_Language_and_literature_paper_1__SL.pdf,https://dl.ibdocs.re/documents/japanese-a-language-and-literature-paper-1-sl-2a1ab84115697054,2023,November 2023 Examination Session,Japanese A Language and Literature,Japanese; SL,question paper,November 2023 Examination Session/Studies in language and literature/Japanese_A_Language_and_literature_paper_1__SL.pdf,resources/private/past-papers/2022-2026/languages/2023/November 2023 Examination Session/Studies in language and literature/Japanese_A_Language_and_literature_paper_1__SL.pdf,application/pdf,5950412,d1b88bb434e5782e37822f8f6d8cae58f8cd5ea328712aa9ee60a7e26497b3a9,2026-09-02,downloaded,size_and_sha256_verified,"Private reference copy; the source page states CC BY-NC-ND 4.0 for the webpage, but rights for the exam file are not stated and are presumed third-party/IB copyright. Do not redistribute or commit the binary.",
https://ibdocs.re/p/IB%20PAST%20PAPERS%20-%20YEAR/2023%20Examination%20Session/November%202023%20Examination%20Session/Studies%20in%20language%20and%20literature/Japanese_A_Language_and_literature_paper_2__HLSL.pdf,https://dl.ibdocs.re/documents/japanese-a-language-and-literature-paper-2-hlsl-7a151530197fabf5,2023,November 2023 Examination Session,Japanese A Language and Literature,Japanese; HL/SL,question paper,November 2023 Examination Session/Studies in language and literature/Japanese_A_Language_and_literature_paper_2__HLSL.pdf,resources/private/past-papers/2022-2026/languages/2023/November 2023 Examination Session/Studies in language and literature/Japanese_A_Language_and_literature_paper_2__HLSL.pdf,application/pdf,353431,9d22c5828587be7c6dd1a6cc2a9789fed95fd8a203af05703f1104263e189e6c,2026-09-02,downloaded,size_and_sha256_verified,"Private reference copy; the source page states CC BY-NC-ND 4.0 for the webpage, but rights for the exam file are not stated and are presumed third-party/IB copyright. Do not redistribute or commit the binary.",
https://ibdocs.re/p/IB%20PAST%20PAPERS%20-%20YEAR/2023%20Examination%20Session/November%202023%20Examination%20Session/Studies%20in%20language%20and%20literature/Japanese_A_Literature_paper_1__HL.pdf,https://dl.ibdocs.re/documents/japanese-a-literature-paper-1-hl-ded7e9271ed12c42,2023,November 2023 Examination Session,Japanese A Literature,Japanese; HL,question paper,November 2023 Examination Session/Studies in language and literature/Japanese_A_Literature_paper_1__HL.pdf,resources/private/past-papers/2022-2026/languages/2023/November 2023 Examination Session/Studies in language and literature/Japanese_A_Literature_paper_1__HL.pdf,application/pdf,591197,815f7b1e6335fe6ec4d3d7d60805fc699e27947503d036136aee4286fc296b53,2026-09-02,downloaded,size_and_sha256_verified,"Private reference copy; the source page states CC BY-NC-ND 4.0 for the webpage, but rights for the exam file are not stated and are presumed third-party/IB copyright. Do not redistribute or commit the binary.",
https://ibdocs.re/p/IB%20PAST%20PAPERS%20-%20YEAR/2023%20Examination%20Session/November%202023%20Examination%20Session/Studies%20in%20language%20and%20literature/Japanese_A_Literature_paper_1__HLSL_markscheme.pdf,https://dl.ibdocs.re/documents/japanese-a-literature-paper-1-hlsl-markscheme-6a87cc45c966c0ec,2023,November 2023 Examination Session,Japanese A Literature,Japanese; HL/SL,markscheme,November 2023 Examination Session/Studies in language and literature/Japanese_A_Literature_paper_1__HLSL_markscheme.pdf,resources/private/past-papers/2022-2026/languages/2023/November 2023 Examination Session/Studies in language and literature/Japanese_A_Literature_paper_1__HLSL_markscheme.pdf,application/pdf,521071,b4287537c66f5f0eb214050cd6a6832c8dc23074c6e6dd27482be0e60702cd73,2026-09-02,downloaded,size_and_sha256_verified,"Private reference copy; the source page states CC BY-NC-ND 4.0 for the webpage, but rights for the exam file are not stated and are presumed third-party/IB copyright. Do not redistribute or commit the binary.",
https://ibdocs.re/p/IB%20PAST%20PAPERS%20-%20YEAR/2023%20Examination%20Session/November%202023%20Examination%20Session/Studies%20in%20language%20and%20literature/Japanese_A_Literature_paper_1__SL.pdf,https://dl.ibdocs.re/documents/japanese-a-literature-paper-1-sl-a0c09ab2a34fd69d,2023,November 2023 Examination Session,Japanese A Literature,Japanese; SL,question paper,November 2023 Examination Session/Studies in language and literature/Japanese_A_Literature_paper_1__SL.pdf,resources/private/past-papers/2022-2026/languages/2023/November 2023 Examination Session/Studies in language and literature/Japanese_A_Literature_paper_1__SL.pdf,application/pdf,593785,f8ac5a9c5bf9d27bfcd4efe8715ca56ff8f89efa2a945d28acda0fabb7605c86,2026-09-02,downloaded,size_and_sha256_verified,"Private reference copy; the source page states CC BY-NC-ND 4.0 for the webpage, but rights for the exam file are not stated and are presumed third-party/IB copyright. Do not redistribute or commit the binary.",
https://ibdocs.re/p/IB%20PAST%20PAPERS%20-%20YEAR/2023%20Examination%20Session/November%202023%20Examination%20Session/Studies%20in%20language%20and%20literature/Japanese_A_Literature_paper_2__HLSL.pdf,https://dl.ibdocs.re/documents/japanese-a-literature-paper-2-hlsl-2a36fd39a43c156c,2023,November 2023 Examination Session,Japanese A Literature,Japanese; HL/SL,question paper,November 2023 Examination Session/Studies in language and literature/Japanese_A_Literature_paper_2__HLSL.pdf,resources/private/past-papers/2022-2026/languages/2023/November 2023 Examination Session/Studies in language and literature/Japanese_A_Literature_paper_2__HLSL.pdf,application/pdf,353588,344683e3da9a49f8f7b39aa6bf0bc1e2945166f65de735763e970a72f4dc780b,2026-09-02,downloaded,size_and_sha256_verified,"Private reference copy; the source page states CC BY-NC-ND 4.0 for the webpage, but rights for the exam file are not stated and are presumed third-party/IB copyright. Do not redistribute or commit the binary.",
https://ibdocs.re/p/IB%20PAST%20PAPERS%20-%20YEAR/2023%20Examination%20Session/November%202023%20Examination%20Session/Studies%20in%20language%20and%20literature/Korean_A_Language_and_literature_paper_1__HL.pdf,https://dl.ibdocs.re/documents/korean-a-language-and-literature-paper-1-hl-4fe58ff18d604018,2023,November 2023 Examination Session,Korean A Language and Literature,Korean; HL,question paper,November 2023 Examination Session/Studies in language and literature/Korean_A_Language_and_literature_paper_1__HL.pdf,resources/private/past-papers/2022-2026/languages/2023/November 2023 Examination Session/Studies in language and literature/Korean_A_Language_and_literature_paper_1__HL.pdf,application/pdf,2248922,59e6d7fa29dd15d07cd60d68841b30ae9d2125227b218988fe636b74fc6745db,2026-09-02,downloaded,size_and_sha256_verified,"Private reference copy; the source page states CC BY-NC-ND 4.0 for the webpage, but rights for the exam file are not stated and are presumed third-party/IB copyright. Do not redistribute or commit the binary.",
https://ibdocs.re/p/IB%20PAST%20PAPERS%20-%20YEAR/2023%20Examination%20Session/November%202023%20Examination%20Session/Studies%20in%20language%20and%20literature/Korean_A_Language_and_literature_paper_1__HLSL_markscheme.pdf,https://dl.ibdocs.re/documents/korean-a-language-and-literature-paper-1-hlsl-markscheme-ab2575c557b59376,2023,November 2023 Examination Session,Korean A Language and Literature,Korean; HL/SL,markscheme,November 2023 Examination Session/Studies in language and literature/Korean_A_Language_and_literature_paper_1__HLSL_markscheme.pdf,resources/private/past-papers/2022-2026/languages/2023/November 2023 Examination Session/Studies in language and literature/Korean_A_Language_and_literature_paper_1__HLSL_markscheme.pdf,application/pdf,801104,f3df5d05ee0718b17d07296ea19621aca3b9f79dd2185ecc260c54d94495b3f6,2026-09-02,downloaded,size_and_sha256_verified,"Private reference copy; the source page states CC BY-NC-ND 4.0 for the webpage, but rights for the exam file are not stated and are presumed third-party/IB copyright. Do not redistribute or commit the binary.",
https://ibdocs.re/p/IB%20PAST%20PAPERS%20-%20YEAR/2023%20Examination%20Session/November%202023%20Examination%20Session/Studies%20in%20language%20and%20literature/Korean_A_Language_and_literature_paper_1__SL.pdf,https://dl.ibdocs.re/documents/korean-a-language-and-literature-paper-1-sl-ac4372d2c9895e0f,2023,November 2023 Examination Session,Korean A Language and Literature,Korean; SL,question paper,November 2023 Examination Session/Studies in language and literature/Korean_A_Language_and_literature_paper_1__SL.pdf,resources/private/past-papers/2022-2026/languages/2023/November 2023 Examination Session/Studies in language and literature/Korean_A_Language_and_literature_paper_1__SL.pdf,application/pdf,2249482,6689a6203c34f1893464e2d27c954b1e3fe1c207415e19e9b5f44dda72a8c364,2026-09-02,downloaded,size_and_sha256_verified,"Private reference copy; the source page states CC BY-NC-ND 4.0 for the webpage, but rights for the exam file are not stated and are presumed third-party/IB copyright. Do not redistribute or commit the binary.",
https://ibdocs.re/p/IB%20PAST%20PAPERS%20-%20YEAR/2023%20Examination%20Session/November%202023%20Examination%20Session/Studies%20in%20language%20and%20literature/Korean_A_Language_and_literature_paper_2__HLSL.pdf,https://dl.ibdocs.re/documents/korean-a-language-and-literature-paper-2-hlsl-ddb5d103b5e02e92,2023,November 2023 Examination Session,Korean A Language and Literature,Korean; HL/SL,question paper,November 2023 Examination Session/Studies in language and literature/Korean_A_Language_and_literature_paper_2__HLSL.pdf,resources/private/past-papers/2022-2026/languages/2023/November 2023 Examination Session/Studies in language and literature/Korean_A_Language_and_literature_paper_2__HLSL.pdf,application/pdf,315040,90775f9c4d98f94acdedfa47fbc38f0db4adc23114631de1b4061560fb7507ed,2026-09-02,downloaded,size_and_sha256_verified,"Private reference copy; the source page states CC BY-NC-ND 4.0 for the webpage, but rights for the exam file are not stated and are presumed third-party/IB copyright. Do not redistribute or commit the binary.",
https://ibdocs.re/p/IB%20PAST%20PAPERS%20-%20YEAR/2023%20Examination%20Session/November%202023%20Examination%20Session/Studies%20in%20language%20and%20literature/Korean_A_Literature_paper_1__HL.pdf,https://dl.ibdocs.re/documents/korean-a-literature-paper-1-hl-8b2001725f478b57,2023,November 2023 Examination Session,Korean A Literature,Korean; HL,question paper,November 2023 Examination Session/Studies in language and literature/Korean_A_Literature_paper_1__HL.pdf,resources/private/past-papers/2022-2026/languages/2023/November 2023 Examination Session/Studies in language and literature/Korean_A_Literature_paper_1__HL.pdf,application/pdf,929671,ce4fc65ddd26e3881d05c4b141b5091d09a512db98a6e4b69004f5c7a108896d,2026-09-02,downloaded,size_and_sha256_verified,"Private reference copy; the source page states CC BY-NC-ND 4.0 for the webpage, but rights for the exam file are not stated and are presumed third-party/IB copyright. Do not redistribute or commit the binary.",
https://ibdocs.re/p/IB%20PAST%20PAPERS%20-%20YEAR/2023%20Examination%20Session/November%202023%20Examination%20Session/Studies%20in%20language%20and%20literature/Korean_A_Literature_paper_1__HLSL_markscheme.pdf,https://dl.ibdocs.re/documents/korean-a-literature-paper-1-hlsl-markscheme-e7db01aceaf1d6f7,2023,November 2023 Examination Session,Korean A Literature,Korean; HL/SL,markscheme,November 2023 Examination Session/Studies in language and literature/Korean_A_Literature_paper_1__HLSL_markscheme.pdf,resources/private/past-papers/2022-2026/languages/2023/November 2023 Examination Session/Studies in language and literature/Korean_A_Literature_paper_1__HLSL_markscheme.pdf,application/pdf,714535,3dedcade865f21436ef54f0703d719e6d7cf8f625eb56801ce64a7c54ba3952e,2026-09-02,downloaded,size_and_sha256_verified,"Private reference copy; the source page states CC BY-NC-ND 4.0 for the webpage, but rights for the exam file are not stated and are presumed third-party/IB copyright. Do not redistribute or commit the binary.",
https://ibdocs.re/p/IB%20PAST%20PAPERS%20-%20YEAR/2023%20Examination%20Session/November%202023%20Examination%20Session/Studies%20in%20language%20and%20literature/Korean_A_Literature_paper_1__SL.pdf,https://dl.ibdocs.re/documents/korean-a-literature-paper-1-sl-916d9b637f734910,2023,November 2023 Examination Session,Korean A Literature,Korean; SL,question paper,November 2023 Examination Session/Studies in language and literature/Korean_A_Literature_paper_1__SL.pdf,resources/private/past-papers/2022-2026/languages/2023/November 2023 Examination Session/Studies in language and literature/Korean_A_Literature_paper_1__SL.pdf,application/pdf,932344,e44b454915340e648a3029264e8363c5826829e6f610fee48264e9d381b73510,2026-09-02,downloaded,size_and_sha256_verified,"Private reference copy; the source page states CC BY-NC-ND 4.0 for the webpage, but rights for the exam file are not stated and are presumed third-party/IB copyright. Do not redistribute or commit the binary.",
https://ibdocs.re/p/IB%20PAST%20PAPERS%20-%20YEAR/2023%20Examination%20Session/November%202023%20Examination%20Session/Studies%20in%20language%20and%20literature/Korean_A_Literature_paper_2__HLSL.pdf,https://dl.ibdocs.re/documents/korean-a-literature-paper-2-hlsl-2415274cb6f90b59,2023,November 2023 Examination Session,Korean A Literature,Korean; HL/SL,question paper,November 2023 Examination Session/Studies in language and literature/Korean_A_Literature_paper_2__HLSL.pdf,resources/private/past-papers/2022-2026/languages/2023/November 2023 Examination Session/Studies in language and literature/Korean_A_Literature_paper_2__HLSL.pdf,application/pdf,314720,04d1e48a994fec44648f9c8354b400c280cf2cd9d8af34c519fc7d9f824fe097,2026-09-02,downloaded,size_and_sha256_verified,"Private reference copy; the source page states CC BY-NC-ND 4.0 for the webpage, but rights for the exam file are not stated and are presumed third-party/IB copyright. Do not redistribute or commit the binary.",
https://ibdocs.re/p/IB%20PAST%20PAPERS%20-%20YEAR/2023%20Examination%20Session/November%202023%20Examination%20Session/Studies%20in%20language%20and%20literature/Spanish_A_Language_and_literature_paper_1__HL_Spanish.pdf,https://dl.ibdocs.re/documents/spanish-a-language-and-literature-paper-1-hl-spanish-517d054793720d43,2023,November 2023 Examination Session,Spanish A Language and Literature,Spanish; HL,question paper,November 2023 Examination Session/Studies in language and literature/Spanish_A_Language_and_literature_paper_1__HL_Spanish.pdf,resources/private/past-papers/2022-2026/languages/2023/November 2023 Examination Session/Studies in language and literature/Spanish_A_Language_and_literature_paper_1__HL_Spanish.pdf,application/pdf,1706937,8e442806f8c255ea67ddcbc14fcab2c28d378ddec7981919b7923dc65f0a295d,2026-09-02,downloaded,size_and_sha256_verified,"Private reference copy; the source page states CC BY-NC-ND 4.0 for the webpage, but rights for the exam file are not stated and are presumed third-party/IB copyright. Do not redistribute or commit the binary.",
https://ibdocs.re/p/IB%20PAST%20PAPERS%20-%20YEAR/2023%20Examination%20Session/November%202023%20Examination%20Session/Studies%20in%20language%20and%20literature/Spanish_A_Language_and_literature_paper_1__HLSL_markscheme_Spanish.pdf,https://dl.ibdocs.re/documents/spanish-a-language-and-literature-paper-1-hlsl-markscheme-spanish-255959060d060779,2023,November 2023 Examination Session,Spanish A Language and Literature,Spanish; HL/SL,markscheme,November 2023 Examination Session/Studies in language and literature/Spanish_A_Language_and_literature_paper_1__HLSL_markscheme_Spanish.pdf,resources/private/past-papers/2022-2026/languages/2023/November 2023 Examination Session/Studies in language and literature/Spanish_A_Language_and_literature_paper_1__HLSL_markscheme_Spanish.pdf,application/pdf,268604,7817cd879a9333727f6c05ed41ede6d07093ebecf25c14ec716c65f97808a527,2026-09-02,downloaded,size_and_sha256_verified,"Private reference copy; the source page states CC BY-NC-ND 4.0 for the webpage, but rights for the exam file are not stated and are presumed third-party/IB copyright. Do not redistribute or commit the binary.",
https://ibdocs.re/p/IB%20PAST%20PAPERS%20-%20YEAR/2023%20Examination%20Session/November%202023%20Examination%20Session/Studies%20in%20language%20and%20literature/Spanish_A_Language_and_literature_paper_1__SL_Spanish.pdf,https://dl.ibdocs.re/documents/spanish-a-language-and-literature-paper-1-sl-spanish-c5c90741c44e3828,2023,November 2023 Examination Session,Spanish A Language and Literature,Spanish; SL,question paper,November 2023 Examination Session/Studies in language and literature/Spanish_A_Language_and_literature_paper_1__SL_Spanish.pdf,resources/private/past-papers/2022-2026/languages/2023/November 2023 Examination Session/Studies in language and literature/Spanish_A_Language_and_literature_paper_1__SL_Spanish.pdf,application/pdf,1709029,bfde0391ca546a00ea090c29aa7d91db83ea1a7933a105ffb2598e9849233239,2026-09-02,downloaded,size_and_sha256_verified,"Private reference copy; the source page states CC BY-NC-ND 4.0 for the webpage, but rights for the exam file are not stated and are presumed third-party/IB copyright. Do not redistribute or commit the binary.",
https://ibdocs.re/p/IB%20PAST%20PAPERS%20-%20YEAR/2023%20Examination%20Session/November%202023%20Examination%20Session/Studies%20in%20language%20and%20literature/Spanish_A_Language_and_literature_paper_2__HLSL_Spanish.pdf,https://dl.ibdocs.re/documents/spanish-a-language-and-literature-paper-2-hlsl-spanish-155051c5e5a67245,2023,November 2023 Examination Session,Spanish A Language and Literature,Spanish; HL/SL,question paper,November 2023 Examination Session/Studies in language and literature/Spanish_A_Language_and_literature_paper_2__HLSL_Spanish.pdf,resources/private/past-papers/2022-2026/languages/2023/November 2023 Examination Session/Studies in language and literature/Spanish_A_Language_and_literature_paper_2__HLSL_Spanish.pdf,application/pdf,294720,8e749869e9387d19524f528668f6652c50eb6a86122a8b334731699d2fc12410,2026-09-02,downloaded,size_and_sha256_verified,"Private reference copy; the source page states CC BY-NC-ND 4.0 for the webpage, but rights for the exam file are not stated and are presumed third-party/IB copyright. Do not redistribute or commit the binary.",
https://ibdocs.re/p/IB%20PAST%20PAPERS%20-%20YEAR/2023%20Examination%20Session/November%202023%20Examination%20Session/Studies%20in%20language%20and%20literature/Spanish_A_Literature_paper_1__HL_Spanish.pdf,https://dl.ibdocs.re/documents/spanish-a-literature-paper-1-hl-spanish-13f3c0e222de37f8,2023,November 2023 Examination Session,Spanish A Literature,Spanish; HL,question paper,November 2023 Examination Session/Studies in language and literature/Spanish_A_Literature_paper_1__HL_Spanish.pdf,resources/private/past-papers/2022-2026/languages/2023/November 2023 Examination Session/Studies in language and literature/Spanish_A_Literature_paper_1__HL_Spanish.pdf,application/pdf,831224,c7a0ecd4bf6d5a9adf558fd9660968fec42eca51e71405e35ceefae0ac94b29f,2026-09-02,downloaded,size_and_sha256_verified,"Private reference copy; the source page states CC BY-NC-ND 4.0 for the webpage, but rights for the exam file are not stated and are presumed third-party/IB copyright. Do not redistribute or commit the binary.",
https://ibdocs.re/p/IB%20PAST%20PAPERS%20-%20YEAR/2023%20Examination%20Session/November%202023%20Examination%20Session/Studies%20in%20language%20and%20literature/Spanish_A_Literature_paper_1__HLSL_markscheme_Spanish.pdf,https://dl.ibdocs.re/documents/spanish-a-literature-paper-1-hlsl-markscheme-spanish-bedfdf85901cd610,2023,November 2023 Examination Session,Spanish A Literature,Spanish; HL/SL,markscheme,November 2023 Examination Session/Studies in language and literature/Spanish_A_Literature_paper_1__HLSL_markscheme_Spanish.pdf,resources/private/past-papers/2022-2026/languages/2023/November 2023 Examination Session/Studies in language and literature/Spanish_A_Literature_paper_1__HLSL_markscheme_Spanish.pdf,application/pdf,336146,737c2f993d32d34681e8032a1b7d1cfa55825e439a00aa2122e407178e5e5cea,2026-09-02,downloaded,size_and_sha256_verified,"Private reference copy; the source page states CC BY-NC-ND 4.0 for the webpage, but rights for the exam file are not stated and are presumed third-party/IB copyright. Do not redistribute or commit the binary.",
https://ibdocs.re/p/IB%20PAST%20PAPERS%20-%20YEAR/2023%20Examination%20Session/November%202023%20Examination%20Session/Studies%20in%20language%20and%20literature/Spanish_A_Literature_paper_1__SL_Spanish.pdf,https://dl.ibdocs.re/documents/spanish-a-literature-paper-1-sl-spanish-31bc150d74910b33,2023,November 2023 Examination Session,Spanish A Literature,Spanish; SL,question paper,November 2023 Examination Session/Studies in language and literature/Spanish_A_Literature_paper_1__SL_Spanish.pdf,resources/private/past-papers/2022-2026/languages/2023/November 2023 Examination Session/Studies in language and literature/Spanish_A_Literature_paper_1__SL_Spanish.pdf,application/pdf,831559,837849584e2f94a061dcc15d3e6f680bc9a2e7221105269d63417802ecf50c98,2026-09-02,downloaded,size_and_sha256_verified,"Private reference copy; the source page states CC BY-NC-ND 4.0 for the webpage, but rights for the exam file are not stated and are presumed third-party/IB copyright. Do not redistribute or commit the binary.",
https://ibdocs.re/p/IB%20PAST%20PAPERS%20-%20YEAR/2023%20Examination%20Session/November%202023%20Examination%20Session/Studies%20in%20language%20and%20literature/Spanish_A_Literature_paper_2__HLSL_Spanish.pdf,https://dl.ibdocs.re/documents/spanish-a-literature-paper-2-hlsl-spanish-cbc97e321835eaea,2023,November 2023 Examination Session,Spanish A Literature,Spanish; HL/SL,question paper,November 2023 Examination Session/Studies in language and literature/Spanish_A_Literature_paper_2__HLSL_Spanish.pdf,resources/private/past-papers/2022-2026/languages/2023/November 2023 Examination Session/Studies in language and literature/Spanish_A_Literature_paper_2__HLSL_Spanish.pdf,application/pdf,295316,15ffc31f6c9feceb7985c88d8d1e533e56452deda12378763259d89ef01cb811,2026-09-02,downloaded,size_and_sha256_verified,"Private reference copy; the source page states CC BY-NC-ND 4.0 for the webpage, but rights for the exam file are not stated and are presumed third-party/IB copyright. Do not redistribute or commit the binary.",
https://ibdocs.re/p/IB%20PAST%20PAPERS%20-%20YEAR/2024%20Examination%20Session/May%202024%20Examination%20Session/audio/m242abenghliengtz0xxl.mp3,https://dl.ibdocs.re/IB%20PAST%20PAPERS%20-%20YEAR/2024%20Examination%20Session/May%202024%20Examination%20Session/audio,2024,May 2024 Examination Session,English B,English; HL,audio recording,May 2024 Examination Session/audio/m242abenghliengtz0xxl.mp3,resources/private/past-papers/2022-2026/languages/2024/May 2024 Examination Session/audio/m242abenghliengtz0xxl.mp3,audio/mpeg,24105088,938b516003ff80841ee0c46e629777cdbf81361fa35ee7e9b456da21ab132f79,2026-09-02,downloaded,size_and_sha256_verified,"Private reference copy; the source page states CC BY-NC-ND 4.0 for the webpage, but rights for the exam file are not stated and are presumed third-party/IB copyright. Do not redistribute or commit the binary.",Opaque archive filename decoded from IB subject code: abeng = English B; abspa = Spanish B.
https://ibdocs.re/p/IB%20PAST%20PAPERS%20-%20YEAR/2024%20Examination%20Session/May%202024%20Examination%20Session/audio/m242abengsliengtz0xxl.mp3,https://dl.ibdocs.re/IB%20PAST%20PAPERS%20-%20YEAR/2024%20Examination%20Session/May%202024%20Examination%20Session/audio,2024,May 2024 Examination Session,English B,English; SL,audio recording,May 2024 Examination Session/audio/m242abengsliengtz0xxl.mp3,resources/private/past-papers/2022-2026/languages/2024/May 2024 Examination Session/audio/m242abengsliengtz0xxl.mp3,audio/mpeg,18242933,c8519c9788af6820067bd5f8195ba123b9cded78e4d8a26d92e45ef4a9c835ce,2026-09-02,downloaded,size_and_sha256_verified,"Private reference copy; the source page states CC BY-NC-ND 4.0 for the webpage, but rights for the exam file are not stated and are presumed third-party/IB copyright. Do not redistribute or commit the binary.",Opaque archive filename decoded from IB subject code: abeng = English B; abspa = Spanish B.
https://ibdocs.re/p/IB%20PAST%20PAPERS%20-%20YEAR/2024%20Examination%20Session/May%202024%20Examination%20Session/audio/m242abspahlispatz0xxl.mp3,https://dl.ibdocs.re/IB%20PAST%20PAPERS%20-%20YEAR/2024%20Examination%20Session/May%202024%20Examination%20Session/audio,2024,May 2024 Examination Session,Spanish B,Spanish; HL,audio recording,May 2024 Examination Session/audio/m242abspahlispatz0xxl.mp3,resources/private/past-papers/2022-2026/languages/2024/May 2024 Examination Session/audio/m242abspahlispatz0xxl.mp3,audio/mpeg,25190976,f205f6bd2f4a509066605a402fd25199ded4255bfd6d41e939582a29573b306e,2026-09-02,downloaded,size_and_sha256_verified,"Private reference copy; the source page states CC BY-NC-ND 4.0 for the webpage, but rights for the exam file are not stated and are presumed third-party/IB copyright. Do not redistribute or commit the binary.",Opaque archive filename decoded from IB subject code: abeng = English B; abspa = Spanish B.
https://ibdocs.re/p/IB%20PAST%20PAPERS%20-%20YEAR/2024%20Examination%20Session/May%202024%20Examination%20Session/audio/m242abspaslispatz0xxl.mp3,https://dl.ibdocs.re/IB%20PAST%20PAPERS%20-%20YEAR/2024%20Examination%20Session/May%202024%20Examination%20Session/audio,2024,May 2024 Examination Session,Spanish B,Spanish; SL,audio recording,May 2024 Examination Session/audio/m242abspaslispatz0xxl.mp3,resources/private/past-papers/2022-2026/languages/2024/May 2024 Examination Session/audio/m242abspaslispatz0xxl.mp3,audio/mpeg,19135538,7252703fe7fafa869b18e0ba07922d4d7ee2d59bcf127a001abb241abd370ae0,2026-09-02,downloaded,size_and_sha256_verified,"Private reference copy; the source page states CC BY-NC-ND 4.0 for the webpage, but rights for the exam file are not stated and are presumed third-party/IB copyright. Do not redistribute or commit the binary.",Opaque archive filename decoded from IB subject code: abeng = English B; abspa = Spanish B.
https://ibdocs.re/p/IB%20PAST%20PAPERS%20-%20YEAR/2024%20Examination%20Session/May%202024%20Examination%20Session/Language%20acquisition/English_B_listening_comprehension__HL_markscheme.pdf,https://dl.ibdocs.re/documents/english-b-listening-comprehension-hl-markscheme-ffaba7192afd0d41,2024,May 2024 Examination Session,English B,English; HL,markscheme,May 2024 Examination Session/Language acquisition/English_B_listening_comprehension__HL_markscheme.pdf,resources/private/past-papers/2022-2026/languages/2024/May 2024 Examination Session/Language acquisition/English_B_listening_comprehension__HL_markscheme.pdf,application/pdf,544120,d9d3459f232171ec41a9f7dbefd8828a1b4bc444404055ce6c7c8f6295d7e9ff,2026-09-02,downloaded,size_and_sha256_verified,"Private reference copy; the source page states CC BY-NC-ND 4.0 for the webpage, but rights for the exam file are not stated and are presumed third-party/IB copyright. Do not redistribute or commit the binary.",
https://ibdocs.re/p/IB%20PAST%20PAPERS%20-%20YEAR/2024%20Examination%20Session/May%202024%20Examination%20Session/Language%20acquisition/English_B_listening_comprehension__HL.pdf,https://dl.ibdocs.re/documents/english-b-listening-comprehension-hl-c1d2386baf05349e,2024,May 2024 Examination Session,English B,English; HL,listening question paper/associated material,May 2024 Examination Session/Language acquisition/English_B_listening_comprehension__HL.pdf,resources/private/past-papers/2022-2026/languages/2024/May 2024 Examination Session/Language acquisition/English_B_listening_comprehension__HL.pdf,application/pdf,650435,558d3b425006b967178b05f956b3a60e58578ddc631630e5d16017cd6a2bf999,2026-09-02,downloaded,size_and_sha256_verified,"Private reference copy; the source page states CC BY-NC-ND 4.0 for the webpage, but rights for the exam file are not stated and are presumed third-party/IB copyright. Do not redistribute or commit the binary.",
https://ibdocs.re/p/IB%20PAST%20PAPERS%20-%20YEAR/2024%20Examination%20Session/May%202024%20Examination%20Session/Language%20acquisition/English_B_listening_comprehension__SL_markscheme.pdf,https://dl.ibdocs.re/documents/english-b-listening-comprehension-sl-markscheme-86bc76367af4ae2c,2024,May 2024 Examination Session,English B,English; SL,markscheme,May 2024 Examination Session/Language acquisition/English_B_listening_comprehension__SL_markscheme.pdf,resources/private/past-papers/2022-2026/languages/2024/May 2024 Examination Session/Language acquisition/English_B_listening_comprehension__SL_markscheme.pdf,application/pdf,558478,184a9d305e87ed0170035f33cb4bc2aad4a2d5c5b418423421e9e05464c2e851,2026-09-02,downloaded,size_and_sha256_verified,"Private reference copy; the source page states CC BY-NC-ND 4.0 for the webpage, but rights for the exam file are not stated and are presumed third-party/IB copyright. Do not redistribute or commit the binary.",
https://ibdocs.re/p/IB%20PAST%20PAPERS%20-%20YEAR/2024%20Examination%20Session/May%202024%20Examination%20Session/Language%20acquisition/English_B_listening_comprehension__SL.pdf,https://dl.ibdocs.re/documents/english-b-listening-comprehension-sl-4327ee3941944219,2024,May 2024 Examination Session,English B,English; SL,listening question paper/associated material,May 2024 Examination Session/Language acquisition/English_B_listening_comprehension__SL.pdf,resources/private/past-papers/2022-2026/languages/2024/May 2024 Examination Session/Language acquisition/English_B_listening_comprehension__SL.pdf,application/pdf,550226,0aba169fe5ad2a4d84cb0f150b8ea01e2e72c503af724e91cefb0a219beb34c3,2026-09-02,downloaded,size_and_sha256_verified,"Private reference copy; the source page states CC BY-NC-ND 4.0 for the webpage, but rights for the exam file are not stated and are presumed third-party/IB copyright. Do not redistribute or commit the binary.",
https://ibdocs.re/p/IB%20PAST%20PAPERS%20-%20YEAR/2024%20Examination%20Session/May%202024%20Examination%20Session/Language%20acquisition/English_B_paper_1__TZ1_HL_markscheme.pdf,https://dl.ibdocs.re/documents/english-b-paper-1-tz1-hl-markscheme-92e425dff42c235f,2024,May 2024 Examination Session,English B,English; HL; TZ1,markscheme,May 2024 Examination Session/Language acquisition/English_B_paper_1__TZ1_HL_markscheme.pdf,resources/private/past-papers/2022-2026/languages/2024/May 2024 Examination Session/Language acquisition/English_B_paper_1__TZ1_HL_markscheme.pdf,application/pdf,526806,ecd668ba85bc3a60d4cb60fb004f22ae01d1ff66e30f6e11e75974c1aa1cc50e,2026-09-02,downloaded,size_and_sha256_verified,"Private reference copy; the source page states CC BY-NC-ND 4.0 for the webpage, but rights for the exam file are not stated and are presumed third-party/IB copyright. Do not redistribute or commit the binary.",
https://ibdocs.re/p/IB%20PAST%20PAPERS%20-%20YEAR/2024%20Examination%20Session/May%202024%20Examination%20Session/Language%20acquisition/English_B_paper_1__TZ1_HL.pdf,https://dl.ibdocs.re/documents/english-b-paper-1-tz1-hl-47ff53b59b1ec0b4,2024,May 2024 Examination Session,English B,English; HL; TZ1,question paper,May 2024 Examination Session/Language acquisition/English_B_paper_1__TZ1_HL.pdf,resources/private/past-papers/2022-2026/languages/2024/May 2024 Examination Session/Language acquisition/English_B_paper_1__TZ1_HL.pdf,application/pdf,294215,3809a0047813fd14097f0f969bbd883686b372fba431fb77fc42617522e50c2b,2026-09-02,downloaded,size_and_sha256_verified,"Private reference copy; the source page states CC BY-NC-ND 4.0 for the webpage, but rights for the exam file are not stated and are presumed third-party/IB copyright. Do not redistribute or commit the binary.",
https://ibdocs.re/p/IB%20PAST%20PAPERS%20-%20YEAR/2024%20Examination%20Session/May%202024%20Examination%20Session/Language%20acquisition/English_B_paper_1__TZ1_SL_markscheme.pdf,https://dl.ibdocs.re/documents/english-b-paper-1-tz1-sl-markscheme-bf96440515e0455e,2024,May 2024 Examination Session,English B,English; SL; TZ1,markscheme,May 2024 Examination Session/Language acquisition/English_B_paper_1__TZ1_SL_markscheme.pdf,resources/private/past-papers/2022-2026/languages/2024/May 2024 Examination Session/Language acquisition/English_B_paper_1__TZ1_SL_markscheme.pdf,application/pdf,498397,b1dd544886d6bf0b615479ea84277ae9c9e0baf0547c6c86311738f83021dd44,2026-09-02,downloaded,size_and_sha256_verified,"Private reference copy; the source page states CC BY-NC-ND 4.0 for the webpage, but rights for the exam file are not stated and are presumed third-party/IB copyright. Do not redistribute or commit the binary.",
https://ibdocs.re/p/IB%20PAST%20PAPERS%20-%20YEAR/2024%20Examination%20Session/May%202024%20Examination%20Session/Language%20acquisition/English_B_paper_1__TZ1_SL.pdf,https://dl.ibdocs.re/documents/english-b-paper-1-tz1-sl-f77b2691ec643c7b,2024,May 2024 Examination Session,English B,English; SL; TZ1,question paper,May 2024 Examination Session/Language acquisition/English_B_paper_1__TZ1_SL.pdf,resources/private/past-papers/2022-2026/languages/2024/May 2024 Examination Session/Language acquisition/English_B_paper_1__TZ1_SL.pdf,application/pdf,292621,53f3262eeee9097453911d51a005210cc195ceb320d562ba372035eaf2cff10d,2026-09-02,downloaded,size_and_sha256_verified,"Private reference copy; the source page states CC BY-NC-ND 4.0 for the webpage, but rights for the exam file are not stated and are presumed third-party/IB copyright. Do not redistribute or commit the binary.",
https://ibdocs.re/p/IB%20PAST%20PAPERS%20-%20YEAR/2024%20Examination%20Session/May%202024%20Examination%20Session/Language%20acquisition/English_B_paper_1__TZ2_HL_markscheme.pdf,https://dl.ibdocs.re/documents/english-b-paper-1-tz2-hl-markscheme-4be866ebfa077b1a,2024,May 2024 Examination Session,English B,English; HL; TZ2,markscheme,May 2024 Examination Session/Language acquisition/English_B_paper_1__TZ2_HL_markscheme.pdf,resources/private/past-papers/2022-2026/languages/2024/May 2024 Examination Session/Language acquisition/English_B_paper_1__TZ2_HL_markscheme.pdf,application/pdf,505182,ffe4a0a2cb1f743a597b57ad8581d6eee04066d617ba86737343ba50b4f53129,2026-09-02,downloaded,size_and_sha256_verified,"Private reference copy; the source page states CC BY-NC-ND 4.0 for the webpage, but rights for the exam file are not stated and are presumed third-party/IB copyright. Do not redistribute or commit the binary.",
https://ibdocs.re/p/IB%20PAST%20PAPERS%20-%20YEAR/2024%20Examination%20Session/May%202024%20Examination%20Session/Language%20acquisition/English_B_paper_1__TZ2_HL.pdf,https://dl.ibdocs.re/documents/english-b-paper-1-tz2-hl-fb293b11591e1a87,2024,May 2024 Examination Session,English B,English; HL; TZ2,question paper,May 2024 Examination Session/Language acquisition/English_B_paper_1__TZ2_HL.pdf,resources/private/past-papers/2022-2026/languages/2024/May 2024 Examination Session/Language acquisition/English_B_paper_1__TZ2_HL.pdf,application/pdf,294314,d1269c107b4da8afb00b2a933c4446e5e60654fbe924a12053c19a46ebc82206,2026-09-02,downloaded,size_and_sha256_verified,"Private reference copy; the source page states CC BY-NC-ND 4.0 for the webpage, but rights for the exam file are not stated and are presumed third-party/IB copyright. Do not redistribute or commit the binary.",
https://ibdocs.re/p/IB%20PAST%20PAPERS%20-%20YEAR/2024%20Examination%20Session/May%202024%20Examination%20Session/Language%20acquisition/English_B_paper_1__TZ2_SL_markscheme.pdf,https://dl.ibdocs.re/documents/english-b-paper-1-tz2-sl-markscheme-1d4550a474bf7deb,2024,May 2024 Examination Session,English B,English; SL; TZ2,markscheme,May 2024 Examination Session/Language acquisition/English_B_paper_1__TZ2_SL_markscheme.pdf,resources/private/past-papers/2022-2026/languages/2024/May 2024 Examination Session/Language acquisition/English_B_paper_1__TZ2_SL_markscheme.pdf,application/pdf,517418,2bb8ad94f5eb4b8c34be7c5d22b77dbc2f9608b5769e365ea2eb0d9a3a64ae2c,2026-09-02,downloaded,size_and_sha256_verified,"Private reference copy; the source page states CC BY-NC-ND 4.0 for the webpage, but rights for the exam file are not stated and are presumed third-party/IB copyright. Do not redistribute or commit the binary.",
https://ibdocs.re/p/IB%20PAST%20PAPERS%20-%20YEAR/2024%20Examination%20Session/May%202024%20Examination%20Session/Language%20acquisition/English_B_paper_1__TZ2_SL.pdf,https://dl.ibdocs.re/documents/english-b-paper-1-tz2-sl-0f6b0835e1cb52e0,2024,May 2024 Examination Session,English B,English; SL; TZ2,question paper,May 2024 Examination Session/Language acquisition/English_B_paper_1__TZ2_SL.pdf,resources/private/past-papers/2022-2026/languages/2024/May 2024 Examination Session/Language acquisition/English_B_paper_1__TZ2_SL.pdf,application/pdf,298455,3f24af98d97d7a386992f254695982279fab92dff48f308a072b1ad4d9e6a9a7,2026-09-02,downloaded,size_and_sha256_verified,"Private reference copy; the source page states CC BY-NC-ND 4.0 for the webpage, but rights for the exam file are not stated and are presumed third-party/IB copyright. Do not redistribute or commit the binary.",
https://ibdocs.re/p/IB%20PAST%20PAPERS%20-%20YEAR/2024%20Examination%20Session/May%202024%20Examination%20Session/Language%20acquisition/English_B_paper_2_reading_comprehension__question_booklet_TZ1_SL.pdf,https://dl.ibdocs.re/documents/english-b-paper-2-reading-comprehension-question-booklet-tz1-sl-fc2ec735d7a0802a,2024,May 2024 Examination Session,English B,English; SL; TZ1,question booklet,May 2024 Examination Session/Language acquisition/English_B_paper_2_reading_comprehension__question_booklet_TZ1_SL.pdf,resources/private/past-papers/2022-2026/languages/2024/May 2024 Examination Session/Language acquisition/English_B_paper_2_reading_comprehension__question_booklet_TZ1_SL.pdf,application/pdf,898082,a13130b4645d29edda5f32a05163ba6eca6feb7a093dbfb2f76ac5954d200b0b,2026-09-02,downloaded,size_and_sha256_verified,"Private reference copy; the source page states CC BY-NC-ND 4.0 for the webpage, but rights for the exam file are not stated and are presumed third-party/IB copyright. Do not redistribute or commit the binary.",
https://ibdocs.re/p/IB%20PAST%20PAPERS%20-%20YEAR/2024%20Examination%20Session/May%202024%20Examination%20Session/Language%20acquisition/English_B_paper_2_reading_comprehension__question_booklet_TZ2_SL.pdf,https://dl.ibdocs.re/documents/english-b-paper-2-reading-comprehension-question-booklet-tz2-sl-e0f8a14ee5175f61,2024,May 2024 Examination Session,English B,English; SL; TZ2,question booklet,May 2024 Examination Session/Language acquisition/English_B_paper_2_reading_comprehension__question_booklet_TZ2_SL.pdf,resources/private/past-papers/2022-2026/languages/2024/May 2024 Examination Session/Language acquisition/English_B_paper_2_reading_comprehension__question_booklet_TZ2_SL.pdf,application/pdf,471052,b2fbb63f3f34bbc08cb656ca19a4332a11e659d4bf1a98c65a2e0d15b70d5842,2026-09-02,downloaded,size_and_sha256_verified,"Private reference copy; the source page states CC BY-NC-ND 4.0 for the webpage, but rights for the exam file are not stated and are presumed third-party/IB copyright. Do not redistribute or commit the binary.",
https://ibdocs.re/p/IB%20PAST%20PAPERS%20-%20YEAR/2024%20Examination%20Session/May%202024%20Examination%20Session/Language%20acquisition/English_B_paper_2_reading_comprehension__text_booklet_TZ1_SL.pdf,https://dl.ibdocs.re/documents/english-b-paper-2-reading-comprehension-text-booklet-tz1-sl-e040e00912ac5f27,2024,May 2024 Examination Session,English B,English; SL; TZ1,text booklet,May 2024 Examination Session/Language acquisition/English_B_paper_2_reading_comprehension__text_booklet_TZ1_SL.pdf,resources/private/past-papers/2022-2026/languages/2024/May 2024 Examination Session/Language acquisition/English_B_paper_2_reading_comprehension__text_booklet_TZ1_SL.pdf,application/pdf,927440,9bc831278ddc9b63ab3a699b6ef3fd62aa847b8fc2803e245e430533b84d0f87,2026-09-02,downloaded,size_and_sha256_verified,"Private reference copy; the source page states CC BY-NC-ND 4.0 for the webpage, but rights for the exam file are not stated and are presumed third-party/IB copyright. Do not redistribute or commit the binary.",
https://ibdocs.re/p/IB%20PAST%20PAPERS%20-%20YEAR/2024%20Examination%20Session/May%202024%20Examination%20Session/Language%20acquisition/English_B_paper_2_reading_comprehension__text_booklet_TZ2_SL.pdf,https://dl.ibdocs.re/documents/english-b-paper-2-reading-comprehension-text-booklet-tz2-sl-56bb5065676c565c,2024,May 2024 Examination Session,English B,English; SL; TZ2,text booklet,May 2024 Examination Session/Language acquisition/English_B_paper_2_reading_comprehension__text_booklet_TZ2_SL.pdf,resources/private/past-papers/2022-2026/languages/2024/May 2024 Examination Session/Language acquisition/English_B_paper_2_reading_comprehension__text_booklet_TZ2_SL.pdf,application/pdf,927372,4aa96c2edec90a801c6d58679c91c1b2c4b0843d9579a8150e94bf87d78c6cce,2026-09-02,downloaded,size_and_sha256_verified,"Private reference copy; the source page states CC BY-NC-ND 4.0 for the webpage, but rights for the exam file are not stated and are presumed third-party/IB copyright. Do not redistribute or commit the binary.",
https://ibdocs.re/p/IB%20PAST%20PAPERS%20-%20YEAR/2024%20Examination%20Session/May%202024%20Examination%20Session/Language%20acquisition/English_B_paper_2_reading_comprehension__TZ1_SL_markscheme.pdf,https://dl.ibdocs.re/documents/english-b-paper-2-reading-comprehension-tz1-sl-markscheme-b203436d392a33e9,2024,May 2024 Examination Session,English B,English; SL; TZ1,markscheme,May 2024 Examination Session/Language acquisition/English_B_paper_2_reading_comprehension__TZ1_SL_markscheme.pdf,resources/private/past-papers/2022-2026/languages/2024/May 2024 Examination Session/Language acquisition/English_B_paper_2_reading_comprehension__TZ1_SL_markscheme.pdf,application/pdf,565737,4afe8c7487b3867f8d4107d8d39dc67269eb0758cb7fbd1400fae4755d35a539,2026-09-02,downloaded,size_and_sha256_verified,"Private reference copy; the source page states CC BY-NC-ND 4.0 for the webpage, but rights for the exam file are not stated and are presumed third-party/IB copyright. Do not redistribute or commit the binary.",
https://ibdocs.re/p/IB%20PAST%20PAPERS%20-%20YEAR/2024%20Examination%20Session/May%202024%20Examination%20Session/Language%20acquisition/English_B_paper_2_reading_comprehension__TZ2_SL_markscheme.pdf,https://dl.ibdocs.re/documents/english-b-paper-2-reading-comprehension-tz2-sl-markscheme-4dbba02efe3295f0,2024,May 2024 Examination Session,English B,English; SL; TZ2,markscheme,May 2024 Examination Session/Language acquisition/English_B_paper_2_reading_comprehension__TZ2_SL_markscheme.pdf,resources/private/past-papers/2022-2026/languages/2024/May 2024 Examination Session/Language acquisition/English_B_paper_2_reading_comprehension__TZ2_SL_markscheme.pdf,application/pdf,399938,db264b3af7893f7c907e2484dfe905f57835c5c02c32a8e22392f4b23b7c4c11,2026-09-02,downloaded,size_and_sha256_verified,"Private reference copy; the source page states CC BY-NC-ND 4.0 for the webpage, but rights for the exam file are not stated and are presumed third-party/IB copyright. Do not redistribute or commit the binary.",
https://ibdocs.re/p/IB%20PAST%20PAPERS%20-%20YEAR/2024%20Examination%20Session/May%202024%20Examination%20Session/Language%20acquisition/Spanish_B_listening_comprehension__HL_markscheme_Spanish.pdf,https://dl.ibdocs.re/documents/spanish-b-listening-comprehension-hl-markscheme-spanish-714a8723aa5b69e6,2024,May 2024 Examination Session,Spanish B,Spanish; HL,markscheme,May 2024 Examination Session/Language acquisition/Spanish_B_listening_comprehension__HL_markscheme_Spanish.pdf,resources/private/past-papers/2022-2026/languages/2024/May 2024 Examination Session/Language acquisition/Spanish_B_listening_comprehension__HL_markscheme_Spanish.pdf,application/pdf,621258,dc2797fc59c15e148dd7025136d8fc04a67f14fd0c3255ba1d9719d6697e64ff,2026-09-02,downloaded,size_and_sha256_verified,"Private reference copy; the source page states CC BY-NC-ND 4.0 for the webpage, but rights for the exam file are not stated and are presumed third-party/IB copyright. Do not redistribute or commit the binary.",
https://ibdocs.re/p/IB%20PAST%20PAPERS%20-%20YEAR/2024%20Examination%20Session/May%202024%20Examination%20Session/Language%20acquisition/Spanish_B_listening_comprehension__HL_Spanish.pdf,https://dl.ibdocs.re/documents/spanish-b-listening-comprehension-hl-spanish-2629690b97085e6d,2024,May 2024 Examination Session,Spanish B,Spanish; HL,listening question paper/associated material,May 2024 Examination Session/Language acquisition/Spanish_B_listening_comprehension__HL_Spanish.pdf,resources/private/past-papers/2022-2026/languages/2024/May 2024 Examination Session/Language acquisition/Spanish_B_listening_comprehension__HL_Spanish.pdf,application/pdf,536477,6cdfaa3cb1df096686e07d72f64ae7f5da6843fec1993cfa4bb5487e5b6da9ba,2026-09-02,downloaded,size_and_sha256_verified,"Private reference copy; the source page states CC BY-NC-ND 4.0 for the webpage, but rights for the exam file are not stated and are presumed third-party/IB copyright. Do not redistribute or commit the binary.",
https://ibdocs.re/p/IB%20PAST%20PAPERS%20-%20YEAR/2024%20Examination%20Session/May%202024%20Examination%20Session/Language%20acquisition/Spanish_B_listening_comprehension__SL_markscheme_Spanish.pdf,https://dl.ibdocs.re/documents/spanish-b-listening-comprehension-sl-markscheme-spanish-e2e4944e7d84883b,2024,May 2024 Examination Session,Spanish B,Spanish; SL,markscheme,May 2024 Examination Session/Language acquisition/Spanish_B_listening_comprehension__SL_markscheme_Spanish.pdf,resources/private/past-papers/2022-2026/languages/2024/May 2024 Examination Session/Language acquisition/Spanish_B_listening_comprehension__SL_markscheme_Spanish.pdf,application/pdf,604789,69c8ba57bf34ca5e8b4ba9e981e17d6068d37e20f21c76d6573e0db75a1f4a8c,2026-09-02,downloaded,size_and_sha256_verified,"Private reference copy; the source page states CC BY-NC-ND 4.0 for the webpage, but rights for the exam file are not stated and are presumed third-party/IB copyright. Do not redistribute or commit the binary.",
https://ibdocs.re/p/IB%20PAST%20PAPERS%20-%20YEAR/2024%20Examination%20Session/May%202024%20Examination%20Session/Language%20acquisition/Spanish_B_listening_comprehension__SL_Spanish.pdf,https://dl.ibdocs.re/documents/spanish-b-listening-comprehension-sl-spanish-0680786f2b39490e,2024,May 2024 Examination Session,Spanish B,Spanish; SL,listening question paper/associated material,May 2024 Examination Session/Language acquisition/Spanish_B_listening_comprehension__SL_Spanish.pdf,resources/private/past-papers/2022-2026/languages/2024/May 2024 Examination Session/Language acquisition/Spanish_B_listening_comprehension__SL_Spanish.pdf,application/pdf,618569,a4b6711499d995f68174495c80d1f1d92048852756fea298ca028f778c01509e,2026-09-02,downloaded,size_and_sha256_verified,"Private reference copy; the source page states CC BY-NC-ND 4.0 for the webpage, but rights for the exam file are not stated and are presumed third-party/IB copyright. Do not redistribute or commit the binary.",
https://ibdocs.re/p/IB%20PAST%20PAPERS%20-%20YEAR/2024%20Examination%20Session/May%202024%20Examination%20Session/Language%20acquisition/Spanish_B_paper_1__TZ1_HL_markscheme_Spanish.pdf,https://dl.ibdocs.re/documents/spanish-b-paper-1-tz1-hl-markscheme-spanish-ffc0ade932f6851c,2024,May 2024 Examination Session,Spanish B,Spanish; HL; TZ1,markscheme,May 2024 Examination Session/Language acquisition/Spanish_B_paper_1__TZ1_HL_markscheme_Spanish.pdf,resources/private/past-papers/2022-2026/languages/2024/May 2024 Examination Session/Language acquisition/Spanish_B_paper_1__TZ1_HL_markscheme_Spanish.pdf,application/pdf,673293,61e4f8943f6fdf36c5ee31704a6211b6c740a613c4b2af0b295fa46d87154690,2026-09-02,downloaded,size_and_sha256_verified,"Private reference copy; the source page states CC BY-NC-ND 4.0 for the webpage, but rights for the exam file are not stated and are presumed third-party/IB copyright. Do not redistribute or commit the binary.",
https://ibdocs.re/p/IB%20PAST%20PAPERS%20-%20YEAR/2024%20Examination%20Session/May%202024%20Examination%20Session/Language%20acquisition/Spanish_B_paper_1__TZ1_HL_Spanish.pdf,https://dl.ibdocs.re/documents/spanish-b-paper-1-tz1-hl-spanish-dceab3a685b749b3,2024,May 2024 Examination Session,Spanish B,Spanish; HL; TZ1,question paper,May 2024 Examination Session/Language acquisition/Spanish_B_paper_1__TZ1_HL_Spanish.pdf,resources/private/past-papers/2022-2026/languages/2024/May 2024 Examination Session/Language acquisition/Spanish_B_paper_1__TZ1_HL_Spanish.pdf,application/pdf,294818,6f385bd51bfc73e046c4dbbe3ff7fcc9332e57306178a2d43c4fe6bb3b261413,2026-09-02,downloaded,size_and_sha256_verified,"Private reference copy; the source page states CC BY-NC-ND 4.0 for the webpage, but rights for the exam file are not stated and are presumed third-party/IB copyright. Do not redistribute or commit the binary.",
https://ibdocs.re/p/IB%20PAST%20PAPERS%20-%20YEAR/2024%20Examination%20Session/May%202024%20Examination%20Session/Language%20acquisition/Spanish_B_paper_1__TZ1_SL_markscheme_Spanish.pdf,https://dl.ibdocs.re/documents/spanish-b-paper-1-tz1-sl-markscheme-spanish-8e09fec6e2a6079d,2024,May 2024 Examination Session,Spanish B,Spanish; SL; TZ1,markscheme,May 2024 Examination Session/Language acquisition/Spanish_B_paper_1__TZ1_SL_markscheme_Spanish.pdf,resources/private/past-papers/2022-2026/languages/2024/May 2024 Examination Session/Language acquisition/Spanish_B_paper_1__TZ1_SL_markscheme_Spanish.pdf,application/pdf,647808,55719dbdfbaa70c2a9c18474815a2b8c5cfbc43385a23aa6d37568a8cd3ddd43,2026-09-02,downloaded,size_and_sha256_verified,"Private reference copy; the source page states CC BY-NC-ND 4.0 for the webpage, but rights for the exam file are not stated and are presumed third-party/IB copyright. Do not redistribute or commit the binary.",
https://ibdocs.re/p/IB%20PAST%20PAPERS%20-%20YEAR/2024%20Examination%20Session/May%202024%20Examination%20Session/Language%20acquisition/Spanish_B_paper_1__TZ1_SL_Spanish.pdf,https://dl.ibdocs.re/documents/spanish-b-paper-1-tz1-sl-spanish-bf225f7b34047678,2024,May 2024 Examination Session,Spanish B,Spanish; SL; TZ1,question paper,May 2024 Examination Session/Language acquisition/Spanish_B_paper_1__TZ1_SL_Spanish.pdf,resources/private/past-papers/2022-2026/languages/2024/May 2024 Examination Session/Language acquisition/Spanish_B_paper_1__TZ1_SL_Spanish.pdf,application/pdf,294596,9c3afdc50b1ccf6b1830f7eee856eb403a4eb887a279430f3efc21d4bc2120bb,2026-09-02,downloaded,size_and_sha256_verified,"Private reference copy; the source page states CC BY-NC-ND 4.0 for the webpage, but rights for the exam file are not stated and are presumed third-party/IB copyright. Do not redistribute or commit the binary.",
https://ibdocs.re/p/IB%20PAST%20PAPERS%20-%20YEAR/2024%20Examination%20Session/May%202024%20Examination%20Session/Language%20acquisition/Spanish_B_paper_1__TZ2_HL_markscheme_Spanish.pdf,https://dl.ibdocs.re/documents/spanish-b-paper-1-tz2-hl-markscheme-spanish-7500f9f812cd34f9,2024,May 2024 Examination Session,Spanish B,Spanish; HL; TZ2,markscheme,May 2024 Examination Session/Language acquisition/Spanish_B_paper_1__TZ2_HL_markscheme_Spanish.pdf,resources/private/past-papers/2022-2026/languages/2024/May 2024 Examination Session/Language acquisition/Spanish_B_paper_1__TZ2_HL_markscheme_Spanish.pdf,application/pdf,620008,fb209abf029c39955b3de61ba447f6a983215a6aa2535640e5dd9abf327e8d14,2026-09-02,downloaded,size_and_sha256_verified,"Private reference copy; the source page states CC BY-NC-ND 4.0 for the webpage, but rights for the exam file are not stated and are presumed third-party/IB copyright. Do not redistribute or commit the binary.",
https://ibdocs.re/p/IB%20PAST%20PAPERS%20-%20YEAR/2024%20Examination%20Session/May%202024%20Examination%20Session/Language%20acquisition/Spanish_B_paper_1__TZ2_HL_Spanish.pdf,https://dl.ibdocs.re/documents/spanish-b-paper-1-tz2-hl-spanish-97f9b661913dd684,2024,May 2024 Examination Session,Spanish B,Spanish; HL; TZ2,question paper,May 2024 Examination Session/Language acquisition/Spanish_B_paper_1__TZ2_HL_Spanish.pdf,resources/private/past-papers/2022-2026/languages/2024/May 2024 Examination Session/Language acquisition/Spanish_B_paper_1__TZ2_HL_Spanish.pdf,application/pdf,294523,09b816512c697942bef1f8e124d5f4c8ba896d177dc9083bed3d6bce80d87fdd,2026-09-02,downloaded,size_and_sha256_verified,"Private reference copy; the source page states CC BY-NC-ND 4.0 for the webpage, but rights for the exam file are not stated and are presumed third-party/IB copyright. Do not redistribute or commit the binary.",
https://ibdocs.re/p/IB%20PAST%20PAPERS%20-%20YEAR/2024%20Examination%20Session/May%202024%20Examination%20Session/Language%20acquisition/Spanish_B_paper_1__TZ2_SL_markscheme_Spanish.pdf,https://dl.ibdocs.re/documents/spanish-b-paper-1-tz2-sl-markscheme-spanish-bd9674340b7a79a8,2024,May 2024 Examination Session,Spanish B,Spanish; SL; TZ2,markscheme,May 2024 Examination Session/Language acquisition/Spanish_B_paper_1__TZ2_SL_markscheme_Spanish.pdf,resources/private/past-papers/2022-2026/languages/2024/May 2024 Examination Session/Language acquisition/Spanish_B_paper_1__TZ2_SL_markscheme_Spanish.pdf,application/pdf,623826,752962489a9afba59d604f89ff5acee5942c8ad6f2338f2cb0fe1487af488d79,2026-09-02,downloaded,size_and_sha256_verified,"Private reference copy; the source page states CC BY-NC-ND 4.0 for the webpage, but rights for the exam file are not stated and are presumed third-party/IB copyright. Do not redistribute or commit the binary.",
https://ibdocs.re/p/IB%20PAST%20PAPERS%20-%20YEAR/2024%20Examination%20Session/May%202024%20Examination%20Session/Language%20acquisition/Spanish_B_paper_1__TZ2_SL_Spanish.pdf,https://dl.ibdocs.re/documents/spanish-b-paper-1-tz2-sl-spanish-9efe961f998a697f,2024,May 2024 Examination Session,Spanish B,Spanish; SL; TZ2,question paper,May 2024 Examination Session/Language acquisition/Spanish_B_paper_1__TZ2_SL_Spanish.pdf,resources/private/past-papers/2022-2026/languages/2024/May 2024 Examination Session/Language acquisition/Spanish_B_paper_1__TZ2_SL_Spanish.pdf,application/pdf,294411,7b5c813f0158922e9070722ad8808fd93db8143116c601263356b3668cd99b67,2026-09-02,downloaded,size_and_sha256_verified,"Private reference copy; the source page states CC BY-NC-ND 4.0 for the webpage, but rights for the exam file are not stated and are presumed third-party/IB copyright. Do not redistribute or commit the binary.",
https://ibdocs.re/p/IB%20PAST%20PAPERS%20-%20YEAR/2024%20Examination%20Session/May%202024%20Examination%20Session/Language%20acquisition/Spanish_B_paper_2_reading_comprehension__question_booklet_TZ1_HL_Spanish.pdf,https://dl.ibdocs.re/documents/spanish-b-paper-2-reading-comprehension-question-booklet-tz1-hl-spanish-69007a64a817299a,2024,May 2024 Examination Session,Spanish B,Spanish; HL; TZ1,question booklet,May 2024 Examination Session/Language acquisition/Spanish_B_paper_2_reading_comprehension__question_booklet_TZ1_HL_Spanish.pdf,resources/private/past-papers/2022-2026/languages/2024/May 2024 Examination Session/Language acquisition/Spanish_B_paper_2_reading_comprehension__question_booklet_TZ1_HL_Spanish.pdf,application/pdf,494782,559c79922615d33a00840ab7e9b469c47284b6a50f89ec9aedd000faa2c2d306,2026-09-02,downloaded,size_and_sha256_verified,"Private reference copy; the source page states CC BY-NC-ND 4.0 for the webpage, but rights for the exam file are not stated and are presumed third-party/IB copyright. Do not redistribute or commit the binary.",
https://ibdocs.re/p/IB%20PAST%20PAPERS%20-%20YEAR/2024%20Examination%20Session/May%202024%20Examination%20Session/Language%20acquisition/Spanish_B_paper_2_reading_comprehension__question_booklet_TZ1_SL_Spanish.pdf,https://dl.ibdocs.re/documents/spanish-b-paper-2-reading-comprehension-question-booklet-tz1-sl-spanish-5a62b460c530ef49,2024,May 2024 Examination Session,Spanish B,Spanish; SL; TZ1,question booklet,May 2024 Examination Session/Language acquisition/Spanish_B_paper_2_reading_comprehension__question_booklet_TZ1_SL_Spanish.pdf,resources/private/past-papers/2022-2026/languages/2024/May 2024 Examination Session/Language acquisition/Spanish_B_paper_2_reading_comprehension__question_booklet_TZ1_SL_Spanish.pdf,application/pdf,479485,990307de33b2b4c6e92ed47831df5d997ccfbf799a0549c63bbfc82410d4ee58,2026-09-02,downloaded,size_and_sha256_verified,"Private reference copy; the source page states CC BY-NC-ND 4.0 for the webpage, but rights for the exam file are not stated and are presumed third-party/IB copyright. Do not redistribute or commit the binary.",
https://ibdocs.re/p/IB%20PAST%20PAPERS%20-%20YEAR/2024%20Examination%20Session/May%202024%20Examination%20Session/Language%20acquisition/Spanish_B_paper_2_reading_comprehension__question_booklet_TZ2_HL_Spanish.pdf,https://dl.ibdocs.re/documents/spanish-b-paper-2-reading-comprehension-question-booklet-tz2-hl-spanish-886978b0c9a96d55,2024,May 2024 Examination Session,Spanish B,Spanish; HL; TZ2,question booklet,May 2024 Examination Session/Language acquisition/Spanish_B_paper_2_reading_comprehension__question_booklet_TZ2_HL_Spanish.pdf,resources/private/past-papers/2022-2026/languages/2024/May 2024 Examination Session/Language acquisition/Spanish_B_paper_2_reading_comprehension__question_booklet_TZ2_HL_Spanish.pdf,application/pdf,481138,90864920c40a57d4e52df3046d81dbb9c6aeb0623e3996a8dfe9e358157349ec,2026-09-02,downloaded,size_and_sha256_verified,"Private reference copy; the source page states CC BY-NC-ND 4.0 for the webpage, but rights for the exam file are not stated and are presumed third-party/IB copyright. Do not redistribute or commit the binary.",
https://ibdocs.re/p/IB%20PAST%20PAPERS%20-%20YEAR/2024%20Examination%20Session/May%202024%20Examination%20Session/Language%20acquisition/Spanish_B_paper_2_reading_comprehension__question_booklet_TZ2_SL_Spanish.pdf,https://dl.ibdocs.re/documents/spanish-b-paper-2-reading-comprehension-question-booklet-tz2-sl-spanish-354ed0c6fe04d9e6,2024,May 2024 Examination Session,Spanish B,Spanish; SL; TZ2,question booklet,May 2024 Examination Session/Language acquisition/Spanish_B_paper_2_reading_comprehension__question_booklet_TZ2_SL_Spanish.pdf,resources/private/past-papers/2022-2026/languages/2024/May 2024 Examination Session/Language acquisition/Spanish_B_paper_2_reading_comprehension__question_booklet_TZ2_SL_Spanish.pdf,application/pdf,477870,bf1e33dc75a9b526f1ae436a03bb20fc77a049fe3db86fd3e23cac3caa627a60,2026-09-02,downloaded,size_and_sha256_verified,"Private reference copy; the source page states CC BY-NC-ND 4.0 for the webpage, but rights for the exam file are not stated and are presumed third-party/IB copyright. Do not redistribute or commit the binary.",
https://ibdocs.re/p/IB%20PAST%20PAPERS%20-%20YEAR/2024%20Examination%20Session/May%202024%20Examination%20Session/Language%20acquisition/Spanish_B_paper_2_reading_comprehension__text_booklet_TZ1_HL_Spanish.pdf,https://dl.ibdocs.re/documents/spanish-b-paper-2-reading-comprehension-text-booklet-tz1-hl-spanish-78c390656d53eaff,2024,May 2024 Examination Session,Spanish B,Spanish; HL; TZ1,text booklet,May 2024 Examination Session/Language acquisition/Spanish_B_paper_2_reading_comprehension__text_booklet_TZ1_HL_Spanish.pdf,resources/private/past-papers/2022-2026/languages/2024/May 2024 Examination Session/Language acquisition/Spanish_B_paper_2_reading_comprehension__text_booklet_TZ1_HL_Spanish.pdf,application/pdf,1320035,fb53111d4d98c95af3cebb045221f7cdfd86aeafe40707aabc4d7b0f1c869915,2026-09-02,downloaded,size_and_sha256_verified,"Private reference copy; the source page states CC BY-NC-ND 4.0 for the webpage, but rights for the exam file are not stated and are presumed third-party/IB copyright. Do not redistribute or commit the binary.",
https://ibdocs.re/p/IB%20PAST%20PAPERS%20-%20YEAR/2024%20Examination%20Session/May%202024%20Examination%20Session/Language%20acquisition/Spanish_B_paper_2_reading_comprehension__text_booklet_TZ1_SL_Spanish.pdf,https://dl.ibdocs.re/documents/spanish-b-paper-2-reading-comprehension-text-booklet-tz1-sl-spanish-71beb0a765075804,2024,May 2024 Examination Session,Spanish B,Spanish; SL; TZ1,text booklet,May 2024 Examination Session/Language acquisition/Spanish_B_paper_2_reading_comprehension__text_booklet_TZ1_SL_Spanish.pdf,resources/private/past-papers/2022-2026/languages/2024/May 2024 Examination Session/Language acquisition/Spanish_B_paper_2_reading_comprehension__text_booklet_TZ1_SL_Spanish.pdf,application/pdf,1941651,49cce978bc36e392475d68949c38eaae35dd2be1128649005af0f234ccf55d82,2026-09-02,downloaded,size_and_sha256_verified,"Private reference copy; the source page states CC BY-NC-ND 4.0 for the webpage, but rights for the exam file are not stated and are presumed third-party/IB copyright. Do not redistribute or commit the binary.",
https://ibdocs.re/p/IB%20PAST%20PAPERS%20-%20YEAR/2024%20Examination%20Session/May%202024%20Examination%20Session/Language%20acquisition/Spanish_B_paper_2_reading_comprehension__text_booklet_TZ2_HL_Spanish.pdf,https://dl.ibdocs.re/documents/spanish-b-paper-2-reading-comprehension-text-booklet-tz2-hl-spanish-4e0cf92a31e67b90,2024,May 2024 Examination Session,Spanish B,Spanish; HL; TZ2,text booklet,May 2024 Examination Session/Language acquisition/Spanish_B_paper_2_reading_comprehension__text_booklet_TZ2_HL_Spanish.pdf,resources/private/past-papers/2022-2026/languages/2024/May 2024 Examination Session/Language acquisition/Spanish_B_paper_2_reading_comprehension__text_booklet_TZ2_HL_Spanish.pdf,application/pdf,1323316,a7dedb4455364402db980c9b515910f642f9b4eb87c0ed3c37d368556a954d79,2026-09-02,downloaded,size_and_sha256_verified,"Private reference copy; the source page states CC BY-NC-ND 4.0 for the webpage, but rights for the exam file are not stated and are presumed third-party/IB copyright. Do not redistribute or commit the binary.",
https://ibdocs.re/p/IB%20PAST%20PAPERS%20-%20YEAR/2024%20Examination%20Session/May%202024%20Examination%20Session/Language%20acquisition/Spanish_B_paper_2_reading_comprehension__text_booklet_TZ2_SL_Spanish.pdf,https://dl.ibdocs.re/documents/spanish-b-paper-2-reading-comprehension-text-booklet-tz2-sl-spanish-bad06e278aa8fb9b,2024,May 2024 Examination Session,Spanish B,Spanish; SL; TZ2,text booklet,May 2024 Examination Session/Language acquisition/Spanish_B_paper_2_reading_comprehension__text_booklet_TZ2_SL_Spanish.pdf,resources/private/past-papers/2022-2026/languages/2024/May 2024 Examination Session/Language acquisition/Spanish_B_paper_2_reading_comprehension__text_booklet_TZ2_SL_Spanish.pdf,application/pdf,1941357,b3f8d7ecf4868f7e9e39e07af575773bae5511258abc80dbfc6a3a509306482e,2026-09-02,downloaded,size_and_sha256_verified,"Private reference copy; the source page states CC BY-NC-ND 4.0 for the webpage, but rights for the exam file are not stated and are presumed third-party/IB copyright. Do not redistribute or commit the binary.",
https://ibdocs.re/p/IB%20PAST%20PAPERS%20-%20YEAR/2024%20Examination%20Session/May%202024%20Examination%20Session/Language%20acquisition/Spanish_B_paper_2_reading_comprehension__TZ1_HL_markscheme_Spanish.pdf,https://dl.ibdocs.re/documents/spanish-b-paper-2-reading-comprehension-tz1-hl-markscheme-spanish-ac1773f61668d0d3,2024,May 2024 Examination Session,Spanish B,Spanish; HL; TZ1,markscheme,May 2024 Examination Session/Language acquisition/Spanish_B_paper_2_reading_comprehension__TZ1_HL_markscheme_Spanish.pdf,resources/private/past-papers/2022-2026/languages/2024/May 2024 Examination Session/Language acquisition/Spanish_B_paper_2_reading_comprehension__TZ1_HL_markscheme_Spanish.pdf,application/pdf,481502,2f81478b69a99b7f9450014b745026e2def909e2f44f42f64c3c3e7351c871c3,2026-09-02,downloaded,size_and_sha256_verified,"Private reference copy; the source page states CC BY-NC-ND 4.0 for the webpage, but rights for the exam file are not stated and are presumed third-party/IB copyright. Do not redistribute or commit the binary.",
https://ibdocs.re/p/IB%20PAST%20PAPERS%20-%20YEAR/2024%20Examination%20Session/May%202024%20Examination%20Session/Language%20acquisition/Spanish_B_paper_2_reading_comprehension__TZ1_SL_markscheme_Spanish.pdf,https://dl.ibdocs.re/documents/spanish-b-paper-2-reading-comprehension-tz1-sl-markscheme-spanish-174a8d81f301704e,2024,May 2024 Examination Session,Spanish B,Spanish; SL; TZ1,markscheme,May 2024 Examination Session/Language acquisition/Spanish_B_paper_2_reading_comprehension__TZ1_SL_markscheme_Spanish.pdf,resources/private/past-papers/2022-2026/languages/2024/May 2024 Examination Session/Language acquisition/Spanish_B_paper_2_reading_comprehension__TZ1_SL_markscheme_Spanish.pdf,application/pdf,362767,c47effd79cc7380adf815ff22971511c817d8be35f4f68579b60f0261ac306ce,2026-09-02,downloaded,size_and_sha256_verified,"Private reference copy; the source page states CC BY-NC-ND 4.0 for the webpage, but rights for the exam file are not stated and are presumed third-party/IB copyright. Do not redistribute or commit the binary.",
https://ibdocs.re/p/IB%20PAST%20PAPERS%20-%20YEAR/2024%20Examination%20Session/May%202024%20Examination%20Session/Language%20acquisition/Spanish_B_paper_2_reading_comprehension__TZ2_HL_markscheme_Spanish.pdf,https://dl.ibdocs.re/documents/spanish-b-paper-2-reading-comprehension-tz2-hl-markscheme-spanish-570970176325178a,2024,May 2024 Examination Session,Spanish B,Spanish; HL; TZ2,markscheme,May 2024 Examination Session/Language acquisition/Spanish_B_paper_2_reading_comprehension__TZ2_HL_markscheme_Spanish.pdf,resources/private/past-papers/2022-2026/languages/2024/May 2024 Examination Session/Language acquisition/Spanish_B_paper_2_reading_comprehension__TZ2_HL_markscheme_Spanish.pdf,application/pdf,335315,57a577e0ae10f46ab87bab8fdbf324e40529dd3d87206c4d3bc4274f6e6849bc,2026-09-02,downloaded,size_and_sha256_verified,"Private reference copy; the source page states CC BY-NC-ND 4.0 for the webpage, but rights for the exam file are not stated and are presumed third-party/IB copyright. Do not redistribute or commit the binary.",
https://ibdocs.re/p/IB%20PAST%20PAPERS%20-%20YEAR/2024%20Examination%20Session/May%202024%20Examination%20Session/Language%20acquisition/Spanish_B_paper_2_reading_comprehension__TZ2_SL_markscheme_Spanish.pdf,https://dl.ibdocs.re/documents/spanish-b-paper-2-reading-comprehension-tz2-sl-markscheme-spanish-9dd461d4e43b47ff,2024,May 2024 Examination Session,Spanish B,Spanish; SL; TZ2,markscheme,May 2024 Examination Session/Language acquisition/Spanish_B_paper_2_reading_comprehension__TZ2_SL_markscheme_Spanish.pdf,resources/private/past-papers/2022-2026/languages/2024/May 2024 Examination Session/Language acquisition/Spanish_B_paper_2_reading_comprehension__TZ2_SL_markscheme_Spanish.pdf,application/pdf,386743,117ba5dbe9b708df8b971686842da6bd3406df45d27ab0d81a1b5bb0e8e8447a,2026-09-02,downloaded,size_and_sha256_verified,"Private reference copy; the source page states CC BY-NC-ND 4.0 for the webpage, but rights for the exam file are not stated and are presumed third-party/IB copyright. Do not redistribute or commit the binary.",
https://ibdocs.re/p/IB%20PAST%20PAPERS%20-%20YEAR/2024%20Examination%20Session/May%202024%20Examination%20Session/Studies%20in%20language%20and%20literature/English_A_Language_and_literature_paper_1__TZ1_HL.pdf,https://dl.ibdocs.re/documents/english-a-language-and-literature-paper-1-tz1-hl-96ebceafe734eaaf,2024,May 2024 Examination Session,English A Language and Literature,English; HL; TZ1,question paper,May 2024 Examination Session/Studies in language and literature/English_A_Language_and_literature_paper_1__TZ1_HL.pdf,resources/private/past-papers/2022-2026/languages/2024/May 2024 Examination Session/Studies in language and literature/English_A_Language_and_literature_paper_1__TZ1_HL.pdf,application/pdf,1999118,14852a0116fd0f00af81062902d705f9d414702419e89eefc62abd7d8e881dd3,2026-09-02,downloaded,size_and_sha256_verified,"Private reference copy; the source page states CC BY-NC-ND 4.0 for the webpage, but rights for the exam file are not stated and are presumed third-party/IB copyright. Do not redistribute or commit the binary.",
https://ibdocs.re/p/IB%20PAST%20PAPERS%20-%20YEAR/2024%20Examination%20Session/May%202024%20Examination%20Session/Studies%20in%20language%20and%20literature/English_A_Language_and_literature_paper_1__TZ1_HLSL_markscheme.pdf,https://dl.ibdocs.re/documents/english-a-language-and-literature-paper-1-tz1-hlsl-markscheme-2571c8386c794bbf,2024,May 2024 Examination Session,English A Language and Literature,English; HL/SL; TZ1,markscheme,May 2024 Examination Session/Studies in language and literature/English_A_Language_and_literature_paper_1__TZ1_HLSL_markscheme.pdf,resources/private/past-papers/2022-2026/languages/2024/May 2024 Examination Session/Studies in language and literature/English_A_Language_and_literature_paper_1__TZ1_HLSL_markscheme.pdf,application/pdf,256390,3cf63f02874b5c33e8a864f6d3d773acad58c600b8f370e82a7c58e6f106d44b,2026-09-02,downloaded,size_and_sha256_verified,"Private reference copy; the source page states CC BY-NC-ND 4.0 for the webpage, but rights for the exam file are not stated and are presumed third-party/IB copyright. Do not redistribute or commit the binary.",
https://ibdocs.re/p/IB%20PAST%20PAPERS%20-%20YEAR/2024%20Examination%20Session/May%202024%20Examination%20Session/Studies%20in%20language%20and%20literature/English_A_Language_and_literature_paper_1__TZ1_SL.pdf,https://dl.ibdocs.re/documents/english-a-language-and-literature-paper-1-tz1-sl-3a8eebceab0d7fb8,2024,May 2024 Examination Session,English A Language and Literature,English; SL; TZ1,question paper,May 2024 Examination Session/Studies in language and literature/English_A_Language_and_literature_paper_1__TZ1_SL.pdf,resources/private/past-papers/2022-2026/languages/2024/May 2024 Examination Session/Studies in language and literature/English_A_Language_and_literature_paper_1__TZ1_SL.pdf,application/pdf,1999074,61c576b3e1181685c2f296914cf004aca8f512916ae0373919a00f17ffece975,2026-09-02,downloaded,size_and_sha256_verified,"Private reference copy; the source page states CC BY-NC-ND 4.0 for the webpage, but rights for the exam file are not stated and are presumed third-party/IB copyright. Do not redistribute or commit the binary.",
https://ibdocs.re/p/IB%20PAST%20PAPERS%20-%20YEAR/2024%20Examination%20Session/May%202024%20Examination%20Session/Studies%20in%20language%20and%20literature/English_A_Language_and_literature_paper_1__TZ2_HL.pdf,https://dl.ibdocs.re/documents/english-a-language-and-literature-paper-1-tz2-hl-6ac10c9a5c51377c,2024,May 2024 Examination Session,English A Language and Literature,English; HL; TZ2,question paper,May 2024 Examination Session/Studies in language and literature/English_A_Language_and_literature_paper_1__TZ2_HL.pdf,resources/private/past-papers/2022-2026/languages/2024/May 2024 Examination Session/Studies in language and literature/English_A_Language_and_literature_paper_1__TZ2_HL.pdf,application/pdf,3788191,9cf7040d4b491fc46cddd3447a651a8079e8e60107d516e5266f7a20f132b7db,2026-09-02,downloaded,size_and_sha256_verified,"Private reference copy; the source page states CC BY-NC-ND 4.0 for the webpage, but rights for the exam file are not stated and are presumed third-party/IB copyright. Do not redistribute or commit the binary.",
https://ibdocs.re/p/IB%20PAST%20PAPERS%20-%20YEAR/2024%20Examination%20Session/May%202024%20Examination%20Session/Studies%20in%20language%20and%20literature/English_A_Language_and_literature_paper_1__TZ2_HLSL_markscheme.pdf,https://dl.ibdocs.re/documents/english-a-language-and-literature-paper-1-tz2-hlsl-markscheme-7042b4bffa77e5d2,2024,May 2024 Examination Session,English A Language and Literature,English; HL/SL; TZ2,markscheme,May 2024 Examination Session/Studies in language and literature/English_A_Language_and_literature_paper_1__TZ2_HLSL_markscheme.pdf,resources/private/past-papers/2022-2026/languages/2024/May 2024 Examination Session/Studies in language and literature/English_A_Language_and_literature_paper_1__TZ2_HLSL_markscheme.pdf,application/pdf,493148,5c1a4d4fece1a4abee9d2bc019d19af721fb7197d9a65eaa4f9b13c89586e17f,2026-09-02,downloaded,size_and_sha256_verified,"Private reference copy; the source page states CC BY-NC-ND 4.0 for the webpage, but rights for the exam file are not stated and are presumed third-party/IB copyright. Do not redistribute or commit the binary.",
https://ibdocs.re/p/IB%20PAST%20PAPERS%20-%20YEAR/2024%20Examination%20Session/May%202024%20Examination%20Session/Studies%20in%20language%20and%20literature/English_A_Language_and_literature_paper_1__TZ2_SL.pdf,https://dl.ibdocs.re/documents/english-a-language-and-literature-paper-1-tz2-sl-8ee9a92301600353,2024,May 2024 Examination Session,English A Language and Literature,English; SL; TZ2,question paper,May 2024 Examination Session/Studies in language and literature/English_A_Language_and_literature_paper_1__TZ2_SL.pdf,resources/private/past-papers/2022-2026/languages/2024/May 2024 Examination Session/Studies in language and literature/English_A_Language_and_literature_paper_1__TZ2_SL.pdf,application/pdf,3787660,8bd81ca86a281c7838a6d515a218f536473aa9264ed186c5f5830e85977e2d4b,2026-09-02,downloaded,size_and_sha256_verified,"Private reference copy; the source page states CC BY-NC-ND 4.0 for the webpage, but rights for the exam file are not stated and are presumed third-party/IB copyright. Do not redistribute or commit the binary.",
https://ibdocs.re/p/IB%20PAST%20PAPERS%20-%20YEAR/2024%20Examination%20Session/May%202024%20Examination%20Session/Studies%20in%20language%20and%20literature/English_A_Language_and_literature_paper_2__TZ1_HLSL.pdf,https://dl.ibdocs.re/documents/english-a-language-and-literature-paper-2-tz1-hlsl-33fd7781a395cd71,2024,May 2024 Examination Session,English A Language and Literature,English; HL/SL; TZ1,question paper,May 2024 Examination Session/Studies in language and literature/English_A_Language_and_literature_paper_2__TZ1_HLSL.pdf,resources/private/past-papers/2022-2026/languages/2024/May 2024 Examination Session/Studies in language and literature/English_A_Language_and_literature_paper_2__TZ1_HLSL.pdf,application/pdf,294815,c09d48a71c3c605a65947c545f548f048fa1daf5f7b73ee5348704b4e5b6439d,2026-09-02,downloaded,size_and_sha256_verified,"Private reference copy; the source page states CC BY-NC-ND 4.0 for the webpage, but rights for the exam file are not stated and are presumed third-party/IB copyright. Do not redistribute or commit the binary.",
https://ibdocs.re/p/IB%20PAST%20PAPERS%20-%20YEAR/2024%20Examination%20Session/May%202024%20Examination%20Session/Studies%20in%20language%20and%20literature/English_A_Language_and_literature_paper_2__TZ2_HLSL.pdf,https://dl.ibdocs.re/documents/english-a-language-and-literature-paper-2-tz2-hlsl-7fabc5c9c78eb212,2024,May 2024 Examination Session,English A Language and Literature,English; HL/SL; TZ2,question paper,May 2024 Examination Session/Studies in language and literature/English_A_Language_and_literature_paper_2__TZ2_HLSL.pdf,resources/private/past-papers/2022-2026/languages/2024/May 2024 Examination Session/Studies in language and literature/English_A_Language_and_literature_paper_2__TZ2_HLSL.pdf,application/pdf,294191,551d70a9fd72655c554491bc6105e57fe9caec49339cdcf886b46f29c7d6eee6,2026-09-02,downloaded,size_and_sha256_verified,"Private reference copy; the source page states CC BY-NC-ND 4.0 for the webpage, but rights for the exam file are not stated and are presumed third-party/IB copyright. Do not redistribute or commit the binary.",
https://ibdocs.re/p/IB%20PAST%20PAPERS%20-%20YEAR/2024%20Examination%20Session/May%202024%20Examination%20Session/Studies%20in%20language%20and%20literature/English_A_Literature_paper_1__TZ1_HL.pdf,https://dl.ibdocs.re/documents/english-a-literature-paper-1-tz1-hl-6c3b442aedb63efe,2024,May 2024 Examination Session,English A Literature,English; HL; TZ1,question paper,May 2024 Examination Session/Studies in language and literature/English_A_Literature_paper_1__TZ1_HL.pdf,resources/private/past-papers/2022-2026/languages/2024/May 2024 Examination Session/Studies in language and literature/English_A_Literature_paper_1__TZ1_HL.pdf,application/pdf,827504,46b42323b286d3a647030aba2284483dc2fbf892c9ff57392b22aa997aa8d34a,2026-09-02,downloaded,size_and_sha256_verified,"Private reference copy; the source page states CC BY-NC-ND 4.0 for the webpage, but rights for the exam file are not stated and are presumed third-party/IB copyright. Do not redistribute or commit the binary.",
https://ibdocs.re/p/IB%20PAST%20PAPERS%20-%20YEAR/2024%20Examination%20Session/May%202024%20Examination%20Session/Studies%20in%20language%20and%20literature/English_A_Literature_paper_1__TZ1_HLSL_markscheme.pdf,https://dl.ibdocs.re/documents/english-a-literature-paper-1-tz1-hlsl-markscheme-085f99bd07d8dbd0,2024,May 2024 Examination Session,English A Literature,English; HL/SL; TZ1,markscheme,May 2024 Examination Session/Studies in language and literature/English_A_Literature_paper_1__TZ1_HLSL_markscheme.pdf,resources/private/past-papers/2022-2026/languages/2024/May 2024 Examination Session/Studies in language and literature/English_A_Literature_paper_1__TZ1_HLSL_markscheme.pdf,application/pdf,251312,fffe93ac10a1f1b5a6f1603584eb046443d0b2d50ed95193670622540a9647de,2026-09-02,downloaded,size_and_sha256_verified,"Private reference copy; the source page states CC BY-NC-ND 4.0 for the webpage, but rights for the exam file are not stated and are presumed third-party/IB copyright. Do not redistribute or commit the binary.",
https://ibdocs.re/p/IB%20PAST%20PAPERS%20-%20YEAR/2024%20Examination%20Session/May%202024%20Examination%20Session/Studies%20in%20language%20and%20literature/English_A_Literature_paper_1__TZ1_SL.pdf,https://dl.ibdocs.re/documents/english-a-literature-paper-1-tz1-sl-9462fe288323f2f9,2024,May 2024 Examination Session,English A Literature,English; SL; TZ1,question paper,May 2024 Examination Session/Studies in language and literature/English_A_Literature_paper_1__TZ1_SL.pdf,resources/private/past-papers/2022-2026/languages/2024/May 2024 Examination Session/Studies in language and literature/English_A_Literature_paper_1__TZ1_SL.pdf,application/pdf,828217,6fe0fec0ade5cec009419e4cccfe6bb6e3cf3b47ddbaeadb7c233f3611507ae0,2026-09-02,downloaded,size_and_sha256_verified,"Private reference copy; the source page states CC BY-NC-ND 4.0 for the webpage, but rights for the exam file are not stated and are presumed third-party/IB copyright. Do not redistribute or commit the binary.",
https://ibdocs.re/p/IB%20PAST%20PAPERS%20-%20YEAR/2024%20Examination%20Session/May%202024%20Examination%20Session/Studies%20in%20language%20and%20literature/English_A_Literature_paper_1__TZ2_HL.pdf,https://dl.ibdocs.re/documents/english-a-literature-paper-1-tz2-hl-569f4a640615fb5d,2024,May 2024 Examination Session,English A Literature,English; HL; TZ2,question paper,May 2024 Examination Session/Studies in language and literature/English_A_Literature_paper_1__TZ2_HL.pdf,resources/private/past-papers/2022-2026/languages/2024/May 2024 Examination Session/Studies in language and literature/English_A_Literature_paper_1__TZ2_HL.pdf,application/pdf,857047,36d93d58301d6cffde817e4ff3fe898750230b2f88c981ac8492c0eb16b80b55,2026-09-02,downloaded,size_and_sha256_verified,"Private reference copy; the source page states CC BY-NC-ND 4.0 for the webpage, but rights for the exam file are not stated and are presumed third-party/IB copyright. Do not redistribute or commit the binary.",
https://ibdocs.re/p/IB%20PAST%20PAPERS%20-%20YEAR/2024%20Examination%20Session/May%202024%20Examination%20Session/Studies%20in%20language%20and%20literature/English_A_Literature_paper_1__TZ2_HLSL_markscheme.pdf,https://dl.ibdocs.re/documents/english-a-literature-paper-1-tz2-hlsl-markscheme-c898720236bbd7b1,2024,May 2024 Examination Session,English A Literature,English; HL/SL; TZ2,markscheme,May 2024 Examination Session/Studies in language and literature/English_A_Literature_paper_1__TZ2_HLSL_markscheme.pdf,resources/private/past-papers/2022-2026/languages/2024/May 2024 Examination Session/Studies in language and literature/English_A_Literature_paper_1__TZ2_HLSL_markscheme.pdf,application/pdf,477390,f0333bd581b630e250470111435c10966c4571917056ee0901b48c66f06b7554,2026-09-02,downloaded,size_and_sha256_verified,"Private reference copy; the source page states CC BY-NC-ND 4.0 for the webpage, but rights for the exam file are not stated and are presumed third-party/IB copyright. Do not redistribute or commit the binary.",
https://ibdocs.re/p/IB%20PAST%20PAPERS%20-%20YEAR/2024%20Examination%20Session/May%202024%20Examination%20Session/Studies%20in%20language%20and%20literature/English_A_Literature_paper_1__TZ2_SL.pdf,https://dl.ibdocs.re/documents/english-a-literature-paper-1-tz2-sl-3e3298dd6997af02,2024,May 2024 Examination Session,English A Literature,English; SL; TZ2,question paper,May 2024 Examination Session/Studies in language and literature/English_A_Literature_paper_1__TZ2_SL.pdf,resources/private/past-papers/2022-2026/languages/2024/May 2024 Examination Session/Studies in language and literature/English_A_Literature_paper_1__TZ2_SL.pdf,application/pdf,857370,028d8827b195424584b8bb9ae10be5eb82852a1148cdf7ef57697b7716cba33e,2026-09-02,downloaded,size_and_sha256_verified,"Private reference copy; the source page states CC BY-NC-ND 4.0 for the webpage, but rights for the exam file are not stated and are presumed third-party/IB copyright. Do not redistribute or commit the binary.",
https://ibdocs.re/p/IB%20PAST%20PAPERS%20-%20YEAR/2024%20Examination%20Session/May%202024%20Examination%20Session/Studies%20in%20language%20and%20literature/English_A_Literature_paper_2__TZ1_HLSL.pdf,https://dl.ibdocs.re/documents/english-a-literature-paper-2-tz1-hlsl-9d3bcb572606f630,2024,May 2024 Examination Session,English A Literature,English; HL/SL; TZ1,question paper,May 2024 Examination Session/Studies in language and literature/English_A_Literature_paper_2__TZ1_HLSL.pdf,resources/private/past-papers/2022-2026/languages/2024/May 2024 Examination Session/Studies in language and literature/English_A_Literature_paper_2__TZ1_HLSL.pdf,application/pdf,294783,aa01ffbdcc58ec0edc82bf2878addccb1e04786cf195149a9554bc2f3c782da0,2026-09-02,downloaded,size_and_sha256_verified,"Private reference copy; the source page states CC BY-NC-ND 4.0 for the webpage, but rights for the exam file are not stated and are presumed third-party/IB copyright. Do not redistribute or commit the binary.",
https://ibdocs.re/p/IB%20PAST%20PAPERS%20-%20YEAR/2024%20Examination%20Session/May%202024%20Examination%20Session/Studies%20in%20language%20and%20literature/English_A_Literature_paper_2__TZ2_HLSL.pdf,https://dl.ibdocs.re/documents/english-a-literature-paper-2-tz2-hlsl-a55304829964d75b,2024,May 2024 Examination Session,English A Literature,English; HL/SL; TZ2,question paper,May 2024 Examination Session/Studies in language and literature/English_A_Literature_paper_2__TZ2_HLSL.pdf,resources/private/past-papers/2022-2026/languages/2024/May 2024 Examination Session/Studies in language and literature/English_A_Literature_paper_2__TZ2_HLSL.pdf,application/pdf,294617,871dde60653d8651b33247f55bc543cc4e818f0b0c06a064e226752b8fbcd9c9,2026-09-02,downloaded,size_and_sha256_verified,"Private reference copy; the source page states CC BY-NC-ND 4.0 for the webpage, but rights for the exam file are not stated and are presumed third-party/IB copyright. Do not redistribute or commit the binary.",
https://ibdocs.re/p/IB%20PAST%20PAPERS%20-%20YEAR/2024%20Examination%20Session/May%202024%20Examination%20Session/Studies%20in%20language%20and%20literature/Japanese_A_Language_and_literature_paper_1__HL.pdf,https://dl.ibdocs.re/documents/japanese-a-language-and-literature-paper-1-hl-d55f898552cc9ac8,2024,May 2024 Examination Session,Japanese A Language and Literature,Japanese; HL,question paper,May 2024 Examination Session/Studies in language and literature/Japanese_A_Language_and_literature_paper_1__HL.pdf,resources/private/past-papers/2022-2026/languages/2024/May 2024 Examination Session/Studies in language and literature/Japanese_A_Language_and_literature_paper_1__HL.pdf,application/pdf,28999471,ac0d627e482e7613f2ce8a111e307eca650a7a5990067e0f789b9752e602dd8c,2026-09-02,downloaded,size_and_sha256_verified,"Private reference copy; the source page states CC BY-NC-ND 4.0 for the webpage, but rights for the exam file are not stated and are presumed third-party/IB copyright. Do not redistribute or commit the binary.",
https://ibdocs.re/p/IB%20PAST%20PAPERS%20-%20YEAR/2024%20Examination%20Session/May%202024%20Examination%20Session/Studies%20in%20language%20and%20literature/Japanese_A_Language_and_literature_paper_1__HLSL_markscheme.pdf,https://dl.ibdocs.re/documents/japanese-a-language-and-literature-paper-1-hlsl-markscheme-6a94b863cee09ec6,2024,May 2024 Examination Session,Japanese A Language and Literature,Japanese; HL/SL,markscheme,May 2024 Examination Session/Studies in language and literature/Japanese_A_Language_and_literature_paper_1__HLSL_markscheme.pdf,resources/private/past-papers/2022-2026/languages/2024/May 2024 Examination Session/Studies in language and literature/Japanese_A_Language_and_literature_paper_1__HLSL_markscheme.pdf,application/pdf,530136,c0d0a382e33added83ccdf407f7ea83291f9eefeb86376aa18a1bba890052ab8,2026-09-02,downloaded,size_and_sha256_verified,"Private reference copy; the source page states CC BY-NC-ND 4.0 for the webpage, but rights for the exam file are not stated and are presumed third-party/IB copyright. Do not redistribute or commit the binary.",
https://ibdocs.re/p/IB%20PAST%20PAPERS%20-%20YEAR/2024%20Examination%20Session/May%202024%20Examination%20Session/Studies%20in%20language%20and%20literature/Japanese_A_Language_and_literature_paper_1__SL.pdf,https://dl.ibdocs.re/documents/japanese-a-language-and-literature-paper-1-sl-9e92c7ff48571f1f,2024,May 2024 Examination Session,Japanese A Language and Literature,Japanese; SL,question paper,May 2024 Examination Session/Studies in language and literature/Japanese_A_Language_and_literature_paper_1__SL.pdf,resources/private/past-papers/2022-2026/languages/2024/May 2024 Examination Session/Studies in language and literature/Japanese_A_Language_and_literature_paper_1__SL.pdf,application/pdf,29016492,7ad7dd996abde85a6743f5581bc1131821962965901b83b82fc73bf769015122,2026-09-02,downloaded,size_and_sha256_verified,"Private reference copy; the source page states CC BY-NC-ND 4.0 for the webpage, but rights for the exam file are not stated and are presumed third-party/IB copyright. Do not redistribute or commit the binary.",
https://ibdocs.re/p/IB%20PAST%20PAPERS%20-%20YEAR/2024%20Examination%20Session/May%202024%20Examination%20Session/Studies%20in%20language%20and%20literature/Japanese_A_Language_and_literature_paper_2__HLSL.pdf,https://dl.ibdocs.re/documents/japanese-a-language-and-literature-paper-2-hlsl-46a657bdeedb3f22,2024,May 2024 Examination Session,Japanese A Language and Literature,Japanese; HL/SL,question paper,May 2024 Examination Session/Studies in language and literature/Japanese_A_Language_and_literature_paper_2__HLSL.pdf,resources/private/past-papers/2022-2026/languages/2024/May 2024 Examination Session/Studies in language and literature/Japanese_A_Language_and_literature_paper_2__HLSL.pdf,application/pdf,398215,d813f2fa0969d1a90c487f39603c1fc3356a9385cc53e6af411d398a2ed57e80,2026-09-02,downloaded,size_and_sha256_verified,"Private reference copy; the source page states CC BY-NC-ND 4.0 for the webpage, but rights for the exam file are not stated and are presumed third-party/IB copyright. Do not redistribute or commit the binary.",
https://ibdocs.re/p/IB%20PAST%20PAPERS%20-%20YEAR/2024%20Examination%20Session/May%202024%20Examination%20Session/Studies%20in%20language%20and%20literature/Japanese_A_Literature_paper_1__HL.pdf,https://dl.ibdocs.re/documents/japanese-a-literature-paper-1-hl-d5e7db0b9c96a987,2024,May 2024 Examination Session,Japanese A Literature,Japanese; HL,question paper,May 2024 Examination Session/Studies in language and literature/Japanese_A_Literature_paper_1__HL.pdf,resources/private/past-papers/2022-2026/languages/2024/May 2024 Examination Session/Studies in language and literature/Japanese_A_Literature_paper_1__HL.pdf,application/pdf,975722,3364d6525beb1763d111d89c9909105937f5452f87ebdaa676ba652be16e6e43,2026-09-02,downloaded,size_and_sha256_verified,"Private reference copy; the source page states CC BY-NC-ND 4.0 for the webpage, but rights for the exam file are not stated and are presumed third-party/IB copyright. Do not redistribute or commit the binary.",
https://ibdocs.re/p/IB%20PAST%20PAPERS%20-%20YEAR/2024%20Examination%20Session/May%202024%20Examination%20Session/Studies%20in%20language%20and%20literature/Japanese_A_Literature_paper_1__HLSL_markscheme.pdf,https://dl.ibdocs.re/documents/japanese-a-literature-paper-1-hlsl-markscheme-697d34a77b33f507,2024,May 2024 Examination Session,Japanese A Literature,Japanese; HL/SL,markscheme,May 2024 Examination Session/Studies in language and literature/Japanese_A_Literature_paper_1__HLSL_markscheme.pdf,resources/private/past-papers/2022-2026/languages/2024/May 2024 Examination Session/Studies in language and literature/Japanese_A_Literature_paper_1__HLSL_markscheme.pdf,application/pdf,380925,ffd0943fcd06c28d8a788d739a60dae31d47d029322af529d04ddae879f0c4a0,2026-09-02,downloaded,size_and_sha256_verified,"Private reference copy; the source page states CC BY-NC-ND 4.0 for the webpage, but rights for the exam file are not stated and are presumed third-party/IB copyright. Do not redistribute or commit the binary.",
https://ibdocs.re/p/IB%20PAST%20PAPERS%20-%20YEAR/2024%20Examination%20Session/May%202024%20Examination%20Session/Studies%20in%20language%20and%20literature/Japanese_A_Literature_paper_1__SL.pdf,https://dl.ibdocs.re/documents/japanese-a-literature-paper-1-sl-ea29a8302543e1e0,2024,May 2024 Examination Session,Japanese A Literature,Japanese; SL,question paper,May 2024 Examination Session/Studies in language and literature/Japanese_A_Literature_paper_1__SL.pdf,resources/private/past-papers/2022-2026/languages/2024/May 2024 Examination Session/Studies in language and literature/Japanese_A_Literature_paper_1__SL.pdf,application/pdf,991923,703cc3f1abbfb6170768145d5422546732313f9446deab222e0c331d46eebe8e,2026-09-02,downloaded,size_and_sha256_verified,"Private reference copy; the source page states CC BY-NC-ND 4.0 for the webpage, but rights for the exam file are not stated and are presumed third-party/IB copyright. Do not redistribute or commit the binary.",
https://ibdocs.re/p/IB%20PAST%20PAPERS%20-%20YEAR/2024%20Examination%20Session/May%202024%20Examination%20Session/Studies%20in%20language%20and%20literature/Japanese_A_Literature_paper_2__HLSL.pdf,https://dl.ibdocs.re/documents/japanese-a-literature-paper-2-hlsl-dcdee27ca261ca69,2024,May 2024 Examination Session,Japanese A Literature,Japanese; HL/SL,question paper,May 2024 Examination Session/Studies in language and literature/Japanese_A_Literature_paper_2__HLSL.pdf,resources/private/past-papers/2022-2026/languages/2024/May 2024 Examination Session/Studies in language and literature/Japanese_A_Literature_paper_2__HLSL.pdf,application/pdf,398574,2b0e6b0bc4c2dd959ef27fbe3a95b01816347d5fc884a739ee3f456aa98afc72,2026-09-02,downloaded,size_and_sha256_verified,"Private reference copy; the source page states CC BY-NC-ND 4.0 for the webpage, but rights for the exam file are not stated and are presumed third-party/IB copyright. Do not redistribute or commit the binary.",
https://ibdocs.re/p/IB%20PAST%20PAPERS%20-%20YEAR/2024%20Examination%20Session/May%202024%20Examination%20Session/Studies%20in%20language%20and%20literature/Korean_A_Language_and_literature_paper_1__HL.pdf,https://dl.ibdocs.re/documents/korean-a-language-and-literature-paper-1-hl-caed45b957591223,2024,May 2024 Examination Session,Korean A Language and Literature,Korean; HL,question paper,May 2024 Examination Session/Studies in language and literature/Korean_A_Language_and_literature_paper_1__HL.pdf,resources/private/past-papers/2022-2026/languages/2024/May 2024 Examination Session/Studies in language and literature/Korean_A_Language_and_literature_paper_1__HL.pdf,application/pdf,3149646,d0d2ebe74170aa2b0f50246a057f3911ea4a2dba97ae76d8af83768f407ff321,2026-09-02,downloaded,size_and_sha256_verified,"Private reference copy; the source page states CC BY-NC-ND 4.0 for the webpage, but rights for the exam file are not stated and are presumed third-party/IB copyright. Do not redistribute or commit the binary.",
https://ibdocs.re/p/IB%20PAST%20PAPERS%20-%20YEAR/2024%20Examination%20Session/May%202024%20Examination%20Session/Studies%20in%20language%20and%20literature/Korean_A_Language_and_literature_paper_1__HLSL_markscheme.pdf,https://dl.ibdocs.re/documents/korean-a-language-and-literature-paper-1-hlsl-markscheme-919cc1e0984ffd5b,2024,May 2024 Examination Session,Korean A Language and Literature,Korean; HL/SL,markscheme,May 2024 Examination Session/Studies in language and literature/Korean_A_Language_and_literature_paper_1__HLSL_markscheme.pdf,resources/private/past-papers/2022-2026/languages/2024/May 2024 Examination Session/Studies in language and literature/Korean_A_Language_and_literature_paper_1__HLSL_markscheme.pdf,application/pdf,592142,e80379d67a56a2d59fe2b15a423015a031eb3e121723dc207c1e8736b1710924,2026-09-02,downloaded,size_and_sha256_verified,"Private reference copy; the source page states CC BY-NC-ND 4.0 for the webpage, but rights for the exam file are not stated and are presumed third-party/IB copyright. Do not redistribute or commit the binary.",
https://ibdocs.re/p/IB%20PAST%20PAPERS%20-%20YEAR/2024%20Examination%20Session/May%202024%20Examination%20Session/Studies%20in%20language%20and%20literature/Korean_A_Language_and_literature_paper_1__SL.pdf,https://dl.ibdocs.re/documents/korean-a-language-and-literature-paper-1-sl-3b4f64e9ba0f932c,2024,May 2024 Examination Session,Korean A Language and Literature,Korean; SL,question paper,May 2024 Examination Session/Studies in language and literature/Korean_A_Language_and_literature_paper_1__SL.pdf,resources/private/past-papers/2022-2026/languages/2024/May 2024 Examination Session/Studies in language and literature/Korean_A_Language_and_literature_paper_1__SL.pdf,application/pdf,3150603,f94182f05bc5483aabe82cfeeb7f29cdf58afe05787d8cb6bf22442b66108a5f,2026-09-02,downloaded,size_and_sha256_verified,"Private reference copy; the source page states CC BY-NC-ND 4.0 for the webpage, but rights for the exam file are not stated and are presumed third-party/IB copyright. Do not redistribute or commit the binary.",
https://ibdocs.re/p/IB%20PAST%20PAPERS%20-%20YEAR/2024%20Examination%20Session/May%202024%20Examination%20Session/Studies%20in%20language%20and%20literature/Korean_A_Language_and_literature_paper_2__HLSL.pdf,https://dl.ibdocs.re/documents/korean-a-language-and-literature-paper-2-hlsl-358d90b5a8a6988d,2024,May 2024 Examination Session,Korean A Language and Literature,Korean; HL/SL,question paper,May 2024 Examination Session/Studies in language and literature/Korean_A_Language_and_literature_paper_2__HLSL.pdf,resources/private/past-papers/2022-2026/languages/2024/May 2024 Examination Session/Studies in language and literature/Korean_A_Language_and_literature_paper_2__HLSL.pdf,application/pdf,806713,eea9d88008e136591b46aa2570d4123cb77866a3a35f5411754ac572fcdcae7e,2026-09-02,downloaded,size_and_sha256_verified,"Private reference copy; the source page states CC BY-NC-ND 4.0 for the webpage, but rights for the exam file are not stated and are presumed third-party/IB copyright. Do not redistribute or commit the binary.",
https://ibdocs.re/p/IB%20PAST%20PAPERS%20-%20YEAR/2024%20Examination%20Session/May%202024%20Examination%20Session/Studies%20in%20language%20and%20literature/Korean_A_Literature_paper_1__HL.pdf,https://dl.ibdocs.re/documents/korean-a-literature-paper-1-hl-dafcb2c874c59f2a,2024,May 2024 Examination Session,Korean A Literature,Korean; HL,question paper,May 2024 Examination Session/Studies in language and literature/Korean_A_Literature_paper_1__HL.pdf,resources/private/past-papers/2022-2026/languages/2024/May 2024 Examination Session/Studies in language and literature/Korean_A_Literature_paper_1__HL.pdf,application/pdf,964482,3badc6591602a7f3565c102ef6a9fe42c7c186256a1b4c2200da19d0f6e74bdd,2026-09-02,downloaded,size_and_sha256_verified,"Private reference copy; the source page states CC BY-NC-ND 4.0 for the webpage, but rights for the exam file are not stated and are presumed third-party/IB copyright. Do not redistribute or commit the binary.",
https://ibdocs.re/p/IB%20PAST%20PAPERS%20-%20YEAR/2024%20Examination%20Session/May%202024%20Examination%20Session/Studies%20in%20language%20and%20literature/Korean_A_Literature_paper_1__HLSL_markscheme.pdf,https://dl.ibdocs.re/documents/korean-a-literature-paper-1-hlsl-markscheme-6ccbcea4ac432f24,2024,May 2024 Examination Session,Korean A Literature,Korean; HL/SL,markscheme,May 2024 Examination Session/Studies in language and literature/Korean_A_Literature_paper_1__HLSL_markscheme.pdf,resources/private/past-papers/2022-2026/languages/2024/May 2024 Examination Session/Studies in language and literature/Korean_A_Literature_paper_1__HLSL_markscheme.pdf,application/pdf,694113,6fc22d65a78733c848fd34e2598c6758f00ca537fe6e5df8c37fb5675f19c812,2026-09-02,downloaded,size_and_sha256_verified,"Private reference copy; the source page states CC BY-NC-ND 4.0 for the webpage, but rights for the exam file are not stated and are presumed third-party/IB copyright. Do not redistribute or commit the binary.",
https://ibdocs.re/p/IB%20PAST%20PAPERS%20-%20YEAR/2024%20Examination%20Session/May%202024%20Examination%20Session/Studies%20in%20language%20and%20literature/Korean_A_Literature_paper_1__SL.pdf,https://dl.ibdocs.re/documents/korean-a-literature-paper-1-sl-96ac022e0cc24775,2024,May 2024 Examination Session,Korean A Literature,Korean; SL,question paper,May 2024 Examination Session/Studies in language and literature/Korean_A_Literature_paper_1__SL.pdf,resources/private/past-papers/2022-2026/languages/2024/May 2024 Examination Session/Studies in language and literature/Korean_A_Literature_paper_1__SL.pdf,application/pdf,965516,64a4303443fffb9e63e6e5fdc1e7569d7d3431d4af70ad7bee99b3f322bd52e8,2026-09-02,downloaded,size_and_sha256_verified,"Private reference copy; the source page states CC BY-NC-ND 4.0 for the webpage, but rights for the exam file are not stated and are presumed third-party/IB copyright. Do not redistribute or commit the binary.",
https://ibdocs.re/p/IB%20PAST%20PAPERS%20-%20YEAR/2024%20Examination%20Session/May%202024%20Examination%20Session/Studies%20in%20language%20and%20literature/Korean_A_Literature_paper_2__HLSL.pdf,https://dl.ibdocs.re/documents/korean-a-literature-paper-2-hlsl-46664efd557b3f84,2024,May 2024 Examination Session,Korean A Literature,Korean; HL/SL,question paper,May 2024 Examination Session/Studies in language and literature/Korean_A_Literature_paper_2__HLSL.pdf,resources/private/past-papers/2022-2026/languages/2024/May 2024 Examination Session/Studies in language and literature/Korean_A_Literature_paper_2__HLSL.pdf,application/pdf,806691,1ae9198ad1221bf767c57db5fcb0771fc1b7ab23d72fe4c83bfbf9141451b924,2026-09-02,downloaded,size_and_sha256_verified,"Private reference copy; the source page states CC BY-NC-ND 4.0 for the webpage, but rights for the exam file are not stated and are presumed third-party/IB copyright. Do not redistribute or commit the binary.",
https://ibdocs.re/p/IB%20PAST%20PAPERS%20-%20YEAR/2024%20Examination%20Session/May%202024%20Examination%20Session/Studies%20in%20language%20and%20literature/Spanish_A_Language_and_literature_paper_1__TZ1_HL_Spanish.pdf,https://dl.ibdocs.re/documents/spanish-a-language-and-literature-paper-1-tz1-hl-spanish-4acac9f14a53fdcc,2024,May 2024 Examination Session,Spanish A Language and Literature,Spanish; HL; TZ1,question paper,May 2024 Examination Session/Studies in language and literature/Spanish_A_Language_and_literature_paper_1__TZ1_HL_Spanish.pdf,resources/private/past-papers/2022-2026/languages/2024/May 2024 Examination Session/Studies in language and literature/Spanish_A_Language_and_literature_paper_1__TZ1_HL_Spanish.pdf,application/pdf,1150082,cf50fbe8e2f59762cdee1b6ac5b4858d1b7e9284b26554752ea02e4d627e7476,2026-09-02,downloaded,size_and_sha256_verified,"Private reference copy; the source page states CC BY-NC-ND 4.0 for the webpage, but rights for the exam file are not stated and are presumed third-party/IB copyright. Do not redistribute or commit the binary.",
https://ibdocs.re/p/IB%20PAST%20PAPERS%20-%20YEAR/2024%20Examination%20Session/May%202024%20Examination%20Session/Studies%20in%20language%20and%20literature/Spanish_A_Language_and_literature_paper_1__TZ1_HLSL_markscheme_Spanish.pdf,https://dl.ibdocs.re/documents/spanish-a-language-and-literature-paper-1-tz1-hlsl-markscheme-spanish-169101d0240cfdec,2024,May 2024 Examination Session,Spanish A Language and Literature,Spanish; HL/SL; TZ1,markscheme,May 2024 Examination Session/Studies in language and literature/Spanish_A_Language_and_literature_paper_1__TZ1_HLSL_markscheme_Spanish.pdf,resources/private/past-papers/2022-2026/languages/2024/May 2024 Examination Session/Studies in language and literature/Spanish_A_Language_and_literature_paper_1__TZ1_HLSL_markscheme_Spanish.pdf,application/pdf,485686,911e10ccce935700072093586706f541890ccdb6e0e5ee07f6a0ca4fc258f80c,2026-09-02,downloaded,size_and_sha256_verified,"Private reference copy; the source page states CC BY-NC-ND 4.0 for the webpage, but rights for the exam file are not stated and are presumed third-party/IB copyright. Do not redistribute or commit the binary.",
https://ibdocs.re/p/IB%20PAST%20PAPERS%20-%20YEAR/2024%20Examination%20Session/May%202024%20Examination%20Session/Studies%20in%20language%20and%20literature/Spanish_A_Language_and_literature_paper_1__TZ1_SL_Spanish.pdf,https://dl.ibdocs.re/documents/spanish-a-language-and-literature-paper-1-tz1-sl-spanish-5b31a4113bcb42f7,2024,May 2024 Examination Session,Spanish A Language and Literature,Spanish; SL; TZ1,question paper,May 2024 Examination Session/Studies in language and literature/Spanish_A_Language_and_literature_paper_1__TZ1_SL_Spanish.pdf,resources/private/past-papers/2022-2026/languages/2024/May 2024 Examination Session/Studies in language and literature/Spanish_A_Language_and_literature_paper_1__TZ1_SL_Spanish.pdf,application/pdf,1150145,0e1ae0e5272a7b1df5b502578cba74853df20f529b1c3f4ab62c607230310105,2026-09-02,downloaded,size_and_sha256_verified,"Private reference copy; the source page states CC BY-NC-ND 4.0 for the webpage, but rights for the exam file are not stated and are presumed third-party/IB copyright. Do not redistribute or commit the binary.",
https://ibdocs.re/p/IB%20PAST%20PAPERS%20-%20YEAR/2024%20Examination%20Session/May%202024%20Examination%20Session/Studies%20in%20language%20and%20literature/Spanish_A_Language_and_literature_paper_1__TZ2_HL_Spanish.pdf,https://dl.ibdocs.re/documents/spanish-a-language-and-literature-paper-1-tz2-hl-spanish-8c910e6297fce23b,2024,May 2024 Examination Session,Spanish A Language and Literature,Spanish; HL; TZ2,question paper,May 2024 Examination Session/Studies in language and literature/Spanish_A_Language_and_literature_paper_1__TZ2_HL_Spanish.pdf,resources/private/past-papers/2022-2026/languages/2024/May 2024 Examination Session/Studies in language and literature/Spanish_A_Language_and_literature_paper_1__TZ2_HL_Spanish.pdf,application/pdf,1822890,21144393bef67529b82c7cd8aa2c4099aaafa9627c359d1a4c9e00e48a8393e7,2026-09-02,downloaded,size_and_sha256_verified,"Private reference copy; the source page states CC BY-NC-ND 4.0 for the webpage, but rights for the exam file are not stated and are presumed third-party/IB copyright. Do not redistribute or commit the binary.",
https://ibdocs.re/p/IB%20PAST%20PAPERS%20-%20YEAR/2024%20Examination%20Session/May%202024%20Examination%20Session/Studies%20in%20language%20and%20literature/Spanish_A_Language_and_literature_paper_1__TZ2_HLSL_markscheme_Spanish.pdf,https://dl.ibdocs.re/documents/spanish-a-language-and-literature-paper-1-tz2-hlsl-markscheme-spanish-6398bd394a746141,2024,May 2024 Examination Session,Spanish A Language and Literature,Spanish; HL/SL; TZ2,markscheme,May 2024 Examination Session/Studies in language and literature/Spanish_A_Language_and_literature_paper_1__TZ2_HLSL_markscheme_Spanish.pdf,resources/private/past-papers/2022-2026/languages/2024/May 2024 Examination Session/Studies in language and literature/Spanish_A_Language_and_literature_paper_1__TZ2_HLSL_markscheme_Spanish.pdf,application/pdf,256014,fca3328a55484d55acaebd61cf80832e2deb84182cc88c8ac901b3c3b70d7ac7,2026-09-02,downloaded,size_and_sha256_verified,"Private reference copy; the source page states CC BY-NC-ND 4.0 for the webpage, but rights for the exam file are not stated and are presumed third-party/IB copyright. Do not redistribute or commit the binary.",
https://ibdocs.re/p/IB%20PAST%20PAPERS%20-%20YEAR/2024%20Examination%20Session/May%202024%20Examination%20Session/Studies%20in%20language%20and%20literature/Spanish_A_Language_and_literature_paper_1__TZ2_SL_Spanish.pdf,https://dl.ibdocs.re/documents/spanish-a-language-and-literature-paper-1-tz2-sl-spanish-d279b18bf7471db0,2024,May 2024 Examination Session,Spanish A Language and Literature,Spanish; SL; TZ2,question paper,May 2024 Examination Session/Studies in language and literature/Spanish_A_Language_and_literature_paper_1__TZ2_SL_Spanish.pdf,resources/private/past-papers/2022-2026/languages/2024/May 2024 Examination Session/Studies in language and literature/Spanish_A_Language_and_literature_paper_1__TZ2_SL_Spanish.pdf,application/pdf,1822534,0cb64dca42bbaab03728666aa14c7f9b6519521a179f7f50397d204634f186bf,2026-09-02,downloaded,size_and_sha256_verified,"Private reference copy; the source page states CC BY-NC-ND 4.0 for the webpage, but rights for the exam file are not stated and are presumed third-party/IB copyright. Do not redistribute or commit the binary.",
https://ibdocs.re/p/IB%20PAST%20PAPERS%20-%20YEAR/2024%20Examination%20Session/May%202024%20Examination%20Session/Studies%20in%20language%20and%20literature/Spanish_A_Language_and_literature_paper_2__TZ1_HLSL_Spanish.pdf,https://dl.ibdocs.re/documents/spanish-a-language-and-literature-paper-2-tz1-hlsl-spanish-b3316de5f43674e6,2024,May 2024 Examination Session,Spanish A Language and Literature,Spanish; HL/SL; TZ1,question paper,May 2024 Examination Session/Studies in language and literature/Spanish_A_Language_and_literature_paper_2__TZ1_HLSL_Spanish.pdf,resources/private/past-papers/2022-2026/languages/2024/May 2024 Examination Session/Studies in language and literature/Spanish_A_Language_and_literature_paper_2__TZ1_HLSL_Spanish.pdf,application/pdf,294794,4d8f41d0dc892ca623e5b30a4c6f0219d224dc0119478be6d48fa626a471e079,2026-09-02,downloaded,size_and_sha256_verified,"Private reference copy; the source page states CC BY-NC-ND 4.0 for the webpage, but rights for the exam file are not stated and are presumed third-party/IB copyright. Do not redistribute or commit the binary.",
https://ibdocs.re/p/IB%20PAST%20PAPERS%20-%20YEAR/2024%20Examination%20Session/May%202024%20Examination%20Session/Studies%20in%20language%20and%20literature/Spanish_A_Language_and_literature_paper_2__TZ2_HLSL_Spanish.pdf,https://dl.ibdocs.re/documents/spanish-a-language-and-literature-paper-2-tz2-hlsl-spanish-0ea221d7143416c1,2024,May 2024 Examination Session,Spanish A Language and Literature,Spanish; HL/SL; TZ2,question paper,May 2024 Examination Session/Studies in language and literature/Spanish_A_Language_and_literature_paper_2__TZ2_HLSL_Spanish.pdf,resources/private/past-papers/2022-2026/languages/2024/May 2024 Examination Session/Studies in language and literature/Spanish_A_Language_and_literature_paper_2__TZ2_HLSL_Spanish.pdf,application/pdf,294874,91765f54fa9e5a26ef1806980ae789838a6c2cec238dda659e6e67d4d4e88025,2026-09-02,downloaded,size_and_sha256_verified,"Private reference copy; the source page states CC BY-NC-ND 4.0 for the webpage, but rights for the exam file are not stated and are presumed third-party/IB copyright. Do not redistribute or commit the binary.",
https://ibdocs.re/p/IB%20PAST%20PAPERS%20-%20YEAR/2024%20Examination%20Session/May%202024%20Examination%20Session/Studies%20in%20language%20and%20literature/Spanish_A_Literature_paper_1__TZ1_HL_Spanish.pdf,https://dl.ibdocs.re/documents/spanish-a-literature-paper-1-tz1-hl-spanish-979bba51ad95aead,2024,May 2024 Examination Session,Spanish A Literature,Spanish; HL; TZ1,question paper,May 2024 Examination Session/Studies in language and literature/Spanish_A_Literature_paper_1__TZ1_HL_Spanish.pdf,resources/private/past-papers/2022-2026/languages/2024/May 2024 Examination Session/Studies in language and literature/Spanish_A_Literature_paper_1__TZ1_HL_Spanish.pdf,application/pdf,871588,3d9227da489bd7807d55832fd6203cc2939081aa1e715cd3e419606048a8d0c8,2026-09-02,downloaded,size_and_sha256_verified,"Private reference copy; the source page states CC BY-NC-ND 4.0 for the webpage, but rights for the exam file are not stated and are presumed third-party/IB copyright. Do not redistribute or commit the binary.",
https://ibdocs.re/p/IB%20PAST%20PAPERS%20-%20YEAR/2024%20Examination%20Session/May%202024%20Examination%20Session/Studies%20in%20language%20and%20literature/Spanish_A_Literature_paper_1__TZ1_HLSL_markscheme_Spanish.pdf,https://dl.ibdocs.re/documents/spanish-a-literature-paper-1-tz1-hlsl-markscheme-spanish-b271d288a2d02eaf,2024,May 2024 Examination Session,Spanish A Literature,Spanish; HL/SL; TZ1,markscheme,May 2024 Examination Session/Studies in language and literature/Spanish_A_Literature_paper_1__TZ1_HLSL_markscheme_Spanish.pdf,resources/private/past-papers/2022-2026/languages/2024/May 2024 Examination Session/Studies in language and literature/Spanish_A_Literature_paper_1__TZ1_HLSL_markscheme_Spanish.pdf,application/pdf,253566,5e4b390ba58e216325d89803b1b005c51958a65a81b206a9f2793d9ff37b1cc8,2026-09-02,downloaded,size_and_sha256_verified,"Private reference copy; the source page states CC BY-NC-ND 4.0 for the webpage, but rights for the exam file are not stated and are presumed third-party/IB copyright. Do not redistribute or commit the binary.",
https://ibdocs.re/p/IB%20PAST%20PAPERS%20-%20YEAR/2024%20Examination%20Session/May%202024%20Examination%20Session/Studies%20in%20language%20and%20literature/Spanish_A_Literature_paper_1__TZ1_SL_Spanish.pdf,https://dl.ibdocs.re/documents/spanish-a-literature-paper-1-tz1-sl-spanish-83720eccb5a87e4e,2024,May 2024 Examination Session,Spanish A Literature,Spanish; SL; TZ1,question paper,May 2024 Examination Session/Studies in language and literature/Spanish_A_Literature_paper_1__TZ1_SL_Spanish.pdf,resources/private/past-papers/2022-2026/languages/2024/May 2024 Examination Session/Studies in language and literature/Spanish_A_Literature_paper_1__TZ1_SL_Spanish.pdf,application/pdf,872337,b74c1e90cf627c857ef836594383e3841c24ca10253b36971f521fe21c2dbc92,2026-09-02,downloaded,size_and_sha256_verified,"Private reference copy; the source page states CC BY-NC-ND 4.0 for the webpage, but rights for the exam file are not stated and are presumed third-party/IB copyright. Do not redistribute or commit the binary.",
https://ibdocs.re/p/IB%20PAST%20PAPERS%20-%20YEAR/2024%20Examination%20Session/May%202024%20Examination%20Session/Studies%20in%20language%20and%20literature/Spanish_A_Literature_paper_1__TZ2_HL_Spanish.pdf,https://dl.ibdocs.re/documents/spanish-a-literature-paper-1-tz2-hl-spanish-8a6638cd3d1c7dd2,2024,May 2024 Examination Session,Spanish A Literature,Spanish; HL; TZ2,question paper,May 2024 Examination Session/Studies in language and literature/Spanish_A_Literature_paper_1__TZ2_HL_Spanish.pdf,resources/private/past-papers/2022-2026/languages/2024/May 2024 Examination Session/Studies in language and literature/Spanish_A_Literature_paper_1__TZ2_HL_Spanish.pdf,application/pdf,827521,6d31d3365f7f9c5880b2235dc5395c722261ae4c7c9fa6012474b436dc062965,2026-09-02,downloaded,size_and_sha256_verified,"Private reference copy; the source page states CC BY-NC-ND 4.0 for the webpage, but rights for the exam file are not stated and are presumed third-party/IB copyright. Do not redistribute or commit the binary.",
https://ibdocs.re/p/IB%20PAST%20PAPERS%20-%20YEAR/2024%20Examination%20Session/May%202024%20Examination%20Session/Studies%20in%20language%20and%20literature/Spanish_A_Literature_paper_1__TZ2_HLSL_markscheme_Spanish.pdf,https://dl.ibdocs.re/documents/spanish-a-literature-paper-1-tz2-hlsl-markscheme-spanish-29931b7797579e26,2024,May 2024 Examination Session,Spanish A Literature,Spanish; HL/SL; TZ2,markscheme,May 2024 Examination Session/Studies in language and literature/Spanish_A_Literature_paper_1__TZ2_HLSL_markscheme_Spanish.pdf,resources/private/past-papers/2022-2026/languages/2024/May 2024 Examination Session/Studies in language and literature/Spanish_A_Literature_paper_1__TZ2_HLSL_markscheme_Spanish.pdf,application/pdf,320077,3a475182fd4541a68189543e43878b9b185249c6ce1028d868d7081536fd3078,2026-09-02,downloaded,size_and_sha256_verified,"Private reference copy; the source page states CC BY-NC-ND 4.0 for the webpage, but rights for the exam file are not stated and are presumed third-party/IB copyright. Do not redistribute or commit the binary.",
https://ibdocs.re/p/IB%20PAST%20PAPERS%20-%20YEAR/2024%20Examination%20Session/May%202024%20Examination%20Session/Studies%20in%20language%20and%20literature/Spanish_A_Literature_paper_1__TZ2_SL_Spanish.pdf,https://dl.ibdocs.re/documents/spanish-a-literature-paper-1-tz2-sl-spanish-77ebe1e1c65b6171,2024,May 2024 Examination Session,Spanish A Literature,Spanish; SL; TZ2,question paper,May 2024 Examination Session/Studies in language and literature/Spanish_A_Literature_paper_1__TZ2_SL_Spanish.pdf,resources/private/past-papers/2022-2026/languages/2024/May 2024 Examination Session/Studies in language and literature/Spanish_A_Literature_paper_1__TZ2_SL_Spanish.pdf,application/pdf,827767,7c1664f86ebdd4acc30934340e8ee482d7916040d0dc99461b859980d2700922,2026-09-02,downloaded,size_and_sha256_verified,"Private reference copy; the source page states CC BY-NC-ND 4.0 for the webpage, but rights for the exam file are not stated and are presumed third-party/IB copyright. Do not redistribute or commit the binary.",
https://ibdocs.re/p/IB%20PAST%20PAPERS%20-%20YEAR/2024%20Examination%20Session/May%202024%20Examination%20Session/Studies%20in%20language%20and%20literature/Spanish_A_Literature_paper_2__TZ1_HLSL_Spanish.pdf,https://dl.ibdocs.re/documents/spanish-a-literature-paper-2-tz1-hlsl-spanish-07b390d87b71cfaf,2024,May 2024 Examination Session,Spanish A Literature,Spanish; HL/SL; TZ1,question paper,May 2024 Examination Session/Studies in language and literature/Spanish_A_Literature_paper_2__TZ1_HLSL_Spanish.pdf,resources/private/past-papers/2022-2026/languages/2024/May 2024 Examination Session/Studies in language and literature/Spanish_A_Literature_paper_2__TZ1_HLSL_Spanish.pdf,application/pdf,294870,f50e82f48238696de6e21846dde86843ef228f528049aef43dffe5ca829182ea,2026-09-02,downloaded,size_and_sha256_verified,"Private reference copy; the source page states CC BY-NC-ND 4.0 for the webpage, but rights for the exam file are not stated and are presumed third-party/IB copyright. Do not redistribute or commit the binary.",
https://ibdocs.re/p/IB%20PAST%20PAPERS%20-%20YEAR/2024%20Examination%20Session/May%202024%20Examination%20Session/Studies%20in%20language%20and%20literature/Spanish_A_Literature_paper_2__TZ2_HLSL_Spanish.pdf,https://dl.ibdocs.re/documents/spanish-a-literature-paper-2-tz2-hlsl-spanish-84a224ecd6fb8438,2024,May 2024 Examination Session,Spanish A Literature,Spanish; HL/SL; TZ2,question paper,May 2024 Examination Session/Studies in language and literature/Spanish_A_Literature_paper_2__TZ2_HLSL_Spanish.pdf,resources/private/past-papers/2022-2026/languages/2024/May 2024 Examination Session/Studies in language and literature/Spanish_A_Literature_paper_2__TZ2_HLSL_Spanish.pdf,application/pdf,294743,1ab09495a43944b2c1e5f7b804a75d02238b013bca3bc7278035b4e37290fbec,2026-09-02,downloaded,size_and_sha256_verified,"Private reference copy; the source page states CC BY-NC-ND 4.0 for the webpage, but rights for the exam file are not stated and are presumed third-party/IB copyright. Do not redistribute or commit the binary.",
https://dl.ibdocs.re/p/IB%20PAST%20PAPERS%20-%20YEAR/2024%20Examination%20Session/More%20Papers%20M24/English%20B%20HL%20P1%20Q1.jpg,https://dl.ibdocs.re/past-papers/2024/more-papers-m24,2024,More Papers M24,English B,English; HL,associated exam material,More Papers M24/English B HL P1 Q1.jpg,resources/private/past-papers/2022-2026/languages/2024/More Papers M24/English B HL P1 Q1.jpg,image/jpeg,108507,41989f9bd7d187b4dd24562bab802067a6d4d17eec6464d18bfd01ce7520781b,2026-09-02,downloaded,size_and_sha256_verified,"Private reference copy; the source page states CC BY-NC-ND 4.0 for the webpage, but rights for the exam file are not stated and are presumed third-party/IB copyright. Do not redistribute or commit the binary.",
https://ibdocs.re/p/IB%20PAST%20PAPERS%20-%20YEAR/2024%20Examination%20Session/More%20Papers%20N24/English%20A%20Lang%20%26%20Lit%20HL%20Paper%201.pdf,https://dl.ibdocs.re/documents/english-a-lang-and-lit-hl-paper-1-c4825f73d7445b29,2024,More Papers N24,English A Language and Literature,English; HL,question paper,More Papers N24/English A Lang & Lit HL Paper 1.pdf,resources/private/past-papers/2022-2026/languages/2024/More Papers N24/English A Lang & Lit HL Paper 1.pdf,application/pdf,3392547,3427c3777a5cd8b5e3cc5ac580e8f1dbdf1d30000a9000ca00d57cbf0855c273,2026-09-02,downloaded,size_and_sha256_verified,"Private reference copy; the source page states CC BY-NC-ND 4.0 for the webpage, but rights for the exam file are not stated and are presumed third-party/IB copyright. Do not redistribute or commit the binary.",
https://ibdocs.re/p/IB%20PAST%20PAPERS%20-%20YEAR/2024%20Examination%20Session/More%20Papers%20N24/English%20A%20Lang%20%26%20Lit%20SL%20Paper%201.pdf,https://dl.ibdocs.re/documents/english-a-lang-and-lit-sl-paper-1-1d940bdb4a5773ea,2024,More Papers N24,English A Language and Literature,English; SL,question paper,More Papers N24/English A Lang & Lit SL Paper 1.pdf,resources/private/past-papers/2022-2026/languages/2024/More Papers N24/English A Lang & Lit SL Paper 1.pdf,application/pdf,1573946,ee7188da62b13e0f0d0c02acee649f8334512d9098614028eb437c05e44a4e46,2026-09-02,downloaded,size_and_sha256_verified,"Private reference copy; the source page states CC BY-NC-ND 4.0 for the webpage, but rights for the exam file are not stated and are presumed third-party/IB copyright. Do not redistribute or commit the binary.",
https://ibdocs.re/p/IB%20PAST%20PAPERS%20-%20YEAR/2024%20Examination%20Session/November%202024%20Examination%20Session/audio/n242abenghliengtz0xxl.mp3,https://dl.ibdocs.re/IB%20PAST%20PAPERS%20-%20YEAR/2024%20Examination%20Session/November%202024%20Examination%20Session/audio,2024,November 2024 Examination Session,English B,English; HL,audio recording,November 2024 Examination Session/audio/n242abenghliengtz0xxl.mp3,resources/private/past-papers/2022-2026/languages/2024/November 2024 Examination Session/audio/n242abenghliengtz0xxl.mp3,audio/mpeg,24878554,2cf8737cd31896052834e863579348be11d1f9e1328beceabbf2294cb54e91d7,2026-09-02,downloaded,size_and_sha256_verified,"Private reference copy; the source page states CC BY-NC-ND 4.0 for the webpage, but rights for the exam file are not stated and are presumed third-party/IB copyright. Do not redistribute or commit the binary.",Opaque archive filename decoded from IB subject code: abeng = English B; abspa = Spanish B.
https://ibdocs.re/p/IB%20PAST%20PAPERS%20-%20YEAR/2024%20Examination%20Session/November%202024%20Examination%20Session/audio/n242abengsliengtz0xxl.mp3,https://dl.ibdocs.re/IB%20PAST%20PAPERS%20-%20YEAR/2024%20Examination%20Session/November%202024%20Examination%20Session/audio,2024,November 2024 Examination Session,English B,English; SL,audio recording,November 2024 Examination Session/audio/n242abengsliengtz0xxl.mp3,resources/private/past-papers/2022-2026/languages/2024/November 2024 Examination Session/audio/n242abengsliengtz0xxl.mp3,audio/mpeg,18542648,58be0fa94dd3db8759f9297f84e3cb3b066ed1960e2e0614d0d34dcf26b2de76,2026-09-02,downloaded,size_and_sha256_verified,"Private reference copy; the source page states CC BY-NC-ND 4.0 for the webpage, but rights for the exam file are not stated and are presumed third-party/IB copyright. Do not redistribute or commit the binary.",Opaque archive filename decoded from IB subject code: abeng = English B; abspa = Spanish B.
https://ibdocs.re/p/IB%20PAST%20PAPERS%20-%20YEAR/2024%20Examination%20Session/November%202024%20Examination%20Session/audio/n242abspahlispatz0xxl.mp3,https://dl.ibdocs.re/IB%20PAST%20PAPERS%20-%20YEAR/2024%20Examination%20Session/November%202024%20Examination%20Session/audio,2024,November 2024 Examination Session,Spanish B,Spanish; HL,audio recording,November 2024 Examination Session/audio/n242abspahlispatz0xxl.mp3,resources/private/past-papers/2022-2026/languages/2024/November 2024 Examination Session/audio/n242abspahlispatz0xxl.mp3,audio/mpeg,25498401,3d17dff08e96bb11aa55bacc7c95a8a4525060b2dd76bc4398fbe605095aad31,2026-09-02,downloaded,size_and_sha256_verified,"Private reference copy; the source page states CC BY-NC-ND 4.0 for the webpage, but rights for the exam file are not stated and are presumed third-party/IB copyright. Do not redistribute or commit the binary.",Opaque archive filename decoded from IB subject code: abeng = English B; abspa = Spanish B.
https://ibdocs.re/p/IB%20PAST%20PAPERS%20-%20YEAR/2024%20Examination%20Session/November%202024%20Examination%20Session/audio/n242abspaslispatz0xxl.mp3,https://dl.ibdocs.re/IB%20PAST%20PAPERS%20-%20YEAR/2024%20Examination%20Session/November%202024%20Examination%20Session/audio,2024,November 2024 Examination Session,Spanish B,Spanish; SL,audio recording,November 2024 Examination Session/audio/n242abspaslispatz0xxl.mp3,resources/private/past-papers/2022-2026/languages/2024/November 2024 Examination Session/audio/n242abspaslispatz0xxl.mp3,audio/mpeg,19363496,e5a2da9f9758d797d3af47645cea2c829eb1bfe72645b5ded3bbb5eb8f309417,2026-09-02,downloaded,size_and_sha256_verified,"Private reference copy; the source page states CC BY-NC-ND 4.0 for the webpage, but rights for the exam file are not stated and are presumed third-party/IB copyright. Do not redistribute or commit the binary.",Opaque archive filename decoded from IB subject code: abeng = English B; abspa = Spanish B.
https://ibdocs.re/p/IB%20PAST%20PAPERS%20-%20YEAR/2024%20Examination%20Session/November%202024%20Examination%20Session/Language%20acquisition/English_B_listening_comprehension__HL_markscheme.pdf,https://dl.ibdocs.re/documents/english-b-listening-comprehension-hl-markscheme-c2e1fca3227c178e,2024,November 2024 Examination Session,English B,English; HL,markscheme,November 2024 Examination Session/Language acquisition/English_B_listening_comprehension__HL_markscheme.pdf,resources/private/past-papers/2022-2026/languages/2024/November 2024 Examination Session/Language acquisition/English_B_listening_comprehension__HL_markscheme.pdf,application/pdf,561820,fd495eafe83467a86ea5b827c8a631b15f312a20f1fd54ca2fe142d851aca201,2026-09-02,downloaded,size_and_sha256_verified,"Private reference copy; the source page states CC BY-NC-ND 4.0 for the webpage, but rights for the exam file are not stated and are presumed third-party/IB copyright. Do not redistribute or commit the binary.",
https://ibdocs.re/p/IB%20PAST%20PAPERS%20-%20YEAR/2024%20Examination%20Session/November%202024%20Examination%20Session/Language%20acquisition/English_B_listening_comprehension__HL.pdf,https://dl.ibdocs.re/documents/english-b-listening-comprehension-hl-db226a131fc2726b,2024,November 2024 Examination Session,English B,English; HL,listening question paper/associated material,November 2024 Examination Session/Language acquisition/English_B_listening_comprehension__HL.pdf,resources/private/past-papers/2022-2026/languages/2024/November 2024 Examination Session/Language acquisition/English_B_listening_comprehension__HL.pdf,application/pdf,1090838,2902ae64e94cb8108e09797800c873422c46be259949c6aa7ac7d6fe27966a03,2026-09-02,downloaded,size_and_sha256_verified,"Private reference copy; the source page states CC BY-NC-ND 4.0 for the webpage, but rights for the exam file are not stated and are presumed third-party/IB copyright. Do not redistribute or commit the binary.",
https://ibdocs.re/p/IB%20PAST%20PAPERS%20-%20YEAR/2024%20Examination%20Session/November%202024%20Examination%20Session/Language%20acquisition/English_B_listening_comprehension__SL_markscheme.pdf,https://dl.ibdocs.re/documents/english-b-listening-comprehension-sl-markscheme-a1539e9c301ec52f,2024,November 2024 Examination Session,English B,English; SL,markscheme,November 2024 Examination Session/Language acquisition/English_B_listening_comprehension__SL_markscheme.pdf,resources/private/past-papers/2022-2026/languages/2024/November 2024 Examination Session/Language acquisition/English_B_listening_comprehension__SL_markscheme.pdf,application/pdf,526544,82b52c07022c0fcac055ea208a8ae73974c91b0b0584ac0d292b5765a2596b6d,2026-09-02,downloaded,size_and_sha256_verified,"Private reference copy; the source page states CC BY-NC-ND 4.0 for the webpage, but rights for the exam file are not stated and are presumed third-party/IB copyright. Do not redistribute or commit the binary.",
https://ibdocs.re/p/IB%20PAST%20PAPERS%20-%20YEAR/2024%20Examination%20Session/November%202024%20Examination%20Session/Language%20acquisition/English_B_listening_comprehension__SL.pdf,https://dl.ibdocs.re/documents/english-b-listening-comprehension-sl-c34c90d2ecd2ff04,2024,November 2024 Examination Session,English B,English; SL,listening question paper/associated material,November 2024 Examination Session/Language acquisition/English_B_listening_comprehension__SL.pdf,resources/private/past-papers/2022-2026/languages/2024/November 2024 Examination Session/Language acquisition/English_B_listening_comprehension__SL.pdf,application/pdf,1136587,8699a9e8856d2fa04402702652de067aa0ae0f7266c0e00eee892b65f4713d17,2026-09-02,downloaded,size_and_sha256_verified,"Private reference copy; the source page states CC BY-NC-ND 4.0 for the webpage, but rights for the exam file are not stated and are presumed third-party/IB copyright. Do not redistribute or commit the binary.",
https://ibdocs.re/p/IB%20PAST%20PAPERS%20-%20YEAR/2024%20Examination%20Session/November%202024%20Examination%20Session/Language%20acquisition/English_B_paper_1__SL_markscheme.pdf,https://dl.ibdocs.re/documents/english-b-paper-1-sl-markscheme-ed399b4854f8891f,2024,November 2024 Examination Session,English B,English; SL,markscheme,November 2024 Examination Session/Language acquisition/English_B_paper_1__SL_markscheme.pdf,resources/private/past-papers/2022-2026/languages/2024/November 2024 Examination Session/Language acquisition/English_B_paper_1__SL_markscheme.pdf,application/pdf,505163,fbae418e8330858fc7a378ad87bf9e14aae58b89d15fa33f1ed637a27c8e1b0d,2026-09-02,downloaded,size_and_sha256_verified,"Private reference copy; the source page states CC BY-NC-ND 4.0 for the webpage, but rights for the exam file are not stated and are presumed third-party/IB copyright. Do not redistribute or commit the binary.",
https://ibdocs.re/p/IB%20PAST%20PAPERS%20-%20YEAR/2024%20Examination%20Session/November%202024%20Examination%20Session/Language%20acquisition/English_B_paper_1__SL.pdf,https://dl.ibdocs.re/documents/english-b-paper-1-sl-04470752f6226874,2024,November 2024 Examination Session,English B,English; SL,question paper,November 2024 Examination Session/Language acquisition/English_B_paper_1__SL.pdf,resources/private/past-papers/2022-2026/languages/2024/November 2024 Examination Session/Language acquisition/English_B_paper_1__SL.pdf,application/pdf,295957,c88378eb30a56542517a6d0a6b70fb1d9f3ec6d9b3358e84e83074c5232b697b,2026-09-02,downloaded,size_and_sha256_verified,"Private reference copy; the source page states CC BY-NC-ND 4.0 for the webpage, but rights for the exam file are not stated and are presumed third-party/IB copyright. Do not redistribute or commit the binary.",
https://ibdocs.re/p/IB%20PAST%20PAPERS%20-%20YEAR/2024%20Examination%20Session/November%202024%20Examination%20Session/Language%20acquisition/English_B_paper_1__TZ1_HL_markscheme.pdf,https://dl.ibdocs.re/documents/english-b-paper-1-tz1-hl-markscheme-59fcc2dab996931c,2024,November 2024 Examination Session,English B,English; HL; TZ1,markscheme,November 2024 Examination Session/Language acquisition/English_B_paper_1__TZ1_HL_markscheme.pdf,resources/private/past-papers/2022-2026/languages/2024/November 2024 Examination Session/Language acquisition/English_B_paper_1__TZ1_HL_markscheme.pdf,application/pdf,506132,880aeed94d0ae1496439e4eec821625b1819e37c52ff6aa1f73ee1a46ad243cb,2026-09-02,downloaded,size_and_sha256_verified,"Private reference copy; the source page states CC BY-NC-ND 4.0 for the webpage, but rights for the exam file are not stated and are presumed third-party/IB copyright. Do not redistribute or commit the binary.",
https://ibdocs.re/p/IB%20PAST%20PAPERS%20-%20YEAR/2024%20Examination%20Session/November%202024%20Examination%20Session/Language%20acquisition/English_B_paper_1__TZ1_HL.pdf,https://dl.ibdocs.re/documents/english-b-paper-1-tz1-hl-7414aff84803f009,2024,November 2024 Examination Session,English B,English; HL; TZ1,question paper,November 2024 Examination Session/Language acquisition/English_B_paper_1__TZ1_HL.pdf,resources/private/past-papers/2022-2026/languages/2024/November 2024 Examination Session/Language acquisition/English_B_paper_1__TZ1_HL.pdf,application/pdf,295491,8aaef678e6c8e21b4a2d316b04dcb07234b41e9b60f9996be5882117ca072765,2026-09-02,downloaded,size_and_sha256_verified,"Private reference copy; the source page states CC BY-NC-ND 4.0 for the webpage, but rights for the exam file are not stated and are presumed third-party/IB copyright. Do not redistribute or commit the binary.",
https://ibdocs.re/p/IB%20PAST%20PAPERS%20-%20YEAR/2024%20Examination%20Session/November%202024%20Examination%20Session/Language%20acquisition/English_B_paper_1__TZ2_HL_markscheme.pdf,https://dl.ibdocs.re/documents/english-b-paper-1-tz2-hl-markscheme-3d085c23716ffe7d,2024,November 2024 Examination Session,English B,English; HL; TZ2,markscheme,November 2024 Examination Session/Language acquisition/English_B_paper_1__TZ2_HL_markscheme.pdf,resources/private/past-papers/2022-2026/languages/2024/November 2024 Examination Session/Language acquisition/English_B_paper_1__TZ2_HL_markscheme.pdf,application/pdf,508921,28aad8f74dc5bf7a653042b0923fbed89fb4e3ea6e9df526fff3b8ba1c473140,2026-09-02,downloaded,size_and_sha256_verified,"Private reference copy; the source page states CC BY-NC-ND 4.0 for the webpage, but rights for the exam file are not stated and are presumed third-party/IB copyright. Do not redistribute or commit the binary.",
https://ibdocs.re/p/IB%20PAST%20PAPERS%20-%20YEAR/2024%20Examination%20Session/November%202024%20Examination%20Session/Language%20acquisition/English_B_paper_1__TZ2_HL.pdf,https://dl.ibdocs.re/documents/english-b-paper-1-tz2-hl-9aa62c2f8ac06d7a,2024,November 2024 Examination Session,English B,English; HL; TZ2,question paper,November 2024 Examination Session/Language acquisition/English_B_paper_1__TZ2_HL.pdf,resources/private/past-papers/2022-2026/languages/2024/November 2024 Examination Session/Language acquisition/English_B_paper_1__TZ2_HL.pdf,application/pdf,295318,79f38173bf753d8167461ccf6c05e9614bf9a85478fd87e52efdd5acae13d708,2026-09-02,downloaded,size_and_sha256_verified,"Private reference copy; the source page states CC BY-NC-ND 4.0 for the webpage, but rights for the exam file are not stated and are presumed third-party/IB copyright. Do not redistribute or commit the binary.",
https://ibdocs.re/p/IB%20PAST%20PAPERS%20-%20YEAR/2024%20Examination%20Session/November%202024%20Examination%20Session/Language%20acquisition/English_B_paper_2_reading_comprehension__question_booklet_SL.pdf,https://dl.ibdocs.re/documents/english-b-paper-2-reading-comprehension-question-booklet-sl-fd1346240fd2f5c3,2024,November 2024 Examination Session,English B,English; SL,question booklet,November 2024 Examination Session/Language acquisition/English_B_paper_2_reading_comprehension__question_booklet_SL.pdf,resources/private/past-papers/2022-2026/languages/2024/November 2024 Examination Session/Language acquisition/English_B_paper_2_reading_comprehension__question_booklet_SL.pdf,application/pdf,463587,038779be6fcefaabb7c7b15fe08e6534f2fb7a3e79773679deba81021b317307,2026-09-02,downloaded,size_and_sha256_verified,"Private reference copy; the source page states CC BY-NC-ND 4.0 for the webpage, but rights for the exam file are not stated and are presumed third-party/IB copyright. Do not redistribute or commit the binary.",
https://ibdocs.re/p/IB%20PAST%20PAPERS%20-%20YEAR/2024%20Examination%20Session/November%202024%20Examination%20Session/Language%20acquisition/English_B_paper_2_reading_comprehension__question_booklet_TZ1_HL.pdf,https://dl.ibdocs.re/documents/english-b-paper-2-reading-comprehension-question-booklet-tz1-hl-cdd5bd58bba1fd76,2024,November 2024 Examination Session,English B,English; HL; TZ1,question booklet,November 2024 Examination Session/Language acquisition/English_B_paper_2_reading_comprehension__question_booklet_TZ1_HL.pdf,resources/private/past-papers/2022-2026/languages/2024/November 2024 Examination Session/Language acquisition/English_B_paper_2_reading_comprehension__question_booklet_TZ1_HL.pdf,application/pdf,478638,4eccb5699fbc73d78f5a5c769f7958ff59c7649e5701da9973723d35677941f3,2026-09-02,downloaded,size_and_sha256_verified,"Private reference copy; the source page states CC BY-NC-ND 4.0 for the webpage, but rights for the exam file are not stated and are presumed third-party/IB copyright. Do not redistribute or commit the binary.",
https://ibdocs.re/p/IB%20PAST%20PAPERS%20-%20YEAR/2024%20Examination%20Session/November%202024%20Examination%20Session/Language%20acquisition/English_B_paper_2_reading_comprehension__question_booklet_TZ2_HL.pdf,https://dl.ibdocs.re/documents/english-b-paper-2-reading-comprehension-question-booklet-tz2-hl-6d253ac8e02ac3b5,2024,November 2024 Examination Session,English B,English; HL; TZ2,question booklet,November 2024 Examination Session/Language acquisition/English_B_paper_2_reading_comprehension__question_booklet_TZ2_HL.pdf,resources/private/past-papers/2022-2026/languages/2024/November 2024 Examination Session/Language acquisition/English_B_paper_2_reading_comprehension__question_booklet_TZ2_HL.pdf,application/pdf,479203,013e57810df24b49cfdb541141cf7735546f4ce6d381a3555b197b59b6af4957,2026-09-02,downloaded,size_and_sha256_verified,"Private reference copy; the source page states CC BY-NC-ND 4.0 for the webpage, but rights for the exam file are not stated and are presumed third-party/IB copyright. Do not redistribute or commit the binary.",
https://ibdocs.re/p/IB%20PAST%20PAPERS%20-%20YEAR/2024%20Examination%20Session/November%202024%20Examination%20Session/Language%20acquisition/English_B_paper_2_reading_comprehension__SL_markscheme.pdf,https://dl.ibdocs.re/documents/english-b-paper-2-reading-comprehension-sl-markscheme-b945138185c82cd8,2024,November 2024 Examination Session,English B,English; SL,markscheme,November 2024 Examination Session/Language acquisition/English_B_paper_2_reading_comprehension__SL_markscheme.pdf,resources/private/past-papers/2022-2026/languages/2024/November 2024 Examination Session/Language acquisition/English_B_paper_2_reading_comprehension__SL_markscheme.pdf,application/pdf,358300,6bb23428392690c087cda3e71a6bf1651a3ff85a739122ff71dc8fe98ddf0151,2026-09-02,downloaded,size_and_sha256_verified,"Private reference copy; the source page states CC BY-NC-ND 4.0 for the webpage, but rights for the exam file are not stated and are presumed third-party/IB copyright. Do not redistribute or commit the binary.",
https://ibdocs.re/p/IB%20PAST%20PAPERS%20-%20YEAR/2024%20Examination%20Session/November%202024%20Examination%20Session/Language%20acquisition/English_B_paper_2_reading_comprehension__text_booklet_SL.pdf,https://dl.ibdocs.re/documents/english-b-paper-2-reading-comprehension-text-booklet-sl-933b2274526f130e,2024,November 2024 Examination Session,English B,English; SL,text booklet,November 2024 Examination Session/Language acquisition/English_B_paper_2_reading_comprehension__text_booklet_SL.pdf,resources/private/past-papers/2022-2026/languages/2024/November 2024 Examination Session/Language acquisition/English_B_paper_2_reading_comprehension__text_booklet_SL.pdf,application/pdf,1265629,a5f794bf9de72b9ee81b6d1d9517d15c1150334c3e8c78e7919f44eeec3cfaa4,2026-09-02,downloaded,size_and_sha256_verified,"Private reference copy; the source page states CC BY-NC-ND 4.0 for the webpage, but rights for the exam file are not stated and are presumed third-party/IB copyright. Do not redistribute or commit the binary.",
https://ibdocs.re/p/IB%20PAST%20PAPERS%20-%20YEAR/2024%20Examination%20Session/November%202024%20Examination%20Session/Language%20acquisition/English_B_paper_2_reading_comprehension__text_booklet_TZ1_HL.pdf,https://dl.ibdocs.re/documents/english-b-paper-2-reading-comprehension-text-booklet-tz1-hl-e56364a671407097,2024,November 2024 Examination Session,English B,English; HL; TZ1,text booklet,November 2024 Examination Session/Language acquisition/English_B_paper_2_reading_comprehension__text_booklet_TZ1_HL.pdf,resources/private/past-papers/2022-2026/languages/2024/November 2024 Examination Session/Language acquisition/English_B_paper_2_reading_comprehension__text_booklet_TZ1_HL.pdf,application/pdf,1338166,b61ea949454d930bd0583ca04591aa985166252461aef9c855113ec595e9d7e3,2026-09-02,downloaded,size_and_sha256_verified,"Private reference copy; the source page states CC BY-NC-ND 4.0 for the webpage, but rights for the exam file are not stated and are presumed third-party/IB copyright. Do not redistribute or commit the binary.",
https://ibdocs.re/p/IB%20PAST%20PAPERS%20-%20YEAR/2024%20Examination%20Session/November%202024%20Examination%20Session/Language%20acquisition/English_B_paper_2_reading_comprehension__text_booklet_TZ2_HL.pdf,https://dl.ibdocs.re/documents/english-b-paper-2-reading-comprehension-text-booklet-tz2-hl-dc38f3083f98b1c4,2024,November 2024 Examination Session,English B,English; HL; TZ2,text booklet,November 2024 Examination Session/Language acquisition/English_B_paper_2_reading_comprehension__text_booklet_TZ2_HL.pdf,resources/private/past-papers/2022-2026/languages/2024/November 2024 Examination Session/Language acquisition/English_B_paper_2_reading_comprehension__text_booklet_TZ2_HL.pdf,application/pdf,1338240,45bc0e920022989d1b552153b23461c337564cdfe11a5bb92c52eb411906bfcd,2026-09-02,downloaded,size_and_sha256_verified,"Private reference copy; the source page states CC BY-NC-ND 4.0 for the webpage, but rights for the exam file are not stated and are presumed third-party/IB copyright. Do not redistribute or commit the binary.",
https://ibdocs.re/p/IB%20PAST%20PAPERS%20-%20YEAR/2024%20Examination%20Session/November%202024%20Examination%20Session/Language%20acquisition/English_B_paper_2_reading_comprehension__TZ1_HL_markscheme.pdf,https://dl.ibdocs.re/documents/english-b-paper-2-reading-comprehension-tz1-hl-markscheme-ee7d71bc62158467,2024,November 2024 Examination Session,English B,English; HL; TZ1,markscheme,November 2024 Examination Session/Language acquisition/English_B_paper_2_reading_comprehension__TZ1_HL_markscheme.pdf,resources/private/past-papers/2022-2026/languages/2024/November 2024 Examination Session/Language acquisition/English_B_paper_2_reading_comprehension__TZ1_HL_markscheme.pdf,application/pdf,417477,8910ac11c83488461618bf0f59b701ebba8e16de4a3184cbb7b24ffd55ed7ebc,2026-09-02,downloaded,size_and_sha256_verified,"Private reference copy; the source page states CC BY-NC-ND 4.0 for the webpage, but rights for the exam file are not stated and are presumed third-party/IB copyright. Do not redistribute or commit the binary.",
https://ibdocs.re/p/IB%20PAST%20PAPERS%20-%20YEAR/2024%20Examination%20Session/November%202024%20Examination%20Session/Language%20acquisition/English_B_paper_2_reading_comprehension__TZ2_HL_markscheme.pdf,https://dl.ibdocs.re/documents/english-b-paper-2-reading-comprehension-tz2-hl-markscheme-09096c34854505a2,2024,November 2024 Examination Session,English B,English; HL; TZ2,markscheme,November 2024 Examination Session/Language acquisition/English_B_paper_2_reading_comprehension__TZ2_HL_markscheme.pdf,resources/private/past-papers/2022-2026/languages/2024/November 2024 Examination Session/Language acquisition/English_B_paper_2_reading_comprehension__TZ2_HL_markscheme.pdf,application/pdf,399310,fd182b74bf5570f0fa1dd02a67c2e4f63d7fa6194a4caa40a132e46b9e39e885,2026-09-02,downloaded,size_and_sha256_verified,"Private reference copy; the source page states CC BY-NC-ND 4.0 for the webpage, but rights for the exam file are not stated and are presumed third-party/IB copyright. Do not redistribute or commit the binary.",
https://ibdocs.re/p/IB%20PAST%20PAPERS%20-%20YEAR/2024%20Examination%20Session/November%202024%20Examination%20Session/Language%20acquisition/Spanish_B_listening_comprehension__HL_markscheme_Spanish.pdf,https://dl.ibdocs.re/documents/spanish-b-listening-comprehension-hl-markscheme-spanish-b2955647e6c74845,2024,November 2024 Examination Session,Spanish B,Spanish; HL,markscheme,November 2024 Examination Session/Language acquisition/Spanish_B_listening_comprehension__HL_markscheme_Spanish.pdf,resources/private/past-papers/2022-2026/languages/2024/November 2024 Examination Session/Language acquisition/Spanish_B_listening_comprehension__HL_markscheme_Spanish.pdf,application/pdf,534048,eb6e8b41fdbd1e530c7e9f6254c291ad536081a394d8e10263a1458bea17c8d8,2026-09-02,downloaded,size_and_sha256_verified,"Private reference copy; the source page states CC BY-NC-ND 4.0 for the webpage, but rights for the exam file are not stated and are presumed third-party/IB copyright. Do not redistribute or commit the binary.",
https://ibdocs.re/p/IB%20PAST%20PAPERS%20-%20YEAR/2024%20Examination%20Session/November%202024%20Examination%20Session/Language%20acquisition/Spanish_B_listening_comprehension__HL_Spanish.pdf,https://dl.ibdocs.re/documents/spanish-b-listening-comprehension-hl-spanish-fca46d58d3f09f60,2024,November 2024 Examination Session,Spanish B,Spanish; HL,listening question paper/associated material,November 2024 Examination Session/Language acquisition/Spanish_B_listening_comprehension__HL_Spanish.pdf,resources/private/past-papers/2022-2026/languages/2024/November 2024 Examination Session/Language acquisition/Spanish_B_listening_comprehension__HL_Spanish.pdf,application/pdf,693717,a09e1afe6070bba0595f2ecc6aba453e518e210d9be0bb9aba92da09a8921d47,2026-09-02,downloaded,size_and_sha256_verified,"Private reference copy; the source page states CC BY-NC-ND 4.0 for the webpage, but rights for the exam file are not stated and are presumed third-party/IB copyright. Do not redistribute or commit the binary.",
https://ibdocs.re/p/IB%20PAST%20PAPERS%20-%20YEAR/2024%20Examination%20Session/November%202024%20Examination%20Session/Language%20acquisition/Spanish_B_listening_comprehension__SL_markscheme_Spanish.pdf,https://dl.ibdocs.re/documents/spanish-b-listening-comprehension-sl-markscheme-spanish-5832b12ffb202a34,2024,November 2024 Examination Session,Spanish B,Spanish; SL,markscheme,November 2024 Examination Session/Language acquisition/Spanish_B_listening_comprehension__SL_markscheme_Spanish.pdf,resources/private/past-papers/2022-2026/languages/2024/November 2024 Examination Session/Language acquisition/Spanish_B_listening_comprehension__SL_markscheme_Spanish.pdf,application/pdf,512138,b3c867c4ba27eb431469b8e3eff8020fd419432bb563ff9c28d75c2062232abb,2026-09-02,downloaded,size_and_sha256_verified,"Private reference copy; the source page states CC BY-NC-ND 4.0 for the webpage, but rights for the exam file are not stated and are presumed third-party/IB copyright. Do not redistribute or commit the binary.",
https://ibdocs.re/p/IB%20PAST%20PAPERS%20-%20YEAR/2024%20Examination%20Session/November%202024%20Examination%20Session/Language%20acquisition/Spanish_B_listening_comprehension__SL_Spanish.pdf,https://dl.ibdocs.re/documents/spanish-b-listening-comprehension-sl-spanish-9affda617920b38b,2024,November 2024 Examination Session,Spanish B,Spanish; SL,listening question paper/associated material,November 2024 Examination Session/Language acquisition/Spanish_B_listening_comprehension__SL_Spanish.pdf,resources/private/past-papers/2022-2026/languages/2024/November 2024 Examination Session/Language acquisition/Spanish_B_listening_comprehension__SL_Spanish.pdf,application/pdf,1037751,1cc5cf6d20f8b63f9c8b7aa6f5743c52c4c8fb75d6d04f9f137b1f7ed796ecea,2026-09-02,downloaded,size_and_sha256_verified,"Private reference copy; the source page states CC BY-NC-ND 4.0 for the webpage, but rights for the exam file are not stated and are presumed third-party/IB copyright. Do not redistribute or commit the binary.",
https://ibdocs.re/p/IB%20PAST%20PAPERS%20-%20YEAR/2024%20Examination%20Session/November%202024%20Examination%20Session/Language%20acquisition/Spanish_B_paper_1__HL_markscheme_Spanish.pdf,https://dl.ibdocs.re/documents/spanish-b-paper-1-hl-markscheme-spanish-757f75bacaf7c335,2024,November 2024 Examination Session,Spanish B,Spanish; HL,markscheme,November 2024 Examination Session/Language acquisition/Spanish_B_paper_1__HL_markscheme_Spanish.pdf,resources/private/past-papers/2022-2026/languages/2024/November 2024 Examination Session/Language acquisition/Spanish_B_paper_1__HL_markscheme_Spanish.pdf,application/pdf,557804,ab4a1a111ece0db276e316d923d29411f85119d11511b97ee94b8c914903f622,2026-09-02,downloaded,size_and_sha256_verified,"Private reference copy; the source page states CC BY-NC-ND 4.0 for the webpage, but rights for the exam file are not stated and are presumed third-party/IB copyright. Do not redistribute or commit the binary.",
https://ibdocs.re/p/IB%20PAST%20PAPERS%20-%20YEAR/2024%20Examination%20Session/November%202024%20Examination%20Session/Language%20acquisition/Spanish_B_paper_1__HL_Spanish.pdf,https://dl.ibdocs.re/documents/spanish-b-paper-1-hl-spanish-0b20dd709c8b6b10,2024,November 2024 Examination Session,Spanish B,Spanish; HL,question paper,November 2024 Examination Session/Language acquisition/Spanish_B_paper_1__HL_Spanish.pdf,resources/private/past-papers/2022-2026/languages/2024/November 2024 Examination Session/Language acquisition/Spanish_B_paper_1__HL_Spanish.pdf,application/pdf,293570,18ccd63f3e5e93cffec4a868ab30522a9bceab35401d8cbd35d838814e2e741c,2026-09-02,downloaded,size_and_sha256_verified,"Private reference copy; the source page states CC BY-NC-ND 4.0 for the webpage, but rights for the exam file are not stated and are presumed third-party/IB copyright. Do not redistribute or commit the binary.",
https://ibdocs.re/p/IB%20PAST%20PAPERS%20-%20YEAR/2024%20Examination%20Session/November%202024%20Examination%20Session/Language%20acquisition/Spanish_B_paper_1__SL_markscheme_Spanish.pdf,https://dl.ibdocs.re/documents/spanish-b-paper-1-sl-markscheme-spanish-04c3e3fae2d51784,2024,November 2024 Examination Session,Spanish B,Spanish; SL,markscheme,November 2024 Examination Session/Language acquisition/Spanish_B_paper_1__SL_markscheme_Spanish.pdf,resources/private/past-papers/2022-2026/languages/2024/November 2024 Examination Session/Language acquisition/Spanish_B_paper_1__SL_markscheme_Spanish.pdf,application/pdf,582953,b8dc01b54b8a41dbdf9e2e9fb551e420e2ede72d7dcd51f817488395506080c3,2026-09-02,downloaded,size_and_sha256_verified,"Private reference copy; the source page states CC BY-NC-ND 4.0 for the webpage, but rights for the exam file are not stated and are presumed third-party/IB copyright. Do not redistribute or commit the binary.",
https://ibdocs.re/p/IB%20PAST%20PAPERS%20-%20YEAR/2024%20Examination%20Session/November%202024%20Examination%20Session/Language%20acquisition/Spanish_B_paper_1__SL_Spanish.pdf,https://dl.ibdocs.re/documents/spanish-b-paper-1-sl-spanish-77e4526df54deb1b,2024,November 2024 Examination Session,Spanish B,Spanish; SL,question paper,November 2024 Examination Session/Language acquisition/Spanish_B_paper_1__SL_Spanish.pdf,resources/private/past-papers/2022-2026/languages/2024/November 2024 Examination Session/Language acquisition/Spanish_B_paper_1__SL_Spanish.pdf,application/pdf,293996,ca2ad61b8146c8290dbcfd49795c46234b1141d772e3d5abafe407fdd47adc7c,2026-09-02,downloaded,size_and_sha256_verified,"Private reference copy; the source page states CC BY-NC-ND 4.0 for the webpage, but rights for the exam file are not stated and are presumed third-party/IB copyright. Do not redistribute or commit the binary.",
https://ibdocs.re/p/IB%20PAST%20PAPERS%20-%20YEAR/2024%20Examination%20Session/November%202024%20Examination%20Session/Language%20acquisition/Spanish_B_paper_2_reading_comprehension__HL_markscheme_Spanish.pdf,https://dl.ibdocs.re/documents/spanish-b-paper-2-reading-comprehension-hl-markscheme-spanish-291c4628ee77a41a,2024,November 2024 Examination Session,Spanish B,Spanish; HL,markscheme,November 2024 Examination Session/Language acquisition/Spanish_B_paper_2_reading_comprehension__HL_markscheme_Spanish.pdf,resources/private/past-papers/2022-2026/languages/2024/November 2024 Examination Session/Language acquisition/Spanish_B_paper_2_reading_comprehension__HL_markscheme_Spanish.pdf,application/pdf,348384,e16a1aad132d55bfe8c2c863d3940602cdad4f7fc7657edfc66f0002787be956,2026-09-02,downloaded,size_and_sha256_verified,"Private reference copy; the source page states CC BY-NC-ND 4.0 for the webpage, but rights for the exam file are not stated and are presumed third-party/IB copyright. Do not redistribute or commit the binary.",
https://ibdocs.re/p/IB%20PAST%20PAPERS%20-%20YEAR/2024%20Examination%20Session/November%202024%20Examination%20Session/Language%20acquisition/Spanish_B_paper_2_reading_comprehension__question_booklet_HL_Spanish.pdf,https://dl.ibdocs.re/documents/spanish-b-paper-2-reading-comprehension-question-booklet-hl-spanish-5d87b6ef2fe58333,2024,November 2024 Examination Session,Spanish B,Spanish; HL,question booklet,November 2024 Examination Session/Language acquisition/Spanish_B_paper_2_reading_comprehension__question_booklet_HL_Spanish.pdf,resources/private/past-papers/2022-2026/languages/2024/November 2024 Examination Session/Language acquisition/Spanish_B_paper_2_reading_comprehension__question_booklet_HL_Spanish.pdf,application/pdf,404631,db4f9defe3ad916c83a2f4369ff685dae77db64cc7c3c8d5c97742ed8b2f4674,2026-09-02,downloaded,size_and_sha256_verified,"Private reference copy; the source page states CC BY-NC-ND 4.0 for the webpage, but rights for the exam file are not stated and are presumed third-party/IB copyright. Do not redistribute or commit the binary.",
https://ibdocs.re/p/IB%20PAST%20PAPERS%20-%20YEAR/2024%20Examination%20Session/November%202024%20Examination%20Session/Language%20acquisition/Spanish_B_paper_2_reading_comprehension__question_booklet_SL_Spanish.pdf,https://dl.ibdocs.re/documents/spanish-b-paper-2-reading-comprehension-question-booklet-sl-spanish-3fbf62c3de32aff8,2024,November 2024 Examination Session,Spanish B,Spanish; SL,question booklet,November 2024 Examination Session/Language acquisition/Spanish_B_paper_2_reading_comprehension__question_booklet_SL_Spanish.pdf,resources/private/past-papers/2022-2026/languages/2024/November 2024 Examination Session/Language acquisition/Spanish_B_paper_2_reading_comprehension__question_booklet_SL_Spanish.pdf,application/pdf,444184,061c12352b59e142e1852d3a8950ee7fb2386888713e00817396eb99f4b2aff8,2026-09-02,downloaded,size_and_sha256_verified,"Private reference copy; the source page states CC BY-NC-ND 4.0 for the webpage, but rights for the exam file are not stated and are presumed third-party/IB copyright. Do not redistribute or commit the binary.",
https://ibdocs.re/p/IB%20PAST%20PAPERS%20-%20YEAR/2024%20Examination%20Session/November%202024%20Examination%20Session/Language%20acquisition/Spanish_B_paper_2_reading_comprehension__SL_markscheme_Spanish.pdf,https://dl.ibdocs.re/documents/spanish-b-paper-2-reading-comprehension-sl-markscheme-spanish-4983edca5cf5d36f,2024,November 2024 Examination Session,Spanish B,Spanish; SL,markscheme,November 2024 Examination Session/Language acquisition/Spanish_B_paper_2_reading_comprehension__SL_markscheme_Spanish.pdf,resources/private/past-papers/2022-2026/languages/2024/November 2024 Examination Session/Language acquisition/Spanish_B_paper_2_reading_comprehension__SL_markscheme_Spanish.pdf,application/pdf,347457,05656bc08157eff393566f912dcf8fc0e1951e7315bcc5982a61b921c522207d,2026-09-02,downloaded,size_and_sha256_verified,"Private reference copy; the source page states CC BY-NC-ND 4.0 for the webpage, but rights for the exam file are not stated and are presumed third-party/IB copyright. Do not redistribute or commit the binary.",
https://ibdocs.re/p/IB%20PAST%20PAPERS%20-%20YEAR/2024%20Examination%20Session/November%202024%20Examination%20Session/Language%20acquisition/Spanish_B_paper_2_reading_comprehension__text_booklet_HL_Spanish.pdf,https://dl.ibdocs.re/documents/spanish-b-paper-2-reading-comprehension-text-booklet-hl-spanish-04766305911e2016,2024,November 2024 Examination Session,Spanish B,Spanish; HL,text booklet,November 2024 Examination Session/Language acquisition/Spanish_B_paper_2_reading_comprehension__text_booklet_HL_Spanish.pdf,resources/private/past-papers/2022-2026/languages/2024/November 2024 Examination Session/Language acquisition/Spanish_B_paper_2_reading_comprehension__text_booklet_HL_Spanish.pdf,application/pdf,1465043,1c9a9fb7d562c7dc073e4ab093c521b2646d96b133bc4718d8a21761bb609e74,2026-09-02,downloaded,size_and_sha256_verified,"Private reference copy; the source page states CC BY-NC-ND 4.0 for the webpage, but rights for the exam file are not stated and are presumed third-party/IB copyright. Do not redistribute or commit the binary.",
https://ibdocs.re/p/IB%20PAST%20PAPERS%20-%20YEAR/2024%20Examination%20Session/November%202024%20Examination%20Session/Language%20acquisition/Spanish_B_paper_2_reading_comprehension__text_booklet_SL_Spanish.pdf,https://dl.ibdocs.re/documents/spanish-b-paper-2-reading-comprehension-text-booklet-sl-spanish-36d61787c5ec67e5,2024,November 2024 Examination Session,Spanish B,Spanish; SL,text booklet,November 2024 Examination Session/Language acquisition/Spanish_B_paper_2_reading_comprehension__text_booklet_SL_Spanish.pdf,resources/private/past-papers/2022-2026/languages/2024/November 2024 Examination Session/Language acquisition/Spanish_B_paper_2_reading_comprehension__text_booklet_SL_Spanish.pdf,application/pdf,1235446,1fa3e0e9cf453cfd03d6e0422c037552278f9fc9d2d30a2fbdd9fd174aae4e57,2026-09-02,downloaded,size_and_sha256_verified,"Private reference copy; the source page states CC BY-NC-ND 4.0 for the webpage, but rights for the exam file are not stated and are presumed third-party/IB copyright. Do not redistribute or commit the binary.",
https://ibdocs.re/p/IB%20PAST%20PAPERS%20-%20YEAR/2024%20Examination%20Session/November%202024%20Examination%20Session/Studies%20in%20language%20and%20literature/English_A_Language_and_literature_paper_1__TZ1_HL.pdf,https://dl.ibdocs.re/documents/english-a-language-and-literature-paper-1-tz1-hl-10aa53504cf146b6,2024,November 2024 Examination Session,English A Language and Literature,English; HL; TZ1,question paper,November 2024 Examination Session/Studies in language and literature/English_A_Language_and_literature_paper_1__TZ1_HL.pdf,resources/private/past-papers/2022-2026/languages/2024/November 2024 Examination Session/Studies in language and literature/English_A_Language_and_literature_paper_1__TZ1_HL.pdf,application/pdf,1561913,c7a37e39a75beb11fe941cf43a007b10c84f85bfe0ee522afac2b98b87c0003f,2026-09-02,downloaded,size_and_sha256_verified,"Private reference copy; the source page states CC BY-NC-ND 4.0 for the webpage, but rights for the exam file are not stated and are presumed third-party/IB copyright. Do not redistribute or commit the binary.",
https://ibdocs.re/p/IB%20PAST%20PAPERS%20-%20YEAR/2024%20Examination%20Session/November%202024%20Examination%20Session/Studies%20in%20language%20and%20literature/English_A_Language_and_literature_paper_1__TZ1_HLSL_markscheme.pdf,https://dl.ibdocs.re/documents/english-a-language-and-literature-paper-1-tz1-hlsl-markscheme-01d52b3127c8a6f8,2024,November 2024 Examination Session,English A Language and Literature,English; HL/SL; TZ1,markscheme,November 2024 Examination Session/Studies in language and literature/English_A_Language_and_literature_paper_1__TZ1_HLSL_markscheme.pdf,resources/private/past-papers/2022-2026/languages/2024/November 2024 Examination Session/Studies in language and literature/English_A_Language_and_literature_paper_1__TZ1_HLSL_markscheme.pdf,application/pdf,325221,78e826e44ff03ec89cdc1afa8f4d3796d9408112930af5d37cefb2272c7515bb,2026-09-02,downloaded,size_and_sha256_verified,"Private reference copy; the source page states CC BY-NC-ND 4.0 for the webpage, but rights for the exam file are not stated and are presumed third-party/IB copyright. Do not redistribute or commit the binary.",
https://ibdocs.re/p/IB%20PAST%20PAPERS%20-%20YEAR/2024%20Examination%20Session/November%202024%20Examination%20Session/Studies%20in%20language%20and%20literature/English_A_Language_and_literature_paper_1__TZ1_SL.pdf,https://dl.ibdocs.re/documents/english-a-language-and-literature-paper-1-tz1-sl-8b5c85f139401ce1,2024,November 2024 Examination Session,English A Language and Literature,English; SL; TZ1,question paper,November 2024 Examination Session/Studies in language and literature/English_A_Language_and_literature_paper_1__TZ1_SL.pdf,resources/private/past-papers/2022-2026/languages/2024/November 2024 Examination Session/Studies in language and literature/English_A_Language_and_literature_paper_1__TZ1_SL.pdf,application/pdf,1561576,20c61c9b9c512204fefa8b06e7e7feedfa1388651c236fef828d8c1521d07366,2026-09-02,downloaded,size_and_sha256_verified,"Private reference copy; the source page states CC BY-NC-ND 4.0 for the webpage, but rights for the exam file are not stated and are presumed third-party/IB copyright. Do not redistribute or commit the binary.",
https://ibdocs.re/p/IB%20PAST%20PAPERS%20-%20YEAR/2024%20Examination%20Session/November%202024%20Examination%20Session/Studies%20in%20language%20and%20literature/English_A_Language_and_literature_paper_1__TZ2_HL.pdf,https://dl.ibdocs.re/documents/english-a-language-and-literature-paper-1-tz2-hl-6241fb3dc3c5e5f5,2024,November 2024 Examination Session,English A Language and Literature,English; HL; TZ2,question paper,November 2024 Examination Session/Studies in language and literature/English_A_Language_and_literature_paper_1__TZ2_HL.pdf,resources/private/past-papers/2022-2026/languages/2024/November 2024 Examination Session/Studies in language and literature/English_A_Language_and_literature_paper_1__TZ2_HL.pdf,application/pdf,2882815,c7b132e143dfe888fc5809d3d9e45500a8888ee447cefd6acdb28ffc5ae3d250,2026-09-02,downloaded,size_and_sha256_verified,"Private reference copy; the source page states CC BY-NC-ND 4.0 for the webpage, but rights for the exam file are not stated and are presumed third-party/IB copyright. Do not redistribute or commit the binary.",
https://ibdocs.re/p/IB%20PAST%20PAPERS%20-%20YEAR/2024%20Examination%20Session/November%202024%20Examination%20Session/Studies%20in%20language%20and%20literature/English_A_Language_and_literature_paper_1__TZ2_HLSL_markscheme.pdf,https://dl.ibdocs.re/documents/english-a-language-and-literature-paper-1-tz2-hlsl-markscheme-1c746ed5845ed7d9,2024,November 2024 Examination Session,English A Language and Literature,English; HL/SL; TZ2,markscheme,November 2024 Examination Session/Studies in language and literature/English_A_Language_and_literature_paper_1__TZ2_HLSL_markscheme.pdf,resources/private/past-papers/2022-2026/languages/2024/November 2024 Examination Session/Studies in language and literature/English_A_Language_and_literature_paper_1__TZ2_HLSL_markscheme.pdf,application/pdf,309902,719886c72b53485b6f84d5b0d8ba7dff4adcf57ae33d4d0d172112a3eb086c5a,2026-09-02,downloaded,size_and_sha256_verified,"Private reference copy; the source page states CC BY-NC-ND 4.0 for the webpage, but rights for the exam file are not stated and are presumed third-party/IB copyright. Do not redistribute or commit the binary.",
https://ibdocs.re/p/IB%20PAST%20PAPERS%20-%20YEAR/2024%20Examination%20Session/November%202024%20Examination%20Session/Studies%20in%20language%20and%20literature/English_A_Language_and_literature_paper_1__TZ2_SL.pdf,https://dl.ibdocs.re/documents/english-a-language-and-literature-paper-1-tz2-sl-a692abd82bc93daa,2024,November 2024 Examination Session,English A Language and Literature,English; SL; TZ2,question paper,November 2024 Examination Session/Studies in language and literature/English_A_Language_and_literature_paper_1__TZ2_SL.pdf,resources/private/past-papers/2022-2026/languages/2024/November 2024 Examination Session/Studies in language and literature/English_A_Language_and_literature_paper_1__TZ2_SL.pdf,application/pdf,2883557,5304604b0570e008aa2bc04a00e7eec3e382f213fd018c58c3bf7c9f682fe7a5,2026-09-02,downloaded,size_and_sha256_verified,"Private reference copy; the source page states CC BY-NC-ND 4.0 for the webpage, but rights for the exam file are not stated and are presumed third-party/IB copyright. Do not redistribute or commit the binary.",
https://ibdocs.re/p/IB%20PAST%20PAPERS%20-%20YEAR/2024%20Examination%20Session/November%202024%20Examination%20Session/Studies%20in%20language%20and%20literature/English_A_Language_and_literature_paper_2__TZ1_HLSL.pdf,https://dl.ibdocs.re/documents/english-a-language-and-literature-paper-2-tz1-hlsl-72b7e086afdd7778,2024,November 2024 Examination Session,English A Language and Literature,English; HL/SL; TZ1,question paper,November 2024 Examination Session/Studies in language and literature/English_A_Language_and_literature_paper_2__TZ1_HLSL.pdf,resources/private/past-papers/2022-2026/languages/2024/November 2024 Examination Session/Studies in language and literature/English_A_Language_and_literature_paper_2__TZ1_HLSL.pdf,application/pdf,294590,cec60811a893834aec76168c9b22f18f340420c13037611cff422b57f43b9f4a,2026-09-02,downloaded,size_and_sha256_verified,"Private reference copy; the source page states CC BY-NC-ND 4.0 for the webpage, but rights for the exam file are not stated and are presumed third-party/IB copyright. Do not redistribute or commit the binary.",
https://ibdocs.re/p/IB%20PAST%20PAPERS%20-%20YEAR/2024%20Examination%20Session/November%202024%20Examination%20Session/Studies%20in%20language%20and%20literature/English_A_Language_and_literature_paper_2__TZ2_HLSL.pdf,https://dl.ibdocs.re/documents/english-a-language-and-literature-paper-2-tz2-hlsl-7f9c4299c475a1a3,2024,November 2024 Examination Session,English A Language and Literature,English; HL/SL; TZ2,question paper,November 2024 Examination Session/Studies in language and literature/English_A_Language_and_literature_paper_2__TZ2_HLSL.pdf,resources/private/past-papers/2022-2026/languages/2024/November 2024 Examination Session/Studies in language and literature/English_A_Language_and_literature_paper_2__TZ2_HLSL.pdf,application/pdf,294537,8031a4f9b97e951c672f0e3e5c36502b299919e47abe7dbf75a6e97ca9b77dfb,2026-09-02,downloaded,size_and_sha256_verified,"Private reference copy; the source page states CC BY-NC-ND 4.0 for the webpage, but rights for the exam file are not stated and are presumed third-party/IB copyright. Do not redistribute or commit the binary.",
https://ibdocs.re/p/IB%20PAST%20PAPERS%20-%20YEAR/2024%20Examination%20Session/November%202024%20Examination%20Session/Studies%20in%20language%20and%20literature/English_A_Literature_paper_1__TZ1_HL.pdf,https://dl.ibdocs.re/documents/english-a-literature-paper-1-tz1-hl-6b57bebdc7714c21,2024,November 2024 Examination Session,English A Literature,English; HL; TZ1,question paper,November 2024 Examination Session/Studies in language and literature/English_A_Literature_paper_1__TZ1_HL.pdf,resources/private/past-papers/2022-2026/languages/2024/November 2024 Examination Session/Studies in language and literature/English_A_Literature_paper_1__TZ1_HL.pdf,application/pdf,834488,254531de875b61eca2971aeda31642e663dc21ff082b4b2e3dfc9e2382f12374,2026-09-02,downloaded,size_and_sha256_verified,"Private reference copy; the source page states CC BY-NC-ND 4.0 for the webpage, but rights for the exam file are not stated and are presumed third-party/IB copyright. Do not redistribute or commit the binary.",
https://ibdocs.re/p/IB%20PAST%20PAPERS%20-%20YEAR/2024%20Examination%20Session/November%202024%20Examination%20Session/Studies%20in%20language%20and%20literature/English_A_Literature_paper_1__TZ1_HLSL_markscheme.pdf,https://dl.ibdocs.re/documents/english-a-literature-paper-1-tz1-hlsl-markscheme-cbd770247c805bad,2024,November 2024 Examination Session,English A Literature,English; HL/SL; TZ1,markscheme,November 2024 Examination Session/Studies in language and literature/English_A_Literature_paper_1__TZ1_HLSL_markscheme.pdf,resources/private/past-papers/2022-2026/languages/2024/November 2024 Examination Session/Studies in language and literature/English_A_Literature_paper_1__TZ1_HLSL_markscheme.pdf,application/pdf,482636,a92d2f758c8220e502e818da63112792d20b16181d915a43e1b2947265da37f3,2026-09-02,downloaded,size_and_sha256_verified,"Private reference copy; the source page states CC BY-NC-ND 4.0 for the webpage, but rights for the exam file are not stated and are presumed third-party/IB copyright. Do not redistribute or commit the binary.",
https://ibdocs.re/p/IB%20PAST%20PAPERS%20-%20YEAR/2024%20Examination%20Session/November%202024%20Examination%20Session/Studies%20in%20language%20and%20literature/English_A_Literature_paper_1__TZ1_SL.pdf,https://dl.ibdocs.re/documents/english-a-literature-paper-1-tz1-sl-9a1f8c21c31f6df6,2024,November 2024 Examination Session,English A Literature,English; SL; TZ1,question paper,November 2024 Examination Session/Studies in language and literature/English_A_Literature_paper_1__TZ1_SL.pdf,resources/private/past-papers/2022-2026/languages/2024/November 2024 Examination Session/Studies in language and literature/English_A_Literature_paper_1__TZ1_SL.pdf,application/pdf,834972,6f39c82078d7ac7ee951e586e3be29475fe63198836acabcab461c31e44c148b,2026-09-02,downloaded,size_and_sha256_verified,"Private reference copy; the source page states CC BY-NC-ND 4.0 for the webpage, but rights for the exam file are not stated and are presumed third-party/IB copyright. Do not redistribute or commit the binary.",
https://ibdocs.re/p/IB%20PAST%20PAPERS%20-%20YEAR/2024%20Examination%20Session/November%202024%20Examination%20Session/Studies%20in%20language%20and%20literature/English_A_Literature_paper_1__TZ2_HL.pdf,https://dl.ibdocs.re/documents/english-a-literature-paper-1-tz2-hl-877b9c9b5bd85492,2024,November 2024 Examination Session,English A Literature,English; HL; TZ2,question paper,November 2024 Examination Session/Studies in language and literature/English_A_Literature_paper_1__TZ2_HL.pdf,resources/private/past-papers/2022-2026/languages/2024/November 2024 Examination Session/Studies in language and literature/English_A_Literature_paper_1__TZ2_HL.pdf,application/pdf,853479,3825488ae8afee7b79b469527e9584489e6ef3f2f6671d112c3f7bca4785563a,2026-09-02,downloaded,size_and_sha256_verified,"Private reference copy; the source page states CC BY-NC-ND 4.0 for the webpage, but rights for the exam file are not stated and are presumed third-party/IB copyright. Do not redistribute or commit the binary.",
https://ibdocs.re/p/IB%20PAST%20PAPERS%20-%20YEAR/2024%20Examination%20Session/November%202024%20Examination%20Session/Studies%20in%20language%20and%20literature/English_A_Literature_paper_1__TZ2_HLSL_markscheme.pdf,https://dl.ibdocs.re/documents/english-a-literature-paper-1-tz2-hlsl-markscheme-75e8b8175bc3565c,2024,November 2024 Examination Session,English A Literature,English; HL/SL; TZ2,markscheme,November 2024 Examination Session/Studies in language and literature/English_A_Literature_paper_1__TZ2_HLSL_markscheme.pdf,resources/private/past-papers/2022-2026/languages/2024/November 2024 Examination Session/Studies in language and literature/English_A_Literature_paper_1__TZ2_HLSL_markscheme.pdf,application/pdf,347251,70d59277abb82846991cbe03e13eb015a3b0e9393094df0a4ab7b54510f1daae,2026-09-02,downloaded,size_and_sha256_verified,"Private reference copy; the source page states CC BY-NC-ND 4.0 for the webpage, but rights for the exam file are not stated and are presumed third-party/IB copyright. Do not redistribute or commit the binary.",
https://ibdocs.re/p/IB%20PAST%20PAPERS%20-%20YEAR/2024%20Examination%20Session/November%202024%20Examination%20Session/Studies%20in%20language%20and%20literature/English_A_Literature_paper_1__TZ2_SL.pdf,https://dl.ibdocs.re/documents/english-a-literature-paper-1-tz2-sl-afa39698f146754d,2024,November 2024 Examination Session,English A Literature,English; SL; TZ2,question paper,November 2024 Examination Session/Studies in language and literature/English_A_Literature_paper_1__TZ2_SL.pdf,resources/private/past-papers/2022-2026/languages/2024/November 2024 Examination Session/Studies in language and literature/English_A_Literature_paper_1__TZ2_SL.pdf,application/pdf,853779,0e37de323d3867930b5cac19f2f3195503e1201b9735fb8fd9819a5facb74f71,2026-09-02,downloaded,size_and_sha256_verified,"Private reference copy; the source page states CC BY-NC-ND 4.0 for the webpage, but rights for the exam file are not stated and are presumed third-party/IB copyright. Do not redistribute or commit the binary.",
https://ibdocs.re/p/IB%20PAST%20PAPERS%20-%20YEAR/2024%20Examination%20Session/November%202024%20Examination%20Session/Studies%20in%20language%20and%20literature/English_A_Literature_paper_2__TZ1_HLSL.pdf,https://dl.ibdocs.re/documents/english-a-literature-paper-2-tz1-hlsl-2da5aa89bcfe2a0b,2024,November 2024 Examination Session,English A Literature,English; HL/SL; TZ1,question paper,November 2024 Examination Session/Studies in language and literature/English_A_Literature_paper_2__TZ1_HLSL.pdf,resources/private/past-papers/2022-2026/languages/2024/November 2024 Examination Session/Studies in language and literature/English_A_Literature_paper_2__TZ1_HLSL.pdf,application/pdf,294703,9b02e4fff60a4197b324c0c37c4c47d497f81a558e91058059093309f348b986,2026-09-02,downloaded,size_and_sha256_verified,"Private reference copy; the source page states CC BY-NC-ND 4.0 for the webpage, but rights for the exam file are not stated and are presumed third-party/IB copyright. Do not redistribute or commit the binary.",
https://ibdocs.re/p/IB%20PAST%20PAPERS%20-%20YEAR/2024%20Examination%20Session/November%202024%20Examination%20Session/Studies%20in%20language%20and%20literature/English_A_Literature_paper_2__TZ2_HLSL.pdf,https://dl.ibdocs.re/documents/english-a-literature-paper-2-tz2-hlsl-65845c9d77dec220,2024,November 2024 Examination Session,English A Literature,English; HL/SL; TZ2,question paper,November 2024 Examination Session/Studies in language and literature/English_A_Literature_paper_2__TZ2_HLSL.pdf,resources/private/past-papers/2022-2026/languages/2024/November 2024 Examination Session/Studies in language and literature/English_A_Literature_paper_2__TZ2_HLSL.pdf,application/pdf,294651,cff9c97632cada87240c27560ab9bdac85ae86f64849ee08cf6ac971673750c8,2026-09-02,downloaded,size_and_sha256_verified,"Private reference copy; the source page states CC BY-NC-ND 4.0 for the webpage, but rights for the exam file are not stated and are presumed third-party/IB copyright. Do not redistribute or commit the binary.",
https://ibdocs.re/p/IB%20PAST%20PAPERS%20-%20YEAR/2024%20Examination%20Session/November%202024%20Examination%20Session/Studies%20in%20language%20and%20literature/Japanese_A_Language_and_literature_paper_1__HL.pdf,https://dl.ibdocs.re/documents/japanese-a-language-and-literature-paper-1-hl-d2ac10774ede9db3,2024,November 2024 Examination Session,Japanese A Language and Literature,Japanese; HL,question paper,November 2024 Examination Session/Studies in language and literature/Japanese_A_Language_and_literature_paper_1__HL.pdf,resources/private/past-papers/2022-2026/languages/2024/November 2024 Examination Session/Studies in language and literature/Japanese_A_Language_and_literature_paper_1__HL.pdf,application/pdf,4803799,7710dadae37b29593b477c873325a6492b8f261a3c72430f40617cc947447321,2026-09-02,downloaded,size_and_sha256_verified,"Private reference copy; the source page states CC BY-NC-ND 4.0 for the webpage, but rights for the exam file are not stated and are presumed third-party/IB copyright. Do not redistribute or commit the binary.",
https://ibdocs.re/p/IB%20PAST%20PAPERS%20-%20YEAR/2024%20Examination%20Session/November%202024%20Examination%20Session/Studies%20in%20language%20and%20literature/Japanese_A_Language_and_literature_paper_1__HLSL_markscheme.pdf,https://dl.ibdocs.re/documents/japanese-a-language-and-literature-paper-1-hlsl-markscheme-b5d0111fc848ee0b,2024,November 2024 Examination Session,Japanese A Language and Literature,Japanese; HL/SL,markscheme,November 2024 Examination Session/Studies in language and literature/Japanese_A_Language_and_literature_paper_1__HLSL_markscheme.pdf,resources/private/past-papers/2022-2026/languages/2024/November 2024 Examination Session/Studies in language and literature/Japanese_A_Language_and_literature_paper_1__HLSL_markscheme.pdf,application/pdf,399804,da5bbbec4fe92a2aca265cafb4518d7b27c39aca35103bed6235c7cf8e1e7db1,2026-09-02,downloaded,size_and_sha256_verified,"Private reference copy; the source page states CC BY-NC-ND 4.0 for the webpage, but rights for the exam file are not stated and are presumed third-party/IB copyright. Do not redistribute or commit the binary.",
https://ibdocs.re/p/IB%20PAST%20PAPERS%20-%20YEAR/2024%20Examination%20Session/November%202024%20Examination%20Session/Studies%20in%20language%20and%20literature/Japanese_A_Language_and_literature_paper_1__SL.pdf,https://dl.ibdocs.re/documents/japanese-a-language-and-literature-paper-1-sl-a6724da15d44155c,2024,November 2024 Examination Session,Japanese A Language and Literature,Japanese; SL,question paper,November 2024 Examination Session/Studies in language and literature/Japanese_A_Language_and_literature_paper_1__SL.pdf,resources/private/past-papers/2022-2026/languages/2024/November 2024 Examination Session/Studies in language and literature/Japanese_A_Language_and_literature_paper_1__SL.pdf,application/pdf,4819632,4d802fa8a1f1cad04623c0a13e95c11c8becbe9172bf720b1affe7b867740665,2026-09-02,downloaded,size_and_sha256_verified,"Private reference copy; the source page states CC BY-NC-ND 4.0 for the webpage, but rights for the exam file are not stated and are presumed third-party/IB copyright. Do not redistribute or commit the binary.",
https://ibdocs.re/p/IB%20PAST%20PAPERS%20-%20YEAR/2024%20Examination%20Session/November%202024%20Examination%20Session/Studies%20in%20language%20and%20literature/Japanese_A_Language_and_literature_paper_2__HLSL.pdf,https://dl.ibdocs.re/documents/japanese-a-language-and-literature-paper-2-hlsl-d4cc0c839576e33d,2024,November 2024 Examination Session,Japanese A Language and Literature,Japanese; HL/SL,question paper,November 2024 Examination Session/Studies in language and literature/Japanese_A_Language_and_literature_paper_2__HLSL.pdf,resources/private/past-papers/2022-2026/languages/2024/November 2024 Examination Session/Studies in language and literature/Japanese_A_Language_and_literature_paper_2__HLSL.pdf,application/pdf,396307,6ec1d9b06eb818fca6b7252838f2a1cb8a854058bb3f8af0c05677fc2bdac841,2026-09-02,downloaded,size_and_sha256_verified,"Private reference copy; the source page states CC BY-NC-ND 4.0 for the webpage, but rights for the exam file are not stated and are presumed third-party/IB copyright. Do not redistribute or commit the binary.",
https://ibdocs.re/p/IB%20PAST%20PAPERS%20-%20YEAR/2024%20Examination%20Session/November%202024%20Examination%20Session/Studies%20in%20language%20and%20literature/Japanese_A_Literature_paper_2__HLSL.pdf,https://dl.ibdocs.re/documents/japanese-a-literature-paper-2-hlsl-89b925fd8f57bc34,2024,November 2024 Examination Session,Japanese A Literature,Japanese; HL/SL,question paper,November 2024 Examination Session/Studies in language and literature/Japanese_A_Literature_paper_2__HLSL.pdf,resources/private/past-papers/2022-2026/languages/2024/November 2024 Examination Session/Studies in language and literature/Japanese_A_Literature_paper_2__HLSL.pdf,application/pdf,396365,78974ce468f75a897d49b8455edc51d7e2ee8b33a423abc7ec421986503e3bf3,2026-09-02,downloaded,size_and_sha256_verified,"Private reference copy; the source page states CC BY-NC-ND 4.0 for the webpage, but rights for the exam file are not stated and are presumed third-party/IB copyright. Do not redistribute or commit the binary.",
https://ibdocs.re/p/IB%20PAST%20PAPERS%20-%20YEAR/2024%20Examination%20Session/November%202024%20Examination%20Session/Studies%20in%20language%20and%20literature/Korean_A_Language_and_literature_paper_1__HL.pdf,https://dl.ibdocs.re/documents/korean-a-language-and-literature-paper-1-hl-de6ab158f161f860,2024,November 2024 Examination Session,Korean A Language and Literature,Korean; HL,question paper,November 2024 Examination Session/Studies in language and literature/Korean_A_Language_and_literature_paper_1__HL.pdf,resources/private/past-papers/2022-2026/languages/2024/November 2024 Examination Session/Studies in language and literature/Korean_A_Language_and_literature_paper_1__HL.pdf,application/pdf,915085,007ab67e3504d6d4f0f0b2137b9933d26ac2f5eb6950b1743a57a989dae8d399,2026-09-02,downloaded,size_and_sha256_verified,"Private reference copy; the source page states CC BY-NC-ND 4.0 for the webpage, but rights for the exam file are not stated and are presumed third-party/IB copyright. Do not redistribute or commit the binary.",
https://ibdocs.re/p/IB%20PAST%20PAPERS%20-%20YEAR/2024%20Examination%20Session/November%202024%20Examination%20Session/Studies%20in%20language%20and%20literature/Korean_A_Language_and_literature_paper_1__HLSL_markscheme.pdf,https://dl.ibdocs.re/documents/korean-a-language-and-literature-paper-1-hlsl-markscheme-f81c1e6f4015256e,2024,November 2024 Examination Session,Korean A Language and Literature,Korean; HL/SL,markscheme,November 2024 Examination Session/Studies in language and literature/Korean_A_Language_and_literature_paper_1__HLSL_markscheme.pdf,resources/private/past-papers/2022-2026/languages/2024/November 2024 Examination Session/Studies in language and literature/Korean_A_Language_and_literature_paper_1__HLSL_markscheme.pdf,application/pdf,694403,f6893d8c9eab83ed2ec03a830dc17973765e646238569bec2207e78583481709,2026-09-02,downloaded,size_and_sha256_verified,"Private reference copy; the source page states CC BY-NC-ND 4.0 for the webpage, but rights for the exam file are not stated and are presumed third-party/IB copyright. Do not redistribute or commit the binary.",
https://ibdocs.re/p/IB%20PAST%20PAPERS%20-%20YEAR/2024%20Examination%20Session/November%202024%20Examination%20Session/Studies%20in%20language%20and%20literature/Korean_A_Language_and_literature_paper_1__SL.pdf,https://dl.ibdocs.re/documents/korean-a-language-and-literature-paper-1-sl-ca28e43468b4c007,2024,November 2024 Examination Session,Korean A Language and Literature,Korean; SL,question paper,November 2024 Examination Session/Studies in language and literature/Korean_A_Language_and_literature_paper_1__SL.pdf,resources/private/past-papers/2022-2026/languages/2024/November 2024 Examination Session/Studies in language and literature/Korean_A_Language_and_literature_paper_1__SL.pdf,application/pdf,915830,be02c856a6374f97180308021da086116620129d5e55ecc1fb6509b9d02e2d09,2026-09-02,downloaded,size_and_sha256_verified,"Private reference copy; the source page states CC BY-NC-ND 4.0 for the webpage, but rights for the exam file are not stated and are presumed third-party/IB copyright. Do not redistribute or commit the binary.",
https://ibdocs.re/p/IB%20PAST%20PAPERS%20-%20YEAR/2024%20Examination%20Session/November%202024%20Examination%20Session/Studies%20in%20language%20and%20literature/Korean_A_Language_and_literature_paper_2__HLSL.pdf,https://dl.ibdocs.re/documents/korean-a-language-and-literature-paper-2-hlsl-abf0ad2e42a0f4aa,2024,November 2024 Examination Session,Korean A Language and Literature,Korean; HL/SL,question paper,November 2024 Examination Session/Studies in language and literature/Korean_A_Language_and_literature_paper_2__HLSL.pdf,resources/private/past-papers/2022-2026/languages/2024/November 2024 Examination Session/Studies in language and literature/Korean_A_Language_and_literature_paper_2__HLSL.pdf,application/pdf,325273,97a87be9481196e093b2b861831d5071f450e7a5325c52168fc6e5b995293020,2026-09-02,downloaded,size_and_sha256_verified,"Private reference copy; the source page states CC BY-NC-ND 4.0 for the webpage, but rights for the exam file are not stated and are presumed third-party/IB copyright. Do not redistribute or commit the binary.",
https://ibdocs.re/p/IB%20PAST%20PAPERS%20-%20YEAR/2024%20Examination%20Session/November%202024%20Examination%20Session/Studies%20in%20language%20and%20literature/Korean_A_Literature_paper_1__HL.pdf,https://dl.ibdocs.re/documents/korean-a-literature-paper-1-hl-b6734b30a9f5069f,2024,November 2024 Examination Session,Korean A Literature,Korean; HL,question paper,November 2024 Examination Session/Studies in language and literature/Korean_A_Literature_paper_1__HL.pdf,resources/private/past-papers/2022-2026/languages/2024/November 2024 Examination Session/Studies in language and literature/Korean_A_Literature_paper_1__HL.pdf,application/pdf,902440,df98b134f2b98258287cdfee8c1500fbf118e36fedfe8cbbf1dc490ae6f694d7,2026-09-02,downloaded,size_and_sha256_verified,"Private reference copy; the source page states CC BY-NC-ND 4.0 for the webpage, but rights for the exam file are not stated and are presumed third-party/IB copyright. Do not redistribute or commit the binary.",
https://ibdocs.re/p/IB%20PAST%20PAPERS%20-%20YEAR/2024%20Examination%20Session/November%202024%20Examination%20Session/Studies%20in%20language%20and%20literature/Korean_A_Literature_paper_1__HLSL_markscheme.pdf,https://dl.ibdocs.re/documents/korean-a-literature-paper-1-hlsl-markscheme-eff1115657155b0f,2024,November 2024 Examination Session,Korean A Literature,Korean; HL/SL,markscheme,November 2024 Examination Session/Studies in language and literature/Korean_A_Literature_paper_1__HLSL_markscheme.pdf,resources/private/past-papers/2022-2026/languages/2024/November 2024 Examination Session/Studies in language and literature/Korean_A_Literature_paper_1__HLSL_markscheme.pdf,application/pdf,797660,38e321210f0e587578dad5b63ad882f1b7a06cba0a0e401efed7152b700f076b,2026-09-02,downloaded,size_and_sha256_verified,"Private reference copy; the source page states CC BY-NC-ND 4.0 for the webpage, but rights for the exam file are not stated and are presumed third-party/IB copyright. Do not redistribute or commit the binary.",
https://ibdocs.re/p/IB%20PAST%20PAPERS%20-%20YEAR/2024%20Examination%20Session/November%202024%20Examination%20Session/Studies%20in%20language%20and%20literature/Korean_A_Literature_paper_1__SL.pdf,https://dl.ibdocs.re/documents/korean-a-literature-paper-1-sl-ed400cb6b46a8248,2024,November 2024 Examination Session,Korean A Literature,Korean; SL,question paper,November 2024 Examination Session/Studies in language and literature/Korean_A_Literature_paper_1__SL.pdf,resources/private/past-papers/2022-2026/languages/2024/November 2024 Examination Session/Studies in language and literature/Korean_A_Literature_paper_1__SL.pdf,application/pdf,903432,e44e8e1935af19e1ecce874b24bf043a90f9200bebea7cfc676533734da60cdf,2026-09-02,downloaded,size_and_sha256_verified,"Private reference copy; the source page states CC BY-NC-ND 4.0 for the webpage, but rights for the exam file are not stated and are presumed third-party/IB copyright. Do not redistribute or commit the binary.",
https://ibdocs.re/p/IB%20PAST%20PAPERS%20-%20YEAR/2024%20Examination%20Session/November%202024%20Examination%20Session/Studies%20in%20language%20and%20literature/Korean_A_Literature_paper_2__HLSL.pdf,https://dl.ibdocs.re/documents/korean-a-literature-paper-2-hlsl-74a6b94261f9d8f1,2024,November 2024 Examination Session,Korean A Literature,Korean; HL/SL,question paper,November 2024 Examination Session/Studies in language and literature/Korean_A_Literature_paper_2__HLSL.pdf,resources/private/past-papers/2022-2026/languages/2024/November 2024 Examination Session/Studies in language and literature/Korean_A_Literature_paper_2__HLSL.pdf,application/pdf,322366,9d111e81c0a024f108a71539dd39cc097bbeebb23cdc9308f8674d0bd7f84388,2026-09-02,downloaded,size_and_sha256_verified,"Private reference copy; the source page states CC BY-NC-ND 4.0 for the webpage, but rights for the exam file are not stated and are presumed third-party/IB copyright. Do not redistribute or commit the binary.",
https://ibdocs.re/p/IB%20PAST%20PAPERS%20-%20YEAR/2024%20Examination%20Session/November%202024%20Examination%20Session/Studies%20in%20language%20and%20literature/Spanish_A_Language_and_literature_paper_1__HL_Spanish.pdf,https://dl.ibdocs.re/documents/spanish-a-language-and-literature-paper-1-hl-spanish-08eb619d95e052db,2024,November 2024 Examination Session,Spanish A Language and Literature,Spanish; HL,question paper,November 2024 Examination Session/Studies in language and literature/Spanish_A_Language_and_literature_paper_1__HL_Spanish.pdf,resources/private/past-papers/2022-2026/languages/2024/November 2024 Examination Session/Studies in language and literature/Spanish_A_Language_and_literature_paper_1__HL_Spanish.pdf,application/pdf,1207290,e1f2959b721c2e1150432bbe9e98591904fcab72e2839c6b2dfa25223cadb1b4,2026-09-02,downloaded,size_and_sha256_verified,"Private reference copy; the source page states CC BY-NC-ND 4.0 for the webpage, but rights for the exam file are not stated and are presumed third-party/IB copyright. Do not redistribute or commit the binary.",
https://ibdocs.re/p/IB%20PAST%20PAPERS%20-%20YEAR/2024%20Examination%20Session/November%202024%20Examination%20Session/Studies%20in%20language%20and%20literature/Spanish_A_Language_and_literature_paper_1__HLSL_markscheme_Spanish.pdf,https://dl.ibdocs.re/documents/spanish-a-language-and-literature-paper-1-hlsl-markscheme-spanish-4f6e62069c608d21,2024,November 2024 Examination Session,Spanish A Language and Literature,Spanish; HL/SL,markscheme,November 2024 Examination Session/Studies in language and literature/Spanish_A_Language_and_literature_paper_1__HLSL_markscheme_Spanish.pdf,resources/private/past-papers/2022-2026/languages/2024/November 2024 Examination Session/Studies in language and literature/Spanish_A_Language_and_literature_paper_1__HLSL_markscheme_Spanish.pdf,application/pdf,308996,be96e03acd45d3628e40cb544ceda6467dc8ef4961bafb47bbe930493848149f,2026-09-02,downloaded,size_and_sha256_verified,"Private reference copy; the source page states CC BY-NC-ND 4.0 for the webpage, but rights for the exam file are not stated and are presumed third-party/IB copyright. Do not redistribute or commit the binary.",
https://ibdocs.re/p/IB%20PAST%20PAPERS%20-%20YEAR/2024%20Examination%20Session/November%202024%20Examination%20Session/Studies%20in%20language%20and%20literature/Spanish_A_Language_and_literature_paper_1__SL_Spanish.pdf,https://dl.ibdocs.re/documents/spanish-a-language-and-literature-paper-1-sl-spanish-b939268bf8fc95d0,2024,November 2024 Examination Session,Spanish A Language and Literature,Spanish; SL,question paper,November 2024 Examination Session/Studies in language and literature/Spanish_A_Language_and_literature_paper_1__SL_Spanish.pdf,resources/private/past-papers/2022-2026/languages/2024/November 2024 Examination Session/Studies in language and literature/Spanish_A_Language_and_literature_paper_1__SL_Spanish.pdf,application/pdf,1207354,58e23f8970a92dfad166acf1a0fa7f0d4f5bc90dc9b18ded2dd0d0280977297e,2026-09-02,downloaded,size_and_sha256_verified,"Private reference copy; the source page states CC BY-NC-ND 4.0 for the webpage, but rights for the exam file are not stated and are presumed third-party/IB copyright. Do not redistribute or commit the binary.",
https://ibdocs.re/p/IB%20PAST%20PAPERS%20-%20YEAR/2024%20Examination%20Session/November%202024%20Examination%20Session/Studies%20in%20language%20and%20literature/Spanish_A_Language_and_literature_paper_2__HLSL_Spanish.pdf,https://dl.ibdocs.re/documents/spanish-a-language-and-literature-paper-2-hlsl-spanish-d1e5f3ac538b99cd,2024,November 2024 Examination Session,Spanish A Language and Literature,Spanish; HL/SL,question paper,November 2024 Examination Session/Studies in language and literature/Spanish_A_Language_and_literature_paper_2__HLSL_Spanish.pdf,resources/private/past-papers/2022-2026/languages/2024/November 2024 Examination Session/Studies in language and literature/Spanish_A_Language_and_literature_paper_2__HLSL_Spanish.pdf,application/pdf,294162,d9aaecd11346543e96deafabec6ea00c29fdf22910ee8c70d9c00a5288db9244,2026-09-02,downloaded,size_and_sha256_verified,"Private reference copy; the source page states CC BY-NC-ND 4.0 for the webpage, but rights for the exam file are not stated and are presumed third-party/IB copyright. Do not redistribute or commit the binary.",
https://ibdocs.re/p/IB%20PAST%20PAPERS%20-%20YEAR/2024%20Examination%20Session/November%202024%20Examination%20Session/Studies%20in%20language%20and%20literature/Spanish_A_Literature_paper_1__HL_Spanish.pdf,https://dl.ibdocs.re/documents/spanish-a-literature-paper-1-hl-spanish-e07feb6b1c9748d0,2024,November 2024 Examination Session,Spanish A Literature,Spanish; HL,question paper,November 2024 Examination Session/Studies in language and literature/Spanish_A_Literature_paper_1__HL_Spanish.pdf,resources/private/past-papers/2022-2026/languages/2024/November 2024 Examination Session/Studies in language and literature/Spanish_A_Literature_paper_1__HL_Spanish.pdf,application/pdf,807224,9e314dd50e6f37ed6890d1d882cabb44268bedf54aa64eb69ed2247b6d725f2c,2026-09-02,downloaded,size_and_sha256_verified,"Private reference copy; the source page states CC BY-NC-ND 4.0 for the webpage, but rights for the exam file are not stated and are presumed third-party/IB copyright. Do not redistribute or commit the binary.",
https://ibdocs.re/p/IB%20PAST%20PAPERS%20-%20YEAR/2024%20Examination%20Session/November%202024%20Examination%20Session/Studies%20in%20language%20and%20literature/Spanish_A_Literature_paper_1__HLSL_markscheme_Spanish.pdf,https://dl.ibdocs.re/documents/spanish-a-literature-paper-1-hlsl-markscheme-spanish-44abbe3af3680d78,2024,November 2024 Examination Session,Spanish A Literature,Spanish; HL/SL,markscheme,November 2024 Examination Session/Studies in language and literature/Spanish_A_Literature_paper_1__HLSL_markscheme_Spanish.pdf,resources/private/past-papers/2022-2026/languages/2024/November 2024 Examination Session/Studies in language and literature/Spanish_A_Literature_paper_1__HLSL_markscheme_Spanish.pdf,application/pdf,332674,44de9a2eab693a88fc7460ba36b49469ec0d82bdb11d5f18f099910d144857f6,2026-09-02,downloaded,size_and_sha256_verified,"Private reference copy; the source page states CC BY-NC-ND 4.0 for the webpage, but rights for the exam file are not stated and are presumed third-party/IB copyright. Do not redistribute or commit the binary.",
https://ibdocs.re/p/IB%20PAST%20PAPERS%20-%20YEAR/2024%20Examination%20Session/November%202024%20Examination%20Session/Studies%20in%20language%20and%20literature/Spanish_A_Literature_paper_1__SL_Spanish.pdf,https://dl.ibdocs.re/documents/spanish-a-literature-paper-1-sl-spanish-3032267cb97b05db,2024,November 2024 Examination Session,Spanish A Literature,Spanish; SL,question paper,November 2024 Examination Session/Studies in language and literature/Spanish_A_Literature_paper_1__SL_Spanish.pdf,resources/private/past-papers/2022-2026/languages/2024/November 2024 Examination Session/Studies in language and literature/Spanish_A_Literature_paper_1__SL_Spanish.pdf,application/pdf,807564,374771ebb517f2b52eeecbdbcad0294c82d0f3a1c89c43782eb9e9042d11ff4e,2026-09-02,downloaded,size_and_sha256_verified,"Private reference copy; the source page states CC BY-NC-ND 4.0 for the webpage, but rights for the exam file are not stated and are presumed third-party/IB copyright. Do not redistribute or commit the binary.",
https://ibdocs.re/p/IB%20PAST%20PAPERS%20-%20YEAR/2024%20Examination%20Session/November%202024%20Examination%20Session/Studies%20in%20language%20and%20literature/Spanish_A_Literature_paper_2__HLSL_Spanish.pdf,https://dl.ibdocs.re/documents/spanish-a-literature-paper-2-hlsl-spanish-f3771e0e43cead72,2024,November 2024 Examination Session,Spanish A Literature,Spanish; HL/SL,question paper,November 2024 Examination Session/Studies in language and literature/Spanish_A_Literature_paper_2__HLSL_Spanish.pdf,resources/private/past-papers/2022-2026/languages/2024/November 2024 Examination Session/Studies in language and literature/Spanish_A_Literature_paper_2__HLSL_Spanish.pdf,application/pdf,294155,6823303b65e01e933b8d34d5febeed22a7a8b66ce5f95fe72506346d05159353,2026-09-02,downloaded,size_and_sha256_verified,"Private reference copy; the source page states CC BY-NC-ND 4.0 for the webpage, but rights for the exam file are not stated and are presumed third-party/IB copyright. Do not redistribute or commit the binary.",
https://ibdocs.re/p/IB%20PAST%20PAPERS%20-%20YEAR/2025%20Examination%20Session/May%202025%20Examination%20Session/audio/m252abenghliengtz0xxl.mp3,https://dl.ibdocs.re/IB%20PAST%20PAPERS%20-%20YEAR/2025%20Examination%20Session/May%202025%20Examination%20Session/audio,2025,May 2025 Examination Session,English B,English; HL,audio recording,May 2025 Examination Session/audio/m252abenghliengtz0xxl.mp3,resources/private/past-papers/2022-2026/languages/2025/May 2025 Examination Session/audio/m252abenghliengtz0xxl.mp3,audio/mpeg,25011979,f18fb17e81e7d1866125d4baf30132d9e21c260f166d873086b522707e6f5811,2026-09-02,downloaded,size_and_sha256_verified,"Private reference copy; the source page states CC BY-NC-ND 4.0 for the webpage, but rights for the exam file are not stated and are presumed third-party/IB copyright. Do not redistribute or commit the binary.",Opaque archive filename decoded from IB subject code: abeng = English B; abspa = Spanish B.
https://ibdocs.re/p/IB%20PAST%20PAPERS%20-%20YEAR/2025%20Examination%20Session/May%202025%20Examination%20Session/audio/m252abengsliengtz0xxl.mp3,https://dl.ibdocs.re/IB%20PAST%20PAPERS%20-%20YEAR/2025%20Examination%20Session/May%202025%20Examination%20Session/audio,2025,May 2025 Examination Session,English B,English; SL,audio recording,May 2025 Examination Session/audio/m252abengsliengtz0xxl.mp3,resources/private/past-papers/2022-2026/languages/2025/May 2025 Examination Session/audio/m252abengsliengtz0xxl.mp3,audio/mpeg,18657971,68dc57cf22d6e4980ffc126fd8b68f9c79bb256178b425712fa1bf555c072d01,2026-09-02,downloaded,size_and_sha256_verified,"Private reference copy; the source page states CC BY-NC-ND 4.0 for the webpage, but rights for the exam file are not stated and are presumed third-party/IB copyright. Do not redistribute or commit the binary.",Opaque archive filename decoded from IB subject code: abeng = English B; abspa = Spanish B.
https://ibdocs.re/p/IB%20PAST%20PAPERS%20-%20YEAR/2025%20Examination%20Session/May%202025%20Examination%20Session/audio/m252abspahlispatz0xxl.mp3,https://dl.ibdocs.re/IB%20PAST%20PAPERS%20-%20YEAR/2025%20Examination%20Session/May%202025%20Examination%20Session/audio,2025,May 2025 Examination Session,Spanish B,Spanish; HL,audio recording,May 2025 Examination Session/audio/m252abspahlispatz0xxl.mp3,resources/private/past-papers/2022-2026/languages/2025/May 2025 Examination Session/audio/m252abspahlispatz0xxl.mp3,audio/mpeg,24945411,55d0ada9eba895dd3f8f605bac7c43b1f0f8a939d2d34bc6b2c2caf764eff0a5,2026-09-02,downloaded,size_and_sha256_verified,"Private reference copy; the source page states CC BY-NC-ND 4.0 for the webpage, but rights for the exam file are not stated and are presumed third-party/IB copyright. Do not redistribute or commit the binary.",Opaque archive filename decoded from IB subject code: abeng = English B; abspa = Spanish B.
https://ibdocs.re/p/IB%20PAST%20PAPERS%20-%20YEAR/2025%20Examination%20Session/May%202025%20Examination%20Session/audio/m252abspaslispatz0xxl.mp3,https://dl.ibdocs.re/IB%20PAST%20PAPERS%20-%20YEAR/2025%20Examination%20Session/May%202025%20Examination%20Session/audio,2025,May 2025 Examination Session,Spanish B,Spanish; SL,audio recording,May 2025 Examination Session/audio/m252abspaslispatz0xxl.mp3,resources/private/past-papers/2022-2026/languages/2025/May 2025 Examination Session/audio/m252abspaslispatz0xxl.mp3,audio/mpeg,18845708,346ead48ab416f5dec1fda29e7671c69d30ce7c1a7bb04a3ce0102adf853d2b4,2026-09-02,downloaded,size_and_sha256_verified,"Private reference copy; the source page states CC BY-NC-ND 4.0 for the webpage, but rights for the exam file are not stated and are presumed third-party/IB copyright. Do not redistribute or commit the binary.",Opaque archive filename decoded from IB subject code: abeng = English B; abspa = Spanish B.
https://ibdocs.re/p/IB%20PAST%20PAPERS%20-%20YEAR/2025%20Examination%20Session/May%202025%20Examination%20Session/Language%20acquisition/English_B_listening_comprehension_HL_markscheme.pdf,https://dl.ibdocs.re/documents/english-b-listening-comprehension-hl-markscheme-37f5e67460cf7682,2025,May 2025 Examination Session,English B,English; HL,markscheme,May 2025 Examination Session/Language acquisition/English_B_listening_comprehension_HL_markscheme.pdf,resources/private/past-papers/2022-2026/languages/2025/May 2025 Examination Session/Language acquisition/English_B_listening_comprehension_HL_markscheme.pdf,application/pdf,763021,2e2b051e3dd674da1f78741501c031e08e2616548637deecf359dc6dc1efbcb3,2026-09-02,downloaded,size_and_sha256_verified,"Private reference copy; the source page states CC BY-NC-ND 4.0 for the webpage, but rights for the exam file are not stated and are presumed third-party/IB copyright. Do not redistribute or commit the binary.",
https://ibdocs.re/p/IB%20PAST%20PAPERS%20-%20YEAR/2025%20Examination%20Session/May%202025%20Examination%20Session/Language%20acquisition/English_B_listening_comprehension_HL.pdf,https://dl.ibdocs.re/documents/english-b-listening-comprehension-hl-52ef7e5a41e12f6f,2025,May 2025 Examination Session,English B,English; HL,listening question paper/associated material,May 2025 Examination Session/Language acquisition/English_B_listening_comprehension_HL.pdf,resources/private/past-papers/2022-2026/languages/2025/May 2025 Examination Session/Language acquisition/English_B_listening_comprehension_HL.pdf,application/pdf,525947,c23b8a523f2ab1a548634246d57b131817aa0641de0aa05927e44937f18a0aec,2026-09-02,downloaded,size_and_sha256_verified,"Private reference copy; the source page states CC BY-NC-ND 4.0 for the webpage, but rights for the exam file are not stated and are presumed third-party/IB copyright. Do not redistribute or commit the binary.",
https://ibdocs.re/p/IB%20PAST%20PAPERS%20-%20YEAR/2025%20Examination%20Session/May%202025%20Examination%20Session/Language%20acquisition/English_B_listening_comprehension_SL_markscheme.pdf,https://dl.ibdocs.re/documents/english-b-listening-comprehension-sl-markscheme-4b6b76ae17d3ff43,2025,May 2025 Examination Session,English B,English; SL,markscheme,May 2025 Examination Session/Language acquisition/English_B_listening_comprehension_SL_markscheme.pdf,resources/private/past-papers/2022-2026/languages/2025/May 2025 Examination Session/Language acquisition/English_B_listening_comprehension_SL_markscheme.pdf,application/pdf,708959,c44be4e928f4b4c2a0e0f83a8911bbefc665ba5f6740e464c21f4564fb6e9e2f,2026-09-02,downloaded,size_and_sha256_verified,"Private reference copy; the source page states CC BY-NC-ND 4.0 for the webpage, but rights for the exam file are not stated and are presumed third-party/IB copyright. Do not redistribute or commit the binary.",
https://ibdocs.re/p/IB%20PAST%20PAPERS%20-%20YEAR/2025%20Examination%20Session/May%202025%20Examination%20Session/Language%20acquisition/English_B_listening_comprehension_SL.pdf,https://dl.ibdocs.re/documents/english-b-listening-comprehension-sl-a3729b7df099e578,2025,May 2025 Examination Session,English B,English; SL,listening question paper/associated material,May 2025 Examination Session/Language acquisition/English_B_listening_comprehension_SL.pdf,resources/private/past-papers/2022-2026/languages/2025/May 2025 Examination Session/Language acquisition/English_B_listening_comprehension_SL.pdf,application/pdf,665047,961694ee95dc0080fa911730f45d16aec64c5a36c90102b97cd7e596befd989b,2026-09-02,downloaded,size_and_sha256_verified,"Private reference copy; the source page states CC BY-NC-ND 4.0 for the webpage, but rights for the exam file are not stated and are presumed third-party/IB copyright. Do not redistribute or commit the binary.",
https://ibdocs.re/p/IB%20PAST%20PAPERS%20-%20YEAR/2025%20Examination%20Session/May%202025%20Examination%20Session/Language%20acquisition/English_B_paper_1_TZ1_HL_markscheme.pdf,https://dl.ibdocs.re/documents/english-b-paper-1-tz1-hl-markscheme-cfccd8ffeb382eb4,2025,May 2025 Examination Session,English B,English; HL; TZ1,markscheme,May 2025 Examination Session/Language acquisition/English_B_paper_1_TZ1_HL_markscheme.pdf,resources/private/past-papers/2022-2026/languages/2025/May 2025 Examination Session/Language acquisition/English_B_paper_1_TZ1_HL_markscheme.pdf,application/pdf,548704,cbda08346c83874fe10ffb9badf871968bb0e5fb0b733b20b47c0dead1cb903c,2026-09-02,downloaded,size_and_sha256_verified,"Private reference copy; the source page states CC BY-NC-ND 4.0 for the webpage, but rights for the exam file are not stated and are presumed third-party/IB copyright. Do not redistribute or commit the binary.",
https://ibdocs.re/p/IB%20PAST%20PAPERS%20-%20YEAR/2025%20Examination%20Session/May%202025%20Examination%20Session/Language%20acquisition/English_B_paper_1_TZ1_HL.pdf,https://dl.ibdocs.re/documents/english-b-paper-1-tz1-hl-65ea9acc07066461,2025,May 2025 Examination Session,English B,English; HL; TZ1,question paper,May 2025 Examination Session/Language acquisition/English_B_paper_1_TZ1_HL.pdf,resources/private/past-papers/2022-2026/languages/2025/May 2025 Examination Session/Language acquisition/English_B_paper_1_TZ1_HL.pdf,application/pdf,295745,4581034ade13c06c16ed720eb05eed5e428d011efb59a1a7e2c0076e0054c17d,2026-09-02,downloaded,size_and_sha256_verified,"Private reference copy; the source page states CC BY-NC-ND 4.0 for the webpage, but rights for the exam file are not stated and are presumed third-party/IB copyright. Do not redistribute or commit the binary.",
https://ibdocs.re/p/IB%20PAST%20PAPERS%20-%20YEAR/2025%20Examination%20Session/May%202025%20Examination%20Session/Language%20acquisition/English_B_paper_1_TZ1_SL_markscheme.pdf,https://dl.ibdocs.re/documents/english-b-paper-1-tz1-sl-markscheme-56afa15d8181a9b9,2025,May 2025 Examination Session,English B,English; SL; TZ1,markscheme,May 2025 Examination Session/Language acquisition/English_B_paper_1_TZ1_SL_markscheme.pdf,resources/private/past-papers/2022-2026/languages/2025/May 2025 Examination Session/Language acquisition/English_B_paper_1_TZ1_SL_markscheme.pdf,application/pdf,349525,a9b99617beff21959ad3e1a2a1ceae93ab63bc3583f5aa6fced157f30b62cb9b,2026-09-02,downloaded,size_and_sha256_verified,"Private reference copy; the source page states CC BY-NC-ND 4.0 for the webpage, but rights for the exam file are not stated and are presumed third-party/IB copyright. Do not redistribute or commit the binary.",
https://ibdocs.re/p/IB%20PAST%20PAPERS%20-%20YEAR/2025%20Examination%20Session/May%202025%20Examination%20Session/Language%20acquisition/English_B_paper_1_TZ1_SL.pdf,https://dl.ibdocs.re/documents/english-b-paper-1-tz1-sl-eb38682b1ab78e36,2025,May 2025 Examination Session,English B,English; SL; TZ1,question paper,May 2025 Examination Session/Language acquisition/English_B_paper_1_TZ1_SL.pdf,resources/private/past-papers/2022-2026/languages/2025/May 2025 Examination Session/Language acquisition/English_B_paper_1_TZ1_SL.pdf,application/pdf,296364,c390c0771b20b2d0cb897ded0e5c4b93dfd9179acaad2a9aea96176c029d1011,2026-09-02,downloaded,size_and_sha256_verified,"Private reference copy; the source page states CC BY-NC-ND 4.0 for the webpage, but rights for the exam file are not stated and are presumed third-party/IB copyright. Do not redistribute or commit the binary.",
https://ibdocs.re/p/IB%20PAST%20PAPERS%20-%20YEAR/2025%20Examination%20Session/May%202025%20Examination%20Session/Language%20acquisition/English_B_paper_1_TZ2_HL_markscheme.pdf,https://dl.ibdocs.re/documents/english-b-paper-1-tz2-hl-markscheme-81e8cc3f033b8595,2025,May 2025 Examination Session,English B,English; HL; TZ2,markscheme,May 2025 Examination Session/Language acquisition/English_B_paper_1_TZ2_HL_markscheme.pdf,resources/private/past-papers/2022-2026/languages/2025/May 2025 Examination Session/Language acquisition/English_B_paper_1_TZ2_HL_markscheme.pdf,application/pdf,988628,47bac6d84eb30a58d0b43cd2a2ff6cc73681837ccca4564942b282a7f59d735d,2026-09-02,downloaded,size_and_sha256_verified,"Private reference copy; the source page states CC BY-NC-ND 4.0 for the webpage, but rights for the exam file are not stated and are presumed third-party/IB copyright. Do not redistribute or commit the binary.",
https://ibdocs.re/p/IB%20PAST%20PAPERS%20-%20YEAR/2025%20Examination%20Session/May%202025%20Examination%20Session/Language%20acquisition/English_B_paper_1_TZ2_HL.pdf,https://dl.ibdocs.re/documents/english-b-paper-1-tz2-hl-438efa85e4e779d2,2025,May 2025 Examination Session,English B,English; HL; TZ2,question paper,May 2025 Examination Session/Language acquisition/English_B_paper_1_TZ2_HL.pdf,resources/private/past-papers/2022-2026/languages/2025/May 2025 Examination Session/Language acquisition/English_B_paper_1_TZ2_HL.pdf,application/pdf,296480,f005b34128c6c67604e86883c22f38d2657e1fe1b0f5931fd5e2fc8cba57f489,2026-09-02,downloaded,size_and_sha256_verified,"Private reference copy; the source page states CC BY-NC-ND 4.0 for the webpage, but rights for the exam file are not stated and are presumed third-party/IB copyright. Do not redistribute or commit the binary.",
https://ibdocs.re/p/IB%20PAST%20PAPERS%20-%20YEAR/2025%20Examination%20Session/May%202025%20Examination%20Session/Language%20acquisition/English_B_paper_1_TZ2_SL_markscheme.pdf,https://dl.ibdocs.re/documents/english-b-paper-1-tz2-sl-markscheme-1196907357b52f00,2025,May 2025 Examination Session,English B,English; SL; TZ2,markscheme,May 2025 Examination Session/Language acquisition/English_B_paper_1_TZ2_SL_markscheme.pdf,resources/private/past-papers/2022-2026/languages/2025/May 2025 Examination Session/Language acquisition/English_B_paper_1_TZ2_SL_markscheme.pdf,application/pdf,554278,e07d4ac8edbc7e360cb4199a1cd84f8696e7342a5bd884866a1e213a8cdf2a08,2026-09-02,downloaded,size_and_sha256_verified,"Private reference copy; the source page states CC BY-NC-ND 4.0 for the webpage, but rights for the exam file are not stated and are presumed third-party/IB copyright. Do not redistribute or commit the binary.",
https://ibdocs.re/p/IB%20PAST%20PAPERS%20-%20YEAR/2025%20Examination%20Session/May%202025%20Examination%20Session/Language%20acquisition/English_B_paper_1_TZ2_SL.pdf,https://dl.ibdocs.re/documents/english-b-paper-1-tz2-sl-6f1bf4837d37108d,2025,May 2025 Examination Session,English B,English; SL; TZ2,question paper,May 2025 Examination Session/Language acquisition/English_B_paper_1_TZ2_SL.pdf,resources/private/past-papers/2022-2026/languages/2025/May 2025 Examination Session/Language acquisition/English_B_paper_1_TZ2_SL.pdf,application/pdf,296603,3cdd09d38f6cc89cf21a41ca8054881aedcbfa90e024f6b0a91066e4e3c0d66a,2026-09-02,downloaded,size_and_sha256_verified,"Private reference copy; the source page states CC BY-NC-ND 4.0 for the webpage, but rights for the exam file are not stated and are presumed third-party/IB copyright. Do not redistribute or commit the binary.",
https://ibdocs.re/p/IB%20PAST%20PAPERS%20-%20YEAR/2025%20Examination%20Session/May%202025%20Examination%20Session/Language%20acquisition/English_B_paper_1_TZ3_HL_markscheme.pdf,https://dl.ibdocs.re/documents/english-b-paper-1-tz3-hl-markscheme-e6985ef3d2e784b2,2025,May 2025 Examination Session,English B,English; HL; TZ3,markscheme,May 2025 Examination Session/Language acquisition/English_B_paper_1_TZ3_HL_markscheme.pdf,resources/private/past-papers/2022-2026/languages/2025/May 2025 Examination Session/Language acquisition/English_B_paper_1_TZ3_HL_markscheme.pdf,application/pdf,603011,0786dd06840961c3ce991675bf4e1381fc8f0f05b6e63bb11ae2981701fca385,2026-09-02,downloaded,size_and_sha256_verified,"Private reference copy; the source page states CC BY-NC-ND 4.0 for the webpage, but rights for the exam file are not stated and are presumed third-party/IB copyright. Do not redistribute or commit the binary.",
https://ibdocs.re/p/IB%20PAST%20PAPERS%20-%20YEAR/2025%20Examination%20Session/May%202025%20Examination%20Session/Language%20acquisition/English_B_paper_1_TZ3_HL.pdf,https://dl.ibdocs.re/documents/english-b-paper-1-tz3-hl-66d2fc5113e5af5f,2025,May 2025 Examination Session,English B,English; HL; TZ3,question paper,May 2025 Examination Session/Language acquisition/English_B_paper_1_TZ3_HL.pdf,resources/private/past-papers/2022-2026/languages/2025/May 2025 Examination Session/Language acquisition/English_B_paper_1_TZ3_HL.pdf,application/pdf,295868,428d1d8f667f62d77afebfd232cc605561d73e867573d1ab41d00cbd5a7214b9,2026-09-02,downloaded,size_and_sha256_verified,"Private reference copy; the source page states CC BY-NC-ND 4.0 for the webpage, but rights for the exam file are not stated and are presumed third-party/IB copyright. Do not redistribute or commit the binary.",
https://ibdocs.re/p/IB%20PAST%20PAPERS%20-%20YEAR/2025%20Examination%20Session/May%202025%20Examination%20Session/Language%20acquisition/English_B_paper_1_TZ3_SL_markscheme.pdf,https://dl.ibdocs.re/documents/english-b-paper-1-tz3-sl-markscheme-7b45bb39c3738b53,2025,May 2025 Examination Session,English B,English; SL; TZ3,markscheme,May 2025 Examination Session/Language acquisition/English_B_paper_1_TZ3_SL_markscheme.pdf,resources/private/past-papers/2022-2026/languages/2025/May 2025 Examination Session/Language acquisition/English_B_paper_1_TZ3_SL_markscheme.pdf,application/pdf,513782,c47332171245870fb9075f4dbfefde897164a937d810e1c16e25d368c4388981,2026-09-02,downloaded,size_and_sha256_verified,"Private reference copy; the source page states CC BY-NC-ND 4.0 for the webpage, but rights for the exam file are not stated and are presumed third-party/IB copyright. Do not redistribute or commit the binary.",
https://ibdocs.re/p/IB%20PAST%20PAPERS%20-%20YEAR/2025%20Examination%20Session/May%202025%20Examination%20Session/Language%20acquisition/English_B_paper_1_TZ3_SL.pdf,https://dl.ibdocs.re/documents/english-b-paper-1-tz3-sl-a66ee84f88abbf08,2025,May 2025 Examination Session,English B,English; SL; TZ3,question paper,May 2025 Examination Session/Language acquisition/English_B_paper_1_TZ3_SL.pdf,resources/private/past-papers/2022-2026/languages/2025/May 2025 Examination Session/Language acquisition/English_B_paper_1_TZ3_SL.pdf,application/pdf,296096,0027f2e6ec82928a258f8fb040f4ca824210884635427821bf761639c5861910,2026-09-02,downloaded,size_and_sha256_verified,"Private reference copy; the source page states CC BY-NC-ND 4.0 for the webpage, but rights for the exam file are not stated and are presumed third-party/IB copyright. Do not redistribute or commit the binary.",
https://ibdocs.re/p/IB%20PAST%20PAPERS%20-%20YEAR/2025%20Examination%20Session/May%202025%20Examination%20Session/Language%20acquisition/English_B_paper_2_reading_comprehension_question_booklet_TZ1_HL.pdf,https://dl.ibdocs.re/documents/english-b-paper-2-reading-comprehension-question-booklet-tz1-hl-65f787d6605357d0,2025,May 2025 Examination Session,English B,English; HL; TZ1,question booklet,May 2025 Examination Session/Language acquisition/English_B_paper_2_reading_comprehension_question_booklet_TZ1_HL.pdf,resources/private/past-papers/2022-2026/languages/2025/May 2025 Examination Session/Language acquisition/English_B_paper_2_reading_comprehension_question_booklet_TZ1_HL.pdf,application/pdf,945633,df4379755ccca53dfca7ef7f5968afa4afe29203a469b35d804ee5b85a339247,2026-09-02,downloaded,size_and_sha256_verified,"Private reference copy; the source page states CC BY-NC-ND 4.0 for the webpage, but rights for the exam file are not stated and are presumed third-party/IB copyright. Do not redistribute or commit the binary.",
https://ibdocs.re/p/IB%20PAST%20PAPERS%20-%20YEAR/2025%20Examination%20Session/May%202025%20Examination%20Session/Language%20acquisition/English_B_paper_2_reading_comprehension_question_booklet_TZ2_HL.pdf,https://dl.ibdocs.re/documents/english-b-paper-2-reading-comprehension-question-booklet-tz2-hl-29fdfca73d8c7783,2025,May 2025 Examination Session,English B,English; HL; TZ2,question booklet,May 2025 Examination Session/Language acquisition/English_B_paper_2_reading_comprehension_question_booklet_TZ2_HL.pdf,resources/private/past-papers/2022-2026/languages/2025/May 2025 Examination Session/Language acquisition/English_B_paper_2_reading_comprehension_question_booklet_TZ2_HL.pdf,application/pdf,455810,db7ded5f8696281808682d62a94687a69325d578f7d41ad6a80647e83662af5a,2026-09-02,downloaded,size_and_sha256_verified,"Private reference copy; the source page states CC BY-NC-ND 4.0 for the webpage, but rights for the exam file are not stated and are presumed third-party/IB copyright. Do not redistribute or commit the binary.",
https://ibdocs.re/p/IB%20PAST%20PAPERS%20-%20YEAR/2025%20Examination%20Session/May%202025%20Examination%20Session/Language%20acquisition/English_B_paper_2_reading_comprehension_question_booklet_TZ3_HL.pdf,https://dl.ibdocs.re/documents/english-b-paper-2-reading-comprehension-question-booklet-tz3-hl-dcd4774be10486d6,2025,May 2025 Examination Session,English B,English; HL; TZ3,question booklet,May 2025 Examination Session/Language acquisition/English_B_paper_2_reading_comprehension_question_booklet_TZ3_HL.pdf,resources/private/past-papers/2022-2026/languages/2025/May 2025 Examination Session/Language acquisition/English_B_paper_2_reading_comprehension_question_booklet_TZ3_HL.pdf,application/pdf,945614,e965e916de50e2f3552d50e8652fc2d1700f0ae559734ea75deba57194cc26d2,2026-09-02,downloaded,size_and_sha256_verified,"Private reference copy; the source page states CC BY-NC-ND 4.0 for the webpage, but rights for the exam file are not stated and are presumed third-party/IB copyright. Do not redistribute or commit the binary.",
https://ibdocs.re/p/IB%20PAST%20PAPERS%20-%20YEAR/2025%20Examination%20Session/May%202025%20Examination%20Session/Language%20acquisition/English_B_paper_2_reading_comprehension_text_booklet_TZ1_HL.pdf,https://dl.ibdocs.re/documents/english-b-paper-2-reading-comprehension-text-booklet-tz1-hl-110d600db089d4cd,2025,May 2025 Examination Session,English B,English; HL; TZ1,text booklet,May 2025 Examination Session/Language acquisition/English_B_paper_2_reading_comprehension_text_booklet_TZ1_HL.pdf,resources/private/past-papers/2022-2026/languages/2025/May 2025 Examination Session/Language acquisition/English_B_paper_2_reading_comprehension_text_booklet_TZ1_HL.pdf,application/pdf,937497,c0b7bd8ead5d428865a54e638fa647e628ac7c4da3487fb2738fe87ace4f7b90,2026-09-02,downloaded,size_and_sha256_verified,"Private reference copy; the source page states CC BY-NC-ND 4.0 for the webpage, but rights for the exam file are not stated and are presumed third-party/IB copyright. Do not redistribute or commit the binary.",
https://ibdocs.re/p/IB%20PAST%20PAPERS%20-%20YEAR/2025%20Examination%20Session/May%202025%20Examination%20Session/Language%20acquisition/English_B_paper_2_reading_comprehension_text_booklet_TZ2_HL.pdf,https://dl.ibdocs.re/documents/english-b-paper-2-reading-comprehension-text-booklet-tz2-hl-7df12bfd6eace0ee,2025,May 2025 Examination Session,English B,English; HL; TZ2,text booklet,May 2025 Examination Session/Language acquisition/English_B_paper_2_reading_comprehension_text_booklet_TZ2_HL.pdf,resources/private/past-papers/2022-2026/languages/2025/May 2025 Examination Session/Language acquisition/English_B_paper_2_reading_comprehension_text_booklet_TZ2_HL.pdf,application/pdf,940090,26f3a41f74630002eadda6ad754abacda4ecea5e7d9156522e30fe114b811cf5,2026-09-02,downloaded,size_and_sha256_verified,"Private reference copy; the source page states CC BY-NC-ND 4.0 for the webpage, but rights for the exam file are not stated and are presumed third-party/IB copyright. Do not redistribute or commit the binary.",
https://ibdocs.re/p/IB%20PAST%20PAPERS%20-%20YEAR/2025%20Examination%20Session/May%202025%20Examination%20Session/Language%20acquisition/English_B_paper_2_reading_comprehension_text_booklet_TZ3_HL.pdf,https://dl.ibdocs.re/documents/english-b-paper-2-reading-comprehension-text-booklet-tz3-hl-75da50902287c17b,2025,May 2025 Examination Session,English B,English; HL; TZ3,text booklet,May 2025 Examination Session/Language acquisition/English_B_paper_2_reading_comprehension_text_booklet_TZ3_HL.pdf,resources/private/past-papers/2022-2026/languages/2025/May 2025 Examination Session/Language acquisition/English_B_paper_2_reading_comprehension_text_booklet_TZ3_HL.pdf,application/pdf,937517,96a1885729a8360c663bf72bffedee36e129fd5b52ff0b0368692f85f15e44c8,2026-09-02,downloaded,size_and_sha256_verified,"Private reference copy; the source page states CC BY-NC-ND 4.0 for the webpage, but rights for the exam file are not stated and are presumed third-party/IB copyright. Do not redistribute or commit the binary.",
https://ibdocs.re/p/IB%20PAST%20PAPERS%20-%20YEAR/2025%20Examination%20Session/May%202025%20Examination%20Session/Language%20acquisition/English_B_paper_2_reading_comprehension_TZ1_HL_markscheme.pdf,https://dl.ibdocs.re/documents/english-b-paper-2-reading-comprehension-tz1-hl-markscheme-4eb49bd6caa738b9,2025,May 2025 Examination Session,English B,English; HL; TZ1,markscheme,May 2025 Examination Session/Language acquisition/English_B_paper_2_reading_comprehension_TZ1_HL_markscheme.pdf,resources/private/past-papers/2022-2026/languages/2025/May 2025 Examination Session/Language acquisition/English_B_paper_2_reading_comprehension_TZ1_HL_markscheme.pdf,application/pdf,284925,0e86eaa047fe0a7bbab751508053b528a12590ecbe8c4cc6e290b336f03a22b9,2026-09-02,downloaded,size_and_sha256_verified,"Private reference copy; the source page states CC BY-NC-ND 4.0 for the webpage, but rights for the exam file are not stated and are presumed third-party/IB copyright. Do not redistribute or commit the binary.",
https://ibdocs.re/p/IB%20PAST%20PAPERS%20-%20YEAR/2025%20Examination%20Session/May%202025%20Examination%20Session/Language%20acquisition/English_B_paper_2_reading_comprehension_TZ2_HL_markscheme.pdf,https://dl.ibdocs.re/documents/english-b-paper-2-reading-comprehension-tz2-hl-markscheme-6a071b09c465da48,2025,May 2025 Examination Session,English B,English; HL; TZ2,markscheme,May 2025 Examination Session/Language acquisition/English_B_paper_2_reading_comprehension_TZ2_HL_markscheme.pdf,resources/private/past-papers/2022-2026/languages/2025/May 2025 Examination Session/Language acquisition/English_B_paper_2_reading_comprehension_TZ2_HL_markscheme.pdf,application/pdf,566381,3ff2d963974722e326ec666369513c9fc1a6c345aabae9cb5fc176c60c3bc8b4,2026-09-02,downloaded,size_and_sha256_verified,"Private reference copy; the source page states CC BY-NC-ND 4.0 for the webpage, but rights for the exam file are not stated and are presumed third-party/IB copyright. Do not redistribute or commit the binary.",
https://ibdocs.re/p/IB%20PAST%20PAPERS%20-%20YEAR/2025%20Examination%20Session/May%202025%20Examination%20Session/Language%20acquisition/English_B_paper_2_reading_comprehension_TZ3_HL_markscheme.pdf,https://dl.ibdocs.re/documents/english-b-paper-2-reading-comprehension-tz3-hl-markscheme-8ab140b0fce9577b,2025,May 2025 Examination Session,English B,English; HL; TZ3,markscheme,May 2025 Examination Session/Language acquisition/English_B_paper_2_reading_comprehension_TZ3_HL_markscheme.pdf,resources/private/past-papers/2022-2026/languages/2025/May 2025 Examination Session/Language acquisition/English_B_paper_2_reading_comprehension_TZ3_HL_markscheme.pdf,application/pdf,580808,0511864ae6117ced9a2d9d02725da6c9a7f834fa8152520c75af1c5554ffa672,2026-09-02,downloaded,size_and_sha256_verified,"Private reference copy; the source page states CC BY-NC-ND 4.0 for the webpage, but rights for the exam file are not stated and are presumed third-party/IB copyright. Do not redistribute or commit the binary.",
https://ibdocs.re/p/IB%20PAST%20PAPERS%20-%20YEAR/2025%20Examination%20Session/May%202025%20Examination%20Session/Language%20acquisition/Spanish_B_listening_comprehension_HL_markscheme_Spanish.pdf,https://dl.ibdocs.re/documents/spanish-b-listening-comprehension-hl-markscheme-spanish-559837880628a099,2025,May 2025 Examination Session,Spanish B,Spanish; HL,markscheme,May 2025 Examination Session/Language acquisition/Spanish_B_listening_comprehension_HL_markscheme_Spanish.pdf,resources/private/past-papers/2022-2026/languages/2025/May 2025 Examination Session/Language acquisition/Spanish_B_listening_comprehension_HL_markscheme_Spanish.pdf,application/pdf,545483,e71595759e079ba9e69ddd25984ce69ddcaeaa06766edde3a3fbc5632860e2b4,2026-09-02,downloaded,size_and_sha256_verified,"Private reference copy; the source page states CC BY-NC-ND 4.0 for the webpage, but rights for the exam file are not stated and are presumed third-party/IB copyright. Do not redistribute or commit the binary.",
https://ibdocs.re/p/IB%20PAST%20PAPERS%20-%20YEAR/2025%20Examination%20Session/May%202025%20Examination%20Session/Language%20acquisition/Spanish_B_listening_comprehension_HL_Spanish.pdf,https://dl.ibdocs.re/documents/spanish-b-listening-comprehension-hl-spanish-11a0814ff5e18164,2025,May 2025 Examination Session,Spanish B,Spanish; HL,listening question paper/associated material,May 2025 Examination Session/Language acquisition/Spanish_B_listening_comprehension_HL_Spanish.pdf,resources/private/past-papers/2022-2026/languages/2025/May 2025 Examination Session/Language acquisition/Spanish_B_listening_comprehension_HL_Spanish.pdf,application/pdf,626221,109d120ece035d5fdb3f7e3670342904bcb709cefb109926e65fa48ead381bd2,2026-09-02,downloaded,size_and_sha256_verified,"Private reference copy; the source page states CC BY-NC-ND 4.0 for the webpage, but rights for the exam file are not stated and are presumed third-party/IB copyright. Do not redistribute or commit the binary.",
https://ibdocs.re/p/IB%20PAST%20PAPERS%20-%20YEAR/2025%20Examination%20Session/May%202025%20Examination%20Session/Language%20acquisition/Spanish_B_listening_comprehension_SL_markscheme_Spanish.pdf,https://dl.ibdocs.re/documents/spanish-b-listening-comprehension-sl-markscheme-spanish-dffb211e59c75648,2025,May 2025 Examination Session,Spanish B,Spanish; SL,markscheme,May 2025 Examination Session/Language acquisition/Spanish_B_listening_comprehension_SL_markscheme_Spanish.pdf,resources/private/past-papers/2022-2026/languages/2025/May 2025 Examination Session/Language acquisition/Spanish_B_listening_comprehension_SL_markscheme_Spanish.pdf,application/pdf,506865,a56e2f25a26c184a3b4998ef7f19fe6ea0233720fffbdf8acf8aabbeee345eea,2026-09-02,downloaded,size_and_sha256_verified,"Private reference copy; the source page states CC BY-NC-ND 4.0 for the webpage, but rights for the exam file are not stated and are presumed third-party/IB copyright. Do not redistribute or commit the binary.",
https://ibdocs.re/p/IB%20PAST%20PAPERS%20-%20YEAR/2025%20Examination%20Session/May%202025%20Examination%20Session/Language%20acquisition/Spanish_B_listening_comprehension_SL_Spanish.pdf,https://dl.ibdocs.re/documents/spanish-b-listening-comprehension-sl-spanish-b410b2fc974e685f,2025,May 2025 Examination Session,Spanish B,Spanish; SL,listening question paper/associated material,May 2025 Examination Session/Language acquisition/Spanish_B_listening_comprehension_SL_Spanish.pdf,resources/private/past-papers/2022-2026/languages/2025/May 2025 Examination Session/Language acquisition/Spanish_B_listening_comprehension_SL_Spanish.pdf,application/pdf,539086,03b81eb8ce9db6ee360c50cae0ca712cfbf208eebfec11161379845a1e8aa105,2026-09-02,downloaded,size_and_sha256_verified,"Private reference copy; the source page states CC BY-NC-ND 4.0 for the webpage, but rights for the exam file are not stated and are presumed third-party/IB copyright. Do not redistribute or commit the binary.",
https://ibdocs.re/p/IB%20PAST%20PAPERS%20-%20YEAR/2025%20Examination%20Session/May%202025%20Examination%20Session/Language%20acquisition/Spanish_B_paper_1_TZ1_HL_markscheme_Spanish.pdf,https://dl.ibdocs.re/documents/spanish-b-paper-1-tz1-hl-markscheme-spanish-bb5b999eb5e2fdeb,2025,May 2025 Examination Session,Spanish B,Spanish; HL; TZ1,markscheme,May 2025 Examination Session/Language acquisition/Spanish_B_paper_1_TZ1_HL_markscheme_Spanish.pdf,resources/private/past-papers/2022-2026/languages/2025/May 2025 Examination Session/Language acquisition/Spanish_B_paper_1_TZ1_HL_markscheme_Spanish.pdf,application/pdf,349381,42894491c31ffd6cdc0cc42273fc1d4034907fca4a5ec7bb8fe213defa7adbf1,2026-09-02,downloaded,size_and_sha256_verified,"Private reference copy; the source page states CC BY-NC-ND 4.0 for the webpage, but rights for the exam file are not stated and are presumed third-party/IB copyright. Do not redistribute or commit the binary.",
https://ibdocs.re/p/IB%20PAST%20PAPERS%20-%20YEAR/2025%20Examination%20Session/May%202025%20Examination%20Session/Language%20acquisition/Spanish_B_paper_1_TZ1_HL_Spanish.pdf,https://dl.ibdocs.re/documents/spanish-b-paper-1-tz1-hl-spanish-44d234e402506d7e,2025,May 2025 Examination Session,Spanish B,Spanish; HL; TZ1,question paper,May 2025 Examination Session/Language acquisition/Spanish_B_paper_1_TZ1_HL_Spanish.pdf,resources/private/past-papers/2022-2026/languages/2025/May 2025 Examination Session/Language acquisition/Spanish_B_paper_1_TZ1_HL_Spanish.pdf,application/pdf,294272,9c07d3a72ae310776f0340a4917934c84560a632a4c502ffce14beed70965449,2026-09-02,downloaded,size_and_sha256_verified,"Private reference copy; the source page states CC BY-NC-ND 4.0 for the webpage, but rights for the exam file are not stated and are presumed third-party/IB copyright. Do not redistribute or commit the binary.",
https://ibdocs.re/p/IB%20PAST%20PAPERS%20-%20YEAR/2025%20Examination%20Session/May%202025%20Examination%20Session/Language%20acquisition/Spanish_B_paper_1_TZ1_SL_markscheme_Spanish.pdf,https://dl.ibdocs.re/documents/spanish-b-paper-1-tz1-sl-markscheme-spanish-a52ceb6328080b76,2025,May 2025 Examination Session,Spanish B,Spanish; SL; TZ1,markscheme,May 2025 Examination Session/Language acquisition/Spanish_B_paper_1_TZ1_SL_markscheme_Spanish.pdf,resources/private/past-papers/2022-2026/languages/2025/May 2025 Examination Session/Language acquisition/Spanish_B_paper_1_TZ1_SL_markscheme_Spanish.pdf,application/pdf,665124,d9d6b866ac83c08bdabee0ead017b648c383a686467bf34e03524dfb2637738e,2026-09-02,downloaded,size_and_sha256_verified,"Private reference copy; the source page states CC BY-NC-ND 4.0 for the webpage, but rights for the exam file are not stated and are presumed third-party/IB copyright. Do not redistribute or commit the binary.",
https://ibdocs.re/p/IB%20PAST%20PAPERS%20-%20YEAR/2025%20Examination%20Session/May%202025%20Examination%20Session/Language%20acquisition/Spanish_B_paper_1_TZ1_SL_Spanish.pdf,https://dl.ibdocs.re/documents/spanish-b-paper-1-tz1-sl-spanish-137f6bc3d4c4aa3d,2025,May 2025 Examination Session,Spanish B,Spanish; SL; TZ1,question paper,May 2025 Examination Session/Language acquisition/Spanish_B_paper_1_TZ1_SL_Spanish.pdf,resources/private/past-papers/2022-2026/languages/2025/May 2025 Examination Session/Language acquisition/Spanish_B_paper_1_TZ1_SL_Spanish.pdf,application/pdf,294229,d81dfbcc11e65bfac7265b32d78f93567950eda84640139c999c2df7583ad10b,2026-09-02,downloaded,size_and_sha256_verified,"Private reference copy; the source page states CC BY-NC-ND 4.0 for the webpage, but rights for the exam file are not stated and are presumed third-party/IB copyright. Do not redistribute or commit the binary.",
https://ibdocs.re/p/IB%20PAST%20PAPERS%20-%20YEAR/2025%20Examination%20Session/May%202025%20Examination%20Session/Language%20acquisition/Spanish_B_paper_1_TZ2_HL_markscheme_Spanish.pdf,https://dl.ibdocs.re/documents/spanish-b-paper-1-tz2-hl-markscheme-spanish-7e517586cc292cc2,2025,May 2025 Examination Session,Spanish B,Spanish; HL; TZ2,markscheme,May 2025 Examination Session/Language acquisition/Spanish_B_paper_1_TZ2_HL_markscheme_Spanish.pdf,resources/private/past-papers/2022-2026/languages/2025/May 2025 Examination Session/Language acquisition/Spanish_B_paper_1_TZ2_HL_markscheme_Spanish.pdf,application/pdf,642723,c7837312c3322f5712c595cfbcd35abfac01ac5ca71db0f4a6a2c56472e57a8b,2026-09-02,downloaded,size_and_sha256_verified,"Private reference copy; the source page states CC BY-NC-ND 4.0 for the webpage, but rights for the exam file are not stated and are presumed third-party/IB copyright. Do not redistribute or commit the binary.",
https://ibdocs.re/p/IB%20PAST%20PAPERS%20-%20YEAR/2025%20Examination%20Session/May%202025%20Examination%20Session/Language%20acquisition/Spanish_B_paper_1_TZ2_HL_Spanish.pdf,https://dl.ibdocs.re/documents/spanish-b-paper-1-tz2-hl-spanish-896c1b16bf6edd69,2025,May 2025 Examination Session,Spanish B,Spanish; HL; TZ2,question paper,May 2025 Examination Session/Language acquisition/Spanish_B_paper_1_TZ2_HL_Spanish.pdf,resources/private/past-papers/2022-2026/languages/2025/May 2025 Examination Session/Language acquisition/Spanish_B_paper_1_TZ2_HL_Spanish.pdf,application/pdf,293905,fd5adf3ca9010aac03f0c81a06d0efbfb7e0330a3f1bd83432d256e68d9f8a1e,2026-09-02,downloaded,size_and_sha256_verified,"Private reference copy; the source page states CC BY-NC-ND 4.0 for the webpage, but rights for the exam file are not stated and are presumed third-party/IB copyright. Do not redistribute or commit the binary.",
https://ibdocs.re/p/IB%20PAST%20PAPERS%20-%20YEAR/2025%20Examination%20Session/May%202025%20Examination%20Session/Language%20acquisition/Spanish_B_paper_1_TZ2_SL_markscheme_Spanish.pdf,https://dl.ibdocs.re/documents/spanish-b-paper-1-tz2-sl-markscheme-spanish-9bf7674632ebc427,2025,May 2025 Examination Session,Spanish B,Spanish; SL; TZ2,markscheme,May 2025 Examination Session/Language acquisition/Spanish_B_paper_1_TZ2_SL_markscheme_Spanish.pdf,resources/private/past-papers/2022-2026/languages/2025/May 2025 Examination Session/Language acquisition/Spanish_B_paper_1_TZ2_SL_markscheme_Spanish.pdf,application/pdf,792148,665d97481d8fd80e6e4ece556b5a07e33ab732678bdfc2820c94e086ac46cbb7,2026-09-02,downloaded,size_and_sha256_verified,"Private reference copy; the source page states CC BY-NC-ND 4.0 for the webpage, but rights for the exam file are not stated and are presumed third-party/IB copyright. Do not redistribute or commit the binary.",
https://ibdocs.re/p/IB%20PAST%20PAPERS%20-%20YEAR/2025%20Examination%20Session/May%202025%20Examination%20Session/Language%20acquisition/Spanish_B_paper_1_TZ2_SL_Spanish.pdf,https://dl.ibdocs.re/documents/spanish-b-paper-1-tz2-sl-spanish-a3cc73b0ee43213a,2025,May 2025 Examination Session,Spanish B,Spanish; SL; TZ2,question paper,May 2025 Examination Session/Language acquisition/Spanish_B_paper_1_TZ2_SL_Spanish.pdf,resources/private/past-papers/2022-2026/languages/2025/May 2025 Examination Session/Language acquisition/Spanish_B_paper_1_TZ2_SL_Spanish.pdf,application/pdf,294271,ee10a045c35c577463b9022b9f4c99d336ef6ec660809005f53b5debb74fd5f8,2026-09-02,downloaded,size_and_sha256_verified,"Private reference copy; the source page states CC BY-NC-ND 4.0 for the webpage, but rights for the exam file are not stated and are presumed third-party/IB copyright. Do not redistribute or commit the binary.",
https://ibdocs.re/p/IB%20PAST%20PAPERS%20-%20YEAR/2025%20Examination%20Session/May%202025%20Examination%20Session/Language%20acquisition/Spanish_B_paper_1_TZ3_HL_markscheme_Spanish.pdf,https://dl.ibdocs.re/documents/spanish-b-paper-1-tz3-hl-markscheme-spanish-0d692ab0a1973149,2025,May 2025 Examination Session,Spanish B,Spanish; HL; TZ3,markscheme,May 2025 Examination Session/Language acquisition/Spanish_B_paper_1_TZ3_HL_markscheme_Spanish.pdf,resources/private/past-papers/2022-2026/languages/2025/May 2025 Examination Session/Language acquisition/Spanish_B_paper_1_TZ3_HL_markscheme_Spanish.pdf,application/pdf,728963,39466447c0094502a811bd612b28278df091cc9425b3defb4bf51c5b6b9d61d9,2026-09-02,downloaded,size_and_sha256_verified,"Private reference copy; the source page states CC BY-NC-ND 4.0 for the webpage, but rights for the exam file are not stated and are presumed third-party/IB copyright. Do not redistribute or commit the binary.",
https://ibdocs.re/p/IB%20PAST%20PAPERS%20-%20YEAR/2025%20Examination%20Session/May%202025%20Examination%20Session/Language%20acquisition/Spanish_B_paper_1_TZ3_HL_Spanish.pdf,https://dl.ibdocs.re/documents/spanish-b-paper-1-tz3-hl-spanish-6a87cf6f314a7a54,2025,May 2025 Examination Session,Spanish B,Spanish; HL; TZ3,question paper,May 2025 Examination Session/Language acquisition/Spanish_B_paper_1_TZ3_HL_Spanish.pdf,resources/private/past-papers/2022-2026/languages/2025/May 2025 Examination Session/Language acquisition/Spanish_B_paper_1_TZ3_HL_Spanish.pdf,application/pdf,295098,6b1e08d232666b57b96f3cd6009128b226e7428cb57858cf47f026ccd939de10,2026-09-02,downloaded,size_and_sha256_verified,"Private reference copy; the source page states CC BY-NC-ND 4.0 for the webpage, but rights for the exam file are not stated and are presumed third-party/IB copyright. Do not redistribute or commit the binary.",
https://ibdocs.re/p/IB%20PAST%20PAPERS%20-%20YEAR/2025%20Examination%20Session/May%202025%20Examination%20Session/Language%20acquisition/Spanish_B_paper_1_TZ3_SL_markscheme_Spanish.pdf,https://dl.ibdocs.re/documents/spanish-b-paper-1-tz3-sl-markscheme-spanish-04b49acfbdef3398,2025,May 2025 Examination Session,Spanish B,Spanish; SL; TZ3,markscheme,May 2025 Examination Session/Language acquisition/Spanish_B_paper_1_TZ3_SL_markscheme_Spanish.pdf,resources/private/past-papers/2022-2026/languages/2025/May 2025 Examination Session/Language acquisition/Spanish_B_paper_1_TZ3_SL_markscheme_Spanish.pdf,application/pdf,628473,8c971380a621bd6d7b1ecffdd811d22e0a4606a10591b0c9b24e78ec3a34aa8c,2026-09-02,downloaded,size_and_sha256_verified,"Private reference copy; the source page states CC BY-NC-ND 4.0 for the webpage, but rights for the exam file are not stated and are presumed third-party/IB copyright. Do not redistribute or commit the binary.",
https://ibdocs.re/p/IB%20PAST%20PAPERS%20-%20YEAR/2025%20Examination%20Session/May%202025%20Examination%20Session/Language%20acquisition/Spanish_B_paper_1_TZ3_SL_Spanish.pdf,https://dl.ibdocs.re/documents/spanish-b-paper-1-tz3-sl-spanish-8816db50a6f853af,2025,May 2025 Examination Session,Spanish B,Spanish; SL; TZ3,question paper,May 2025 Examination Session/Language acquisition/Spanish_B_paper_1_TZ3_SL_Spanish.pdf,resources/private/past-papers/2022-2026/languages/2025/May 2025 Examination Session/Language acquisition/Spanish_B_paper_1_TZ3_SL_Spanish.pdf,application/pdf,293832,a6df99c3cdce8022af9483d06a59e274ffba9c382aa3628b4f893bc521587b4d,2026-09-02,downloaded,size_and_sha256_verified,"Private reference copy; the source page states CC BY-NC-ND 4.0 for the webpage, but rights for the exam file are not stated and are presumed third-party/IB copyright. Do not redistribute or commit the binary.",
https://ibdocs.re/p/IB%20PAST%20PAPERS%20-%20YEAR/2025%20Examination%20Session/May%202025%20Examination%20Session/Language%20acquisition/Spanish_B_paper_2_reading_comprehension_question_booklet_TZ1_HL_Spanish.pdf,https://dl.ibdocs.re/documents/spanish-b-paper-2-reading-comprehension-question-booklet-tz1-hl-spanish-21462d073ddc1b77,2025,May 2025 Examination Session,Spanish B,Spanish; HL; TZ1,question booklet,May 2025 Examination Session/Language acquisition/Spanish_B_paper_2_reading_comprehension_question_booklet_TZ1_HL_Spanish.pdf,resources/private/past-papers/2022-2026/languages/2025/May 2025 Examination Session/Language acquisition/Spanish_B_paper_2_reading_comprehension_question_booklet_TZ1_HL_Spanish.pdf,application/pdf,458910,103f50a8eed40bf618707e6e7a776d5b8ff06327ad909bc2a017eab5ae0d44f6,2026-09-02,downloaded,size_and_sha256_verified,"Private reference copy; the source page states CC BY-NC-ND 4.0 for the webpage, but rights for the exam file are not stated and are presumed third-party/IB copyright. Do not redistribute or commit the binary.",
https://ibdocs.re/p/IB%20PAST%20PAPERS%20-%20YEAR/2025%20Examination%20Session/May%202025%20Examination%20Session/Language%20acquisition/Spanish_B_paper_2_reading_comprehension_question_booklet_TZ1_SL_Spanish.pdf,https://dl.ibdocs.re/documents/spanish-b-paper-2-reading-comprehension-question-booklet-tz1-sl-spanish-10df52e74c64d64c,2025,May 2025 Examination Session,Spanish B,Spanish; SL; TZ1,question booklet,May 2025 Examination Session/Language acquisition/Spanish_B_paper_2_reading_comprehension_question_booklet_TZ1_SL_Spanish.pdf,resources/private/past-papers/2022-2026/languages/2025/May 2025 Examination Session/Language acquisition/Spanish_B_paper_2_reading_comprehension_question_booklet_TZ1_SL_Spanish.pdf,application/pdf,445444,a3a5ec50308240a3772ed188fdd4b5a723398d17b7b91d3680df6b60d571ac3a,2026-09-02,downloaded,size_and_sha256_verified,"Private reference copy; the source page states CC BY-NC-ND 4.0 for the webpage, but rights for the exam file are not stated and are presumed third-party/IB copyright. Do not redistribute or commit the binary.",
https://ibdocs.re/p/IB%20PAST%20PAPERS%20-%20YEAR/2025%20Examination%20Session/May%202025%20Examination%20Session/Language%20acquisition/Spanish_B_paper_2_reading_comprehension_question_booklet_TZ2_HL_Spanish.pdf,https://dl.ibdocs.re/documents/spanish-b-paper-2-reading-comprehension-question-booklet-tz2-hl-spanish-b79cf0874c1fd688,2025,May 2025 Examination Session,Spanish B,Spanish; HL; TZ2,question booklet,May 2025 Examination Session/Language acquisition/Spanish_B_paper_2_reading_comprehension_question_booklet_TZ2_HL_Spanish.pdf,resources/private/past-papers/2022-2026/languages/2025/May 2025 Examination Session/Language acquisition/Spanish_B_paper_2_reading_comprehension_question_booklet_TZ2_HL_Spanish.pdf,application/pdf,566193,0faea6b6233426b169c4488510b020f4e8fa88d2910f84fe094deb9d9b7a8510,2026-09-02,downloaded,size_and_sha256_verified,"Private reference copy; the source page states CC BY-NC-ND 4.0 for the webpage, but rights for the exam file are not stated and are presumed third-party/IB copyright. Do not redistribute or commit the binary.",
https://ibdocs.re/p/IB%20PAST%20PAPERS%20-%20YEAR/2025%20Examination%20Session/May%202025%20Examination%20Session/Language%20acquisition/Spanish_B_paper_2_reading_comprehension_question_booklet_TZ2_SL_Spanish.pdf,https://dl.ibdocs.re/documents/spanish-b-paper-2-reading-comprehension-question-booklet-tz2-sl-spanish-348b4e96f2683223,2025,May 2025 Examination Session,Spanish B,Spanish; SL; TZ2,question booklet,May 2025 Examination Session/Language acquisition/Spanish_B_paper_2_reading_comprehension_question_booklet_TZ2_SL_Spanish.pdf,resources/private/past-papers/2022-2026/languages/2025/May 2025 Examination Session/Language acquisition/Spanish_B_paper_2_reading_comprehension_question_booklet_TZ2_SL_Spanish.pdf,application/pdf,446723,9d7e2d50ac5838e706d09d4feb24c04a2a71659edfa912eeaec0bca3ff3b42e5,2026-09-02,downloaded,size_and_sha256_verified,"Private reference copy; the source page states CC BY-NC-ND 4.0 for the webpage, but rights for the exam file are not stated and are presumed third-party/IB copyright. Do not redistribute or commit the binary.",
https://ibdocs.re/p/IB%20PAST%20PAPERS%20-%20YEAR/2025%20Examination%20Session/May%202025%20Examination%20Session/Language%20acquisition/Spanish_B_paper_2_reading_comprehension_question_booklet_TZ3_HL_Spanish.pdf,https://dl.ibdocs.re/documents/spanish-b-paper-2-reading-comprehension-question-booklet-tz3-hl-spanish-9da2a2e4fc1c35dd,2025,May 2025 Examination Session,Spanish B,Spanish; HL; TZ3,question booklet,May 2025 Examination Session/Language acquisition/Spanish_B_paper_2_reading_comprehension_question_booklet_TZ3_HL_Spanish.pdf,resources/private/past-papers/2022-2026/languages/2025/May 2025 Examination Session/Language acquisition/Spanish_B_paper_2_reading_comprehension_question_booklet_TZ3_HL_Spanish.pdf,application/pdf,474861,9ae630bd435638125f7972822fb28ad3dfa1bdfa3a62f43efd5ff8975b3d43c6,2026-09-02,downloaded,size_and_sha256_verified,"Private reference copy; the source page states CC BY-NC-ND 4.0 for the webpage, but rights for the exam file are not stated and are presumed third-party/IB copyright. Do not redistribute or commit the binary.",
https://ibdocs.re/p/IB%20PAST%20PAPERS%20-%20YEAR/2025%20Examination%20Session/May%202025%20Examination%20Session/Language%20acquisition/Spanish_B_paper_2_reading_comprehension_question_booklet_TZ3_SL_Spanish.pdf,https://dl.ibdocs.re/documents/spanish-b-paper-2-reading-comprehension-question-booklet-tz3-sl-spanish-6ea1028ca014d99e,2025,May 2025 Examination Session,Spanish B,Spanish; SL; TZ3,question booklet,May 2025 Examination Session/Language acquisition/Spanish_B_paper_2_reading_comprehension_question_booklet_TZ3_SL_Spanish.pdf,resources/private/past-papers/2022-2026/languages/2025/May 2025 Examination Session/Language acquisition/Spanish_B_paper_2_reading_comprehension_question_booklet_TZ3_SL_Spanish.pdf,application/pdf,903433,31b1816362792d32eca5abf00760a82e977cfe0a63e71b1bbf31894bce94dfed,2026-09-02,downloaded,size_and_sha256_verified,"Private reference copy; the source page states CC BY-NC-ND 4.0 for the webpage, but rights for the exam file are not stated and are presumed third-party/IB copyright. Do not redistribute or commit the binary.",
https://ibdocs.re/p/IB%20PAST%20PAPERS%20-%20YEAR/2025%20Examination%20Session/May%202025%20Examination%20Session/Language%20acquisition/Spanish_B_paper_2_reading_comprehension_text_booklet_TZ1_HL_Spanish.pdf,https://dl.ibdocs.re/documents/spanish-b-paper-2-reading-comprehension-text-booklet-tz1-hl-spanish-e241d23b1f30227a,2025,May 2025 Examination Session,Spanish B,Spanish; HL; TZ1,text booklet,May 2025 Examination Session/Language acquisition/Spanish_B_paper_2_reading_comprehension_text_booklet_TZ1_HL_Spanish.pdf,resources/private/past-papers/2022-2026/languages/2025/May 2025 Examination Session/Language acquisition/Spanish_B_paper_2_reading_comprehension_text_booklet_TZ1_HL_Spanish.pdf,application/pdf,2788057,3aafafae441e67e8219c690dd175e61667bfe1927781c3b307eabb5278fd742e,2026-09-02,downloaded,size_and_sha256_verified,"Private reference copy; the source page states CC BY-NC-ND 4.0 for the webpage, but rights for the exam file are not stated and are presumed third-party/IB copyright. Do not redistribute or commit the binary.",
https://ibdocs.re/p/IB%20PAST%20PAPERS%20-%20YEAR/2025%20Examination%20Session/May%202025%20Examination%20Session/Language%20acquisition/Spanish_B_paper_2_reading_comprehension_text_booklet_TZ1_SL_Spanish.pdf,https://dl.ibdocs.re/documents/spanish-b-paper-2-reading-comprehension-text-booklet-tz1-sl-spanish-2e79d496bb57e1a9,2025,May 2025 Examination Session,Spanish B,Spanish; SL; TZ1,text booklet,May 2025 Examination Session/Language acquisition/Spanish_B_paper_2_reading_comprehension_text_booklet_TZ1_SL_Spanish.pdf,resources/private/past-papers/2022-2026/languages/2025/May 2025 Examination Session/Language acquisition/Spanish_B_paper_2_reading_comprehension_text_booklet_TZ1_SL_Spanish.pdf,application/pdf,2935786,a68fc0b518e0e30b462620e3118efd9e86dfc1adfc9ea5e45468a3b0898e354f,2026-09-02,downloaded,size_and_sha256_verified,"Private reference copy; the source page states CC BY-NC-ND 4.0 for the webpage, but rights for the exam file are not stated and are presumed third-party/IB copyright. Do not redistribute or commit the binary.",
https://ibdocs.re/p/IB%20PAST%20PAPERS%20-%20YEAR/2025%20Examination%20Session/May%202025%20Examination%20Session/Language%20acquisition/Spanish_B_paper_2_reading_comprehension_text_booklet_TZ2_HL_Spanish.pdf,https://dl.ibdocs.re/documents/spanish-b-paper-2-reading-comprehension-text-booklet-tz2-hl-spanish-a510909fc92bac35,2025,May 2025 Examination Session,Spanish B,Spanish; HL; TZ2,text booklet,May 2025 Examination Session/Language acquisition/Spanish_B_paper_2_reading_comprehension_text_booklet_TZ2_HL_Spanish.pdf,resources/private/past-papers/2022-2026/languages/2025/May 2025 Examination Session/Language acquisition/Spanish_B_paper_2_reading_comprehension_text_booklet_TZ2_HL_Spanish.pdf,application/pdf,2787896,81dfad3cf581ccd92c40a92ff998882c5749260a3ab49a49b8265063937d9f88,2026-09-02,downloaded,size_and_sha256_verified,"Private reference copy; the source page states CC BY-NC-ND 4.0 for the webpage, but rights for the exam file are not stated and are presumed third-party/IB copyright. Do not redistribute or commit the binary.",
https://ibdocs.re/p/IB%20PAST%20PAPERS%20-%20YEAR/2025%20Examination%20Session/May%202025%20Examination%20Session/Language%20acquisition/Spanish_B_paper_2_reading_comprehension_text_booklet_TZ2_SL_Spanish.pdf,https://dl.ibdocs.re/documents/spanish-b-paper-2-reading-comprehension-text-booklet-tz2-sl-spanish-059c195f1ddc41c6,2025,May 2025 Examination Session,Spanish B,Spanish; SL; TZ2,text booklet,May 2025 Examination Session/Language acquisition/Spanish_B_paper_2_reading_comprehension_text_booklet_TZ2_SL_Spanish.pdf,resources/private/past-papers/2022-2026/languages/2025/May 2025 Examination Session/Language acquisition/Spanish_B_paper_2_reading_comprehension_text_booklet_TZ2_SL_Spanish.pdf,application/pdf,2937777,81a18ab3c8d025ab2887b406946ea3597d791fd4d1da7ee3be70af82e75c561e,2026-09-02,downloaded,size_and_sha256_verified,"Private reference copy; the source page states CC BY-NC-ND 4.0 for the webpage, but rights for the exam file are not stated and are presumed third-party/IB copyright. Do not redistribute or commit the binary.",
https://ibdocs.re/p/IB%20PAST%20PAPERS%20-%20YEAR/2025%20Examination%20Session/May%202025%20Examination%20Session/Language%20acquisition/Spanish_B_paper_2_reading_comprehension_text_booklet_TZ3_HL_Spanish.pdf,https://dl.ibdocs.re/documents/spanish-b-paper-2-reading-comprehension-text-booklet-tz3-hl-spanish-ac11c75f42a706c0,2025,May 2025 Examination Session,Spanish B,Spanish; HL; TZ3,text booklet,May 2025 Examination Session/Language acquisition/Spanish_B_paper_2_reading_comprehension_text_booklet_TZ3_HL_Spanish.pdf,resources/private/past-papers/2022-2026/languages/2025/May 2025 Examination Session/Language acquisition/Spanish_B_paper_2_reading_comprehension_text_booklet_TZ3_HL_Spanish.pdf,application/pdf,2787706,26e903f1a6cf373fac7a6dc2bbaa59319f278bf995c0b855f035cd3ce1c5b8be,2026-09-02,downloaded,size_and_sha256_verified,"Private reference copy; the source page states CC BY-NC-ND 4.0 for the webpage, but rights for the exam file are not stated and are presumed third-party/IB copyright. Do not redistribute or commit the binary.",
https://ibdocs.re/p/IB%20PAST%20PAPERS%20-%20YEAR/2025%20Examination%20Session/May%202025%20Examination%20Session/Language%20acquisition/Spanish_B_paper_2_reading_comprehension_text_booklet_TZ3_SL_Spanish.pdf,https://dl.ibdocs.re/documents/spanish-b-paper-2-reading-comprehension-text-booklet-tz3-sl-spanish-b3ea95bb82eec4eb,2025,May 2025 Examination Session,Spanish B,Spanish; SL; TZ3,text booklet,May 2025 Examination Session/Language acquisition/Spanish_B_paper_2_reading_comprehension_text_booklet_TZ3_SL_Spanish.pdf,resources/private/past-papers/2022-2026/languages/2025/May 2025 Examination Session/Language acquisition/Spanish_B_paper_2_reading_comprehension_text_booklet_TZ3_SL_Spanish.pdf,application/pdf,2938325,5077b004c2af099c70cadce4840a3ce40ddcb447e8a436b2b3cd364911f9b539,2026-09-02,downloaded,size_and_sha256_verified,"Private reference copy; the source page states CC BY-NC-ND 4.0 for the webpage, but rights for the exam file are not stated and are presumed third-party/IB copyright. Do not redistribute or commit the binary.",
https://ibdocs.re/p/IB%20PAST%20PAPERS%20-%20YEAR/2025%20Examination%20Session/May%202025%20Examination%20Session/Language%20acquisition/Spanish_B_paper_2_reading_comprehension_TZ1_HL_markscheme_Spanish.pdf,https://dl.ibdocs.re/documents/spanish-b-paper-2-reading-comprehension-tz1-hl-markscheme-spanish-01d5539cb2c8be76,2025,May 2025 Examination Session,Spanish B,Spanish; HL; TZ1,markscheme,May 2025 Examination Session/Language acquisition/Spanish_B_paper_2_reading_comprehension_TZ1_HL_markscheme_Spanish.pdf,resources/private/past-papers/2022-2026/languages/2025/May 2025 Examination Session/Language acquisition/Spanish_B_paper_2_reading_comprehension_TZ1_HL_markscheme_Spanish.pdf,application/pdf,212148,69d7fdac836005f939521424cc830adac0af5ec6fa48f7cc35540f7fcba29f0f,2026-09-02,downloaded,size_and_sha256_verified,"Private reference copy; the source page states CC BY-NC-ND 4.0 for the webpage, but rights for the exam file are not stated and are presumed third-party/IB copyright. Do not redistribute or commit the binary.",
https://ibdocs.re/p/IB%20PAST%20PAPERS%20-%20YEAR/2025%20Examination%20Session/May%202025%20Examination%20Session/Language%20acquisition/Spanish_B_paper_2_reading_comprehension_TZ1_SL_markscheme_Spanish.pdf,https://dl.ibdocs.re/documents/spanish-b-paper-2-reading-comprehension-tz1-sl-markscheme-spanish-180401d840a3b0eb,2025,May 2025 Examination Session,Spanish B,Spanish; SL; TZ1,markscheme,May 2025 Examination Session/Language acquisition/Spanish_B_paper_2_reading_comprehension_TZ1_SL_markscheme_Spanish.pdf,resources/private/past-papers/2022-2026/languages/2025/May 2025 Examination Session/Language acquisition/Spanish_B_paper_2_reading_comprehension_TZ1_SL_markscheme_Spanish.pdf,application/pdf,404867,28c59fa8cfde0ba0f3cb2f304435ca2cc75cc694a992c6012d57211a27f65425,2026-09-02,downloaded,size_and_sha256_verified,"Private reference copy; the source page states CC BY-NC-ND 4.0 for the webpage, but rights for the exam file are not stated and are presumed third-party/IB copyright. Do not redistribute or commit the binary.",
https://ibdocs.re/p/IB%20PAST%20PAPERS%20-%20YEAR/2025%20Examination%20Session/May%202025%20Examination%20Session/Language%20acquisition/Spanish_B_paper_2_reading_comprehension_TZ2_HL_markscheme_Spanish.pdf,https://dl.ibdocs.re/documents/spanish-b-paper-2-reading-comprehension-tz2-hl-markscheme-spanish-f16b9189820f9bef,2025,May 2025 Examination Session,Spanish B,Spanish; HL; TZ2,markscheme,May 2025 Examination Session/Language acquisition/Spanish_B_paper_2_reading_comprehension_TZ2_HL_markscheme_Spanish.pdf,resources/private/past-papers/2022-2026/languages/2025/May 2025 Examination Session/Language acquisition/Spanish_B_paper_2_reading_comprehension_TZ2_HL_markscheme_Spanish.pdf,application/pdf,369249,d9c6e4b2a20aea7940c3dd6e66763aa73f6d8ca8e369d2719f4f6e4063ffe75c,2026-09-02,downloaded,size_and_sha256_verified,"Private reference copy; the source page states CC BY-NC-ND 4.0 for the webpage, but rights for the exam file are not stated and are presumed third-party/IB copyright. Do not redistribute or commit the binary.",
https://ibdocs.re/p/IB%20PAST%20PAPERS%20-%20YEAR/2025%20Examination%20Session/May%202025%20Examination%20Session/Language%20acquisition/Spanish_B_paper_2_reading_comprehension_TZ2_SL_markscheme_Spanish.pdf,https://dl.ibdocs.re/documents/spanish-b-paper-2-reading-comprehension-tz2-sl-markscheme-spanish-d103e9e813916c9a,2025,May 2025 Examination Session,Spanish B,Spanish; SL; TZ2,markscheme,May 2025 Examination Session/Language acquisition/Spanish_B_paper_2_reading_comprehension_TZ2_SL_markscheme_Spanish.pdf,resources/private/past-papers/2022-2026/languages/2025/May 2025 Examination Session/Language acquisition/Spanish_B_paper_2_reading_comprehension_TZ2_SL_markscheme_Spanish.pdf,application/pdf,369377,5efa73218f8b608b2b85eb11e621de7479a3e2678637dd429579629d8795487e,2026-09-02,downloaded,size_and_sha256_verified,"Private reference copy; the source page states CC BY-NC-ND 4.0 for the webpage, but rights for the exam file are not stated and are presumed third-party/IB copyright. Do not redistribute or commit the binary.",
https://ibdocs.re/p/IB%20PAST%20PAPERS%20-%20YEAR/2025%20Examination%20Session/May%202025%20Examination%20Session/Language%20acquisition/Spanish_B_paper_2_reading_comprehension_TZ3_HL_markscheme_Spanish.pdf,https://dl.ibdocs.re/documents/spanish-b-paper-2-reading-comprehension-tz3-hl-markscheme-spanish-0776af62a711d0c0,2025,May 2025 Examination Session,Spanish B,Spanish; HL; TZ3,markscheme,May 2025 Examination Session/Language acquisition/Spanish_B_paper_2_reading_comprehension_TZ3_HL_markscheme_Spanish.pdf,resources/private/past-papers/2022-2026/languages/2025/May 2025 Examination Session/Language acquisition/Spanish_B_paper_2_reading_comprehension_TZ3_HL_markscheme_Spanish.pdf,application/pdf,369625,b06c509a325dfc9e788bb750ea8dd7ad646fa22b4710e41ba9f24879806fe47d,2026-09-02,downloaded,size_and_sha256_verified,"Private reference copy; the source page states CC BY-NC-ND 4.0 for the webpage, but rights for the exam file are not stated and are presumed third-party/IB copyright. Do not redistribute or commit the binary.",
https://ibdocs.re/p/IB%20PAST%20PAPERS%20-%20YEAR/2025%20Examination%20Session/May%202025%20Examination%20Session/Language%20acquisition/Spanish_B_paper_2_reading_comprehension_TZ3_SL_markscheme_Spanish.pdf,https://dl.ibdocs.re/documents/spanish-b-paper-2-reading-comprehension-tz3-sl-markscheme-spanish-86a40720182955c1,2025,May 2025 Examination Session,Spanish B,Spanish; SL; TZ3,markscheme,May 2025 Examination Session/Language acquisition/Spanish_B_paper_2_reading_comprehension_TZ3_SL_markscheme_Spanish.pdf,resources/private/past-papers/2022-2026/languages/2025/May 2025 Examination Session/Language acquisition/Spanish_B_paper_2_reading_comprehension_TZ3_SL_markscheme_Spanish.pdf,application/pdf,612589,765a117b1d6d1a3c8337c53507d00392dd48e08f0b49401b50650ca15d616901,2026-09-02,downloaded,size_and_sha256_verified,"Private reference copy; the source page states CC BY-NC-ND 4.0 for the webpage, but rights for the exam file are not stated and are presumed third-party/IB copyright. Do not redistribute or commit the binary.",
https://ibdocs.re/p/IB%20PAST%20PAPERS%20-%20YEAR/2025%20Examination%20Session/May%202025%20Examination%20Session/Studies%20in%20language%20and%20literature/English_A_Language_and_literature_paper_1_TZ1_HL.pdf,https://dl.ibdocs.re/documents/english-a-language-and-literature-paper-1-tz1-hl-e0d1276291c26f10,2025,May 2025 Examination Session,English A Language and Literature,English; HL; TZ1,question paper,May 2025 Examination Session/Studies in language and literature/English_A_Language_and_literature_paper_1_TZ1_HL.pdf,resources/private/past-papers/2022-2026/languages/2025/May 2025 Examination Session/Studies in language and literature/English_A_Language_and_literature_paper_1_TZ1_HL.pdf,application/pdf,1970806,727b54f13e62130d294d9e556f4b4e54d0ce21acdf01796652e90896219f78a2,2026-09-02,downloaded,size_and_sha256_verified,"Private reference copy; the source page states CC BY-NC-ND 4.0 for the webpage, but rights for the exam file are not stated and are presumed third-party/IB copyright. Do not redistribute or commit the binary.",
https://ibdocs.re/p/IB%20PAST%20PAPERS%20-%20YEAR/2025%20Examination%20Session/May%202025%20Examination%20Session/Studies%20in%20language%20and%20literature/English_A_Language_and_literature_paper_1_TZ1_HLSL_markscheme.pdf,https://dl.ibdocs.re/documents/english-a-language-and-literature-paper-1-tz1-hlsl-markscheme-b2cd161aff96f0be,2025,May 2025 Examination Session,English A Language and Literature,English; HL/SL; TZ1,markscheme,May 2025 Examination Session/Studies in language and literature/English_A_Language_and_literature_paper_1_TZ1_HLSL_markscheme.pdf,resources/private/past-papers/2022-2026/languages/2025/May 2025 Examination Session/Studies in language and literature/English_A_Language_and_literature_paper_1_TZ1_HLSL_markscheme.pdf,application/pdf,350256,c7bd75b8584b421aa099170e48fb3357e67f57aa7171a8d48d10f341cfc6d22d,2026-09-02,downloaded,size_and_sha256_verified,"Private reference copy; the source page states CC BY-NC-ND 4.0 for the webpage, but rights for the exam file are not stated and are presumed third-party/IB copyright. Do not redistribute or commit the binary.",
https://ibdocs.re/p/IB%20PAST%20PAPERS%20-%20YEAR/2025%20Examination%20Session/May%202025%20Examination%20Session/Studies%20in%20language%20and%20literature/English_A_Language_and_literature_paper_1_TZ1_SL.pdf,https://dl.ibdocs.re/documents/english-a-language-and-literature-paper-1-tz1-sl-da838d717196b157,2025,May 2025 Examination Session,English A Language and Literature,English; SL; TZ1,question paper,May 2025 Examination Session/Studies in language and literature/English_A_Language_and_literature_paper_1_TZ1_SL.pdf,resources/private/past-papers/2022-2026/languages/2025/May 2025 Examination Session/Studies in language and literature/English_A_Language_and_literature_paper_1_TZ1_SL.pdf,application/pdf,1970945,2bf60efa449dff81e020b8ce377c2368ec3bde5221f1437465c96c58899f1b0b,2026-09-02,downloaded,size_and_sha256_verified,"Private reference copy; the source page states CC BY-NC-ND 4.0 for the webpage, but rights for the exam file are not stated and are presumed third-party/IB copyright. Do not redistribute or commit the binary.",
https://ibdocs.re/p/IB%20PAST%20PAPERS%20-%20YEAR/2025%20Examination%20Session/May%202025%20Examination%20Session/Studies%20in%20language%20and%20literature/English_A_Language_and_literature_paper_1_TZ2_HL.pdf,https://dl.ibdocs.re/documents/english-a-language-and-literature-paper-1-tz2-hl-127cdeeec163cfc3,2025,May 2025 Examination Session,English A Language and Literature,English; HL; TZ2,question paper,May 2025 Examination Session/Studies in language and literature/English_A_Language_and_literature_paper_1_TZ2_HL.pdf,resources/private/past-papers/2022-2026/languages/2025/May 2025 Examination Session/Studies in language and literature/English_A_Language_and_literature_paper_1_TZ2_HL.pdf,application/pdf,4606332,2ce82775ccbc7521dcd1567b05e7a21d855edf4d2bf6d153fe81ed6fde56800d,2026-09-02,downloaded,size_and_sha256_verified,"Private reference copy; the source page states CC BY-NC-ND 4.0 for the webpage, but rights for the exam file are not stated and are presumed third-party/IB copyright. Do not redistribute or commit the binary.",
https://ibdocs.re/p/IB%20PAST%20PAPERS%20-%20YEAR/2025%20Examination%20Session/May%202025%20Examination%20Session/Studies%20in%20language%20and%20literature/English_A_Language_and_literature_paper_1_TZ2_HLSL_markscheme.pdf,https://dl.ibdocs.re/documents/english-a-language-and-literature-paper-1-tz2-hlsl-markscheme-e5a995fc902ed9bb,2025,May 2025 Examination Session,English A Language and Literature,English; HL/SL; TZ2,markscheme,May 2025 Examination Session/Studies in language and literature/English_A_Language_and_literature_paper_1_TZ2_HLSL_markscheme.pdf,resources/private/past-papers/2022-2026/languages/2025/May 2025 Examination Session/Studies in language and literature/English_A_Language_and_literature_paper_1_TZ2_HLSL_markscheme.pdf,application/pdf,448489,43b0e51b776c9c1203ab40106daca09ee04a829817caf86ca65ecf8b76c36bfe,2026-09-02,downloaded,size_and_sha256_verified,"Private reference copy; the source page states CC BY-NC-ND 4.0 for the webpage, but rights for the exam file are not stated and are presumed third-party/IB copyright. Do not redistribute or commit the binary.",
https://ibdocs.re/p/IB%20PAST%20PAPERS%20-%20YEAR/2025%20Examination%20Session/May%202025%20Examination%20Session/Studies%20in%20language%20and%20literature/English_A_Language_and_literature_paper_1_TZ2_SL.pdf,https://dl.ibdocs.re/documents/english-a-language-and-literature-paper-1-tz2-sl-d3fbd3a1d4afedcc,2025,May 2025 Examination Session,English A Language and Literature,English; SL; TZ2,question paper,May 2025 Examination Session/Studies in language and literature/English_A_Language_and_literature_paper_1_TZ2_SL.pdf,resources/private/past-papers/2022-2026/languages/2025/May 2025 Examination Session/Studies in language and literature/English_A_Language_and_literature_paper_1_TZ2_SL.pdf,application/pdf,4608026,97916d9c62af84249b45fbcd45aaa3cafb81b2929f096871709d1d891ff99189,2026-09-02,downloaded,size_and_sha256_verified,"Private reference copy; the source page states CC BY-NC-ND 4.0 for the webpage, but rights for the exam file are not stated and are presumed third-party/IB copyright. Do not redistribute or commit the binary.",
https://ibdocs.re/p/IB%20PAST%20PAPERS%20-%20YEAR/2025%20Examination%20Session/May%202025%20Examination%20Session/Studies%20in%20language%20and%20literature/English_A_Language_and_literature_paper_1_TZ3_HL.pdf,https://dl.ibdocs.re/documents/english-a-language-and-literature-paper-1-tz3-hl-52e96208ec533716,2025,May 2025 Examination Session,English A Language and Literature,English; HL; TZ3,question paper,May 2025 Examination Session/Studies in language and literature/English_A_Language_and_literature_paper_1_TZ3_HL.pdf,resources/private/past-papers/2022-2026/languages/2025/May 2025 Examination Session/Studies in language and literature/English_A_Language_and_literature_paper_1_TZ3_HL.pdf,application/pdf,3059799,54636cb77b5308b9761554512b7170a8f338d6e93cc9b258e7f96297a6ef7ea5,2026-09-02,downloaded,size_and_sha256_verified,"Private reference copy; the source page states CC BY-NC-ND 4.0 for the webpage, but rights for the exam file are not stated and are presumed third-party/IB copyright. Do not redistribute or commit the binary.",
https://ibdocs.re/p/IB%20PAST%20PAPERS%20-%20YEAR/2025%20Examination%20Session/May%202025%20Examination%20Session/Studies%20in%20language%20and%20literature/English_A_Language_and_literature_paper_1_TZ3_HLSL_markscheme.pdf,https://dl.ibdocs.re/documents/english-a-language-and-literature-paper-1-tz3-hlsl-markscheme-deaf16b33e4e9f98,2025,May 2025 Examination Session,English A Language and Literature,English; HL/SL; TZ3,markscheme,May 2025 Examination Session/Studies in language and literature/English_A_Language_and_literature_paper_1_TZ3_HLSL_markscheme.pdf,resources/private/past-papers/2022-2026/languages/2025/May 2025 Examination Session/Studies in language and literature/English_A_Language_and_literature_paper_1_TZ3_HLSL_markscheme.pdf,application/pdf,289977,fc98a62cb9647d3246ba9240ed0db29885f32491772e68f0048dcd7c49678c53,2026-09-02,downloaded,size_and_sha256_verified,"Private reference copy; the source page states CC BY-NC-ND 4.0 for the webpage, but rights for the exam file are not stated and are presumed third-party/IB copyright. Do not redistribute or commit the binary.",
https://ibdocs.re/p/IB%20PAST%20PAPERS%20-%20YEAR/2025%20Examination%20Session/May%202025%20Examination%20Session/Studies%20in%20language%20and%20literature/English_A_Language_and_literature_paper_1_TZ3_SL.pdf,https://dl.ibdocs.re/documents/english-a-language-and-literature-paper-1-tz3-sl-242194a4f0a51541,2025,May 2025 Examination Session,English A Language and Literature,English; SL; TZ3,question paper,May 2025 Examination Session/Studies in language and literature/English_A_Language_and_literature_paper_1_TZ3_SL.pdf,resources/private/past-papers/2022-2026/languages/2025/May 2025 Examination Session/Studies in language and literature/English_A_Language_and_literature_paper_1_TZ3_SL.pdf,application/pdf,3060326,36f451fa3a74ee24d9e043df6050d327bd1b883f917eb115b61a6c1ac8c56f6e,2026-09-02,downloaded,size_and_sha256_verified,"Private reference copy; the source page states CC BY-NC-ND 4.0 for the webpage, but rights for the exam file are not stated and are presumed third-party/IB copyright. Do not redistribute or commit the binary.",
https://ibdocs.re/p/IB%20PAST%20PAPERS%20-%20YEAR/2025%20Examination%20Session/May%202025%20Examination%20Session/Studies%20in%20language%20and%20literature/English_A_Language_and_literature_paper_2_TZ1_HLSL.pdf,https://dl.ibdocs.re/documents/english-a-language-and-literature-paper-2-tz1-hlsl-a80387255b4d8eb8,2025,May 2025 Examination Session,English A Language and Literature,English; HL/SL; TZ1,question paper,May 2025 Examination Session/Studies in language and literature/English_A_Language_and_literature_paper_2_TZ1_HLSL.pdf,resources/private/past-papers/2022-2026/languages/2025/May 2025 Examination Session/Studies in language and literature/English_A_Language_and_literature_paper_2_TZ1_HLSL.pdf,application/pdf,294867,b0343853feaa25a5bf793965f6c5b96afc51221a6cbf660cde24848ddbb99695,2026-09-02,downloaded,size_and_sha256_verified,"Private reference copy; the source page states CC BY-NC-ND 4.0 for the webpage, but rights for the exam file are not stated and are presumed third-party/IB copyright. Do not redistribute or commit the binary.",
https://ibdocs.re/p/IB%20PAST%20PAPERS%20-%20YEAR/2025%20Examination%20Session/May%202025%20Examination%20Session/Studies%20in%20language%20and%20literature/English_A_Language_and_literature_paper_2_TZ2_HLSL.pdf,https://dl.ibdocs.re/documents/english-a-language-and-literature-paper-2-tz2-hlsl-9511e00426d46de3,2025,May 2025 Examination Session,English A Language and Literature,English; HL/SL; TZ2,question paper,May 2025 Examination Session/Studies in language and literature/English_A_Language_and_literature_paper_2_TZ2_HLSL.pdf,resources/private/past-papers/2022-2026/languages/2025/May 2025 Examination Session/Studies in language and literature/English_A_Language_and_literature_paper_2_TZ2_HLSL.pdf,application/pdf,294957,c561ec427fcdc25069be5b928fa09419cd15d6f342f103f7017d9d3cdad4860f,2026-09-02,downloaded,size_and_sha256_verified,"Private reference copy; the source page states CC BY-NC-ND 4.0 for the webpage, but rights for the exam file are not stated and are presumed third-party/IB copyright. Do not redistribute or commit the binary.",
https://ibdocs.re/p/IB%20PAST%20PAPERS%20-%20YEAR/2025%20Examination%20Session/May%202025%20Examination%20Session/Studies%20in%20language%20and%20literature/English_A_Language_and_literature_paper_2_TZ3_HLSL.pdf,https://dl.ibdocs.re/documents/english-a-language-and-literature-paper-2-tz3-hlsl-5887b813335e221e,2025,May 2025 Examination Session,English A Language and Literature,English; HL/SL; TZ3,question paper,May 2025 Examination Session/Studies in language and literature/English_A_Language_and_literature_paper_2_TZ3_HLSL.pdf,resources/private/past-papers/2022-2026/languages/2025/May 2025 Examination Session/Studies in language and literature/English_A_Language_and_literature_paper_2_TZ3_HLSL.pdf,application/pdf,295493,65ea8df14340f7227d59f5dfd794e01e004a1d68613648a47a396fec6417104f,2026-09-02,downloaded,size_and_sha256_verified,"Private reference copy; the source page states CC BY-NC-ND 4.0 for the webpage, but rights for the exam file are not stated and are presumed third-party/IB copyright. Do not redistribute or commit the binary.",
https://ibdocs.re/p/IB%20PAST%20PAPERS%20-%20YEAR/2025%20Examination%20Session/May%202025%20Examination%20Session/Studies%20in%20language%20and%20literature/English_A_Literature_paper_1_TZ1_HL.pdf,https://dl.ibdocs.re/documents/english-a-literature-paper-1-tz1-hl-733be6760bfb6edf,2025,May 2025 Examination Session,English A Literature,English; HL; TZ1,question paper,May 2025 Examination Session/Studies in language and literature/English_A_Literature_paper_1_TZ1_HL.pdf,resources/private/past-papers/2022-2026/languages/2025/May 2025 Examination Session/Studies in language and literature/English_A_Literature_paper_1_TZ1_HL.pdf,application/pdf,807193,c78f4c643e61036a1d9296e52f6f3acfaad6b66876414dd604be9d931173eac3,2026-09-02,downloaded,size_and_sha256_verified,"Private reference copy; the source page states CC BY-NC-ND 4.0 for the webpage, but rights for the exam file are not stated and are presumed third-party/IB copyright. Do not redistribute or commit the binary.",
https://ibdocs.re/p/IB%20PAST%20PAPERS%20-%20YEAR/2025%20Examination%20Session/May%202025%20Examination%20Session/Studies%20in%20language%20and%20literature/English_A_Literature_paper_1_TZ1_HLSL_markscheme.pdf,https://dl.ibdocs.re/documents/english-a-literature-paper-1-tz1-hlsl-markscheme-0068b4aabe0f294f,2025,May 2025 Examination Session,English A Literature,English; HL/SL; TZ1,markscheme,May 2025 Examination Session/Studies in language and literature/English_A_Literature_paper_1_TZ1_HLSL_markscheme.pdf,resources/private/past-papers/2022-2026/languages/2025/May 2025 Examination Session/Studies in language and literature/English_A_Literature_paper_1_TZ1_HLSL_markscheme.pdf,application/pdf,451302,8984fc79ab35aa908f24e47d32e962f67b89883ecae5c0c76fbd7ff6cd73f485,2026-09-02,downloaded,size_and_sha256_verified,"Private reference copy; the source page states CC BY-NC-ND 4.0 for the webpage, but rights for the exam file are not stated and are presumed third-party/IB copyright. Do not redistribute or commit the binary.",
https://ibdocs.re/p/IB%20PAST%20PAPERS%20-%20YEAR/2025%20Examination%20Session/May%202025%20Examination%20Session/Studies%20in%20language%20and%20literature/English_A_Literature_paper_1_TZ1_SL.pdf,https://dl.ibdocs.re/documents/english-a-literature-paper-1-tz1-sl-b2d7d27480c17e88,2025,May 2025 Examination Session,English A Literature,English; SL; TZ1,question paper,May 2025 Examination Session/Studies in language and literature/English_A_Literature_paper_1_TZ1_SL.pdf,resources/private/past-papers/2022-2026/languages/2025/May 2025 Examination Session/Studies in language and literature/English_A_Literature_paper_1_TZ1_SL.pdf,application/pdf,807840,fcfb493e8bb842ccc6296167f67bd146fe4f069efc3a5db6962b016cc81735fc,2026-09-02,downloaded,size_and_sha256_verified,"Private reference copy; the source page states CC BY-NC-ND 4.0 for the webpage, but rights for the exam file are not stated and are presumed third-party/IB copyright. Do not redistribute or commit the binary.",
https://ibdocs.re/p/IB%20PAST%20PAPERS%20-%20YEAR/2025%20Examination%20Session/May%202025%20Examination%20Session/Studies%20in%20language%20and%20literature/English_A_Literature_paper_1_TZ2_HL.pdf,https://dl.ibdocs.re/documents/english-a-literature-paper-1-tz2-hl-fbdf0ae988349f2c,2025,May 2025 Examination Session,English A Literature,English; HL; TZ2,question paper,May 2025 Examination Session/Studies in language and literature/English_A_Literature_paper_1_TZ2_HL.pdf,resources/private/past-papers/2022-2026/languages/2025/May 2025 Examination Session/Studies in language and literature/English_A_Literature_paper_1_TZ2_HL.pdf,application/pdf,806149,fc48c196cc433a22e6f92f4aea76047354b87de286a0dfccb279fdd44ae06835,2026-09-02,downloaded,size_and_sha256_verified,"Private reference copy; the source page states CC BY-NC-ND 4.0 for the webpage, but rights for the exam file are not stated and are presumed third-party/IB copyright. Do not redistribute or commit the binary.",
https://ibdocs.re/p/IB%20PAST%20PAPERS%20-%20YEAR/2025%20Examination%20Session/May%202025%20Examination%20Session/Studies%20in%20language%20and%20literature/English_A_Literature_paper_1_TZ2_HLSL_markscheme.pdf,https://dl.ibdocs.re/documents/english-a-literature-paper-1-tz2-hlsl-markscheme-596be6f3d0973362,2025,May 2025 Examination Session,English A Literature,English; HL/SL; TZ2,markscheme,May 2025 Examination Session/Studies in language and literature/English_A_Literature_paper_1_TZ2_HLSL_markscheme.pdf,resources/private/past-papers/2022-2026/languages/2025/May 2025 Examination Session/Studies in language and literature/English_A_Literature_paper_1_TZ2_HLSL_markscheme.pdf,application/pdf,349961,43ecb156aee09a8ed6affda04b416025ab093e4d5f29efa7d6bac54af78d67f4,2026-09-02,downloaded,size_and_sha256_verified,"Private reference copy; the source page states CC BY-NC-ND 4.0 for the webpage, but rights for the exam file are not stated and are presumed third-party/IB copyright. Do not redistribute or commit the binary.",
https://ibdocs.re/p/IB%20PAST%20PAPERS%20-%20YEAR/2025%20Examination%20Session/May%202025%20Examination%20Session/Studies%20in%20language%20and%20literature/English_A_Literature_paper_1_TZ2_SL.pdf,https://dl.ibdocs.re/documents/english-a-literature-paper-1-tz2-sl-8b7cebb9257e1e23,2025,May 2025 Examination Session,English A Literature,English; SL; TZ2,question paper,May 2025 Examination Session/Studies in language and literature/English_A_Literature_paper_1_TZ2_SL.pdf,resources/private/past-papers/2022-2026/languages/2025/May 2025 Examination Session/Studies in language and literature/English_A_Literature_paper_1_TZ2_SL.pdf,application/pdf,806509,2b4212b66ee1badf406d0a188c1b4eab4c73500a4c1aa22433b6fc7ec2b343b6,2026-09-02,downloaded,size_and_sha256_verified,"Private reference copy; the source page states CC BY-NC-ND 4.0 for the webpage, but rights for the exam file are not stated and are presumed third-party/IB copyright. Do not redistribute or commit the binary.",
https://ibdocs.re/p/IB%20PAST%20PAPERS%20-%20YEAR/2025%20Examination%20Session/May%202025%20Examination%20Session/Studies%20in%20language%20and%20literature/English_A_Literature_paper_1_TZ3_HL.pdf,https://dl.ibdocs.re/documents/english-a-literature-paper-1-tz3-hl-725384f0ff1c23e1,2025,May 2025 Examination Session,English A Literature,English; HL; TZ3,question paper,May 2025 Examination Session/Studies in language and literature/English_A_Literature_paper_1_TZ3_HL.pdf,resources/private/past-papers/2022-2026/languages/2025/May 2025 Examination Session/Studies in language and literature/English_A_Literature_paper_1_TZ3_HL.pdf,application/pdf,814163,aabcf08e155c6c613c948ae117ac7722469aa6d1ae5253749475a10a5a456ff1,2026-09-02,downloaded,size_and_sha256_verified,"Private reference copy; the source page states CC BY-NC-ND 4.0 for the webpage, but rights for the exam file are not stated and are presumed third-party/IB copyright. Do not redistribute or commit the binary.",
https://ibdocs.re/p/IB%20PAST%20PAPERS%20-%20YEAR/2025%20Examination%20Session/May%202025%20Examination%20Session/Studies%20in%20language%20and%20literature/English_A_Literature_paper_1_TZ3_HLSL_markscheme.pdf,https://dl.ibdocs.re/documents/english-a-literature-paper-1-tz3-hlsl-markscheme-9ee0aef38a1a606d,2025,May 2025 Examination Session,English A Literature,English; HL/SL; TZ3,markscheme,May 2025 Examination Session/Studies in language and literature/English_A_Literature_paper_1_TZ3_HLSL_markscheme.pdf,resources/private/past-papers/2022-2026/languages/2025/May 2025 Examination Session/Studies in language and literature/English_A_Literature_paper_1_TZ3_HLSL_markscheme.pdf,application/pdf,318649,bcf0b3de848ae800e904b9f66b2ba12cde5b0e094d85c5ef27725c86b9d54c3c,2026-09-02,downloaded,size_and_sha256_verified,"Private reference copy; the source page states CC BY-NC-ND 4.0 for the webpage, but rights for the exam file are not stated and are presumed third-party/IB copyright. Do not redistribute or commit the binary.",
https://ibdocs.re/p/IB%20PAST%20PAPERS%20-%20YEAR/2025%20Examination%20Session/May%202025%20Examination%20Session/Studies%20in%20language%20and%20literature/English_A_Literature_paper_1_TZ3_SL.pdf,https://dl.ibdocs.re/documents/english-a-literature-paper-1-tz3-sl-f7a1525012cd4db6,2025,May 2025 Examination Session,English A Literature,English; SL; TZ3,question paper,May 2025 Examination Session/Studies in language and literature/English_A_Literature_paper_1_TZ3_SL.pdf,resources/private/past-papers/2022-2026/languages/2025/May 2025 Examination Session/Studies in language and literature/English_A_Literature_paper_1_TZ3_SL.pdf,application/pdf,814558,f9182dd563e841f649eab8864aeb8b2ad521122d07c91d77ff42a33661dbbf16,2026-09-02,downloaded,size_and_sha256_verified,"Private reference copy; the source page states CC BY-NC-ND 4.0 for the webpage, but rights for the exam file are not stated and are presumed third-party/IB copyright. Do not redistribute or commit the binary.",
https://ibdocs.re/p/IB%20PAST%20PAPERS%20-%20YEAR/2025%20Examination%20Session/May%202025%20Examination%20Session/Studies%20in%20language%20and%20literature/English_A_Literature_paper_2_TZ1_HLSL.pdf,https://dl.ibdocs.re/documents/english-a-literature-paper-2-tz1-hlsl-9e91a5e30a945317,2025,May 2025 Examination Session,English A Literature,English; HL/SL; TZ1,question paper,May 2025 Examination Session/Studies in language and literature/English_A_Literature_paper_2_TZ1_HLSL.pdf,resources/private/past-papers/2022-2026/languages/2025/May 2025 Examination Session/Studies in language and literature/English_A_Literature_paper_2_TZ1_HLSL.pdf,application/pdf,295183,d2dbbdb0c389cecc2c5eb22f0c65157b8e68f5a50bc0ac1225a44b044d9dce6c,2026-09-02,downloaded,size_and_sha256_verified,"Private reference copy; the source page states CC BY-NC-ND 4.0 for the webpage, but rights for the exam file are not stated and are presumed third-party/IB copyright. Do not redistribute or commit the binary.",
https://ibdocs.re/p/IB%20PAST%20PAPERS%20-%20YEAR/2025%20Examination%20Session/May%202025%20Examination%20Session/Studies%20in%20language%20and%20literature/English_A_Literature_paper_2_TZ2_HLSL.pdf,https://dl.ibdocs.re/documents/english-a-literature-paper-2-tz2-hlsl-19e3a5abf5fc35cc,2025,May 2025 Examination Session,English A Literature,English; HL/SL; TZ2,question paper,May 2025 Examination Session/Studies in language and literature/English_A_Literature_paper_2_TZ2_HLSL.pdf,resources/private/past-papers/2022-2026/languages/2025/May 2025 Examination Session/Studies in language and literature/English_A_Literature_paper_2_TZ2_HLSL.pdf,application/pdf,295508,03c4e770acbcfff30ec2aeebeb42c139077e812e08c0e752ac5c20fbd9cc7b4e,2026-09-02,downloaded,size_and_sha256_verified,"Private reference copy; the source page states CC BY-NC-ND 4.0 for the webpage, but rights for the exam file are not stated and are presumed third-party/IB copyright. Do not redistribute or commit the binary.",
https://ibdocs.re/p/IB%20PAST%20PAPERS%20-%20YEAR/2025%20Examination%20Session/May%202025%20Examination%20Session/Studies%20in%20language%20and%20literature/English_A_Literature_paper_2_TZ3_HLSL.pdf,https://dl.ibdocs.re/documents/english-a-literature-paper-2-tz3-hlsl-18372e76a70d6191,2025,May 2025 Examination Session,English A Literature,English; HL/SL; TZ3,question paper,May 2025 Examination Session/Studies in language and literature/English_A_Literature_paper_2_TZ3_HLSL.pdf,resources/private/past-papers/2022-2026/languages/2025/May 2025 Examination Session/Studies in language and literature/English_A_Literature_paper_2_TZ3_HLSL.pdf,application/pdf,293985,1ec87a23daa1181646ac0d851170d4266557ed5175ad10bf5a5c6d99c46e0b9c,2026-09-02,downloaded,size_and_sha256_verified,"Private reference copy; the source page states CC BY-NC-ND 4.0 for the webpage, but rights for the exam file are not stated and are presumed third-party/IB copyright. Do not redistribute or commit the binary.",
https://ibdocs.re/p/IB%20PAST%20PAPERS%20-%20YEAR/2025%20Examination%20Session/May%202025%20Examination%20Session/Studies%20in%20language%20and%20literature/Japanese_A_Language_and_literature_paper_1_HL.pdf,https://dl.ibdocs.re/documents/japanese-a-language-and-literature-paper-1-hl-629e450fdd0b9a35,2025,May 2025 Examination Session,Japanese A Language and Literature,Japanese; HL,question paper,May 2025 Examination Session/Studies in language and literature/Japanese_A_Language_and_literature_paper_1_HL.pdf,resources/private/past-papers/2022-2026/languages/2025/May 2025 Examination Session/Studies in language and literature/Japanese_A_Language_and_literature_paper_1_HL.pdf,application/pdf,2927923,353d24f16b23e16221b35d2ddb4d8d9389d9e938bbe200f5152a6dbfda74dbeb,2026-09-02,downloaded,size_and_sha256_verified,"Private reference copy; the source page states CC BY-NC-ND 4.0 for the webpage, but rights for the exam file are not stated and are presumed third-party/IB copyright. Do not redistribute or commit the binary.",
https://ibdocs.re/p/IB%20PAST%20PAPERS%20-%20YEAR/2025%20Examination%20Session/May%202025%20Examination%20Session/Studies%20in%20language%20and%20literature/Japanese_A_Language_and_literature_paper_1_HLSL_markscheme.pdf,https://dl.ibdocs.re/documents/japanese-a-language-and-literature-paper-1-hlsl-markscheme-b2122b3660320e19,2025,May 2025 Examination Session,Japanese A Language and Literature,Japanese; HL/SL,markscheme,May 2025 Examination Session/Studies in language and literature/Japanese_A_Language_and_literature_paper_1_HLSL_markscheme.pdf,resources/private/past-papers/2022-2026/languages/2025/May 2025 Examination Session/Studies in language and literature/Japanese_A_Language_and_literature_paper_1_HLSL_markscheme.pdf,application/pdf,455121,dfd408eef39c7e6f032879a8d21cf4f280227c24237783f27adb711943b81a89,2026-09-02,downloaded,size_and_sha256_verified,"Private reference copy; the source page states CC BY-NC-ND 4.0 for the webpage, but rights for the exam file are not stated and are presumed third-party/IB copyright. Do not redistribute or commit the binary.",
https://ibdocs.re/p/IB%20PAST%20PAPERS%20-%20YEAR/2025%20Examination%20Session/May%202025%20Examination%20Session/Studies%20in%20language%20and%20literature/Japanese_A_Language_and_literature_paper_1_SL.pdf,https://dl.ibdocs.re/documents/japanese-a-language-and-literature-paper-1-sl-aa54f5aa47f21aea,2025,May 2025 Examination Session,Japanese A Language and Literature,Japanese; SL,question paper,May 2025 Examination Session/Studies in language and literature/Japanese_A_Language_and_literature_paper_1_SL.pdf,resources/private/past-papers/2022-2026/languages/2025/May 2025 Examination Session/Studies in language and literature/Japanese_A_Language_and_literature_paper_1_SL.pdf,application/pdf,2944413,2a3e91162ecb80e60e34d8cc0ed1c4e0061977f0de632875dd4e7ad810ec51dc,2026-09-02,downloaded,size_and_sha256_verified,"Private reference copy; the source page states CC BY-NC-ND 4.0 for the webpage, but rights for the exam file are not stated and are presumed third-party/IB copyright. Do not redistribute or commit the binary.",
https://ibdocs.re/p/IB%20PAST%20PAPERS%20-%20YEAR/2025%20Examination%20Session/May%202025%20Examination%20Session/Studies%20in%20language%20and%20literature/Japanese_A_Language_and_literature_paper_2_HLSL.pdf,https://dl.ibdocs.re/documents/japanese-a-language-and-literature-paper-2-hlsl-1ad495cda54c4de5,2025,May 2025 Examination Session,Japanese A Language and Literature,Japanese; HL/SL,question paper,May 2025 Examination Session/Studies in language and literature/Japanese_A_Language_and_literature_paper_2_HLSL.pdf,resources/private/past-papers/2022-2026/languages/2025/May 2025 Examination Session/Studies in language and literature/Japanese_A_Language_and_literature_paper_2_HLSL.pdf,application/pdf,396040,5b29af8c5f0c61f192b168230b35615874c1ff9bb73a855a1971f17331758350,2026-09-02,downloaded,size_and_sha256_verified,"Private reference copy; the source page states CC BY-NC-ND 4.0 for the webpage, but rights for the exam file are not stated and are presumed third-party/IB copyright. Do not redistribute or commit the binary.",
https://ibdocs.re/p/IB%20PAST%20PAPERS%20-%20YEAR/2025%20Examination%20Session/May%202025%20Examination%20Session/Studies%20in%20language%20and%20literature/Japanese_A_Literature_paper_1_HL.pdf,https://dl.ibdocs.re/documents/japanese-a-literature-paper-1-hl-7fdb2241119d8874,2025,May 2025 Examination Session,Japanese A Literature,Japanese; HL,question paper,May 2025 Examination Session/Studies in language and literature/Japanese_A_Literature_paper_1_HL.pdf,resources/private/past-papers/2022-2026/languages/2025/May 2025 Examination Session/Studies in language and literature/Japanese_A_Literature_paper_1_HL.pdf,application/pdf,913212,0596f40d4fb69d3bde1a3e68349df9b0f012a6a5c4a88e2be800fc728f5df74d,2026-09-02,downloaded,size_and_sha256_verified,"Private reference copy; the source page states CC BY-NC-ND 4.0 for the webpage, but rights for the exam file are not stated and are presumed third-party/IB copyright. Do not redistribute or commit the binary.",
https://ibdocs.re/p/IB%20PAST%20PAPERS%20-%20YEAR/2025%20Examination%20Session/May%202025%20Examination%20Session/Studies%20in%20language%20and%20literature/Japanese_A_Literature_paper_1_HLSL_markscheme.pdf,https://dl.ibdocs.re/documents/japanese-a-literature-paper-1-hlsl-markscheme-8b269de85c82e25a,2025,May 2025 Examination Session,Japanese A Literature,Japanese; HL/SL,markscheme,May 2025 Examination Session/Studies in language and literature/Japanese_A_Literature_paper_1_HLSL_markscheme.pdf,resources/private/past-papers/2022-2026/languages/2025/May 2025 Examination Session/Studies in language and literature/Japanese_A_Literature_paper_1_HLSL_markscheme.pdf,application/pdf,469738,2c643e1a943ec2c67a8dac9ca4ae580df34518c189e6ebd350e56780c6dba24e,2026-09-02,downloaded,size_and_sha256_verified,"Private reference copy; the source page states CC BY-NC-ND 4.0 for the webpage, but rights for the exam file are not stated and are presumed third-party/IB copyright. Do not redistribute or commit the binary.",
https://ibdocs.re/p/IB%20PAST%20PAPERS%20-%20YEAR/2025%20Examination%20Session/May%202025%20Examination%20Session/Studies%20in%20language%20and%20literature/Japanese_A_Literature_paper_1_SL.pdf,https://dl.ibdocs.re/documents/japanese-a-literature-paper-1-sl-dc38f5224dc68b3b,2025,May 2025 Examination Session,Japanese A Literature,Japanese; SL,question paper,May 2025 Examination Session/Studies in language and literature/Japanese_A_Literature_paper_1_SL.pdf,resources/private/past-papers/2022-2026/languages/2025/May 2025 Examination Session/Studies in language and literature/Japanese_A_Literature_paper_1_SL.pdf,application/pdf,933627,dd56be332f2c881a9b9c1056c0c961af07e5fe69faa0c1665249453cfa446b25,2026-09-02,downloaded,size_and_sha256_verified,"Private reference copy; the source page states CC BY-NC-ND 4.0 for the webpage, but rights for the exam file are not stated and are presumed third-party/IB copyright. Do not redistribute or commit the binary.",
https://ibdocs.re/p/IB%20PAST%20PAPERS%20-%20YEAR/2025%20Examination%20Session/May%202025%20Examination%20Session/Studies%20in%20language%20and%20literature/Japanese_A_Literature_paper_2_HLSL.pdf,https://dl.ibdocs.re/documents/japanese-a-literature-paper-2-hlsl-f3da8ec4218bfc3c,2025,May 2025 Examination Session,Japanese A Literature,Japanese; HL/SL,question paper,May 2025 Examination Session/Studies in language and literature/Japanese_A_Literature_paper_2_HLSL.pdf,resources/private/past-papers/2022-2026/languages/2025/May 2025 Examination Session/Studies in language and literature/Japanese_A_Literature_paper_2_HLSL.pdf,application/pdf,395901,e005af28ade64bea1b7425d3d663b43c5345f5aed61723db80cf937a766c737c,2026-09-02,downloaded,size_and_sha256_verified,"Private reference copy; the source page states CC BY-NC-ND 4.0 for the webpage, but rights for the exam file are not stated and are presumed third-party/IB copyright. Do not redistribute or commit the binary.",
https://ibdocs.re/p/IB%20PAST%20PAPERS%20-%20YEAR/2025%20Examination%20Session/May%202025%20Examination%20Session/Studies%20in%20language%20and%20literature/Korean_A_Language_and_literature_paper_1_HL.pdf,https://dl.ibdocs.re/documents/korean-a-language-and-literature-paper-1-hl-84ff585611f6d110,2025,May 2025 Examination Session,Korean A Language and Literature,Korean; HL,question paper,May 2025 Examination Session/Studies in language and literature/Korean_A_Language_and_literature_paper_1_HL.pdf,resources/private/past-papers/2022-2026/languages/2025/May 2025 Examination Session/Studies in language and literature/Korean_A_Language_and_literature_paper_1_HL.pdf,application/pdf,2857365,7b1768796927f2d460e7d3ecf7b2855039c6c01afd2256ee62abf590df94cc0b,2026-09-02,downloaded,size_and_sha256_verified,"Private reference copy; the source page states CC BY-NC-ND 4.0 for the webpage, but rights for the exam file are not stated and are presumed third-party/IB copyright. Do not redistribute or commit the binary.",
https://ibdocs.re/p/IB%20PAST%20PAPERS%20-%20YEAR/2025%20Examination%20Session/May%202025%20Examination%20Session/Studies%20in%20language%20and%20literature/Korean_A_Language_and_literature_paper_1_HLSL_markscheme.pdf,https://dl.ibdocs.re/documents/korean-a-language-and-literature-paper-1-hlsl-markscheme-3e599c6f6ba596be,2025,May 2025 Examination Session,Korean A Language and Literature,Korean; HL/SL,markscheme,May 2025 Examination Session/Studies in language and literature/Korean_A_Language_and_literature_paper_1_HLSL_markscheme.pdf,resources/private/past-papers/2022-2026/languages/2025/May 2025 Examination Session/Studies in language and literature/Korean_A_Language_and_literature_paper_1_HLSL_markscheme.pdf,application/pdf,470132,571d89275f409ac6b617541684abff9c5dc44831cd681cf18ff26484154b1d44,2026-09-02,downloaded,size_and_sha256_verified,"Private reference copy; the source page states CC BY-NC-ND 4.0 for the webpage, but rights for the exam file are not stated and are presumed third-party/IB copyright. Do not redistribute or commit the binary.",
https://ibdocs.re/p/IB%20PAST%20PAPERS%20-%20YEAR/2025%20Examination%20Session/May%202025%20Examination%20Session/Studies%20in%20language%20and%20literature/Korean_A_Language_and_literature_paper_1_SL.pdf,https://dl.ibdocs.re/documents/korean-a-language-and-literature-paper-1-sl-7eb1be64f1cb1357,2025,May 2025 Examination Session,Korean A Language and Literature,Korean; SL,question paper,May 2025 Examination Session/Studies in language and literature/Korean_A_Language_and_literature_paper_1_SL.pdf,resources/private/past-papers/2022-2026/languages/2025/May 2025 Examination Session/Studies in language and literature/Korean_A_Language_and_literature_paper_1_SL.pdf,application/pdf,2857331,fbb128c1272fafc99ae30e3238e1968683e500ef5f570fabd3b819abb8c51c6e,2026-09-02,downloaded,size_and_sha256_verified,"Private reference copy; the source page states CC BY-NC-ND 4.0 for the webpage, but rights for the exam file are not stated and are presumed third-party/IB copyright. Do not redistribute or commit the binary.",
https://ibdocs.re/p/IB%20PAST%20PAPERS%20-%20YEAR/2025%20Examination%20Session/May%202025%20Examination%20Session/Studies%20in%20language%20and%20literature/Korean_A_Language_and_literature_paper_2_HLSL.pdf,https://dl.ibdocs.re/documents/korean-a-language-and-literature-paper-2-hlsl-8d7b059eafdd28f0,2025,May 2025 Examination Session,Korean A Language and Literature,Korean; HL/SL,question paper,May 2025 Examination Session/Studies in language and literature/Korean_A_Language_and_literature_paper_2_HLSL.pdf,resources/private/past-papers/2022-2026/languages/2025/May 2025 Examination Session/Studies in language and literature/Korean_A_Language_and_literature_paper_2_HLSL.pdf,application/pdf,322587,6da023c1af1856d3246ff18eb4b78f0fa7020cc4e10ff419a64748dc158ba49d,2026-09-02,downloaded,size_and_sha256_verified,"Private reference copy; the source page states CC BY-NC-ND 4.0 for the webpage, but rights for the exam file are not stated and are presumed third-party/IB copyright. Do not redistribute or commit the binary.",
https://ibdocs.re/p/IB%20PAST%20PAPERS%20-%20YEAR/2025%20Examination%20Session/May%202025%20Examination%20Session/Studies%20in%20language%20and%20literature/Korean_A_Literature_paper_1_HL.pdf,https://dl.ibdocs.re/documents/korean-a-literature-paper-1-hl-eacbad4939d85247,2025,May 2025 Examination Session,Korean A Literature,Korean; HL,question paper,May 2025 Examination Session/Studies in language and literature/Korean_A_Literature_paper_1_HL.pdf,resources/private/past-papers/2022-2026/languages/2025/May 2025 Examination Session/Studies in language and literature/Korean_A_Literature_paper_1_HL.pdf,application/pdf,950959,46849ddd5486cdccca0af416688010bc4c61611408788744e852c622cde021ca,2026-09-02,downloaded,size_and_sha256_verified,"Private reference copy; the source page states CC BY-NC-ND 4.0 for the webpage, but rights for the exam file are not stated and are presumed third-party/IB copyright. Do not redistribute or commit the binary.",
https://ibdocs.re/p/IB%20PAST%20PAPERS%20-%20YEAR/2025%20Examination%20Session/May%202025%20Examination%20Session/Studies%20in%20language%20and%20literature/Korean_A_Literature_paper_1_HLSL_markscheme.pdf,https://dl.ibdocs.re/documents/korean-a-literature-paper-1-hlsl-markscheme-1459995a06f451c7,2025,May 2025 Examination Session,Korean A Literature,Korean; HL/SL,markscheme,May 2025 Examination Session/Studies in language and literature/Korean_A_Literature_paper_1_HLSL_markscheme.pdf,resources/private/past-papers/2022-2026/languages/2025/May 2025 Examination Session/Studies in language and literature/Korean_A_Literature_paper_1_HLSL_markscheme.pdf,application/pdf,800156,78c9b10b935fd3378ede6123b74c36ed58818cdc3d9326a4b26cc213292aedd8,2026-09-02,downloaded,size_and_sha256_verified,"Private reference copy; the source page states CC BY-NC-ND 4.0 for the webpage, but rights for the exam file are not stated and are presumed third-party/IB copyright. Do not redistribute or commit the binary.",
https://ibdocs.re/p/IB%20PAST%20PAPERS%20-%20YEAR/2025%20Examination%20Session/May%202025%20Examination%20Session/Studies%20in%20language%20and%20literature/Korean_A_Literature_paper_1_SL.pdf,https://dl.ibdocs.re/documents/korean-a-literature-paper-1-sl-5ad2a4effcd374a0,2025,May 2025 Examination Session,Korean A Literature,Korean; SL,question paper,May 2025 Examination Session/Studies in language and literature/Korean_A_Literature_paper_1_SL.pdf,resources/private/past-papers/2022-2026/languages/2025/May 2025 Examination Session/Studies in language and literature/Korean_A_Literature_paper_1_SL.pdf,application/pdf,951623,c8c2f8de6e98dc4ab6e0d88ab927d5434b9da57de5d109dd4e5355a4d2781144,2026-09-02,downloaded,size_and_sha256_verified,"Private reference copy; the source page states CC BY-NC-ND 4.0 for the webpage, but rights for the exam file are not stated and are presumed third-party/IB copyright. Do not redistribute or commit the binary.",
https://ibdocs.re/p/IB%20PAST%20PAPERS%20-%20YEAR/2025%20Examination%20Session/May%202025%20Examination%20Session/Studies%20in%20language%20and%20literature/Korean_A_Literature_paper_2_HLSL.pdf,https://dl.ibdocs.re/documents/korean-a-literature-paper-2-hlsl-debf41c60506cdc7,2025,May 2025 Examination Session,Korean A Literature,Korean; HL/SL,question paper,May 2025 Examination Session/Studies in language and literature/Korean_A_Literature_paper_2_HLSL.pdf,resources/private/past-papers/2022-2026/languages/2025/May 2025 Examination Session/Studies in language and literature/Korean_A_Literature_paper_2_HLSL.pdf,application/pdf,322244,c25d614dce3be17f3db480da2ff6b9a5e94a49fdf26337a7d1be81cf31760815,2026-09-02,downloaded,size_and_sha256_verified,"Private reference copy; the source page states CC BY-NC-ND 4.0 for the webpage, but rights for the exam file are not stated and are presumed third-party/IB copyright. Do not redistribute or commit the binary.",
https://ibdocs.re/p/IB%20PAST%20PAPERS%20-%20YEAR/2025%20Examination%20Session/May%202025%20Examination%20Session/Studies%20in%20language%20and%20literature/Spanish_A_Language_and_literature_paper_1_TZ2_HL_Spanish.pdf,https://dl.ibdocs.re/documents/spanish-a-language-and-literature-paper-1-tz2-hl-spanish-507fa068a151c140,2025,May 2025 Examination Session,Spanish A Language and Literature,Spanish; HL; TZ2,question paper,May 2025 Examination Session/Studies in language and literature/Spanish_A_Language_and_literature_paper_1_TZ2_HL_Spanish.pdf,resources/private/past-papers/2022-2026/languages/2025/May 2025 Examination Session/Studies in language and literature/Spanish_A_Language_and_literature_paper_1_TZ2_HL_Spanish.pdf,application/pdf,902460,3a835d5208561dfc738820085c428029e991c4ce7de2f0efaa5fafc44e9f8a70,2026-09-02,downloaded,size_and_sha256_verified,"Private reference copy; the source page states CC BY-NC-ND 4.0 for the webpage, but rights for the exam file are not stated and are presumed third-party/IB copyright. Do not redistribute or commit the binary.",
https://ibdocs.re/p/IB%20PAST%20PAPERS%20-%20YEAR/2025%20Examination%20Session/May%202025%20Examination%20Session/Studies%20in%20language%20and%20literature/Spanish_A_Language_and_literature_paper_1_TZ2_HLSL_markscheme_Spanish.pdf,https://dl.ibdocs.re/documents/spanish-a-language-and-literature-paper-1-tz2-hlsl-markscheme-spanish-1a9fcb76b26c1c08,2025,May 2025 Examination Session,Spanish A Language and Literature,Spanish; HL/SL; TZ2,markscheme,May 2025 Examination Session/Studies in language and literature/Spanish_A_Language_and_literature_paper_1_TZ2_HLSL_markscheme_Spanish.pdf,resources/private/past-papers/2022-2026/languages/2025/May 2025 Examination Session/Studies in language and literature/Spanish_A_Language_and_literature_paper_1_TZ2_HLSL_markscheme_Spanish.pdf,application/pdf,427684,9d31810c456667a37069c530429008df16821811ceb3b0597f6b42628c175c2d,2026-09-02,downloaded,size_and_sha256_verified,"Private reference copy; the source page states CC BY-NC-ND 4.0 for the webpage, but rights for the exam file are not stated and are presumed third-party/IB copyright. Do not redistribute or commit the binary.",
https://ibdocs.re/p/IB%20PAST%20PAPERS%20-%20YEAR/2025%20Examination%20Session/May%202025%20Examination%20Session/Studies%20in%20language%20and%20literature/Spanish_A_Language_and_literature_paper_1_TZ2_SL_Spanish.pdf,https://dl.ibdocs.re/documents/spanish-a-language-and-literature-paper-1-tz2-sl-spanish-58586ec4e1997f6b,2025,May 2025 Examination Session,Spanish A Language and Literature,Spanish; SL; TZ2,question paper,May 2025 Examination Session/Studies in language and literature/Spanish_A_Language_and_literature_paper_1_TZ2_SL_Spanish.pdf,resources/private/past-papers/2022-2026/languages/2025/May 2025 Examination Session/Studies in language and literature/Spanish_A_Language_and_literature_paper_1_TZ2_SL_Spanish.pdf,application/pdf,902601,75baf8893f6f7e01e95b0378b9cee8ea5c1fe2e630768a2f6b40221aaf417b41,2026-09-02,downloaded,size_and_sha256_verified,"Private reference copy; the source page states CC BY-NC-ND 4.0 for the webpage, but rights for the exam file are not stated and are presumed third-party/IB copyright. Do not redistribute or commit the binary.",
https://ibdocs.re/p/IB%20PAST%20PAPERS%20-%20YEAR/2025%20Examination%20Session/May%202025%20Examination%20Session/Studies%20in%20language%20and%20literature/Spanish_A_Language_and_literature_paper_1_TZ3_HL_Spanish.pdf,https://dl.ibdocs.re/documents/spanish-a-language-and-literature-paper-1-tz3-hl-spanish-497e69a927d666b5,2025,May 2025 Examination Session,Spanish A Language and Literature,Spanish; HL; TZ3,question paper,May 2025 Examination Session/Studies in language and literature/Spanish_A_Language_and_literature_paper_1_TZ3_HL_Spanish.pdf,resources/private/past-papers/2022-2026/languages/2025/May 2025 Examination Session/Studies in language and literature/Spanish_A_Language_and_literature_paper_1_TZ3_HL_Spanish.pdf,application/pdf,1128944,ad4702ea4960d5943e84097224a03eb38ed7204a7c4cdaf799c05ab21125b183,2026-09-02,downloaded,size_and_sha256_verified,"Private reference copy; the source page states CC BY-NC-ND 4.0 for the webpage, but rights for the exam file are not stated and are presumed third-party/IB copyright. Do not redistribute or commit the binary.",
https://ibdocs.re/p/IB%20PAST%20PAPERS%20-%20YEAR/2025%20Examination%20Session/May%202025%20Examination%20Session/Studies%20in%20language%20and%20literature/Spanish_A_Language_and_literature_paper_1_TZ3_HLSL_markscheme_Spanish.pdf,https://dl.ibdocs.re/documents/spanish-a-language-and-literature-paper-1-tz3-hlsl-markscheme-spanish-86540456e5a9a587,2025,May 2025 Examination Session,Spanish A Language and Literature,Spanish; HL/SL; TZ3,markscheme,May 2025 Examination Session/Studies in language and literature/Spanish_A_Language_and_literature_paper_1_TZ3_HLSL_markscheme_Spanish.pdf,resources/private/past-papers/2022-2026/languages/2025/May 2025 Examination Session/Studies in language and literature/Spanish_A_Language_and_literature_paper_1_TZ3_HLSL_markscheme_Spanish.pdf,application/pdf,335936,135f3130e821d883ab0ff8d47620785dfa2b864b2e6c515fea52615b7ea57626,2026-09-02,downloaded,size_and_sha256_verified,"Private reference copy; the source page states CC BY-NC-ND 4.0 for the webpage, but rights for the exam file are not stated and are presumed third-party/IB copyright. Do not redistribute or commit the binary.",
https://ibdocs.re/p/IB%20PAST%20PAPERS%20-%20YEAR/2025%20Examination%20Session/May%202025%20Examination%20Session/Studies%20in%20language%20and%20literature/Spanish_A_Language_and_literature_paper_1_TZ3_SL_Spanish.pdf,https://dl.ibdocs.re/documents/spanish-a-language-and-literature-paper-1-tz3-sl-spanish-aa09f2687c86fc46,2025,May 2025 Examination Session,Spanish A Language and Literature,Spanish; SL; TZ3,question paper,May 2025 Examination Session/Studies in language and literature/Spanish_A_Language_and_literature_paper_1_TZ3_SL_Spanish.pdf,resources/private/past-papers/2022-2026/languages/2025/May 2025 Examination Session/Studies in language and literature/Spanish_A_Language_and_literature_paper_1_TZ3_SL_Spanish.pdf,application/pdf,1128898,3bfeb749f93b1f7bbdcabc017fc78365b2029fbac76c4d707bdb852373b79772,2026-09-02,downloaded,size_and_sha256_verified,"Private reference copy; the source page states CC BY-NC-ND 4.0 for the webpage, but rights for the exam file are not stated and are presumed third-party/IB copyright. Do not redistribute or commit the binary.",
https://ibdocs.re/p/IB%20PAST%20PAPERS%20-%20YEAR/2025%20Examination%20Session/May%202025%20Examination%20Session/Studies%20in%20language%20and%20literature/Spanish_A_Language_and_literature_paper_2_TZ2_HLSL_Spanish.pdf,https://dl.ibdocs.re/documents/spanish-a-language-and-literature-paper-2-tz2-hlsl-spanish-f6c310982358ea30,2025,May 2025 Examination Session,Spanish A Language and Literature,Spanish; HL/SL; TZ2,question paper,May 2025 Examination Session/Studies in language and literature/Spanish_A_Language_and_literature_paper_2_TZ2_HLSL_Spanish.pdf,resources/private/past-papers/2022-2026/languages/2025/May 2025 Examination Session/Studies in language and literature/Spanish_A_Language_and_literature_paper_2_TZ2_HLSL_Spanish.pdf,application/pdf,294753,ce0f9e6f2dbfd825c567a45c3a0826c17e1a9fb3aff4a781d502996e36bafc27,2026-09-02,downloaded,size_and_sha256_verified,"Private reference copy; the source page states CC BY-NC-ND 4.0 for the webpage, but rights for the exam file are not stated and are presumed third-party/IB copyright. Do not redistribute or commit the binary.",
https://ibdocs.re/p/IB%20PAST%20PAPERS%20-%20YEAR/2025%20Examination%20Session/May%202025%20Examination%20Session/Studies%20in%20language%20and%20literature/Spanish_A_Language_and_literature_paper_2_TZ3_HLSL_Spanish.pdf,https://dl.ibdocs.re/documents/spanish-a-language-and-literature-paper-2-tz3-hlsl-spanish-49ea00bc2cb2a68d,2025,May 2025 Examination Session,Spanish A Language and Literature,Spanish; HL/SL; TZ3,question paper,May 2025 Examination Session/Studies in language and literature/Spanish_A_Language_and_literature_paper_2_TZ3_HLSL_Spanish.pdf,resources/private/past-papers/2022-2026/languages/2025/May 2025 Examination Session/Studies in language and literature/Spanish_A_Language_and_literature_paper_2_TZ3_HLSL_Spanish.pdf,application/pdf,294859,1009d23c9986b43900ebe9a054961e5fd2ccb02543a990b5d2a11acd4f0ee880,2026-09-02,downloaded,size_and_sha256_verified,"Private reference copy; the source page states CC BY-NC-ND 4.0 for the webpage, but rights for the exam file are not stated and are presumed third-party/IB copyright. Do not redistribute or commit the binary.",
https://ibdocs.re/p/IB%20PAST%20PAPERS%20-%20YEAR/2025%20Examination%20Session/May%202025%20Examination%20Session/Studies%20in%20language%20and%20literature/Spanish_A_Literature_paper_1_TZ2_HL_Spanish.pdf,https://dl.ibdocs.re/documents/spanish-a-literature-paper-1-tz2-hl-spanish-d94fb1ebb321dc1b,2025,May 2025 Examination Session,Spanish A Literature,Spanish; HL; TZ2,question paper,May 2025 Examination Session/Studies in language and literature/Spanish_A_Literature_paper_1_TZ2_HL_Spanish.pdf,resources/private/past-papers/2022-2026/languages/2025/May 2025 Examination Session/Studies in language and literature/Spanish_A_Literature_paper_1_TZ2_HL_Spanish.pdf,application/pdf,810220,622a57e5e2f550f5d697e378a5b1d150838cf6d10574a632a2228dd014c28f79,2026-09-02,downloaded,size_and_sha256_verified,"Private reference copy; the source page states CC BY-NC-ND 4.0 for the webpage, but rights for the exam file are not stated and are presumed third-party/IB copyright. Do not redistribute or commit the binary.",
https://ibdocs.re/p/IB%20PAST%20PAPERS%20-%20YEAR/2025%20Examination%20Session/May%202025%20Examination%20Session/Studies%20in%20language%20and%20literature/Spanish_A_Literature_paper_1_TZ2_HLSL_markscheme_Spanish.pdf,https://dl.ibdocs.re/documents/spanish-a-literature-paper-1-tz2-hlsl-markscheme-spanish-401e8e04c23e5a61,2025,May 2025 Examination Session,Spanish A Literature,Spanish; HL/SL; TZ2,markscheme,May 2025 Examination Session/Studies in language and literature/Spanish_A_Literature_paper_1_TZ2_HLSL_markscheme_Spanish.pdf,resources/private/past-papers/2022-2026/languages/2025/May 2025 Examination Session/Studies in language and literature/Spanish_A_Literature_paper_1_TZ2_HLSL_markscheme_Spanish.pdf,application/pdf,342944,14730f92742961f34297ec935d313c4c562586419e248523815cbd2bbce6b74d,2026-09-02,downloaded,size_and_sha256_verified,"Private reference copy; the source page states CC BY-NC-ND 4.0 for the webpage, but rights for the exam file are not stated and are presumed third-party/IB copyright. Do not redistribute or commit the binary.",
https://ibdocs.re/p/IB%20PAST%20PAPERS%20-%20YEAR/2025%20Examination%20Session/May%202025%20Examination%20Session/Studies%20in%20language%20and%20literature/Spanish_A_Literature_paper_1_TZ2_SL_Spanish.pdf,https://dl.ibdocs.re/documents/spanish-a-literature-paper-1-tz2-sl-spanish-6c8c3cee5a5f5c10,2025,May 2025 Examination Session,Spanish A Literature,Spanish; SL; TZ2,question paper,May 2025 Examination Session/Studies in language and literature/Spanish_A_Literature_paper_1_TZ2_SL_Spanish.pdf,resources/private/past-papers/2022-2026/languages/2025/May 2025 Examination Session/Studies in language and literature/Spanish_A_Literature_paper_1_TZ2_SL_Spanish.pdf,application/pdf,810552,7804185a46febf87bbcdd653195bb598e31691192577125d5650df7fc7033920,2026-09-02,downloaded,size_and_sha256_verified,"Private reference copy; the source page states CC BY-NC-ND 4.0 for the webpage, but rights for the exam file are not stated and are presumed third-party/IB copyright. Do not redistribute or commit the binary.",
https://ibdocs.re/p/IB%20PAST%20PAPERS%20-%20YEAR/2025%20Examination%20Session/May%202025%20Examination%20Session/Studies%20in%20language%20and%20literature/Spanish_A_Literature_paper_1_TZ3_HL_Spanish.pdf,https://dl.ibdocs.re/documents/spanish-a-literature-paper-1-tz3-hl-spanish-7e44490f14f35536,2025,May 2025 Examination Session,Spanish A Literature,Spanish; HL; TZ3,question paper,May 2025 Examination Session/Studies in language and literature/Spanish_A_Literature_paper_1_TZ3_HL_Spanish.pdf,resources/private/past-papers/2022-2026/languages/2025/May 2025 Examination Session/Studies in language and literature/Spanish_A_Literature_paper_1_TZ3_HL_Spanish.pdf,application/pdf,830940,e1657ba31369e530dca579b1e5b04f5c73aa6aa6676dd66461ba83f206a6d68e,2026-09-02,downloaded,size_and_sha256_verified,"Private reference copy; the source page states CC BY-NC-ND 4.0 for the webpage, but rights for the exam file are not stated and are presumed third-party/IB copyright. Do not redistribute or commit the binary.",
https://ibdocs.re/p/IB%20PAST%20PAPERS%20-%20YEAR/2025%20Examination%20Session/May%202025%20Examination%20Session/Studies%20in%20language%20and%20literature/Spanish_A_Literature_paper_1_TZ3_HLSL_markscheme_Spanish.pdf,https://dl.ibdocs.re/documents/spanish-a-literature-paper-1-tz3-hlsl-markscheme-spanish-d745f246055d1ba2,2025,May 2025 Examination Session,Spanish A Literature,Spanish; HL/SL; TZ3,markscheme,May 2025 Examination Session/Studies in language and literature/Spanish_A_Literature_paper_1_TZ3_HLSL_markscheme_Spanish.pdf,resources/private/past-papers/2022-2026/languages/2025/May 2025 Examination Session/Studies in language and literature/Spanish_A_Literature_paper_1_TZ3_HLSL_markscheme_Spanish.pdf,application/pdf,333258,08a680ebd964cca1c9f88aa5416951a4dad852e333e3fe855d52c0e77b9a8324,2026-09-02,downloaded,size_and_sha256_verified,"Private reference copy; the source page states CC BY-NC-ND 4.0 for the webpage, but rights for the exam file are not stated and are presumed third-party/IB copyright. Do not redistribute or commit the binary.",
https://ibdocs.re/p/IB%20PAST%20PAPERS%20-%20YEAR/2025%20Examination%20Session/May%202025%20Examination%20Session/Studies%20in%20language%20and%20literature/Spanish_A_Literature_paper_1_TZ3_SL_Spanish.pdf,https://dl.ibdocs.re/documents/spanish-a-literature-paper-1-tz3-sl-spanish-8f6afc2a5d2d7505,2025,May 2025 Examination Session,Spanish A Literature,Spanish; SL; TZ3,question paper,May 2025 Examination Session/Studies in language and literature/Spanish_A_Literature_paper_1_TZ3_SL_Spanish.pdf,resources/private/past-papers/2022-2026/languages/2025/May 2025 Examination Session/Studies in language and literature/Spanish_A_Literature_paper_1_TZ3_SL_Spanish.pdf,application/pdf,831253,b8aba75b86ab9a9818a8b97a30f9b0904cbdb60442f1f168deac6f2d6d2346be,2026-09-02,downloaded,size_and_sha256_verified,"Private reference copy; the source page states CC BY-NC-ND 4.0 for the webpage, but rights for the exam file are not stated and are presumed third-party/IB copyright. Do not redistribute or commit the binary.",
https://ibdocs.re/p/IB%20PAST%20PAPERS%20-%20YEAR/2025%20Examination%20Session/May%202025%20Examination%20Session/Studies%20in%20language%20and%20literature/Spanish_A_Literature_paper_2_TZ2_HLSL_Spanish.pdf,https://dl.ibdocs.re/documents/spanish-a-literature-paper-2-tz2-hlsl-spanish-0607fbf57af4250b,2025,May 2025 Examination Session,Spanish A Literature,Spanish; HL/SL; TZ2,question paper,May 2025 Examination Session/Studies in language and literature/Spanish_A_Literature_paper_2_TZ2_HLSL_Spanish.pdf,resources/private/past-papers/2022-2026/languages/2025/May 2025 Examination Session/Studies in language and literature/Spanish_A_Literature_paper_2_TZ2_HLSL_Spanish.pdf,application/pdf,295062,6789d0d0b36a396002425e66e426d9dc0f9ddf1c58d22328a956489160c86067,2026-09-02,downloaded,size_and_sha256_verified,"Private reference copy; the source page states CC BY-NC-ND 4.0 for the webpage, but rights for the exam file are not stated and are presumed third-party/IB copyright. Do not redistribute or commit the binary.",
https://ibdocs.re/p/IB%20PAST%20PAPERS%20-%20YEAR/2025%20Examination%20Session/May%202025%20Examination%20Session/Studies%20in%20language%20and%20literature/Spanish_A_Literature_paper_2_TZ3_HLSL_Spanish.pdf,https://dl.ibdocs.re/documents/spanish-a-literature-paper-2-tz3-hlsl-spanish-8783f5941b826f76,2025,May 2025 Examination Session,Spanish A Literature,Spanish; HL/SL; TZ3,question paper,May 2025 Examination Session/Studies in language and literature/Spanish_A_Literature_paper_2_TZ3_HLSL_Spanish.pdf,resources/private/past-papers/2022-2026/languages/2025/May 2025 Examination Session/Studies in language and literature/Spanish_A_Literature_paper_2_TZ3_HLSL_Spanish.pdf,application/pdf,295167,8eb5c24d118aaaa627ee6b4230f7a444a671749bf5a71de77f39ad4cdd9be83b,2026-09-02,downloaded,size_and_sha256_verified,"Private reference copy; the source page states CC BY-NC-ND 4.0 for the webpage, but rights for the exam file are not stated and are presumed third-party/IB copyright. Do not redistribute or commit the binary.",
https://ibdocs.re/p/IB%20PAST%20PAPERS%20-%20YEAR/2025%20Examination%20Session/More%20Papers%20M25/Spanish%20A%20Lit%20Paper%202.pdf,https://dl.ibdocs.re/documents/spanish-a-lit-paper-2-8318e2d898cc76a9,2025,More Papers M25,Spanish A Literature,Spanish,question paper,More Papers M25/Spanish A Lit Paper 2.pdf,resources/private/past-papers/2022-2026/languages/2025/More Papers M25/Spanish A Lit Paper 2.pdf,application/pdf,184328,23848ca2ab03a1c010ae97aaf6b6ea469f633f88999798f06ea781b32d4a3ac4,2026-09-02,downloaded,size_and_sha256_verified,"Private reference copy; the source page states CC BY-NC-ND 4.0 for the webpage, but rights for the exam file are not stated and are presumed third-party/IB copyright. Do not redistribute or commit the binary.",
https://ibdocs.re/p/IB%20PAST%20PAPERS%20-%20YEAR/2025%20Examination%20Session/November%202025%20Examination%20Session/audio/n252abenghliengtz0xxl.mp3,https://dl.ibdocs.re/IB%20PAST%20PAPERS%20-%20YEAR/2025%20Examination%20Session/November%202025%20Examination%20Session/audio,2025,November 2025 Examination Session,English B,English; HL,audio recording,November 2025 Examination Session/audio/n252abenghliengtz0xxl.mp3,resources/private/past-papers/2022-2026/languages/2025/November 2025 Examination Session/audio/n252abenghliengtz0xxl.mp3,audio/mpeg,24980222,43dec28e48756bdfc24f9b506f6723221c64a4349c8308be101f5518dd0c30be,2026-09-02,downloaded,size_and_sha256_verified,"Private reference copy; the source page states CC BY-NC-ND 4.0 for the webpage, but rights for the exam file are not stated and are presumed third-party/IB copyright. Do not redistribute or commit the binary.",Opaque archive filename decoded from IB subject code: abeng = English B; abspa = Spanish B.
https://ibdocs.re/p/IB%20PAST%20PAPERS%20-%20YEAR/2025%20Examination%20Session/November%202025%20Examination%20Session/audio/n252abengsliengtz0xxl.mp3,https://dl.ibdocs.re/IB%20PAST%20PAPERS%20-%20YEAR/2025%20Examination%20Session/November%202025%20Examination%20Session/audio,2025,November 2025 Examination Session,English B,English; SL,audio recording,November 2025 Examination Session/audio/n252abengsliengtz0xxl.mp3,resources/private/past-papers/2022-2026/languages/2025/November 2025 Examination Session/audio/n252abengsliengtz0xxl.mp3,audio/mpeg,18654279,476889062ed045510f402823025ce39fee8624a90e7b23f37e926824adbdcc22,2026-09-02,downloaded,size_and_sha256_verified,"Private reference copy; the source page states CC BY-NC-ND 4.0 for the webpage, but rights for the exam file are not stated and are presumed third-party/IB copyright. Do not redistribute or commit the binary.",Opaque archive filename decoded from IB subject code: abeng = English B; abspa = Spanish B.
https://ibdocs.re/p/IB%20PAST%20PAPERS%20-%20YEAR/2025%20Examination%20Session/November%202025%20Examination%20Session/audio/n252abspahlispatz0xxl.mp3,https://dl.ibdocs.re/IB%20PAST%20PAPERS%20-%20YEAR/2025%20Examination%20Session/November%202025%20Examination%20Session/audio,2025,November 2025 Examination Session,Spanish B,Spanish; HL,audio recording,November 2025 Examination Session/audio/n252abspahlispatz0xxl.mp3,resources/private/past-papers/2022-2026/languages/2025/November 2025 Examination Session/audio/n252abspahlispatz0xxl.mp3,audio/mpeg,24870315,91e030236958f994ebd0500c923fe6bed63d57a2778f9063955c595331eb13d0,2026-09-02,downloaded,size_and_sha256_verified,"Private reference copy; the source page states CC BY-NC-ND 4.0 for the webpage, but rights for the exam file are not stated and are presumed third-party/IB copyright. Do not redistribute or commit the binary.",Opaque archive filename decoded from IB subject code: abeng = English B; abspa = Spanish B.
https://ibdocs.re/p/IB%20PAST%20PAPERS%20-%20YEAR/2025%20Examination%20Session/November%202025%20Examination%20Session/audio/n252abspaslispatz0xxl.mp3,https://dl.ibdocs.re/IB%20PAST%20PAPERS%20-%20YEAR/2025%20Examination%20Session/November%202025%20Examination%20Session/audio,2025,November 2025 Examination Session,Spanish B,Spanish; SL,audio recording,November 2025 Examination Session/audio/n252abspaslispatz0xxl.mp3,resources/private/past-papers/2022-2026/languages/2025/November 2025 Examination Session/audio/n252abspaslispatz0xxl.mp3,audio/mpeg,18968548,80230bc7e68f587f6c3fb3aa8ce295a6e28a6c8265d53b69bd33247b954a1774,2026-09-02,downloaded,size_and_sha256_verified,"Private reference copy; the source page states CC BY-NC-ND 4.0 for the webpage, but rights for the exam file are not stated and are presumed third-party/IB copyright. Do not redistribute or commit the binary.",Opaque archive filename decoded from IB subject code: abeng = English B; abspa = Spanish B.
https://ibdocs.re/p/IB%20PAST%20PAPERS%20-%20YEAR/2025%20Examination%20Session/November%202025%20Examination%20Session/Language%20acquisition/English_B_listening_comprehension_HL_markscheme.pdf,https://dl.ibdocs.re/documents/english-b-listening-comprehension-hl-markscheme-92f84112aab8e1d5,2025,November 2025 Examination Session,English B,English; HL,markscheme,November 2025 Examination Session/Language acquisition/English_B_listening_comprehension_HL_markscheme.pdf,resources/private/past-papers/2022-2026/languages/2025/November 2025 Examination Session/Language acquisition/English_B_listening_comprehension_HL_markscheme.pdf,application/pdf,624274,c320885dccc2b0bb0ad8bf3c15710e60d3e55b2dd0e04159c48e608e56207115,2026-09-02,downloaded,size_and_sha256_verified,"Private reference copy; the source page states CC BY-NC-ND 4.0 for the webpage, but rights for the exam file are not stated and are presumed third-party/IB copyright. Do not redistribute or commit the binary.",
https://ibdocs.re/p/IB%20PAST%20PAPERS%20-%20YEAR/2025%20Examination%20Session/November%202025%20Examination%20Session/Language%20acquisition/English_B_listening_comprehension_HL.pdf,https://dl.ibdocs.re/documents/english-b-listening-comprehension-hl-5fed97a717862512,2025,November 2025 Examination Session,English B,English; HL,listening question paper/associated material,November 2025 Examination Session/Language acquisition/English_B_listening_comprehension_HL.pdf,resources/private/past-papers/2022-2026/languages/2025/November 2025 Examination Session/Language acquisition/English_B_listening_comprehension_HL.pdf,application/pdf,519896,989ef41b8b14ded0454da34847dce29093c95dd0f8cba2d6c7e30368534a3296,2026-09-02,downloaded,size_and_sha256_verified,"Private reference copy; the source page states CC BY-NC-ND 4.0 for the webpage, but rights for the exam file are not stated and are presumed third-party/IB copyright. Do not redistribute or commit the binary.",
https://ibdocs.re/p/IB%20PAST%20PAPERS%20-%20YEAR/2025%20Examination%20Session/November%202025%20Examination%20Session/Language%20acquisition/English_B_listening_comprehension_SL_markscheme.pdf,https://dl.ibdocs.re/documents/english-b-listening-comprehension-sl-markscheme-2775204213492040,2025,November 2025 Examination Session,English B,English; SL,markscheme,November 2025 Examination Session/Language acquisition/English_B_listening_comprehension_SL_markscheme.pdf,resources/private/past-papers/2022-2026/languages/2025/November 2025 Examination Session/Language acquisition/English_B_listening_comprehension_SL_markscheme.pdf,application/pdf,304822,da7ae2e9666b7608c8ea99d6280509b90d8f07dd30a9c1abcafa9132c7833d0f,2026-09-02,downloaded,size_and_sha256_verified,"Private reference copy; the source page states CC BY-NC-ND 4.0 for the webpage, but rights for the exam file are not stated and are presumed third-party/IB copyright. Do not redistribute or commit the binary.",
https://ibdocs.re/p/IB%20PAST%20PAPERS%20-%20YEAR/2025%20Examination%20Session/November%202025%20Examination%20Session/Language%20acquisition/English_B_listening_comprehension_SL.pdf,https://dl.ibdocs.re/documents/english-b-listening-comprehension-sl-881591a4acf445cd,2025,November 2025 Examination Session,English B,English; SL,listening question paper/associated material,November 2025 Examination Session/Language acquisition/English_B_listening_comprehension_SL.pdf,resources/private/past-papers/2022-2026/languages/2025/November 2025 Examination Session/Language acquisition/English_B_listening_comprehension_SL.pdf,application/pdf,616520,00d225b6d7d5d9234d3e664989797f38d4f508370523dd4e95ffaeb449b73ef1,2026-09-02,downloaded,size_and_sha256_verified,"Private reference copy; the source page states CC BY-NC-ND 4.0 for the webpage, but rights for the exam file are not stated and are presumed third-party/IB copyright. Do not redistribute or commit the binary.",
https://ibdocs.re/p/IB%20PAST%20PAPERS%20-%20YEAR/2025%20Examination%20Session/November%202025%20Examination%20Session/Language%20acquisition/English_B_paper_1_TZ1_HL_markscheme.pdf,https://dl.ibdocs.re/documents/english-b-paper-1-tz1-hl-markscheme-4b095ed1679ec2af,2025,November 2025 Examination Session,English B,English; HL; TZ1,markscheme,November 2025 Examination Session/Language acquisition/English_B_paper_1_TZ1_HL_markscheme.pdf,resources/private/past-papers/2022-2026/languages/2025/November 2025 Examination Session/Language acquisition/English_B_paper_1_TZ1_HL_markscheme.pdf,application/pdf,575171,5abe751935d34a0be4499ddb82550f15b682ec4028b1dbf961f97cea194dec8b,2026-09-02,downloaded,size_and_sha256_verified,"Private reference copy; the source page states CC BY-NC-ND 4.0 for the webpage, but rights for the exam file are not stated and are presumed third-party/IB copyright. Do not redistribute or commit the binary.",
https://ibdocs.re/p/IB%20PAST%20PAPERS%20-%20YEAR/2025%20Examination%20Session/November%202025%20Examination%20Session/Language%20acquisition/English_B_paper_1_TZ1_HL.pdf,https://dl.ibdocs.re/documents/english-b-paper-1-tz1-hl-4c7057d42082e784,2025,November 2025 Examination Session,English B,English; HL; TZ1,question paper,November 2025 Examination Session/Language acquisition/English_B_paper_1_TZ1_HL.pdf,resources/private/past-papers/2022-2026/languages/2025/November 2025 Examination Session/Language acquisition/English_B_paper_1_TZ1_HL.pdf,application/pdf,301162,6b2eea64e43de1ed0bf10e06faea61d0edf6e6789e3f6cab2c35e01492b620f0,2026-09-02,downloaded,size_and_sha256_verified,"Private reference copy; the source page states CC BY-NC-ND 4.0 for the webpage, but rights for the exam file are not stated and are presumed third-party/IB copyright. Do not redistribute or commit the binary.",
https://ibdocs.re/p/IB%20PAST%20PAPERS%20-%20YEAR/2025%20Examination%20Session/November%202025%20Examination%20Session/Language%20acquisition/English_B_paper_1_TZ1_SL_markscheme.pdf,https://dl.ibdocs.re/documents/english-b-paper-1-tz1-sl-markscheme-6c97bcd859fc150e,2025,November 2025 Examination Session,English B,English; SL; TZ1,markscheme,November 2025 Examination Session/Language acquisition/English_B_paper_1_TZ1_SL_markscheme.pdf,resources/private/past-papers/2022-2026/languages/2025/November 2025 Examination Session/Language acquisition/English_B_paper_1_TZ1_SL_markscheme.pdf,application/pdf,529820,568684cc5f940cda1b383062b851e9c4f95cb0b3a0c743090f5a2a098e1fff56,2026-09-02,downloaded,size_and_sha256_verified,"Private reference copy; the source page states CC BY-NC-ND 4.0 for the webpage, but rights for the exam file are not stated and are presumed third-party/IB copyright. Do not redistribute or commit the binary.",
https://ibdocs.re/p/IB%20PAST%20PAPERS%20-%20YEAR/2025%20Examination%20Session/November%202025%20Examination%20Session/Language%20acquisition/English_B_paper_1_TZ1_SL.pdf,https://dl.ibdocs.re/documents/english-b-paper-1-tz1-sl-6446311453725aeb,2025,November 2025 Examination Session,English B,English; SL; TZ1,question paper,November 2025 Examination Session/Language acquisition/English_B_paper_1_TZ1_SL.pdf,resources/private/past-papers/2022-2026/languages/2025/November 2025 Examination Session/Language acquisition/English_B_paper_1_TZ1_SL.pdf,application/pdf,305477,c38c3e9dad705959534ecc1268a8685e271284998720d4079e8b9abad01baab3,2026-09-02,downloaded,size_and_sha256_verified,"Private reference copy; the source page states CC BY-NC-ND 4.0 for the webpage, but rights for the exam file are not stated and are presumed third-party/IB copyright. Do not redistribute or commit the binary.",
https://ibdocs.re/p/IB%20PAST%20PAPERS%20-%20YEAR/2025%20Examination%20Session/November%202025%20Examination%20Session/Language%20acquisition/English_B_paper_1_TZ3_HL_markscheme.pdf,https://dl.ibdocs.re/documents/english-b-paper-1-tz3-hl-markscheme-194791bc37a77b8d,2025,November 2025 Examination Session,English B,English; HL; TZ3,markscheme,November 2025 Examination Session/Language acquisition/English_B_paper_1_TZ3_HL_markscheme.pdf,resources/private/past-papers/2022-2026/languages/2025/November 2025 Examination Session/Language acquisition/English_B_paper_1_TZ3_HL_markscheme.pdf,application/pdf,532352,428eab414ea8007c0ce73d95e5572a266cf3f9d7a6f3cee8c4a49253c6683aff,2026-09-02,downloaded,size_and_sha256_verified,"Private reference copy; the source page states CC BY-NC-ND 4.0 for the webpage, but rights for the exam file are not stated and are presumed third-party/IB copyright. Do not redistribute or commit the binary.",
https://ibdocs.re/p/IB%20PAST%20PAPERS%20-%20YEAR/2025%20Examination%20Session/November%202025%20Examination%20Session/Language%20acquisition/English_B_paper_1_TZ3_HL.pdf,https://dl.ibdocs.re/documents/english-b-paper-1-tz3-hl-dd2550135f9fd50a,2025,November 2025 Examination Session,English B,English; HL; TZ3,question paper,November 2025 Examination Session/Language acquisition/English_B_paper_1_TZ3_HL.pdf,resources/private/past-papers/2022-2026/languages/2025/November 2025 Examination Session/Language acquisition/English_B_paper_1_TZ3_HL.pdf,application/pdf,283034,79518969194bf2bee803bf58bcf6b7b74e644f73af8a959440ed0df424d09924,2026-09-02,downloaded,size_and_sha256_verified,"Private reference copy; the source page states CC BY-NC-ND 4.0 for the webpage, but rights for the exam file are not stated and are presumed third-party/IB copyright. Do not redistribute or commit the binary.",
https://ibdocs.re/p/IB%20PAST%20PAPERS%20-%20YEAR/2025%20Examination%20Session/November%202025%20Examination%20Session/Language%20acquisition/English_B_paper_1_TZ3_SL_markscheme.pdf,https://dl.ibdocs.re/documents/english-b-paper-1-tz3-sl-markscheme-15ec6fae86a75968,2025,November 2025 Examination Session,English B,English; SL; TZ3,markscheme,November 2025 Examination Session/Language acquisition/English_B_paper_1_TZ3_SL_markscheme.pdf,resources/private/past-papers/2022-2026/languages/2025/November 2025 Examination Session/Language acquisition/English_B_paper_1_TZ3_SL_markscheme.pdf,application/pdf,557016,cf0df5bb2eb5c2259c4b5239e69bd68dc87b652f36155a7ee7b9676bc06ef9a7,2026-09-02,downloaded,size_and_sha256_verified,"Private reference copy; the source page states CC BY-NC-ND 4.0 for the webpage, but rights for the exam file are not stated and are presumed third-party/IB copyright. Do not redistribute or commit the binary.",
https://ibdocs.re/p/IB%20PAST%20PAPERS%20-%20YEAR/2025%20Examination%20Session/November%202025%20Examination%20Session/Language%20acquisition/English_B_paper_1_TZ3_SL.pdf,https://dl.ibdocs.re/documents/english-b-paper-1-tz3-sl-98189b4dd9db0bd5,2025,November 2025 Examination Session,English B,English; SL; TZ3,question paper,November 2025 Examination Session/Language acquisition/English_B_paper_1_TZ3_SL.pdf,resources/private/past-papers/2022-2026/languages/2025/November 2025 Examination Session/Language acquisition/English_B_paper_1_TZ3_SL.pdf,application/pdf,282825,629aa49c49f08342c43dd9ea131cba4d9cfa39c43a3a9b0b471247a2a334d12d,2026-09-02,downloaded,size_and_sha256_verified,"Private reference copy; the source page states CC BY-NC-ND 4.0 for the webpage, but rights for the exam file are not stated and are presumed third-party/IB copyright. Do not redistribute or commit the binary.",
https://ibdocs.re/p/IB%20PAST%20PAPERS%20-%20YEAR/2025%20Examination%20Session/November%202025%20Examination%20Session/Language%20acquisition/English_B_paper_2_reading_comprehension_question_booklet_TZ1_HL.pdf,https://dl.ibdocs.re/documents/english-b-paper-2-reading-comprehension-question-booklet-tz1-hl-f8337042bf36d6ff,2025,November 2025 Examination Session,English B,English; HL; TZ1,question booklet,November 2025 Examination Session/Language acquisition/English_B_paper_2_reading_comprehension_question_booklet_TZ1_HL.pdf,resources/private/past-papers/2022-2026/languages/2025/November 2025 Examination Session/Language acquisition/English_B_paper_2_reading_comprehension_question_booklet_TZ1_HL.pdf,application/pdf,590594,3fa066f039d4d2cffefcc9e08efbbe526ed86525057d04ed5b3192892fc777d1,2026-09-02,downloaded,size_and_sha256_verified,"Private reference copy; the source page states CC BY-NC-ND 4.0 for the webpage, but rights for the exam file are not stated and are presumed third-party/IB copyright. Do not redistribute or commit the binary.",
https://ibdocs.re/p/IB%20PAST%20PAPERS%20-%20YEAR/2025%20Examination%20Session/November%202025%20Examination%20Session/Language%20acquisition/English_B_paper_2_reading_comprehension_question_booklet_TZ1_SL.pdf,https://dl.ibdocs.re/documents/english-b-paper-2-reading-comprehension-question-booklet-tz1-sl-89d8c70774466028,2025,November 2025 Examination Session,English B,English; SL; TZ1,question booklet,November 2025 Examination Session/Language acquisition/English_B_paper_2_reading_comprehension_question_booklet_TZ1_SL.pdf,resources/private/past-papers/2022-2026/languages/2025/November 2025 Examination Session/Language acquisition/English_B_paper_2_reading_comprehension_question_booklet_TZ1_SL.pdf,application/pdf,430636,2651fe7b86448249006b0a5da3cab951a7d404bcef5762825764ce3753b43c67,2026-09-02,downloaded,size_and_sha256_verified,"Private reference copy; the source page states CC BY-NC-ND 4.0 for the webpage, but rights for the exam file are not stated and are presumed third-party/IB copyright. Do not redistribute or commit the binary.",
https://ibdocs.re/p/IB%20PAST%20PAPERS%20-%20YEAR/2025%20Examination%20Session/November%202025%20Examination%20Session/Language%20acquisition/English_B_paper_2_reading_comprehension_question_booklet_TZ3_HL.pdf,https://dl.ibdocs.re/documents/english-b-paper-2-reading-comprehension-question-booklet-tz3-hl-5b09c98795035801,2025,November 2025 Examination Session,English B,English; HL; TZ3,question booklet,November 2025 Examination Session/Language acquisition/English_B_paper_2_reading_comprehension_question_booklet_TZ3_HL.pdf,resources/private/past-papers/2022-2026/languages/2025/November 2025 Examination Session/Language acquisition/English_B_paper_2_reading_comprehension_question_booklet_TZ3_HL.pdf,application/pdf,428703,2e94caa17c9f2137a470ea7b131f6498fd74291a86b7efe6f02ecefd026b549b,2026-09-02,downloaded,size_and_sha256_verified,"Private reference copy; the source page states CC BY-NC-ND 4.0 for the webpage, but rights for the exam file are not stated and are presumed third-party/IB copyright. Do not redistribute or commit the binary.",
https://ibdocs.re/p/IB%20PAST%20PAPERS%20-%20YEAR/2025%20Examination%20Session/November%202025%20Examination%20Session/Language%20acquisition/English_B_paper_2_reading_comprehension_question_booklet_TZ3_SL.pdf,https://dl.ibdocs.re/documents/english-b-paper-2-reading-comprehension-question-booklet-tz3-sl-e05696e6a8b2ced6,2025,November 2025 Examination Session,English B,English; SL; TZ3,question booklet,November 2025 Examination Session/Language acquisition/English_B_paper_2_reading_comprehension_question_booklet_TZ3_SL.pdf,resources/private/past-papers/2022-2026/languages/2025/November 2025 Examination Session/Language acquisition/English_B_paper_2_reading_comprehension_question_booklet_TZ3_SL.pdf,application/pdf,508472,6521903caf081ebfeb58c6b03d9c0393863384f5bac8ef04f3c1b6a519c96bf7,2026-09-02,downloaded,size_and_sha256_verified,"Private reference copy; the source page states CC BY-NC-ND 4.0 for the webpage, but rights for the exam file are not stated and are presumed third-party/IB copyright. Do not redistribute or commit the binary.",
https://ibdocs.re/p/IB%20PAST%20PAPERS%20-%20YEAR/2025%20Examination%20Session/November%202025%20Examination%20Session/Language%20acquisition/English_B_paper_2_reading_comprehension_text_booklet_TZ1_HL.pdf,https://dl.ibdocs.re/documents/english-b-paper-2-reading-comprehension-text-booklet-tz1-hl-3cc8c5aa55a14f96,2025,November 2025 Examination Session,English B,English; HL; TZ1,text booklet,November 2025 Examination Session/Language acquisition/English_B_paper_2_reading_comprehension_text_booklet_TZ1_HL.pdf,resources/private/past-papers/2022-2026/languages/2025/November 2025 Examination Session/Language acquisition/English_B_paper_2_reading_comprehension_text_booklet_TZ1_HL.pdf,application/pdf,1261385,9ce401961cdea43a3766b0304aa07e7e925fe7d8a45fee55c4ba034ed11a69fb,2026-09-02,downloaded,size_and_sha256_verified,"Private reference copy; the source page states CC BY-NC-ND 4.0 for the webpage, but rights for the exam file are not stated and are presumed third-party/IB copyright. Do not redistribute or commit the binary.",
https://ibdocs.re/p/IB%20PAST%20PAPERS%20-%20YEAR/2025%20Examination%20Session/November%202025%20Examination%20Session/Language%20acquisition/English_B_paper_2_reading_comprehension_text_booklet_TZ1_SL.pdf,https://dl.ibdocs.re/documents/english-b-paper-2-reading-comprehension-text-booklet-tz1-sl-0e00f84659f32dc1,2025,November 2025 Examination Session,English B,English; SL; TZ1,text booklet,November 2025 Examination Session/Language acquisition/English_B_paper_2_reading_comprehension_text_booklet_TZ1_SL.pdf,resources/private/past-papers/2022-2026/languages/2025/November 2025 Examination Session/Language acquisition/English_B_paper_2_reading_comprehension_text_booklet_TZ1_SL.pdf,application/pdf,2298068,c24abeebefcec08122b4bd5e8e1b53b449d39b0d6cc63c9f4ecb3fc23a1814e9,2026-09-02,downloaded,size_and_sha256_verified,"Private reference copy; the source page states CC BY-NC-ND 4.0 for the webpage, but rights for the exam file are not stated and are presumed third-party/IB copyright. Do not redistribute or commit the binary.",
https://ibdocs.re/p/IB%20PAST%20PAPERS%20-%20YEAR/2025%20Examination%20Session/November%202025%20Examination%20Session/Language%20acquisition/English_B_paper_2_reading_comprehension_text_booklet_TZ3_HL.pdf,https://dl.ibdocs.re/documents/english-b-paper-2-reading-comprehension-text-booklet-tz3-hl-cab08b03fb108790,2025,November 2025 Examination Session,English B,English; HL; TZ3,text booklet,November 2025 Examination Session/Language acquisition/English_B_paper_2_reading_comprehension_text_booklet_TZ3_HL.pdf,resources/private/past-papers/2022-2026/languages/2025/November 2025 Examination Session/Language acquisition/English_B_paper_2_reading_comprehension_text_booklet_TZ3_HL.pdf,application/pdf,1261359,6bbd03eae28a42aa64bb58948b576d19361e1dc165417a30e823363771161fca,2026-09-02,downloaded,size_and_sha256_verified,"Private reference copy; the source page states CC BY-NC-ND 4.0 for the webpage, but rights for the exam file are not stated and are presumed third-party/IB copyright. Do not redistribute or commit the binary.",
https://ibdocs.re/p/IB%20PAST%20PAPERS%20-%20YEAR/2025%20Examination%20Session/November%202025%20Examination%20Session/Language%20acquisition/English_B_paper_2_reading_comprehension_text_booklet_TZ3_SL.pdf,https://dl.ibdocs.re/documents/english-b-paper-2-reading-comprehension-text-booklet-tz3-sl-c462f112dae4c9d7,2025,November 2025 Examination Session,English B,English; SL; TZ3,text booklet,November 2025 Examination Session/Language acquisition/English_B_paper_2_reading_comprehension_text_booklet_TZ3_SL.pdf,resources/private/past-papers/2022-2026/languages/2025/November 2025 Examination Session/Language acquisition/English_B_paper_2_reading_comprehension_text_booklet_TZ3_SL.pdf,application/pdf,2298051,041d25655c727d4021058bbd5a5a1da80e1bfbc320831e0275aca85caf15f41e,2026-09-02,downloaded,size_and_sha256_verified,"Private reference copy; the source page states CC BY-NC-ND 4.0 for the webpage, but rights for the exam file are not stated and are presumed third-party/IB copyright. Do not redistribute or commit the binary.",
https://ibdocs.re/p/IB%20PAST%20PAPERS%20-%20YEAR/2025%20Examination%20Session/November%202025%20Examination%20Session/Language%20acquisition/English_B_paper_2_reading_comprehension_TZ1_HL_markscheme.pdf,https://dl.ibdocs.re/documents/english-b-paper-2-reading-comprehension-tz1-hl-markscheme-fd4f0984949d0b86,2025,November 2025 Examination Session,English B,English; HL; TZ1,markscheme,November 2025 Examination Session/Language acquisition/English_B_paper_2_reading_comprehension_TZ1_HL_markscheme.pdf,resources/private/past-papers/2022-2026/languages/2025/November 2025 Examination Session/Language acquisition/English_B_paper_2_reading_comprehension_TZ1_HL_markscheme.pdf,application/pdf,472908,00ccd33d069636fbfcbddad3315c5a1aae7fec86809aed5464e1577e42eff984,2026-09-02,downloaded,size_and_sha256_verified,"Private reference copy; the source page states CC BY-NC-ND 4.0 for the webpage, but rights for the exam file are not stated and are presumed third-party/IB copyright. Do not redistribute or commit the binary.",
https://ibdocs.re/p/IB%20PAST%20PAPERS%20-%20YEAR/2025%20Examination%20Session/November%202025%20Examination%20Session/Language%20acquisition/English_B_paper_2_reading_comprehension_TZ1_SL_markscheme.pdf,https://dl.ibdocs.re/documents/english-b-paper-2-reading-comprehension-tz1-sl-markscheme-7f341970b0c91537,2025,November 2025 Examination Session,English B,English; SL; TZ1,markscheme,November 2025 Examination Session/Language acquisition/English_B_paper_2_reading_comprehension_TZ1_SL_markscheme.pdf,resources/private/past-papers/2022-2026/languages/2025/November 2025 Examination Session/Language acquisition/English_B_paper_2_reading_comprehension_TZ1_SL_markscheme.pdf,application/pdf,422209,4ea9c6eed3b7497ed2c0ee542b8fd1a59a9db258f728d48f22d3f9fe524c5daf,2026-09-02,downloaded,size_and_sha256_verified,"Private reference copy; the source page states CC BY-NC-ND 4.0 for the webpage, but rights for the exam file are not stated and are presumed third-party/IB copyright. Do not redistribute or commit the binary.",
https://ibdocs.re/p/IB%20PAST%20PAPERS%20-%20YEAR/2025%20Examination%20Session/November%202025%20Examination%20Session/Language%20acquisition/English_B_paper_2_reading_comprehension_TZ3_HL_markscheme.pdf,https://dl.ibdocs.re/documents/english-b-paper-2-reading-comprehension-tz3-hl-markscheme-e3cfdfdc66966688,2025,November 2025 Examination Session,English B,English; HL; TZ3,markscheme,November 2025 Examination Session/Language acquisition/English_B_paper_2_reading_comprehension_TZ3_HL_markscheme.pdf,resources/private/past-papers/2022-2026/languages/2025/November 2025 Examination Session/Language acquisition/English_B_paper_2_reading_comprehension_TZ3_HL_markscheme.pdf,application/pdf,395143,8276ba48896832ac181ab63b56b9c99d56e2858ba76ce170406f36af5732790f,2026-09-02,downloaded,size_and_sha256_verified,"Private reference copy; the source page states CC BY-NC-ND 4.0 for the webpage, but rights for the exam file are not stated and are presumed third-party/IB copyright. Do not redistribute or commit the binary.",
https://ibdocs.re/p/IB%20PAST%20PAPERS%20-%20YEAR/2025%20Examination%20Session/November%202025%20Examination%20Session/Language%20acquisition/English_B_paper_2_reading_comprehension_TZ3_SL_markscheme.pdf,https://dl.ibdocs.re/documents/english-b-paper-2-reading-comprehension-tz3-sl-markscheme-b3b446cc534171ad,2025,November 2025 Examination Session,English B,English; SL; TZ3,markscheme,November 2025 Examination Session/Language acquisition/English_B_paper_2_reading_comprehension_TZ3_SL_markscheme.pdf,resources/private/past-papers/2022-2026/languages/2025/November 2025 Examination Session/Language acquisition/English_B_paper_2_reading_comprehension_TZ3_SL_markscheme.pdf,application/pdf,410595,aa3543c6cfcf9e33ab3486e9f56c03779eda4012fc0ad6f204f4c4965d73881d,2026-09-02,downloaded,size_and_sha256_verified,"Private reference copy; the source page states CC BY-NC-ND 4.0 for the webpage, but rights for the exam file are not stated and are presumed third-party/IB copyright. Do not redistribute or commit the binary.",
https://ibdocs.re/p/IB%20PAST%20PAPERS%20-%20YEAR/2025%20Examination%20Session/November%202025%20Examination%20Session/Language%20acquisition/Spanish_B_listening_comprehension_HL_markscheme_Spanish.pdf,https://dl.ibdocs.re/documents/spanish-b-listening-comprehension-hl-markscheme-spanish-ecedf4130a44c1b2,2025,November 2025 Examination Session,Spanish B,Spanish; HL,markscheme,November 2025 Examination Session/Language acquisition/Spanish_B_listening_comprehension_HL_markscheme_Spanish.pdf,resources/private/past-papers/2022-2026/languages/2025/November 2025 Examination Session/Language acquisition/Spanish_B_listening_comprehension_HL_markscheme_Spanish.pdf,application/pdf,558300,eaf6b825600230bb5161206ba0f550f210997236a0499825d90ffbf402f08f1b,2026-09-02,downloaded,size_and_sha256_verified,"Private reference copy; the source page states CC BY-NC-ND 4.0 for the webpage, but rights for the exam file are not stated and are presumed third-party/IB copyright. Do not redistribute or commit the binary.",
https://ibdocs.re/p/IB%20PAST%20PAPERS%20-%20YEAR/2025%20Examination%20Session/November%202025%20Examination%20Session/Language%20acquisition/Spanish_B_listening_comprehension_HL_Spanish.pdf,https://dl.ibdocs.re/documents/spanish-b-listening-comprehension-hl-spanish-3e61d21a89231899,2025,November 2025 Examination Session,Spanish B,Spanish; HL,listening question paper/associated material,November 2025 Examination Session/Language acquisition/Spanish_B_listening_comprehension_HL_Spanish.pdf,resources/private/past-papers/2022-2026/languages/2025/November 2025 Examination Session/Language acquisition/Spanish_B_listening_comprehension_HL_Spanish.pdf,application/pdf,489725,9e2b472e14423e9c147e2c633892a731108dee8472a62093d68b752851bb3975,2026-09-02,downloaded,size_and_sha256_verified,"Private reference copy; the source page states CC BY-NC-ND 4.0 for the webpage, but rights for the exam file are not stated and are presumed third-party/IB copyright. Do not redistribute or commit the binary.",
https://ibdocs.re/p/IB%20PAST%20PAPERS%20-%20YEAR/2025%20Examination%20Session/November%202025%20Examination%20Session/Language%20acquisition/Spanish_B_listening_comprehension_SL_markscheme_Spanish.pdf,https://dl.ibdocs.re/documents/spanish-b-listening-comprehension-sl-markscheme-spanish-006d34f2c3a6ab37,2025,November 2025 Examination Session,Spanish B,Spanish; SL,markscheme,November 2025 Examination Session/Language acquisition/Spanish_B_listening_comprehension_SL_markscheme_Spanish.pdf,resources/private/past-papers/2022-2026/languages/2025/November 2025 Examination Session/Language acquisition/Spanish_B_listening_comprehension_SL_markscheme_Spanish.pdf,application/pdf,539378,603401ff00b70cdcbb2feb01b98191adc0e59e28f291cd4b701c033fd8944f29,2026-09-02,downloaded,size_and_sha256_verified,"Private reference copy; the source page states CC BY-NC-ND 4.0 for the webpage, but rights for the exam file are not stated and are presumed third-party/IB copyright. Do not redistribute or commit the binary.",
https://ibdocs.re/p/IB%20PAST%20PAPERS%20-%20YEAR/2025%20Examination%20Session/November%202025%20Examination%20Session/Language%20acquisition/Spanish_B_listening_comprehension_SL_Spanish.pdf,https://dl.ibdocs.re/documents/spanish-b-listening-comprehension-sl-spanish-4825fc740d92eb0a,2025,November 2025 Examination Session,Spanish B,Spanish; SL,listening question paper/associated material,November 2025 Examination Session/Language acquisition/Spanish_B_listening_comprehension_SL_Spanish.pdf,resources/private/past-papers/2022-2026/languages/2025/November 2025 Examination Session/Language acquisition/Spanish_B_listening_comprehension_SL_Spanish.pdf,application/pdf,489646,e8250f8af33bd42dcde0a17840ad385d5bae015ad519b137e63b37817826ab89,2026-09-02,downloaded,size_and_sha256_verified,"Private reference copy; the source page states CC BY-NC-ND 4.0 for the webpage, but rights for the exam file are not stated and are presumed third-party/IB copyright. Do not redistribute or commit the binary.",
https://ibdocs.re/p/IB%20PAST%20PAPERS%20-%20YEAR/2025%20Examination%20Session/November%202025%20Examination%20Session/Language%20acquisition/Spanish_B_paper_1_HL_markscheme_Spanish.pdf,https://dl.ibdocs.re/documents/spanish-b-paper-1-hl-markscheme-spanish-d8e1eacd8375ab82,2025,November 2025 Examination Session,Spanish B,Spanish; HL,markscheme,November 2025 Examination Session/Language acquisition/Spanish_B_paper_1_HL_markscheme_Spanish.pdf,resources/private/past-papers/2022-2026/languages/2025/November 2025 Examination Session/Language acquisition/Spanish_B_paper_1_HL_markscheme_Spanish.pdf,application/pdf,597907,c20282967c85e44c547d28f1e5678617ebb014c9dae18ccc76b738efe41525c4,2026-09-02,downloaded,size_and_sha256_verified,"Private reference copy; the source page states CC BY-NC-ND 4.0 for the webpage, but rights for the exam file are not stated and are presumed third-party/IB copyright. Do not redistribute or commit the binary.",
https://ibdocs.re/p/IB%20PAST%20PAPERS%20-%20YEAR/2025%20Examination%20Session/November%202025%20Examination%20Session/Language%20acquisition/Spanish_B_paper_1_HL_Spanish.pdf,https://dl.ibdocs.re/documents/spanish-b-paper-1-hl-spanish-317aff1229f07529,2025,November 2025 Examination Session,Spanish B,Spanish; HL,question paper,November 2025 Examination Session/Language acquisition/Spanish_B_paper_1_HL_Spanish.pdf,resources/private/past-papers/2022-2026/languages/2025/November 2025 Examination Session/Language acquisition/Spanish_B_paper_1_HL_Spanish.pdf,application/pdf,292243,6d2ccba71b772cd7ca8031caeb02738250fbdf4f3795b5c4b46e64c01a951d13,2026-09-02,downloaded,size_and_sha256_verified,"Private reference copy; the source page states CC BY-NC-ND 4.0 for the webpage, but rights for the exam file are not stated and are presumed third-party/IB copyright. Do not redistribute or commit the binary.",
https://ibdocs.re/p/IB%20PAST%20PAPERS%20-%20YEAR/2025%20Examination%20Session/November%202025%20Examination%20Session/Language%20acquisition/Spanish_B_paper_1_SL_markscheme_Spanish.pdf,https://dl.ibdocs.re/documents/spanish-b-paper-1-sl-markscheme-spanish-9f348c7f611152e7,2025,November 2025 Examination Session,Spanish B,Spanish; SL,markscheme,November 2025 Examination Session/Language acquisition/Spanish_B_paper_1_SL_markscheme_Spanish.pdf,resources/private/past-papers/2022-2026/languages/2025/November 2025 Examination Session/Language acquisition/Spanish_B_paper_1_SL_markscheme_Spanish.pdf,application/pdf,670657,16d51923d1a3b138c03c24e6a009ea526241d1ea6d091b255a855b782259eed4,2026-09-02,downloaded,size_and_sha256_verified,"Private reference copy; the source page states CC BY-NC-ND 4.0 for the webpage, but rights for the exam file are not stated and are presumed third-party/IB copyright. Do not redistribute or commit the binary.",
https://ibdocs.re/p/IB%20PAST%20PAPERS%20-%20YEAR/2025%20Examination%20Session/November%202025%20Examination%20Session/Language%20acquisition/Spanish_B_paper_1_SL_Spanish.pdf,https://dl.ibdocs.re/documents/spanish-b-paper-1-sl-spanish-e542fcb68dc8b5fa,2025,November 2025 Examination Session,Spanish B,Spanish; SL,question paper,November 2025 Examination Session/Language acquisition/Spanish_B_paper_1_SL_Spanish.pdf,resources/private/past-papers/2022-2026/languages/2025/November 2025 Examination Session/Language acquisition/Spanish_B_paper_1_SL_Spanish.pdf,application/pdf,292458,5b5ba9be3f684ce13f2e335da438a6e2193faff8de67e852a5acfb1898aa454a,2026-09-02,downloaded,size_and_sha256_verified,"Private reference copy; the source page states CC BY-NC-ND 4.0 for the webpage, but rights for the exam file are not stated and are presumed third-party/IB copyright. Do not redistribute or commit the binary.",
https://ibdocs.re/p/IB%20PAST%20PAPERS%20-%20YEAR/2025%20Examination%20Session/November%202025%20Examination%20Session/Language%20acquisition/Spanish_B_paper_2_reading_comprehension_HL_markscheme_Spanish.pdf,https://dl.ibdocs.re/documents/spanish-b-paper-2-reading-comprehension-hl-markscheme-spanish-3e9a0909a67c3c3f,2025,November 2025 Examination Session,Spanish B,Spanish; HL,markscheme,November 2025 Examination Session/Language acquisition/Spanish_B_paper_2_reading_comprehension_HL_markscheme_Spanish.pdf,resources/private/past-papers/2022-2026/languages/2025/November 2025 Examination Session/Language acquisition/Spanish_B_paper_2_reading_comprehension_HL_markscheme_Spanish.pdf,application/pdf,344531,21d33c64ec9bf00a32e42cb63d78cf7743daa718cdbecdcc31b332534d71b23c,2026-09-02,downloaded,size_and_sha256_verified,"Private reference copy; the source page states CC BY-NC-ND 4.0 for the webpage, but rights for the exam file are not stated and are presumed third-party/IB copyright. Do not redistribute or commit the binary.",
https://ibdocs.re/p/IB%20PAST%20PAPERS%20-%20YEAR/2025%20Examination%20Session/November%202025%20Examination%20Session/Language%20acquisition/Spanish_B_paper_2_reading_comprehension_question_booklet_HL_Spanish.pdf,https://dl.ibdocs.re/documents/spanish-b-paper-2-reading-comprehension-question-booklet-hl-spanish-d0123b702736f53e,2025,November 2025 Examination Session,Spanish B,Spanish; HL,question booklet,November 2025 Examination Session/Language acquisition/Spanish_B_paper_2_reading_comprehension_question_booklet_HL_Spanish.pdf,resources/private/past-papers/2022-2026/languages/2025/November 2025 Examination Session/Language acquisition/Spanish_B_paper_2_reading_comprehension_question_booklet_HL_Spanish.pdf,application/pdf,473897,e46ecfc3df43f766c4eb8f17416e94cc5e4b031088b6803353f0f581c2072995,2026-09-02,downloaded,size_and_sha256_verified,"Private reference copy; the source page states CC BY-NC-ND 4.0 for the webpage, but rights for the exam file are not stated and are presumed third-party/IB copyright. Do not redistribute or commit the binary.",
https://ibdocs.re/p/IB%20PAST%20PAPERS%20-%20YEAR/2025%20Examination%20Session/November%202025%20Examination%20Session/Language%20acquisition/Spanish_B_paper_2_reading_comprehension_question_booklet_SL_Spanish.pdf,https://dl.ibdocs.re/documents/spanish-b-paper-2-reading-comprehension-question-booklet-sl-spanish-5f2ad7d91b427ffd,2025,November 2025 Examination Session,Spanish B,Spanish; SL,question booklet,November 2025 Examination Session/Language acquisition/Spanish_B_paper_2_reading_comprehension_question_booklet_SL_Spanish.pdf,resources/private/past-papers/2022-2026/languages/2025/November 2025 Examination Session/Language acquisition/Spanish_B_paper_2_reading_comprehension_question_booklet_SL_Spanish.pdf,application/pdf,433636,3fa2bfb9d2f6cde1a29e7b31e66f73f821585946711bd2b312dad936a8a38a58,2026-09-02,downloaded,size_and_sha256_verified,"Private reference copy; the source page states CC BY-NC-ND 4.0 for the webpage, but rights for the exam file are not stated and are presumed third-party/IB copyright. Do not redistribute or commit the binary.",
https://ibdocs.re/p/IB%20PAST%20PAPERS%20-%20YEAR/2025%20Examination%20Session/November%202025%20Examination%20Session/Language%20acquisition/Spanish_B_paper_2_reading_comprehension_SL_markscheme_Spanish.pdf,https://dl.ibdocs.re/documents/spanish-b-paper-2-reading-comprehension-sl-markscheme-spanish-a371c724852893ca,2025,November 2025 Examination Session,Spanish B,Spanish; SL,markscheme,November 2025 Examination Session/Language acquisition/Spanish_B_paper_2_reading_comprehension_SL_markscheme_Spanish.pdf,resources/private/past-papers/2022-2026/languages/2025/November 2025 Examination Session/Language acquisition/Spanish_B_paper_2_reading_comprehension_SL_markscheme_Spanish.pdf,application/pdf,516016,ccc4bdf6db5c773df141c96ac3c04b4b558f91861cb32be3cbf4b1e7e6b9d2b5,2026-09-02,downloaded,size_and_sha256_verified,"Private reference copy; the source page states CC BY-NC-ND 4.0 for the webpage, but rights for the exam file are not stated and are presumed third-party/IB copyright. Do not redistribute or commit the binary.",
https://ibdocs.re/p/IB%20PAST%20PAPERS%20-%20YEAR/2025%20Examination%20Session/November%202025%20Examination%20Session/Language%20acquisition/Spanish_B_paper_2_reading_comprehension_text_booklet_HL_Spanish.pdf,https://dl.ibdocs.re/documents/spanish-b-paper-2-reading-comprehension-text-booklet-hl-spanish-dfdd9f7ba83857f3,2025,November 2025 Examination Session,Spanish B,Spanish; HL,text booklet,November 2025 Examination Session/Language acquisition/Spanish_B_paper_2_reading_comprehension_text_booklet_HL_Spanish.pdf,resources/private/past-papers/2022-2026/languages/2025/November 2025 Examination Session/Language acquisition/Spanish_B_paper_2_reading_comprehension_text_booklet_HL_Spanish.pdf,application/pdf,1206123,c5a395e913fe6196b94992cf016657194f94efe137c95bcb7d99c8fe8331b6ed,2026-09-02,downloaded,size_and_sha256_verified,"Private reference copy; the source page states CC BY-NC-ND 4.0 for the webpage, but rights for the exam file are not stated and are presumed third-party/IB copyright. Do not redistribute or commit the binary.",
https://ibdocs.re/p/IB%20PAST%20PAPERS%20-%20YEAR/2025%20Examination%20Session/November%202025%20Examination%20Session/Language%20acquisition/Spanish_B_paper_2_reading_comprehension_text_booklet_SL_Spanish.pdf,https://dl.ibdocs.re/documents/spanish-b-paper-2-reading-comprehension-text-booklet-sl-spanish-fbde99a0efab68b8,2025,November 2025 Examination Session,Spanish B,Spanish; SL,text booklet,November 2025 Examination Session/Language acquisition/Spanish_B_paper_2_reading_comprehension_text_booklet_SL_Spanish.pdf,resources/private/past-papers/2022-2026/languages/2025/November 2025 Examination Session/Language acquisition/Spanish_B_paper_2_reading_comprehension_text_booklet_SL_Spanish.pdf,application/pdf,1810539,cd41e28373f3573f47b33c82661e671e6232fdf7b4b41a13e83fa4ca83e414da,2026-09-02,downloaded,size_and_sha256_verified,"Private reference copy; the source page states CC BY-NC-ND 4.0 for the webpage, but rights for the exam file are not stated and are presumed third-party/IB copyright. Do not redistribute or commit the binary.",
https://ibdocs.re/p/IB%20PAST%20PAPERS%20-%20YEAR/2025%20Examination%20Session/November%202025%20Examination%20Session/Studies%20in%20language%20and%20literature/English_A_Language_and_literature_paper_1_TZ1_HL.pdf,https://dl.ibdocs.re/documents/english-a-language-and-literature-paper-1-tz1-hl-68079af9a64c9a45,2025,November 2025 Examination Session,English A Language and Literature,English; HL; TZ1,question paper,November 2025 Examination Session/Studies in language and literature/English_A_Language_and_literature_paper_1_TZ1_HL.pdf,resources/private/past-papers/2022-2026/languages/2025/November 2025 Examination Session/Studies in language and literature/English_A_Language_and_literature_paper_1_TZ1_HL.pdf,application/pdf,1027152,b75033723391cd58abbabe3f8a05a12ec2be3f6247c2f42231399a774035e22f,2026-09-02,downloaded,size_and_sha256_verified,"Private reference copy; the source page states CC BY-NC-ND 4.0 for the webpage, but rights for the exam file are not stated and are presumed third-party/IB copyright. Do not redistribute or commit the binary.",
https://ibdocs.re/p/IB%20PAST%20PAPERS%20-%20YEAR/2025%20Examination%20Session/November%202025%20Examination%20Session/Studies%20in%20language%20and%20literature/English_A_Language_and_literature_paper_1_TZ1_HLSL_markscheme.pdf,https://dl.ibdocs.re/documents/english-a-language-and-literature-paper-1-tz1-hlsl-markscheme-50225ca7be652609,2025,November 2025 Examination Session,English A Language and Literature,English; HL/SL; TZ1,markscheme,November 2025 Examination Session/Studies in language and literature/English_A_Language_and_literature_paper_1_TZ1_HLSL_markscheme.pdf,resources/private/past-papers/2022-2026/languages/2025/November 2025 Examination Session/Studies in language and literature/English_A_Language_and_literature_paper_1_TZ1_HLSL_markscheme.pdf,application/pdf,322741,ec6ddbee052f584ee349d0fe95a6c78b5483d9246352e9968d4838fce209b1ab,2026-09-02,downloaded,size_and_sha256_verified,"Private reference copy; the source page states CC BY-NC-ND 4.0 for the webpage, but rights for the exam file are not stated and are presumed third-party/IB copyright. Do not redistribute or commit the binary.",
https://ibdocs.re/p/IB%20PAST%20PAPERS%20-%20YEAR/2025%20Examination%20Session/November%202025%20Examination%20Session/Studies%20in%20language%20and%20literature/English_A_Language_and_literature_paper_1_TZ1_SL.pdf,https://dl.ibdocs.re/documents/english-a-language-and-literature-paper-1-tz1-sl-9d6d1c8bc21e545a,2025,November 2025 Examination Session,English A Language and Literature,English; SL; TZ1,question paper,November 2025 Examination Session/Studies in language and literature/English_A_Language_and_literature_paper_1_TZ1_SL.pdf,resources/private/past-papers/2022-2026/languages/2025/November 2025 Examination Session/Studies in language and literature/English_A_Language_and_literature_paper_1_TZ1_SL.pdf,application/pdf,1022856,27947b32136cef53119693dbfdeb20ec3133c7fddf064c0dcb1cbd230cbd6bf6,2026-09-02,downloaded,size_and_sha256_verified,"Private reference copy; the source page states CC BY-NC-ND 4.0 for the webpage, but rights for the exam file are not stated and are presumed third-party/IB copyright. Do not redistribute or commit the binary.",
https://ibdocs.re/p/IB%20PAST%20PAPERS%20-%20YEAR/2025%20Examination%20Session/November%202025%20Examination%20Session/Studies%20in%20language%20and%20literature/English_A_Language_and_literature_paper_1_TZ3_HL.pdf,https://dl.ibdocs.re/documents/english-a-language-and-literature-paper-1-tz3-hl-76508b81004ae4f3,2025,November 2025 Examination Session,English A Language and Literature,English; HL; TZ3,question paper,November 2025 Examination Session/Studies in language and literature/English_A_Language_and_literature_paper_1_TZ3_HL.pdf,resources/private/past-papers/2022-2026/languages/2025/November 2025 Examination Session/Studies in language and literature/English_A_Language_and_literature_paper_1_TZ3_HL.pdf,application/pdf,8735997,c513efafd21d1a4bee940007469d52720c9668e8841ba4d3f11f55d376916508,2026-09-02,downloaded,size_and_sha256_verified,"Private reference copy; the source page states CC BY-NC-ND 4.0 for the webpage, but rights for the exam file are not stated and are presumed third-party/IB copyright. Do not redistribute or commit the binary.",
https://ibdocs.re/p/IB%20PAST%20PAPERS%20-%20YEAR/2025%20Examination%20Session/November%202025%20Examination%20Session/Studies%20in%20language%20and%20literature/English_A_Language_and_literature_paper_1_TZ3_HLSL_markscheme.pdf,https://dl.ibdocs.re/documents/english-a-language-and-literature-paper-1-tz3-hlsl-markscheme-7702e00ac083064b,2025,November 2025 Examination Session,English A Language and Literature,English; HL/SL; TZ3,markscheme,November 2025 Examination Session/Studies in language and literature/English_A_Language_and_literature_paper_1_TZ3_HLSL_markscheme.pdf,resources/private/past-papers/2022-2026/languages/2025/November 2025 Examination Session/Studies in language and literature/English_A_Language_and_literature_paper_1_TZ3_HLSL_markscheme.pdf,application/pdf,322678,2bb5f7a18c87c6784bc673541a0935186df3f4d3e9354a760fd4501395a6208b,2026-09-02,downloaded,size_and_sha256_verified,"Private reference copy; the source page states CC BY-NC-ND 4.0 for the webpage, but rights for the exam file are not stated and are presumed third-party/IB copyright. Do not redistribute or commit the binary.",
https://ibdocs.re/p/IB%20PAST%20PAPERS%20-%20YEAR/2025%20Examination%20Session/November%202025%20Examination%20Session/Studies%20in%20language%20and%20literature/English_A_Language_and_literature_paper_1_TZ3_SL.pdf,https://dl.ibdocs.re/documents/english-a-language-and-literature-paper-1-tz3-sl-4f7ef323761c149c,2025,November 2025 Examination Session,English A Language and Literature,English; SL; TZ3,question paper,November 2025 Examination Session/Studies in language and literature/English_A_Language_and_literature_paper_1_TZ3_SL.pdf,resources/private/past-papers/2022-2026/languages/2025/November 2025 Examination Session/Studies in language and literature/English_A_Language_and_literature_paper_1_TZ3_SL.pdf,application/pdf,8736387,a0d8ba569aa23d9c64d7f4ed459e5ba125e70d40851f1514c6838f7db66c9757,2026-09-02,downloaded,size_and_sha256_verified,"Private reference copy; the source page states CC BY-NC-ND 4.0 for the webpage, but rights for the exam file are not stated and are presumed third-party/IB copyright. Do not redistribute or commit the binary.",
https://ibdocs.re/p/IB%20PAST%20PAPERS%20-%20YEAR/2025%20Examination%20Session/November%202025%20Examination%20Session/Studies%20in%20language%20and%20literature/English_A_Language_and_literature_paper_2_TZ1_HLSL.pdf,https://dl.ibdocs.re/documents/english-a-language-and-literature-paper-2-tz1-hlsl-270d3f3c00bc37fd,2025,November 2025 Examination Session,English A Language and Literature,English; HL/SL; TZ1,question paper,November 2025 Examination Session/Studies in language and literature/English_A_Language_and_literature_paper_2_TZ1_HLSL.pdf,resources/private/past-papers/2022-2026/languages/2025/November 2025 Examination Session/Studies in language and literature/English_A_Language_and_literature_paper_2_TZ1_HLSL.pdf,application/pdf,294791,b85d0ccde736cedc151a10ef0a243cef989e061d7f50943b3bf3174bd4a7194a,2026-09-02,downloaded,size_and_sha256_verified,"Private reference copy; the source page states CC BY-NC-ND 4.0 for the webpage, but rights for the exam file are not stated and are presumed third-party/IB copyright. Do not redistribute or commit the binary.",
https://ibdocs.re/p/IB%20PAST%20PAPERS%20-%20YEAR/2025%20Examination%20Session/November%202025%20Examination%20Session/Studies%20in%20language%20and%20literature/English_A_Language_and_literature_paper_2_TZ3_HLSL.pdf,https://dl.ibdocs.re/documents/english-a-language-and-literature-paper-2-tz3-hlsl-5df593bbf760fef3,2025,November 2025 Examination Session,English A Language and Literature,English; HL/SL; TZ3,question paper,November 2025 Examination Session/Studies in language and literature/English_A_Language_and_literature_paper_2_TZ3_HLSL.pdf,resources/private/past-papers/2022-2026/languages/2025/November 2025 Examination Session/Studies in language and literature/English_A_Language_and_literature_paper_2_TZ3_HLSL.pdf,application/pdf,295170,43fe4687fd2a0942942b64c98bd0e7d76d7a2e1e9b1ec73ab0305814519c7959,2026-09-02,downloaded,size_and_sha256_verified,"Private reference copy; the source page states CC BY-NC-ND 4.0 for the webpage, but rights for the exam file are not stated and are presumed third-party/IB copyright. Do not redistribute or commit the binary.",
https://ibdocs.re/p/IB%20PAST%20PAPERS%20-%20YEAR/2025%20Examination%20Session/November%202025%20Examination%20Session/Studies%20in%20language%20and%20literature/English_A_Literature_paper_1_TZ1_HL.pdf,https://dl.ibdocs.re/documents/english-a-literature-paper-1-tz1-hl-e29d8c163c4ca5fc,2025,November 2025 Examination Session,English A Literature,English; HL; TZ1,question paper,November 2025 Examination Session/Studies in language and literature/English_A_Literature_paper_1_TZ1_HL.pdf,resources/private/past-papers/2022-2026/languages/2025/November 2025 Examination Session/Studies in language and literature/English_A_Literature_paper_1_TZ1_HL.pdf,application/pdf,829752,e44530d98cd8aea2f1fa0c7d74de0114fe81063dc89c8fa7cd03673fddd58a9d,2026-09-02,downloaded,size_and_sha256_verified,"Private reference copy; the source page states CC BY-NC-ND 4.0 for the webpage, but rights for the exam file are not stated and are presumed third-party/IB copyright. Do not redistribute or commit the binary.",
https://ibdocs.re/p/IB%20PAST%20PAPERS%20-%20YEAR/2025%20Examination%20Session/November%202025%20Examination%20Session/Studies%20in%20language%20and%20literature/English_A_Literature_paper_1_TZ1_HLSL_markscheme.pdf,https://dl.ibdocs.re/documents/english-a-literature-paper-1-tz1-hlsl-markscheme-50018183d83f1152,2025,November 2025 Examination Session,English A Literature,English; HL/SL; TZ1,markscheme,November 2025 Examination Session/Studies in language and literature/English_A_Literature_paper_1_TZ1_HLSL_markscheme.pdf,resources/private/past-papers/2022-2026/languages/2025/November 2025 Examination Session/Studies in language and literature/English_A_Literature_paper_1_TZ1_HLSL_markscheme.pdf,application/pdf,370319,ac685586eaa50c73c9075debe236ce2677714b06aa1185a8bedbb9c6f13ce4de,2026-09-02,downloaded,size_and_sha256_verified,"Private reference copy; the source page states CC BY-NC-ND 4.0 for the webpage, but rights for the exam file are not stated and are presumed third-party/IB copyright. Do not redistribute or commit the binary.",
https://ibdocs.re/p/IB%20PAST%20PAPERS%20-%20YEAR/2025%20Examination%20Session/November%202025%20Examination%20Session/Studies%20in%20language%20and%20literature/English_A_Literature_paper_1_TZ1_SL.pdf,https://dl.ibdocs.re/documents/english-a-literature-paper-1-tz1-sl-06c6289ee15b71d3,2025,November 2025 Examination Session,English A Literature,English; SL; TZ1,question paper,November 2025 Examination Session/Studies in language and literature/English_A_Literature_paper_1_TZ1_SL.pdf,resources/private/past-papers/2022-2026/languages/2025/November 2025 Examination Session/Studies in language and literature/English_A_Literature_paper_1_TZ1_SL.pdf,application/pdf,829611,2e8db1e8efc8241e5ee7a6ad7f79e9c105bfef6676f96c5fadacc7e2899bd2b6,2026-09-02,downloaded,size_and_sha256_verified,"Private reference copy; the source page states CC BY-NC-ND 4.0 for the webpage, but rights for the exam file are not stated and are presumed third-party/IB copyright. Do not redistribute or commit the binary.",
https://ibdocs.re/p/IB%20PAST%20PAPERS%20-%20YEAR/2025%20Examination%20Session/November%202025%20Examination%20Session/Studies%20in%20language%20and%20literature/English_A_Literature_paper_1_TZ3_HL.pdf,https://dl.ibdocs.re/documents/english-a-literature-paper-1-tz3-hl-354c28ddfdc875a2,2025,November 2025 Examination Session,English A Literature,English; HL; TZ3,question paper,November 2025 Examination Session/Studies in language and literature/English_A_Literature_paper_1_TZ3_HL.pdf,resources/private/past-papers/2022-2026/languages/2025/November 2025 Examination Session/Studies in language and literature/English_A_Literature_paper_1_TZ3_HL.pdf,application/pdf,819808,93f8143019106cfb03fca060ee7bdd79b311fa0349ea664f23eb6386e2d4eebf,2026-09-02,downloaded,size_and_sha256_verified,"Private reference copy; the source page states CC BY-NC-ND 4.0 for the webpage, but rights for the exam file are not stated and are presumed third-party/IB copyright. Do not redistribute or commit the binary.",
https://ibdocs.re/p/IB%20PAST%20PAPERS%20-%20YEAR/2025%20Examination%20Session/November%202025%20Examination%20Session/Studies%20in%20language%20and%20literature/English_A_Literature_paper_1_TZ3_HLSL_markscheme.pdf,https://dl.ibdocs.re/documents/english-a-literature-paper-1-tz3-hlsl-markscheme-2d54035d0c72d40c,2025,November 2025 Examination Session,English A Literature,English; HL/SL; TZ3,markscheme,November 2025 Examination Session/Studies in language and literature/English_A_Literature_paper_1_TZ3_HLSL_markscheme.pdf,resources/private/past-papers/2022-2026/languages/2025/November 2025 Examination Session/Studies in language and literature/English_A_Literature_paper_1_TZ3_HLSL_markscheme.pdf,application/pdf,477125,e081e228b15cf92270a147e683d14d9b6e6a9a5e9f1cb3fa8f905ddbb83aea44,2026-09-02,downloaded,size_and_sha256_verified,"Private reference copy; the source page states CC BY-NC-ND 4.0 for the webpage, but rights for the exam file are not stated and are presumed third-party/IB copyright. Do not redistribute or commit the binary.",
https://ibdocs.re/p/IB%20PAST%20PAPERS%20-%20YEAR/2025%20Examination%20Session/November%202025%20Examination%20Session/Studies%20in%20language%20and%20literature/English_A_Literature_paper_1_TZ3_SL.pdf,https://dl.ibdocs.re/documents/english-a-literature-paper-1-tz3-sl-a8906fa344df1c7d,2025,November 2025 Examination Session,English A Literature,English; SL; TZ3,question paper,November 2025 Examination Session/Studies in language and literature/English_A_Literature_paper_1_TZ3_SL.pdf,resources/private/past-papers/2022-2026/languages/2025/November 2025 Examination Session/Studies in language and literature/English_A_Literature_paper_1_TZ3_SL.pdf,application/pdf,819648,5c7d49e9b1691c70aa778ff9f9f4585e540bac843dcaadc791bc2e8923b716b5,2026-09-02,downloaded,size_and_sha256_verified,"Private reference copy; the source page states CC BY-NC-ND 4.0 for the webpage, but rights for the exam file are not stated and are presumed third-party/IB copyright. Do not redistribute or commit the binary.",
https://ibdocs.re/p/IB%20PAST%20PAPERS%20-%20YEAR/2025%20Examination%20Session/November%202025%20Examination%20Session/Studies%20in%20language%20and%20literature/English_A_Literature_paper_2_TZ1_HLSL.pdf,https://dl.ibdocs.re/documents/english-a-literature-paper-2-tz1-hlsl-b8b67465425c9e8c,2025,November 2025 Examination Session,English A Literature,English; HL/SL; TZ1,question paper,November 2025 Examination Session/Studies in language and literature/English_A_Literature_paper_2_TZ1_HLSL.pdf,resources/private/past-papers/2022-2026/languages/2025/November 2025 Examination Session/Studies in language and literature/English_A_Literature_paper_2_TZ1_HLSL.pdf,application/pdf,295199,d8f7b5f1e7f3d82a86d92951ecfcbf890133c3066a5414a393e27b0111fc99fc,2026-09-02,downloaded,size_and_sha256_verified,"Private reference copy; the source page states CC BY-NC-ND 4.0 for the webpage, but rights for the exam file are not stated and are presumed third-party/IB copyright. Do not redistribute or commit the binary.",
https://ibdocs.re/p/IB%20PAST%20PAPERS%20-%20YEAR/2025%20Examination%20Session/November%202025%20Examination%20Session/Studies%20in%20language%20and%20literature/English_A_Literature_paper_2_TZ3_HLSL.pdf,https://dl.ibdocs.re/documents/english-a-literature-paper-2-tz3-hlsl-270922faa367c1f2,2025,November 2025 Examination Session,English A Literature,English; HL/SL; TZ3,question paper,November 2025 Examination Session/Studies in language and literature/English_A_Literature_paper_2_TZ3_HLSL.pdf,resources/private/past-papers/2022-2026/languages/2025/November 2025 Examination Session/Studies in language and literature/English_A_Literature_paper_2_TZ3_HLSL.pdf,application/pdf,295196,774cba3bb7101b6973d2fd2ea99a55940f375ddf599b72e61fb4528570a9b50c,2026-09-02,downloaded,size_and_sha256_verified,"Private reference copy; the source page states CC BY-NC-ND 4.0 for the webpage, but rights for the exam file are not stated and are presumed third-party/IB copyright. Do not redistribute or commit the binary.",
https://ibdocs.re/p/IB%20PAST%20PAPERS%20-%20YEAR/2025%20Examination%20Session/November%202025%20Examination%20Session/Studies%20in%20language%20and%20literature/Japanese_A_Language_and_literature_paper_1_HL.pdf,https://dl.ibdocs.re/documents/japanese-a-language-and-literature-paper-1-hl-cee8984d68c2199a,2025,November 2025 Examination Session,Japanese A Language and Literature,Japanese; HL,question paper,November 2025 Examination Session/Studies in language and literature/Japanese_A_Language_and_literature_paper_1_HL.pdf,resources/private/past-papers/2022-2026/languages/2025/November 2025 Examination Session/Studies in language and literature/Japanese_A_Language_and_literature_paper_1_HL.pdf,application/pdf,18191719,d0bafde7a0684615e3566447e6685bb207cd947f816544d38141e97b33228b46,2026-09-02,downloaded,size_and_sha256_verified,"Private reference copy; the source page states CC BY-NC-ND 4.0 for the webpage, but rights for the exam file are not stated and are presumed third-party/IB copyright. Do not redistribute or commit the binary.",
https://ibdocs.re/p/IB%20PAST%20PAPERS%20-%20YEAR/2025%20Examination%20Session/November%202025%20Examination%20Session/Studies%20in%20language%20and%20literature/Japanese_A_Language_and_literature_paper_1_HLSL_markscheme.pdf,https://dl.ibdocs.re/documents/japanese-a-language-and-literature-paper-1-hlsl-markscheme-027dabff43cc6a34,2025,November 2025 Examination Session,Japanese A Language and Literature,Japanese; HL/SL,markscheme,November 2025 Examination Session/Studies in language and literature/Japanese_A_Language_and_literature_paper_1_HLSL_markscheme.pdf,resources/private/past-papers/2022-2026/languages/2025/November 2025 Examination Session/Studies in language and literature/Japanese_A_Language_and_literature_paper_1_HLSL_markscheme.pdf,application/pdf,489922,c924bb3cce31ee369fe51ac6b6c25c7268aec5c13b44b6aa55291be86684fd19,2026-09-02,downloaded,size_and_sha256_verified,"Private reference copy; the source page states CC BY-NC-ND 4.0 for the webpage, but rights for the exam file are not stated and are presumed third-party/IB copyright. Do not redistribute or commit the binary.",
https://ibdocs.re/p/IB%20PAST%20PAPERS%20-%20YEAR/2025%20Examination%20Session/November%202025%20Examination%20Session/Studies%20in%20language%20and%20literature/Japanese_A_Language_and_literature_paper_1_SL.pdf,https://dl.ibdocs.re/documents/japanese-a-language-and-literature-paper-1-sl-4bcc41389f3deb85,2025,November 2025 Examination Session,Japanese A Language and Literature,Japanese; SL,question paper,November 2025 Examination Session/Studies in language and literature/Japanese_A_Language_and_literature_paper_1_SL.pdf,resources/private/past-papers/2022-2026/languages/2025/November 2025 Examination Session/Studies in language and literature/Japanese_A_Language_and_literature_paper_1_SL.pdf,application/pdf,18216197,2287a485f75a1b9a27c53a55a8550350b24f7024cad3c6fbb15dd97cf60a7e3f,2026-09-02,downloaded,size_and_sha256_verified,"Private reference copy; the source page states CC BY-NC-ND 4.0 for the webpage, but rights for the exam file are not stated and are presumed third-party/IB copyright. Do not redistribute or commit the binary.",
https://ibdocs.re/p/IB%20PAST%20PAPERS%20-%20YEAR/2025%20Examination%20Session/November%202025%20Examination%20Session/Studies%20in%20language%20and%20literature/Japanese_A_Language_and_literature_paper_2_HLSL.pdf,https://dl.ibdocs.re/documents/japanese-a-language-and-literature-paper-2-hlsl-37fd5c3fac4f5242,2025,November 2025 Examination Session,Japanese A Language and Literature,Japanese; HL/SL,question paper,November 2025 Examination Session/Studies in language and literature/Japanese_A_Language_and_literature_paper_2_HLSL.pdf,resources/private/past-papers/2022-2026/languages/2025/November 2025 Examination Session/Studies in language and literature/Japanese_A_Language_and_literature_paper_2_HLSL.pdf,application/pdf,401831,fb999171bbc103e551e44645230d1ca68657841482b9cc429c66c9c2b472707f,2026-09-02,downloaded,size_and_sha256_verified,"Private reference copy; the source page states CC BY-NC-ND 4.0 for the webpage, but rights for the exam file are not stated and are presumed third-party/IB copyright. Do not redistribute or commit the binary.",
https://ibdocs.re/p/IB%20PAST%20PAPERS%20-%20YEAR/2025%20Examination%20Session/November%202025%20Examination%20Session/Studies%20in%20language%20and%20literature/Japanese_A_Literature_paper_1_HL.pdf,https://dl.ibdocs.re/documents/japanese-a-literature-paper-1-hl-897a45de91e51dd5,2025,November 2025 Examination Session,Japanese A Literature,Japanese; HL,question paper,November 2025 Examination Session/Studies in language and literature/Japanese_A_Literature_paper_1_HL.pdf,resources/private/past-papers/2022-2026/languages/2025/November 2025 Examination Session/Studies in language and literature/Japanese_A_Literature_paper_1_HL.pdf,application/pdf,926750,09b99528e74fffe9e090a119f0fa0ce7d8447a6f54d6293a8f4b8ed256415b7a,2026-09-02,downloaded,size_and_sha256_verified,"Private reference copy; the source page states CC BY-NC-ND 4.0 for the webpage, but rights for the exam file are not stated and are presumed third-party/IB copyright. Do not redistribute or commit the binary.",
https://ibdocs.re/p/IB%20PAST%20PAPERS%20-%20YEAR/2025%20Examination%20Session/November%202025%20Examination%20Session/Studies%20in%20language%20and%20literature/Japanese_A_Literature_paper_1_HLSL_markscheme.pdf,https://dl.ibdocs.re/documents/japanese-a-literature-paper-1-hlsl-markscheme-730dde5535070cf9,2025,November 2025 Examination Session,Japanese A Literature,Japanese; HL/SL,markscheme,November 2025 Examination Session/Studies in language and literature/Japanese_A_Literature_paper_1_HLSL_markscheme.pdf,resources/private/past-papers/2022-2026/languages/2025/November 2025 Examination Session/Studies in language and literature/Japanese_A_Literature_paper_1_HLSL_markscheme.pdf,application/pdf,512875,f333019a4839d64a6c57ba2b1ef037b21a8ddedc2d58c17f728f14dc003c7c7c,2026-09-02,downloaded,size_and_sha256_verified,"Private reference copy; the source page states CC BY-NC-ND 4.0 for the webpage, but rights for the exam file are not stated and are presumed third-party/IB copyright. Do not redistribute or commit the binary.",
https://ibdocs.re/p/IB%20PAST%20PAPERS%20-%20YEAR/2025%20Examination%20Session/November%202025%20Examination%20Session/Studies%20in%20language%20and%20literature/Japanese_A_Literature_paper_1_SL.pdf,https://dl.ibdocs.re/documents/japanese-a-literature-paper-1-sl-ce86faa417a9e70a,2025,November 2025 Examination Session,Japanese A Literature,Japanese; SL,question paper,November 2025 Examination Session/Studies in language and literature/Japanese_A_Literature_paper_1_SL.pdf,resources/private/past-papers/2022-2026/languages/2025/November 2025 Examination Session/Studies in language and literature/Japanese_A_Literature_paper_1_SL.pdf,application/pdf,942839,aaeda8f847237533b2cdbe696cbcf9548ad6e7e09a98b98104305ad7be96d974,2026-09-02,downloaded,size_and_sha256_verified,"Private reference copy; the source page states CC BY-NC-ND 4.0 for the webpage, but rights for the exam file are not stated and are presumed third-party/IB copyright. Do not redistribute or commit the binary.",
https://ibdocs.re/p/IB%20PAST%20PAPERS%20-%20YEAR/2025%20Examination%20Session/November%202025%20Examination%20Session/Studies%20in%20language%20and%20literature/Japanese_A_Literature_paper_2_HLSL.pdf,https://dl.ibdocs.re/documents/japanese-a-literature-paper-2-hlsl-56d533ce188ef385,2025,November 2025 Examination Session,Japanese A Literature,Japanese; HL/SL,question paper,November 2025 Examination Session/Studies in language and literature/Japanese_A_Literature_paper_2_HLSL.pdf,resources/private/past-papers/2022-2026/languages/2025/November 2025 Examination Session/Studies in language and literature/Japanese_A_Literature_paper_2_HLSL.pdf,application/pdf,374238,52fb4f00ab0f5f4e0fead46a5c04cc90d5d3e507b4a63c88a1ad792e18d630f9,2026-09-02,downloaded,size_and_sha256_verified,"Private reference copy; the source page states CC BY-NC-ND 4.0 for the webpage, but rights for the exam file are not stated and are presumed third-party/IB copyright. Do not redistribute or commit the binary.",
https://ibdocs.re/p/IB%20PAST%20PAPERS%20-%20YEAR/2025%20Examination%20Session/November%202025%20Examination%20Session/Studies%20in%20language%20and%20literature/Korean_A_Language_and_literature_paper_1_HL.pdf,https://dl.ibdocs.re/documents/korean-a-language-and-literature-paper-1-hl-2ef531a6357242cb,2025,November 2025 Examination Session,Korean A Language and Literature,Korean; HL,question paper,November 2025 Examination Session/Studies in language and literature/Korean_A_Language_and_literature_paper_1_HL.pdf,resources/private/past-papers/2022-2026/languages/2025/November 2025 Examination Session/Studies in language and literature/Korean_A_Language_and_literature_paper_1_HL.pdf,application/pdf,1907147,d47d82e31a0bd260f2d409066831abef5690879026b97b6fc0bf913cecc100c2,2026-09-02,downloaded,size_and_sha256_verified,"Private reference copy; the source page states CC BY-NC-ND 4.0 for the webpage, but rights for the exam file are not stated and are presumed third-party/IB copyright. Do not redistribute or commit the binary.",
https://ibdocs.re/p/IB%20PAST%20PAPERS%20-%20YEAR/2025%20Examination%20Session/November%202025%20Examination%20Session/Studies%20in%20language%20and%20literature/Korean_A_Language_and_literature_paper_1_HLSL_markscheme.pdf,https://dl.ibdocs.re/documents/korean-a-language-and-literature-paper-1-hlsl-markscheme-481234ac72027033,2025,November 2025 Examination Session,Korean A Language and Literature,Korean; HL/SL,markscheme,November 2025 Examination Session/Studies in language and literature/Korean_A_Language_and_literature_paper_1_HLSL_markscheme.pdf,resources/private/past-papers/2022-2026/languages/2025/November 2025 Examination Session/Studies in language and literature/Korean_A_Language_and_literature_paper_1_HLSL_markscheme.pdf,application/pdf,463574,98e711763350bf79ce19f333d1470a21286aaf08240147c16fa985c645a1bf1d,2026-09-02,downloaded,size_and_sha256_verified,"Private reference copy; the source page states CC BY-NC-ND 4.0 for the webpage, but rights for the exam file are not stated and are presumed third-party/IB copyright. Do not redistribute or commit the binary.",
https://ibdocs.re/p/IB%20PAST%20PAPERS%20-%20YEAR/2025%20Examination%20Session/November%202025%20Examination%20Session/Studies%20in%20language%20and%20literature/Korean_A_Language_and_literature_paper_1_SL.pdf,https://dl.ibdocs.re/documents/korean-a-language-and-literature-paper-1-sl-6928c32c42cc48e4,2025,November 2025 Examination Session,Korean A Language and Literature,Korean; SL,question paper,November 2025 Examination Session/Studies in language and literature/Korean_A_Language_and_literature_paper_1_SL.pdf,resources/private/past-papers/2022-2026/languages/2025/November 2025 Examination Session/Studies in language and literature/Korean_A_Language_and_literature_paper_1_SL.pdf,application/pdf,1907786,dbd7419969049b86d8942fc9026464425a02891955d48dd1d2f8e8b80a110d66,2026-09-02,downloaded,size_and_sha256_verified,"Private reference copy; the source page states CC BY-NC-ND 4.0 for the webpage, but rights for the exam file are not stated and are presumed third-party/IB copyright. Do not redistribute or commit the binary.",
https://ibdocs.re/p/IB%20PAST%20PAPERS%20-%20YEAR/2025%20Examination%20Session/November%202025%20Examination%20Session/Studies%20in%20language%20and%20literature/Korean_A_Language_and_literature_paper_2_HLSL.pdf,https://dl.ibdocs.re/documents/korean-a-language-and-literature-paper-2-hlsl-b9ad3da5a867f893,2025,November 2025 Examination Session,Korean A Language and Literature,Korean; HL/SL,question paper,November 2025 Examination Session/Studies in language and literature/Korean_A_Language_and_literature_paper_2_HLSL.pdf,resources/private/past-papers/2022-2026/languages/2025/November 2025 Examination Session/Studies in language and literature/Korean_A_Language_and_literature_paper_2_HLSL.pdf,application/pdf,319883,95e4ccd29b11f9fcd328b936d86e926899f16f5aea633ceb45f3a1690db678dd,2026-09-02,downloaded,size_and_sha256_verified,"Private reference copy; the source page states CC BY-NC-ND 4.0 for the webpage, but rights for the exam file are not stated and are presumed third-party/IB copyright. Do not redistribute or commit the binary.",
https://ibdocs.re/p/IB%20PAST%20PAPERS%20-%20YEAR/2025%20Examination%20Session/November%202025%20Examination%20Session/Studies%20in%20language%20and%20literature/Korean_A_Literature_paper_1_HL.pdf,https://dl.ibdocs.re/documents/korean-a-literature-paper-1-hl-9a22080f1745c186,2025,November 2025 Examination Session,Korean A Literature,Korean; HL,question paper,November 2025 Examination Session/Studies in language and literature/Korean_A_Literature_paper_1_HL.pdf,resources/private/past-papers/2022-2026/languages/2025/November 2025 Examination Session/Studies in language and literature/Korean_A_Literature_paper_1_HL.pdf,application/pdf,947730,f4cbbe27d345bb153e8d24b7a38a617bd8fb0e4c1f6c5ceafc1efbfef2572568,2026-09-02,downloaded,size_and_sha256_verified,"Private reference copy; the source page states CC BY-NC-ND 4.0 for the webpage, but rights for the exam file are not stated and are presumed third-party/IB copyright. Do not redistribute or commit the binary.",
https://ibdocs.re/p/IB%20PAST%20PAPERS%20-%20YEAR/2025%20Examination%20Session/November%202025%20Examination%20Session/Studies%20in%20language%20and%20literature/Korean_A_Literature_paper_1_HLSL_markscheme.pdf,https://dl.ibdocs.re/documents/korean-a-literature-paper-1-hlsl-markscheme-9cc6b4765df56868,2025,November 2025 Examination Session,Korean A Literature,Korean; HL/SL,markscheme,November 2025 Examination Session/Studies in language and literature/Korean_A_Literature_paper_1_HLSL_markscheme.pdf,resources/private/past-papers/2022-2026/languages/2025/November 2025 Examination Session/Studies in language and literature/Korean_A_Literature_paper_1_HLSL_markscheme.pdf,application/pdf,771332,0af952372bcfa92551e95053798485628b9291cd699bbb79fc648c7295ad95a9,2026-09-02,downloaded,size_and_sha256_verified,"Private reference copy; the source page states CC BY-NC-ND 4.0 for the webpage, but rights for the exam file are not stated and are presumed third-party/IB copyright. Do not redistribute or commit the binary.",
https://ibdocs.re/p/IB%20PAST%20PAPERS%20-%20YEAR/2025%20Examination%20Session/November%202025%20Examination%20Session/Studies%20in%20language%20and%20literature/Korean_A_Literature_paper_1_SL.pdf,https://dl.ibdocs.re/documents/korean-a-literature-paper-1-sl-7e973ef6fa5efc91,2025,November 2025 Examination Session,Korean A Literature,Korean; SL,question paper,November 2025 Examination Session/Studies in language and literature/Korean_A_Literature_paper_1_SL.pdf,resources/private/past-papers/2022-2026/languages/2025/November 2025 Examination Session/Studies in language and literature/Korean_A_Literature_paper_1_SL.pdf,application/pdf,948517,16be819566ec9d9c55af5c04f26f93b971a688afaf2d73eef42a105b6035d73a,2026-09-02,downloaded,size_and_sha256_verified,"Private reference copy; the source page states CC BY-NC-ND 4.0 for the webpage, but rights for the exam file are not stated and are presumed third-party/IB copyright. Do not redistribute or commit the binary.",
https://ibdocs.re/p/IB%20PAST%20PAPERS%20-%20YEAR/2025%20Examination%20Session/November%202025%20Examination%20Session/Studies%20in%20language%20and%20literature/Korean_A_Literature_paper_2_HLSL.pdf,https://dl.ibdocs.re/documents/korean-a-literature-paper-2-hlsl-96ad71f8aefa6106,2025,November 2025 Examination Session,Korean A Literature,Korean; HL/SL,question paper,November 2025 Examination Session/Studies in language and literature/Korean_A_Literature_paper_2_HLSL.pdf,resources/private/past-papers/2022-2026/languages/2025/November 2025 Examination Session/Studies in language and literature/Korean_A_Literature_paper_2_HLSL.pdf,application/pdf,317304,eec8959144eddb4ade34dfa12e2272239780da37df6a331269470599c2e76a1c,2026-09-02,downloaded,size_and_sha256_verified,"Private reference copy; the source page states CC BY-NC-ND 4.0 for the webpage, but rights for the exam file are not stated and are presumed third-party/IB copyright. Do not redistribute or commit the binary.",
https://ibdocs.re/p/IB%20PAST%20PAPERS%20-%20YEAR/2025%20Examination%20Session/November%202025%20Examination%20Session/Studies%20in%20language%20and%20literature/Spanish_A_Language_and_literature_paper_1_HL_Spanish.pdf,https://dl.ibdocs.re/documents/spanish-a-language-and-literature-paper-1-hl-spanish-231cd53087985774,2025,November 2025 Examination Session,Spanish A Language and Literature,Spanish; HL,question paper,November 2025 Examination Session/Studies in language and literature/Spanish_A_Language_and_literature_paper_1_HL_Spanish.pdf,resources/private/past-papers/2022-2026/languages/2025/November 2025 Examination Session/Studies in language and literature/Spanish_A_Language_and_literature_paper_1_HL_Spanish.pdf,application/pdf,871189,2da9b31c1c8ec42fb3e75632e34babf2c48e1f29619365d10a375e69f46ff961,2026-09-02,downloaded,size_and_sha256_verified,"Private reference copy; the source page states CC BY-NC-ND 4.0 for the webpage, but rights for the exam file are not stated and are presumed third-party/IB copyright. Do not redistribute or commit the binary.",
https://ibdocs.re/p/IB%20PAST%20PAPERS%20-%20YEAR/2025%20Examination%20Session/November%202025%20Examination%20Session/Studies%20in%20language%20and%20literature/Spanish_A_Language_and_literature_paper_1_HLSL_markscheme_Spanish.pdf,https://dl.ibdocs.re/documents/spanish-a-language-and-literature-paper-1-hlsl-markscheme-spanish-d78cefe8153b70a4,2025,November 2025 Examination Session,Spanish A Language and Literature,Spanish; HL/SL,markscheme,November 2025 Examination Session/Studies in language and literature/Spanish_A_Language_and_literature_paper_1_HLSL_markscheme_Spanish.pdf,resources/private/past-papers/2022-2026/languages/2025/November 2025 Examination Session/Studies in language and literature/Spanish_A_Language_and_literature_paper_1_HLSL_markscheme_Spanish.pdf,application/pdf,309264,2e361ced63e57ea9362e763db6089035c3f5a3408b1cd4e7e624fca22acbc92c,2026-09-02,downloaded,size_and_sha256_verified,"Private reference copy; the source page states CC BY-NC-ND 4.0 for the webpage, but rights for the exam file are not stated and are presumed third-party/IB copyright. Do not redistribute or commit the binary.",
https://ibdocs.re/p/IB%20PAST%20PAPERS%20-%20YEAR/2025%20Examination%20Session/November%202025%20Examination%20Session/Studies%20in%20language%20and%20literature/Spanish_A_Language_and_literature_paper_1_SL_Spanish.pdf,https://dl.ibdocs.re/documents/spanish-a-language-and-literature-paper-1-sl-spanish-06c0f7248f4bdbcf,2025,November 2025 Examination Session,Spanish A Language and Literature,Spanish; SL,question paper,November 2025 Examination Session/Studies in language and literature/Spanish_A_Language_and_literature_paper_1_SL_Spanish.pdf,resources/private/past-papers/2022-2026/languages/2025/November 2025 Examination Session/Studies in language and literature/Spanish_A_Language_and_literature_paper_1_SL_Spanish.pdf,application/pdf,871232,2f9b0b4239237dd6d28497ba0032878673a26cc0a9f925a8c83f18f626a269e8,2026-09-02,downloaded,size_and_sha256_verified,"Private reference copy; the source page states CC BY-NC-ND 4.0 for the webpage, but rights for the exam file are not stated and are presumed third-party/IB copyright. Do not redistribute or commit the binary.",
https://ibdocs.re/p/IB%20PAST%20PAPERS%20-%20YEAR/2025%20Examination%20Session/November%202025%20Examination%20Session/Studies%20in%20language%20and%20literature/Spanish_A_Language_and_literature_paper_2_HLSL_Spanish.pdf,https://dl.ibdocs.re/documents/spanish-a-language-and-literature-paper-2-hlsl-spanish-972cc05cd9148ea4,2025,November 2025 Examination Session,Spanish A Language and Literature,Spanish; HL/SL,question paper,November 2025 Examination Session/Studies in language and literature/Spanish_A_Language_and_literature_paper_2_HLSL_Spanish.pdf,resources/private/past-papers/2022-2026/languages/2025/November 2025 Examination Session/Studies in language and literature/Spanish_A_Language_and_literature_paper_2_HLSL_Spanish.pdf,application/pdf,293068,de123ce037d69bf6bd993528ed3cf95827f8b0a6a8a964896e1ebb8b43693a0f,2026-09-02,downloaded,size_and_sha256_verified,"Private reference copy; the source page states CC BY-NC-ND 4.0 for the webpage, but rights for the exam file are not stated and are presumed third-party/IB copyright. Do not redistribute or commit the binary.",
https://ibdocs.re/p/IB%20PAST%20PAPERS%20-%20YEAR/2025%20Examination%20Session/November%202025%20Examination%20Session/Studies%20in%20language%20and%20literature/Spanish_A_Literature_paper_1_HL_Spanish.pdf,https://dl.ibdocs.re/documents/spanish-a-literature-paper-1-hl-spanish-32112bb05e2ac669,2025,November 2025 Examination Session,Spanish A Literature,Spanish; HL,question paper,November 2025 Examination Session/Studies in language and literature/Spanish_A_Literature_paper_1_HL_Spanish.pdf,resources/private/past-papers/2022-2026/languages/2025/November 2025 Examination Session/Studies in language and literature/Spanish_A_Literature_paper_1_HL_Spanish.pdf,application/pdf,815710,6c8078a013e113a0ed6387ab212ca45f426e27d3542b53f874869d22aef1e3b8,2026-09-02,downloaded,size_and_sha256_verified,"Private reference copy; the source page states CC BY-NC-ND 4.0 for the webpage, but rights for the exam file are not stated and are presumed third-party/IB copyright. Do not redistribute or commit the binary.",
https://ibdocs.re/p/IB%20PAST%20PAPERS%20-%20YEAR/2025%20Examination%20Session/November%202025%20Examination%20Session/Studies%20in%20language%20and%20literature/Spanish_A_Literature_paper_1_HLSL_markscheme_Spanish.pdf,https://dl.ibdocs.re/documents/spanish-a-literature-paper-1-hlsl-markscheme-spanish-078ac9a96f3137f3,2025,November 2025 Examination Session,Spanish A Literature,Spanish; HL/SL,markscheme,November 2025 Examination Session/Studies in language and literature/Spanish_A_Literature_paper_1_HLSL_markscheme_Spanish.pdf,resources/private/past-papers/2022-2026/languages/2025/November 2025 Examination Session/Studies in language and literature/Spanish_A_Literature_paper_1_HLSL_markscheme_Spanish.pdf,application/pdf,357245,b5cc98963c4efbc65603045aab6c49a605516e4afda0d7fdfa444e681599b5ff,2026-09-02,downloaded,size_and_sha256_verified,"Private reference copy; the source page states CC BY-NC-ND 4.0 for the webpage, but rights for the exam file are not stated and are presumed third-party/IB copyright. Do not redistribute or commit the binary.",
https://ibdocs.re/p/IB%20PAST%20PAPERS%20-%20YEAR/2025%20Examination%20Session/November%202025%20Examination%20Session/Studies%20in%20language%20and%20literature/Spanish_A_Literature_paper_1_SL_Spanish.pdf,https://dl.ibdocs.re/documents/spanish-a-literature-paper-1-sl-spanish-4c71844a8cff0a3a,2025,November 2025 Examination Session,Spanish A Literature,Spanish; SL,question paper,November 2025 Examination Session/Studies in language and literature/Spanish_A_Literature_paper_1_SL_Spanish.pdf,resources/private/past-papers/2022-2026/languages/2025/November 2025 Examination Session/Studies in language and literature/Spanish_A_Literature_paper_1_SL_Spanish.pdf,application/pdf,816465,7e4b8b6cca6c18d71d767f1251643782a0efdab84a5cee55bd22cfd89993a647,2026-09-02,downloaded,size_and_sha256_verified,"Private reference copy; the source page states CC BY-NC-ND 4.0 for the webpage, but rights for the exam file are not stated and are presumed third-party/IB copyright. Do not redistribute or commit the binary.",
https://ibdocs.re/p/IB%20PAST%20PAPERS%20-%20YEAR/2025%20Examination%20Session/November%202025%20Examination%20Session/Studies%20in%20language%20and%20literature/Spanish_A_Literature_paper_2_HLSL_Spanish.pdf,https://dl.ibdocs.re/documents/spanish-a-literature-paper-2-hlsl-spanish-02a8907935aefa61,2025,November 2025 Examination Session,Spanish A Literature,Spanish; HL/SL,question paper,November 2025 Examination Session/Studies in language and literature/Spanish_A_Literature_paper_2_HLSL_Spanish.pdf,resources/private/past-papers/2022-2026/languages/2025/November 2025 Examination Session/Studies in language and literature/Spanish_A_Literature_paper_2_HLSL_Spanish.pdf,application/pdf,278782,9b43bf40b65d3e1162eef3193c812434c193a359bc4ca188452d8090e8c74e30,2026-09-02,downloaded,size_and_sha256_verified,"Private reference copy; the source page states CC BY-NC-ND 4.0 for the webpage, but rights for the exam file are not stated and are presumed third-party/IB copyright. Do not redistribute or commit the binary.",
https://ibdocs.re/p/IB%20PAST%20PAPERS%20-%20YEAR/2026%20Examination%20Session/More%20Papers%20M26/English%20A%20L%26L%20Paper%201%20TZC.pdf,https://dl.ibdocs.re/documents/english-a-l-and-l-paper-1-tzc-fc970531c89b8bf8,2026,More Papers M26,English A Language and Literature,English; TZC,question paper,More Papers M26/English A L&L Paper 1 TZC.pdf,resources/private/past-papers/2022-2026/languages/2026/More Papers M26/English A L&L Paper 1 TZC.pdf,application/pdf,1699284,8808823e5848f4a32ae38ced5135238d80c4a0d63719d8f363fef5982ea3fe6d,2026-09-02,downloaded,size_and_sha256_verified,"Private reference copy; the source page states CC BY-NC-ND 4.0 for the webpage, but rights for the exam file are not stated and are presumed third-party/IB copyright. Do not redistribute or commit the binary.",
https://ibdocs.re/p/IB%20PAST%20PAPERS%20-%20YEAR/2026%20Examination%20Session/More%20Papers%20M26/English%20B%20HL%20Paper%201%20TZA.pdf,https://dl.ibdocs.re/documents/english-b-hl-paper-1-tza-1c611e43863c02c7,2026,More Papers M26,English B,English; HL; TZA,question paper,More Papers M26/English B HL Paper 1 TZA.pdf,resources/private/past-papers/2022-2026/languages/2026/More Papers M26/English B HL Paper 1 TZA.pdf,application/pdf,50019,a88b1336cdc72f178e2b106b337a7e413508b3a5b78f2ff1d508677febb680eb,2026-09-02,downloaded,size_and_sha256_verified,"Private reference copy; the source page states CC BY-NC-ND 4.0 for the webpage, but rights for the exam file are not stated and are presumed third-party/IB copyright. Do not redistribute or commit the binary.",
https://ibdocs.re/p/IB%20PAST%20PAPERS%20-%20YEAR/2026%20Examination%20Session/More%20Papers%20M26/English%20B%20HL%20Paper%202%20Listening%20TZA.pdf,https://dl.ibdocs.re/documents/english-b-hl-paper-2-listening-tza-038a459e64743447,2026,More Papers M26,English B,English; HL; TZA,listening question paper/associated material,More Papers M26/English B HL Paper 2 Listening TZA.pdf,resources/private/past-papers/2022-2026/languages/2026/More Papers M26/English B HL Paper 2 Listening TZA.pdf,application/pdf,2099720,e05f2535b9e248ca7db48d615a6c728bd3635315856ba2764fd4dd481275243e,2026-09-02,downloaded,size_and_sha256_verified,"Private reference copy; the source page states CC BY-NC-ND 4.0 for the webpage, but rights for the exam file are not stated and are presumed third-party/IB copyright. Do not redistribute or commit the binary.",
https://ibdocs.re/p/IB%20PAST%20PAPERS%20-%20YEAR/2026%20Examination%20Session/More%20Papers%20M26/English%20B%20HL%20Paper%202%20Reading%20TZA.pdf,https://dl.ibdocs.re/documents/english-b-hl-paper-2-reading-tza-796ae3a05c208a0e,2026,More Papers M26,English B,English; HL; TZA,question paper,More Papers M26/English B HL Paper 2 Reading TZA.pdf,resources/private/past-papers/2022-2026/languages/2026/More Papers M26/English B HL Paper 2 Reading TZA.pdf,application/pdf,1892195,03ba40f655c2eda91f55169d2920aca2732e6e81f6bbafae9e3a82578b0fbb7d,2026-09-02,downloaded,size_and_sha256_verified,"Private reference copy; the source page states CC BY-NC-ND 4.0 for the webpage, but rights for the exam file are not stated and are presumed third-party/IB copyright. Do not redistribute or commit the binary.",
https://ibdocs.re/p/IB%20PAST%20PAPERS%20-%20YEAR/2026%20Examination%20Session/More%20Papers%20M26/English%20B%20SL%20Paper%201%20TZA.pdf,https://dl.ibdocs.re/documents/english-b-sl-paper-1-tza-c003f5f1b80c7a8c,2026,More Papers M26,English B,English; SL; TZA,question paper,More Papers M26/English B SL Paper 1 TZA.pdf,resources/private/past-papers/2022-2026/languages/2026/More Papers M26/English B SL Paper 1 TZA.pdf,application/pdf,261022,853c8819a8370046d471892e721e9f8e7bcb27c534a12fb1443d3bec69f93965,2026-09-02,downloaded,size_and_sha256_verified,"Private reference copy; the source page states CC BY-NC-ND 4.0 for the webpage, but rights for the exam file are not stated and are presumed third-party/IB copyright. Do not redistribute or commit the binary.",
https://dl.ibdocs.re/p/IB%20PAST%20PAPERS%20-%20YEAR/2026%20Examination%20Session/More%20Papers%20M26/English%20B%20SL%20Paper%201%20TZB.png,https://dl.ibdocs.re/past-papers/2026/more-papers-m26,2026,More Papers M26,English B,English; SL; TZB,question paper,More Papers M26/English B SL Paper 1 TZB.png,resources/private/past-papers/2022-2026/languages/2026/More Papers M26/English B SL Paper 1 TZB.png,image/png,248481,f03b0716c510caf21cfa40da568c0efa441bf34384c775c6edb1794481d1efa6,2026-09-02,downloaded,size_and_sha256_verified,"Private reference copy; the source page states CC BY-NC-ND 4.0 for the webpage, but rights for the exam file are not stated and are presumed third-party/IB copyright. Do not redistribute or commit the binary.",
