year,session,subject,language,variant,material_type,filename,source_url,listing_url,local_path,status,size_bytes,sha256,retrieved_date,rights_note
2022,May 2022 Examination Session,mathematics-analysis-and-approaches,German,unspecified,question-paper,Mathematics_analysis_and_approaches_paper_1__[German]_HL.pdf,https://dl.ibdocs.re/p/IB%20PAST%20PAPERS%20-%20YEAR/2022%20Examination%20Session/May%202022%20Examination%20Session/Mathematics/Mathematics_analysis_and_approaches_paper_1__%5BGerman%5D_HL.pdf,https://dl.ibdocs.re/IB%20PAST%20PAPERS%20-%20YEAR/2022%20Examination%20Session/May%202022%20Examination%20Session/Mathematics,resources/private/past-papers/2022-2026/mathematics-sciences/2022/May 2022 Examination Session/Mathematics/Mathematics_analysis_and_approaches_paper_1__[German]_HL.pdf,already-present,667187,2496c6ea0067a5fd96eddbedb12eaf8bb7ea70d318177b7592db9eccf0084766,2026-09-02,Unofficial mirror copy; private school research/reference only; authenticity and redistribution rights not established; do not commit or redistribute.
2022,May 2022 Examination Session,mathematics-analysis-and-approaches,German,unspecified,question-paper,Mathematics_analysis_and_approaches_paper_1__[German]_SL.pdf,https://dl.ibdocs.re/p/IB%20PAST%20PAPERS%20-%20YEAR/2022%20Examination%20Session/May%202022%20Examination%20Session/Mathematics/Mathematics_analysis_and_approaches_paper_1__%5BGerman%5D_SL.pdf,https://dl.ibdocs.re/IB%20PAST%20PAPERS%20-%20YEAR/2022%20Examination%20Session/May%202022%20Examination%20Session/Mathematics,resources/private/past-papers/2022-2026/mathematics-sciences/2022/May 2022 Examination Session/Mathematics/Mathematics_analysis_and_approaches_paper_1__[German]_SL.pdf,already-present,701736,f19cfd8a7bfce130c120fda6e63fd1269b0aa980b09fada1a0c0ec30215a5d5e,2026-09-02,Unofficial mirror copy; private school research/reference only; authenticity and redistribution rights not established; do not commit or redistribute.
2022,May 2022 Examination Session,mathematics-analysis-and-approaches,French,unspecified,question-paper,Mathematics_analysis_and_approaches_paper_1__HL_French.pdf,https://dl.ibdocs.re/p/IB%20PAST%20PAPERS%20-%20YEAR/2022%20Examination%20Session/May%202022%20Examination%20Session/Mathematics/Mathematics_analysis_and_approaches_paper_1__HL_French.pdf,https://dl.ibdocs.re/IB%20PAST%20PAPERS%20-%20YEAR/2022%20Examination%20Session/May%202022%20Examination%20Session/Mathematics,resources/private/past-papers/2022-2026/mathematics-sciences/2022/May 2022 Examination Session/Mathematics/Mathematics_analysis_and_approaches_paper_1__HL_French.pdf,already-present,720842,b8e9698e47f88a969d074836a7587983ca93cf5e30ad8f16cea77993a928cc3a,2026-09-02,Unofficial mirror copy; private school research/reference only; authenticity and redistribution rights not established; do not commit or redistribute.
2022,May 2022 Examination Session,mathematics-analysis-and-approaches,Spanish,unspecified,question-paper,Mathematics_analysis_and_approaches_paper_1__HL_Spanish.pdf,https://dl.ibdocs.re/p/IB%20PAST%20PAPERS%20-%20YEAR/2022%20Examination%20Session/May%202022%20Examination%20Session/Mathematics/Mathematics_analysis_and_approaches_paper_1__HL_Spanish.pdf,https://dl.ibdocs.re/IB%20PAST%20PAPERS%20-%20YEAR/2022%20Examination%20Session/May%202022%20Examination%20Session/Mathematics,resources/private/past-papers/2022-2026/mathematics-sciences/2022/May 2022 Examination Session/Mathematics/Mathematics_analysis_and_approaches_paper_1__HL_Spanish.pdf,already-present,720707,e08ea0e85e076fa4f58748bc127b3348f62cd8da6739c93c2be9f71c430a5c11,2026-09-02,Unofficial mirror copy; private school research/reference only; authenticity and redistribution rights not established; do not commit or redistribute.
2022,May 2022 Examination Session,mathematics-analysis-and-approaches,French,unspecified,question-paper,Mathematics_analysis_and_approaches_paper_1__SL_French.pdf,https://dl.ibdocs.re/p/IB%20PAST%20PAPERS%20-%20YEAR/2022%20Examination%20Session/May%202022%20Examination%20Session/Mathematics/Mathematics_analysis_and_approaches_paper_1__SL_French.pdf,https://dl.ibdocs.re/IB%20PAST%20PAPERS%20-%20YEAR/2022%20Examination%20Session/May%202022%20Examination%20Session/Mathematics,resources/private/past-papers/2022-2026/mathematics-sciences/2022/May 2022 Examination Session/Mathematics/Mathematics_analysis_and_approaches_paper_1__SL_French.pdf,already-present,699610,736e8017d117b87ce81ac7ba42d17d70e59719fa320a853872cca416ebcee32c,2026-09-02,Unofficial mirror copy; private school research/reference only; authenticity and redistribution rights not established; do not commit or redistribute.
2022,May 2022 Examination Session,mathematics-analysis-and-approaches,Spanish,unspecified,question-paper,Mathematics_analysis_and_approaches_paper_1__SL_Spanish.pdf,https://dl.ibdocs.re/p/IB%20PAST%20PAPERS%20-%20YEAR/2022%20Examination%20Session/May%202022%20Examination%20Session/Mathematics/Mathematics_analysis_and_approaches_paper_1__SL_Spanish.pdf,https://dl.ibdocs.re/IB%20PAST%20PAPERS%20-%20YEAR/2022%20Examination%20Session/May%202022%20Examination%20Session/Mathematics,resources/private/past-papers/2022-2026/mathematics-sciences/2022/May 2022 Examination Session/Mathematics/Mathematics_analysis_and_approaches_paper_1__SL_Spanish.pdf,already-present,695719,675e7f5032328b9d5ce678ea6c00c94f09588ad837f4ecf75bcfda78263bca3c,2026-09-02,Unofficial mirror copy; private school research/reference only; authenticity and redistribution rights not established; do not commit or redistribute.
2022,May 2022 Examination Session,mathematics-analysis-and-approaches,English or unspecified,unspecified,markscheme,Mathematics_analysis_and_approaches_paper_1__TZ1_HL_markscheme.pdf,https://dl.ibdocs.re/p/IB%20PAST%20PAPERS%20-%20YEAR/2022%20Examination%20Session/May%202022%20Examination%20Session/Mathematics/Mathematics_analysis_and_approaches_paper_1__TZ1_HL_markscheme.pdf,https://dl.ibdocs.re/IB%20PAST%20PAPERS%20-%20YEAR/2022%20Examination%20Session/May%202022%20Examination%20Session/Mathematics,resources/private/past-papers/2022-2026/mathematics-sciences/2022/May 2022 Examination Session/Mathematics/Mathematics_analysis_and_approaches_paper_1__TZ1_HL_markscheme.pdf,already-present,1594551,4010ce338830f983f8398e03e7c03bc7a237cbec59eaa2532e456cbbc3c15741,2026-09-02,Unofficial mirror copy; private school research/reference only; authenticity and redistribution rights not established; do not commit or redistribute.
2022,May 2022 Examination Session,mathematics-analysis-and-approaches,English or unspecified,unspecified,question-paper,Mathematics_analysis_and_approaches_paper_1__TZ1_HL.pdf,https://dl.ibdocs.re/p/IB%20PAST%20PAPERS%20-%20YEAR/2022%20Examination%20Session/May%202022%20Examination%20Session/Mathematics/Mathematics_analysis_and_approaches_paper_1__TZ1_HL.pdf,https://dl.ibdocs.re/IB%20PAST%20PAPERS%20-%20YEAR/2022%20Examination%20Session/May%202022%20Examination%20Session/Mathematics,resources/private/past-papers/2022-2026/mathematics-sciences/2022/May 2022 Examination Session/Mathematics/Mathematics_analysis_and_approaches_paper_1__TZ1_HL.pdf,already-present,614754,d37a2226450fb5e3b2007ff792c2f2a7f47ca6f2116c4522c7d7dcdc26ab4063,2026-09-02,Unofficial mirror copy; private school research/reference only; authenticity and redistribution rights not established; do not commit or redistribute.
2022,May 2022 Examination Session,mathematics-analysis-and-approaches,English or unspecified,unspecified,markscheme,Mathematics_analysis_and_approaches_paper_1__TZ1_SL_markscheme.pdf,https://dl.ibdocs.re/p/IB%20PAST%20PAPERS%20-%20YEAR/2022%20Examination%20Session/May%202022%20Examination%20Session/Mathematics/Mathematics_analysis_and_approaches_paper_1__TZ1_SL_markscheme.pdf,https://dl.ibdocs.re/IB%20PAST%20PAPERS%20-%20YEAR/2022%20Examination%20Session/May%202022%20Examination%20Session/Mathematics,resources/private/past-papers/2022-2026/mathematics-sciences/2022/May 2022 Examination Session/Mathematics/Mathematics_analysis_and_approaches_paper_1__TZ1_SL_markscheme.pdf,already-present,1341202,320fcbed32b9cbba54097f261d46cb5f162f72a590e6f136cdd446a6f8ecd9a7,2026-09-02,Unofficial mirror copy; private school research/reference only; authenticity and redistribution rights not established; do not commit or redistribute.
2022,May 2022 Examination Session,mathematics-analysis-and-approaches,English or unspecified,unspecified,question-paper,Mathematics_analysis_and_approaches_paper_1__TZ1_SL.pdf,https://dl.ibdocs.re/p/IB%20PAST%20PAPERS%20-%20YEAR/2022%20Examination%20Session/May%202022%20Examination%20Session/Mathematics/Mathematics_analysis_and_approaches_paper_1__TZ1_SL.pdf,https://dl.ibdocs.re/IB%20PAST%20PAPERS%20-%20YEAR/2022%20Examination%20Session/May%202022%20Examination%20Session/Mathematics,resources/private/past-papers/2022-2026/mathematics-sciences/2022/May 2022 Examination Session/Mathematics/Mathematics_analysis_and_approaches_paper_1__TZ1_SL.pdf,already-present,584886,1e79dfab9c1cce5a1f71b3532d5f67e55ddfe3caff5f145f0c7434f9ad414428,2026-09-02,Unofficial mirror copy; private school research/reference only; authenticity and redistribution rights not established; do not commit or redistribute.
2022,May 2022 Examination Session,mathematics-analysis-and-approaches,English or unspecified,unspecified,markscheme,Mathematics_analysis_and_approaches_paper_1__TZ2_HL_markscheme.pdf,https://dl.ibdocs.re/p/IB%20PAST%20PAPERS%20-%20YEAR/2022%20Examination%20Session/May%202022%20Examination%20Session/Mathematics/Mathematics_analysis_and_approaches_paper_1__TZ2_HL_markscheme.pdf,https://dl.ibdocs.re/IB%20PAST%20PAPERS%20-%20YEAR/2022%20Examination%20Session/May%202022%20Examination%20Session/Mathematics,resources/private/past-papers/2022-2026/mathematics-sciences/2022/May 2022 Examination Session/Mathematics/Mathematics_analysis_and_approaches_paper_1__TZ2_HL_markscheme.pdf,already-present,1704973,3b8bc92ec537f0edf66a54b536b366681264c6f8ad7763c674f279bd738d8d65,2026-09-02,Unofficial mirror copy; private school research/reference only; authenticity and redistribution rights not established; do not commit or redistribute.
2022,May 2022 Examination Session,mathematics-analysis-and-approaches,English or unspecified,unspecified,question-paper,Mathematics_analysis_and_approaches_paper_1__TZ2_HL.pdf,https://dl.ibdocs.re/p/IB%20PAST%20PAPERS%20-%20YEAR/2022%20Examination%20Session/May%202022%20Examination%20Session/Mathematics/Mathematics_analysis_and_approaches_paper_1__TZ2_HL.pdf,https://dl.ibdocs.re/IB%20PAST%20PAPERS%20-%20YEAR/2022%20Examination%20Session/May%202022%20Examination%20Session/Mathematics,resources/private/past-papers/2022-2026/mathematics-sciences/2022/May 2022 Examination Session/Mathematics/Mathematics_analysis_and_approaches_paper_1__TZ2_HL.pdf,already-present,695762,17630d45b4d5ffac9ee60edec5e45d1367d3fbcc13810cd368ff31d567993625,2026-09-02,Unofficial mirror copy; private school research/reference only; authenticity and redistribution rights not established; do not commit or redistribute.
2022,May 2022 Examination Session,mathematics-analysis-and-approaches,English or unspecified,unspecified,markscheme,Mathematics_analysis_and_approaches_paper_1__TZ2_SL_markscheme.pdf,https://dl.ibdocs.re/p/IB%20PAST%20PAPERS%20-%20YEAR/2022%20Examination%20Session/May%202022%20Examination%20Session/Mathematics/Mathematics_analysis_and_approaches_paper_1__TZ2_SL_markscheme.pdf,https://dl.ibdocs.re/IB%20PAST%20PAPERS%20-%20YEAR/2022%20Examination%20Session/May%202022%20Examination%20Session/Mathematics,resources/private/past-papers/2022-2026/mathematics-sciences/2022/May 2022 Examination Session/Mathematics/Mathematics_analysis_and_approaches_paper_1__TZ2_SL_markscheme.pdf,already-present,1295642,bc29c40bf3c7bf3d5e4b9bf4220ac7bc4abb2f8b66cab8d32368e2f4ebf518d5,2026-09-02,Unofficial mirror copy; private school research/reference only; authenticity and redistribution rights not established; do not commit or redistribute.
2022,May 2022 Examination Session,mathematics-analysis-and-approaches,English or unspecified,unspecified,question-paper,Mathematics_analysis_and_approaches_paper_1__TZ2_SL.pdf,https://dl.ibdocs.re/p/IB%20PAST%20PAPERS%20-%20YEAR/2022%20Examination%20Session/May%202022%20Examination%20Session/Mathematics/Mathematics_analysis_and_approaches_paper_1__TZ2_SL.pdf,https://dl.ibdocs.re/IB%20PAST%20PAPERS%20-%20YEAR/2022%20Examination%20Session/May%202022%20Examination%20Session/Mathematics,resources/private/past-papers/2022-2026/mathematics-sciences/2022/May 2022 Examination Session/Mathematics/Mathematics_analysis_and_approaches_paper_1__TZ2_SL.pdf,already-present,695182,52adc5435ea7b90d1fbc352fa00840fdca542eb386f671eb2df433adb81f5a7f,2026-09-02,Unofficial mirror copy; private school research/reference only; authenticity and redistribution rights not established; do not commit or redistribute.
2022,May 2022 Examination Session,mathematics-analysis-and-approaches,German,unspecified,question-paper,Mathematics_analysis_and_approaches_paper_2__[German]_HL.pdf,https://dl.ibdocs.re/p/IB%20PAST%20PAPERS%20-%20YEAR/2022%20Examination%20Session/May%202022%20Examination%20Session/Mathematics/Mathematics_analysis_and_approaches_paper_2__%5BGerman%5D_HL.pdf,https://dl.ibdocs.re/IB%20PAST%20PAPERS%20-%20YEAR/2022%20Examination%20Session/May%202022%20Examination%20Session/Mathematics,resources/private/past-papers/2022-2026/mathematics-sciences/2022/May 2022 Examination Session/Mathematics/Mathematics_analysis_and_approaches_paper_2__[German]_HL.pdf,already-present,663555,7fa63639ce40600f7fcef3a737088a9bdb4965aaf63c4031ea29be15d7829144,2026-09-02,Unofficial mirror copy; private school research/reference only; authenticity and redistribution rights not established; do not commit or redistribute.
2022,May 2022 Examination Session,mathematics-analysis-and-approaches,German,unspecified,question-paper,Mathematics_analysis_and_approaches_paper_2__[German]_SL.pdf,https://dl.ibdocs.re/p/IB%20PAST%20PAPERS%20-%20YEAR/2022%20Examination%20Session/May%202022%20Examination%20Session/Mathematics/Mathematics_analysis_and_approaches_paper_2__%5BGerman%5D_SL.pdf,https://dl.ibdocs.re/IB%20PAST%20PAPERS%20-%20YEAR/2022%20Examination%20Session/May%202022%20Examination%20Session/Mathematics,resources/private/past-papers/2022-2026/mathematics-sciences/2022/May 2022 Examination Session/Mathematics/Mathematics_analysis_and_approaches_paper_2__[German]_SL.pdf,already-present,634376,1335ccbf5088be76606c4bb592537b70b8875750eb45621083053bdbfe50190d,2026-09-02,Unofficial mirror copy; private school research/reference only; authenticity and redistribution rights not established; do not commit or redistribute.
2022,May 2022 Examination Session,mathematics-analysis-and-approaches,French,unspecified,question-paper,Mathematics_analysis_and_approaches_paper_2__HL_French.pdf,https://dl.ibdocs.re/p/IB%20PAST%20PAPERS%20-%20YEAR/2022%20Examination%20Session/May%202022%20Examination%20Session/Mathematics/Mathematics_analysis_and_approaches_paper_2__HL_French.pdf,https://dl.ibdocs.re/IB%20PAST%20PAPERS%20-%20YEAR/2022%20Examination%20Session/May%202022%20Examination%20Session/Mathematics,resources/private/past-papers/2022-2026/mathematics-sciences/2022/May 2022 Examination Session/Mathematics/Mathematics_analysis_and_approaches_paper_2__HL_French.pdf,already-present,683444,30716f0f5b250ff203a1324f2a35e6a9fa6e96721936c55b731bbf0b5347f494,2026-09-02,Unofficial mirror copy; private school research/reference only; authenticity and redistribution rights not established; do not commit or redistribute.
2022,May 2022 Examination Session,mathematics-analysis-and-approaches,Spanish,unspecified,question-paper,Mathematics_analysis_and_approaches_paper_2__HL_Spanish.pdf,https://dl.ibdocs.re/p/IB%20PAST%20PAPERS%20-%20YEAR/2022%20Examination%20Session/May%202022%20Examination%20Session/Mathematics/Mathematics_analysis_and_approaches_paper_2__HL_Spanish.pdf,https://dl.ibdocs.re/IB%20PAST%20PAPERS%20-%20YEAR/2022%20Examination%20Session/May%202022%20Examination%20Session/Mathematics,resources/private/past-papers/2022-2026/mathematics-sciences/2022/May 2022 Examination Session/Mathematics/Mathematics_analysis_and_approaches_paper_2__HL_Spanish.pdf,already-present,683784,fc859978e5b94f122c8a36831359109d07b6b6452789524d4279569a9c3c926c,2026-09-02,Unofficial mirror copy; private school research/reference only; authenticity and redistribution rights not established; do not commit or redistribute.
2022,May 2022 Examination Session,mathematics-analysis-and-approaches,French,unspecified,question-paper,Mathematics_analysis_and_approaches_paper_2__SL_French.pdf,https://dl.ibdocs.re/p/IB%20PAST%20PAPERS%20-%20YEAR/2022%20Examination%20Session/May%202022%20Examination%20Session/Mathematics/Mathematics_analysis_and_approaches_paper_2__SL_French.pdf,https://dl.ibdocs.re/IB%20PAST%20PAPERS%20-%20YEAR/2022%20Examination%20Session/May%202022%20Examination%20Session/Mathematics,resources/private/past-papers/2022-2026/mathematics-sciences/2022/May 2022 Examination Session/Mathematics/Mathematics_analysis_and_approaches_paper_2__SL_French.pdf,already-present,617472,9ee591021462ee4da69bb0760d0f1847fb995ae1a0739a2578bf9ebf4a66b525,2026-09-02,Unofficial mirror copy; private school research/reference only; authenticity and redistribution rights not established; do not commit or redistribute.
2022,May 2022 Examination Session,mathematics-analysis-and-approaches,Spanish,unspecified,question-paper,Mathematics_analysis_and_approaches_paper_2__SL_Spanish.pdf,https://dl.ibdocs.re/p/IB%20PAST%20PAPERS%20-%20YEAR/2022%20Examination%20Session/May%202022%20Examination%20Session/Mathematics/Mathematics_analysis_and_approaches_paper_2__SL_Spanish.pdf,https://dl.ibdocs.re/IB%20PAST%20PAPERS%20-%20YEAR/2022%20Examination%20Session/May%202022%20Examination%20Session/Mathematics,resources/private/past-papers/2022-2026/mathematics-sciences/2022/May 2022 Examination Session/Mathematics/Mathematics_analysis_and_approaches_paper_2__SL_Spanish.pdf,already-present,618252,7807f48ba839dcb152a660dc41e913825ccba13ea9dd23b3a07060db152e12de,2026-09-02,Unofficial mirror copy; private school research/reference only; authenticity and redistribution rights not established; do not commit or redistribute.
2022,May 2022 Examination Session,mathematics-analysis-and-approaches,English or unspecified,unspecified,markscheme,Mathematics_analysis_and_approaches_paper_2__TZ1_HL_markscheme.pdf,https://dl.ibdocs.re/p/IB%20PAST%20PAPERS%20-%20YEAR/2022%20Examination%20Session/May%202022%20Examination%20Session/Mathematics/Mathematics_analysis_and_approaches_paper_2__TZ1_HL_markscheme.pdf,https://dl.ibdocs.re/IB%20PAST%20PAPERS%20-%20YEAR/2022%20Examination%20Session/May%202022%20Examination%20Session/Mathematics,resources/private/past-papers/2022-2026/mathematics-sciences/2022/May 2022 Examination Session/Mathematics/Mathematics_analysis_and_approaches_paper_2__TZ1_HL_markscheme.pdf,already-present,1685600,aa35a68e03fef4715d32a1c8a12bdb114ad63caa7c75a9c8c35df0a66d4c38da,2026-09-02,Unofficial mirror copy; private school research/reference only; authenticity and redistribution rights not established; do not commit or redistribute.
2022,May 2022 Examination Session,mathematics-analysis-and-approaches,English or unspecified,unspecified,question-paper,Mathematics_analysis_and_approaches_paper_2__TZ1_HL.pdf,https://dl.ibdocs.re/p/IB%20PAST%20PAPERS%20-%20YEAR/2022%20Examination%20Session/May%202022%20Examination%20Session/Mathematics/Mathematics_analysis_and_approaches_paper_2__TZ1_HL.pdf,https://dl.ibdocs.re/IB%20PAST%20PAPERS%20-%20YEAR/2022%20Examination%20Session/May%202022%20Examination%20Session/Mathematics,resources/private/past-papers/2022-2026/mathematics-sciences/2022/May 2022 Examination Session/Mathematics/Mathematics_analysis_and_approaches_paper_2__TZ1_HL.pdf,already-present,683271,2b42eb961a8199255bf60938e50dc1ee4b65a3849c2c8ab0aafbe3716013c7be,2026-09-02,Unofficial mirror copy; private school research/reference only; authenticity and redistribution rights not established; do not commit or redistribute.
2022,May 2022 Examination Session,mathematics-analysis-and-approaches,English or unspecified,unspecified,markscheme,Mathematics_analysis_and_approaches_paper_2__TZ1_SL_markscheme.pdf,https://dl.ibdocs.re/p/IB%20PAST%20PAPERS%20-%20YEAR/2022%20Examination%20Session/May%202022%20Examination%20Session/Mathematics/Mathematics_analysis_and_approaches_paper_2__TZ1_SL_markscheme.pdf,https://dl.ibdocs.re/IB%20PAST%20PAPERS%20-%20YEAR/2022%20Examination%20Session/May%202022%20Examination%20Session/Mathematics,resources/private/past-papers/2022-2026/mathematics-sciences/2022/May 2022 Examination Session/Mathematics/Mathematics_analysis_and_approaches_paper_2__TZ1_SL_markscheme.pdf,already-present,1335039,49e784c67068cb5318ebec9082d79e178db8a3f268a05995e092b1246bfafbe7,2026-09-02,Unofficial mirror copy; private school research/reference only; authenticity and redistribution rights not established; do not commit or redistribute.
2022,May 2022 Examination Session,mathematics-analysis-and-approaches,English or unspecified,unspecified,question-paper,Mathematics_analysis_and_approaches_paper_2__TZ1_SL.pdf,https://dl.ibdocs.re/p/IB%20PAST%20PAPERS%20-%20YEAR/2022%20Examination%20Session/May%202022%20Examination%20Session/Mathematics/Mathematics_analysis_and_approaches_paper_2__TZ1_SL.pdf,https://dl.ibdocs.re/IB%20PAST%20PAPERS%20-%20YEAR/2022%20Examination%20Session/May%202022%20Examination%20Session/Mathematics,resources/private/past-papers/2022-2026/mathematics-sciences/2022/May 2022 Examination Session/Mathematics/Mathematics_analysis_and_approaches_paper_2__TZ1_SL.pdf,already-present,605017,b1f26423c13160004a99eb6c5e7a3ee261b0fc29ab35b7c6fbc4b0d4e38fc6e4,2026-09-02,Unofficial mirror copy; private school research/reference only; authenticity and redistribution rights not established; do not commit or redistribute.
2022,May 2022 Examination Session,mathematics-analysis-and-approaches,English or unspecified,unspecified,markscheme,Mathematics_analysis_and_approaches_paper_2__TZ2_HL_markscheme.pdf,https://dl.ibdocs.re/p/IB%20PAST%20PAPERS%20-%20YEAR/2022%20Examination%20Session/May%202022%20Examination%20Session/Mathematics/Mathematics_analysis_and_approaches_paper_2__TZ2_HL_markscheme.pdf,https://dl.ibdocs.re/IB%20PAST%20PAPERS%20-%20YEAR/2022%20Examination%20Session/May%202022%20Examination%20Session/Mathematics,resources/private/past-papers/2022-2026/mathematics-sciences/2022/May 2022 Examination Session/Mathematics/Mathematics_analysis_and_approaches_paper_2__TZ2_HL_markscheme.pdf,already-present,1777080,a2ddef4a14688e2f4524d6f6a69417a65c06169097b71a01a94dc9a077b2276c,2026-09-02,Unofficial mirror copy; private school research/reference only; authenticity and redistribution rights not established; do not commit or redistribute.
2022,May 2022 Examination Session,mathematics-analysis-and-approaches,English or unspecified,unspecified,question-paper,Mathematics_analysis_and_approaches_paper_2__TZ2_HL.pdf,https://dl.ibdocs.re/p/IB%20PAST%20PAPERS%20-%20YEAR/2022%20Examination%20Session/May%202022%20Examination%20Session/Mathematics/Mathematics_analysis_and_approaches_paper_2__TZ2_HL.pdf,https://dl.ibdocs.re/IB%20PAST%20PAPERS%20-%20YEAR/2022%20Examination%20Session/May%202022%20Examination%20Session/Mathematics,resources/private/past-papers/2022-2026/mathematics-sciences/2022/May 2022 Examination Session/Mathematics/Mathematics_analysis_and_approaches_paper_2__TZ2_HL.pdf,already-present,680617,31aeeca624f1661808de1268c80e43e0ea960d639c94b0d524d5baabe9838d28,2026-09-02,Unofficial mirror copy; private school research/reference only; authenticity and redistribution rights not established; do not commit or redistribute.
2022,May 2022 Examination Session,mathematics-analysis-and-approaches,English or unspecified,unspecified,markscheme,Mathematics_analysis_and_approaches_paper_2__TZ2_SL_markscheme.pdf,https://dl.ibdocs.re/p/IB%20PAST%20PAPERS%20-%20YEAR/2022%20Examination%20Session/May%202022%20Examination%20Session/Mathematics/Mathematics_analysis_and_approaches_paper_2__TZ2_SL_markscheme.pdf,https://dl.ibdocs.re/IB%20PAST%20PAPERS%20-%20YEAR/2022%20Examination%20Session/May%202022%20Examination%20Session/Mathematics,resources/private/past-papers/2022-2026/mathematics-sciences/2022/May 2022 Examination Session/Mathematics/Mathematics_analysis_and_approaches_paper_2__TZ2_SL_markscheme.pdf,already-present,1311413,477714329d8fa51ada2105e3c743cea2dceee6f50075a244eeb0fc309be6053d,2026-09-02,Unofficial mirror copy; private school research/reference only; authenticity and redistribution rights not established; do not commit or redistribute.
2022,May 2022 Examination Session,mathematics-analysis-and-approaches,English or unspecified,unspecified,question-paper,Mathematics_analysis_and_approaches_paper_2__TZ2_SL.pdf,https://dl.ibdocs.re/p/IB%20PAST%20PAPERS%20-%20YEAR/2022%20Examination%20Session/May%202022%20Examination%20Session/Mathematics/Mathematics_analysis_and_approaches_paper_2__TZ2_SL.pdf,https://dl.ibdocs.re/IB%20PAST%20PAPERS%20-%20YEAR/2022%20Examination%20Session/May%202022%20Examination%20Session/Mathematics,resources/private/past-papers/2022-2026/mathematics-sciences/2022/May 2022 Examination Session/Mathematics/Mathematics_analysis_and_approaches_paper_2__TZ2_SL.pdf,already-present,615142,014f6f5dc535505355c999427e4b497e37f118d1a79e64bb55a704bc99afec7f,2026-09-02,Unofficial mirror copy; private school research/reference only; authenticity and redistribution rights not established; do not commit or redistribute.
2022,May 2022 Examination Session,mathematics-analysis-and-approaches,German,unspecified,question-paper,Mathematics_analysis_and_approaches_paper_3__[German]_HL.pdf,https://dl.ibdocs.re/p/IB%20PAST%20PAPERS%20-%20YEAR/2022%20Examination%20Session/May%202022%20Examination%20Session/Mathematics/Mathematics_analysis_and_approaches_paper_3__%5BGerman%5D_HL.pdf,https://dl.ibdocs.re/IB%20PAST%20PAPERS%20-%20YEAR/2022%20Examination%20Session/May%202022%20Examination%20Session/Mathematics,resources/private/past-papers/2022-2026/mathematics-sciences/2022/May 2022 Examination Session/Mathematics/Mathematics_analysis_and_approaches_paper_3__[German]_HL.pdf,already-present,402017,d992386d1725f686e181f64b1bdc427c440d6ea3eaa4adeb9e4690ab7a0ed561,2026-09-02,Unofficial mirror copy; private school research/reference only; authenticity and redistribution rights not established; do not commit or redistribute.
2022,May 2022 Examination Session,mathematics-analysis-and-approaches,French,unspecified,question-paper,Mathematics_analysis_and_approaches_paper_3__HL_French.pdf,https://dl.ibdocs.re/p/IB%20PAST%20PAPERS%20-%20YEAR/2022%20Examination%20Session/May%202022%20Examination%20Session/Mathematics/Mathematics_analysis_and_approaches_paper_3__HL_French.pdf,https://dl.ibdocs.re/IB%20PAST%20PAPERS%20-%20YEAR/2022%20Examination%20Session/May%202022%20Examination%20Session/Mathematics,resources/private/past-papers/2022-2026/mathematics-sciences/2022/May 2022 Examination Session/Mathematics/Mathematics_analysis_and_approaches_paper_3__HL_French.pdf,already-present,399808,86710da522f7d0075bf995ed7697ad6e9479a73c5d08a851144ded9f018adc40,2026-09-02,Unofficial mirror copy; private school research/reference only; authenticity and redistribution rights not established; do not commit or redistribute.
2022,May 2022 Examination Session,mathematics-analysis-and-approaches,Spanish,unspecified,question-paper,Mathematics_analysis_and_approaches_paper_3__HL_Spanish.pdf,https://dl.ibdocs.re/p/IB%20PAST%20PAPERS%20-%20YEAR/2022%20Examination%20Session/May%202022%20Examination%20Session/Mathematics/Mathematics_analysis_and_approaches_paper_3__HL_Spanish.pdf,https://dl.ibdocs.re/IB%20PAST%20PAPERS%20-%20YEAR/2022%20Examination%20Session/May%202022%20Examination%20Session/Mathematics,resources/private/past-papers/2022-2026/mathematics-sciences/2022/May 2022 Examination Session/Mathematics/Mathematics_analysis_and_approaches_paper_3__HL_Spanish.pdf,already-present,395578,cccaf5307860d1dea759f37cfbd85cca440701438392bfc87594adcbb4f6f4e4,2026-09-02,Unofficial mirror copy; private school research/reference only; authenticity and redistribution rights not established; do not commit or redistribute.
2022,May 2022 Examination Session,mathematics-analysis-and-approaches,English or unspecified,unspecified,markscheme,Mathematics_analysis_and_approaches_paper_3__TZ1_HL_markscheme.pdf,https://dl.ibdocs.re/p/IB%20PAST%20PAPERS%20-%20YEAR/2022%20Examination%20Session/May%202022%20Examination%20Session/Mathematics/Mathematics_analysis_and_approaches_paper_3__TZ1_HL_markscheme.pdf,https://dl.ibdocs.re/IB%20PAST%20PAPERS%20-%20YEAR/2022%20Examination%20Session/May%202022%20Examination%20Session/Mathematics,resources/private/past-papers/2022-2026/mathematics-sciences/2022/May 2022 Examination Session/Mathematics/Mathematics_analysis_and_approaches_paper_3__TZ1_HL_markscheme.pdf,already-present,1338165,f8698acc47bafa06cadad5a67758685cd23857d89455b5f0f9d469ce531899c0,2026-09-02,Unofficial mirror copy; private school research/reference only; authenticity and redistribution rights not established; do not commit or redistribute.
2022,May 2022 Examination Session,mathematics-analysis-and-approaches,English or unspecified,unspecified,question-paper,Mathematics_analysis_and_approaches_paper_3__TZ1_HL.pdf,https://dl.ibdocs.re/p/IB%20PAST%20PAPERS%20-%20YEAR/2022%20Examination%20Session/May%202022%20Examination%20Session/Mathematics/Mathematics_analysis_and_approaches_paper_3__TZ1_HL.pdf,https://dl.ibdocs.re/IB%20PAST%20PAPERS%20-%20YEAR/2022%20Examination%20Session/May%202022%20Examination%20Session/Mathematics,resources/private/past-papers/2022-2026/mathematics-sciences/2022/May 2022 Examination Session/Mathematics/Mathematics_analysis_and_approaches_paper_3__TZ1_HL.pdf,already-present,465684,2119ab049d2627df80e41184b08c9121a7c13aafccce6efdca6d24d92e572397,2026-09-02,Unofficial mirror copy; private school research/reference only; authenticity and redistribution rights not established; do not commit or redistribute.
2022,May 2022 Examination Session,mathematics-analysis-and-approaches,English or unspecified,unspecified,markscheme,Mathematics_analysis_and_approaches_paper_3__TZ2_HL_markscheme.pdf,https://dl.ibdocs.re/p/IB%20PAST%20PAPERS%20-%20YEAR/2022%20Examination%20Session/May%202022%20Examination%20Session/Mathematics/Mathematics_analysis_and_approaches_paper_3__TZ2_HL_markscheme.pdf,https://dl.ibdocs.re/IB%20PAST%20PAPERS%20-%20YEAR/2022%20Examination%20Session/May%202022%20Examination%20Session/Mathematics,resources/private/past-papers/2022-2026/mathematics-sciences/2022/May 2022 Examination Session/Mathematics/Mathematics_analysis_and_approaches_paper_3__TZ2_HL_markscheme.pdf,already-present,1276937,2b74b99970341621e80ead4355dae213f7cad36de14f9e3cb51fa3422c5e6444,2026-09-02,Unofficial mirror copy; private school research/reference only; authenticity and redistribution rights not established; do not commit or redistribute.
2022,May 2022 Examination Session,mathematics-analysis-and-approaches,English or unspecified,unspecified,question-paper,Mathematics_analysis_and_approaches_paper_3__TZ2_HL.pdf,https://dl.ibdocs.re/p/IB%20PAST%20PAPERS%20-%20YEAR/2022%20Examination%20Session/May%202022%20Examination%20Session/Mathematics/Mathematics_analysis_and_approaches_paper_3__TZ2_HL.pdf,https://dl.ibdocs.re/IB%20PAST%20PAPERS%20-%20YEAR/2022%20Examination%20Session/May%202022%20Examination%20Session/Mathematics,resources/private/past-papers/2022-2026/mathematics-sciences/2022/May 2022 Examination Session/Mathematics/Mathematics_analysis_and_approaches_paper_3__TZ2_HL.pdf,already-present,389019,e1651dbde26a94df158429ed39860a5d5372ee49c78f3efd4fbd8ca9d581b817,2026-09-02,Unofficial mirror copy; private school research/reference only; authenticity and redistribution rights not established; do not commit or redistribute.
2022,May 2022 Examination Session,mathematics-applications-and-interpretation,French,unspecified,question-paper,Mathematics_applications_and_interpretation_paper_1__HL_French.pdf,https://dl.ibdocs.re/p/IB%20PAST%20PAPERS%20-%20YEAR/2022%20Examination%20Session/May%202022%20Examination%20Session/Mathematics/Mathematics_applications_and_interpretation_paper_1__HL_French.pdf,https://dl.ibdocs.re/IB%20PAST%20PAPERS%20-%20YEAR/2022%20Examination%20Session/May%202022%20Examination%20Session/Mathematics,resources/private/past-papers/2022-2026/mathematics-sciences/2022/May 2022 Examination Session/Mathematics/Mathematics_applications_and_interpretation_paper_1__HL_French.pdf,already-present,1378141,714be358a57df43d4ab8d54712e43d12f0a6e1347ed641c9f06e29e09a61800f,2026-09-02,Unofficial mirror copy; private school research/reference only; authenticity and redistribution rights not established; do not commit or redistribute.
2022,May 2022 Examination Session,mathematics-applications-and-interpretation,Spanish,unspecified,question-paper,Mathematics_applications_and_interpretation_paper_1__HL_Spanish.pdf,https://dl.ibdocs.re/p/IB%20PAST%20PAPERS%20-%20YEAR/2022%20Examination%20Session/May%202022%20Examination%20Session/Mathematics/Mathematics_applications_and_interpretation_paper_1__HL_Spanish.pdf,https://dl.ibdocs.re/IB%20PAST%20PAPERS%20-%20YEAR/2022%20Examination%20Session/May%202022%20Examination%20Session/Mathematics,resources/private/past-papers/2022-2026/mathematics-sciences/2022/May 2022 Examination Session/Mathematics/Mathematics_applications_and_interpretation_paper_1__HL_Spanish.pdf,already-present,1378818,1cd7b5f5169bf5e9cae086558f9f5946309b8c0c38d69a89ee9f1eddc4e8e0ed,2026-09-02,Unofficial mirror copy; private school research/reference only; authenticity and redistribution rights not established; do not commit or redistribute.
2022,May 2022 Examination Session,mathematics-applications-and-interpretation,French,unspecified,question-paper,Mathematics_applications_and_interpretation_paper_1__SL_French.pdf,https://dl.ibdocs.re/p/IB%20PAST%20PAPERS%20-%20YEAR/2022%20Examination%20Session/May%202022%20Examination%20Session/Mathematics/Mathematics_applications_and_interpretation_paper_1__SL_French.pdf,https://dl.ibdocs.re/IB%20PAST%20PAPERS%20-%20YEAR/2022%20Examination%20Session/May%202022%20Examination%20Session/Mathematics,resources/private/past-papers/2022-2026/mathematics-sciences/2022/May 2022 Examination Session/Mathematics/Mathematics_applications_and_interpretation_paper_1__SL_French.pdf,already-present,1264432,a49f3628f38c9e63b91baed34a23ce90007c0835a8f3658c46f23e941c2673ac,2026-09-02,Unofficial mirror copy; private school research/reference only; authenticity and redistribution rights not established; do not commit or redistribute.
2022,May 2022 Examination Session,mathematics-applications-and-interpretation,Spanish,unspecified,question-paper,Mathematics_applications_and_interpretation_paper_1__SL_Spanish.pdf,https://dl.ibdocs.re/p/IB%20PAST%20PAPERS%20-%20YEAR/2022%20Examination%20Session/May%202022%20Examination%20Session/Mathematics/Mathematics_applications_and_interpretation_paper_1__SL_Spanish.pdf,https://dl.ibdocs.re/IB%20PAST%20PAPERS%20-%20YEAR/2022%20Examination%20Session/May%202022%20Examination%20Session/Mathematics,resources/private/past-papers/2022-2026/mathematics-sciences/2022/May 2022 Examination Session/Mathematics/Mathematics_applications_and_interpretation_paper_1__SL_Spanish.pdf,already-present,1265444,e0de9ff59dd5d04a678bd07ea3070c5802589cceb4d0fea1db221551acbebf19,2026-09-02,Unofficial mirror copy; private school research/reference only; authenticity and redistribution rights not established; do not commit or redistribute.
2022,May 2022 Examination Session,mathematics-applications-and-interpretation,English or unspecified,unspecified,markscheme,Mathematics_applications_and_interpretation_paper_1__TZ1_HL_markscheme.pdf,https://dl.ibdocs.re/p/IB%20PAST%20PAPERS%20-%20YEAR/2022%20Examination%20Session/May%202022%20Examination%20Session/Mathematics/Mathematics_applications_and_interpretation_paper_1__TZ1_HL_markscheme.pdf,https://dl.ibdocs.re/IB%20PAST%20PAPERS%20-%20YEAR/2022%20Examination%20Session/May%202022%20Examination%20Session/Mathematics,resources/private/past-papers/2022-2026/mathematics-sciences/2022/May 2022 Examination Session/Mathematics/Mathematics_applications_and_interpretation_paper_1__TZ1_HL_markscheme.pdf,already-present,686711,9c6a8ba7b876ae7fdef8c1d175399fc0fcaf1efa0de0f46f7c2a2a3646a32b5b,2026-09-02,Unofficial mirror copy; private school research/reference only; authenticity and redistribution rights not established; do not commit or redistribute.
2022,May 2022 Examination Session,mathematics-applications-and-interpretation,English or unspecified,unspecified,question-paper,Mathematics_applications_and_interpretation_paper_1__TZ1_HL.pdf,https://dl.ibdocs.re/p/IB%20PAST%20PAPERS%20-%20YEAR/2022%20Examination%20Session/May%202022%20Examination%20Session/Mathematics/Mathematics_applications_and_interpretation_paper_1__TZ1_HL.pdf,https://dl.ibdocs.re/IB%20PAST%20PAPERS%20-%20YEAR/2022%20Examination%20Session/May%202022%20Examination%20Session/Mathematics,resources/private/past-papers/2022-2026/mathematics-sciences/2022/May 2022 Examination Session/Mathematics/Mathematics_applications_and_interpretation_paper_1__TZ1_HL.pdf,already-present,830829,d0f273bea85bdd3210c86e7a0407f4aa5a273e1b1daf049936f476d6355f42cf,2026-09-02,Unofficial mirror copy; private school research/reference only; authenticity and redistribution rights not established; do not commit or redistribute.
2022,May 2022 Examination Session,mathematics-applications-and-interpretation,English or unspecified,unspecified,markscheme,Mathematics_applications_and_interpretation_paper_1__TZ1_SL_markscheme.pdf,https://dl.ibdocs.re/p/IB%20PAST%20PAPERS%20-%20YEAR/2022%20Examination%20Session/May%202022%20Examination%20Session/Mathematics/Mathematics_applications_and_interpretation_paper_1__TZ1_SL_markscheme.pdf,https://dl.ibdocs.re/IB%20PAST%20PAPERS%20-%20YEAR/2022%20Examination%20Session/May%202022%20Examination%20Session/Mathematics,resources/private/past-papers/2022-2026/mathematics-sciences/2022/May 2022 Examination Session/Mathematics/Mathematics_applications_and_interpretation_paper_1__TZ1_SL_markscheme.pdf,already-present,586515,d564634ea52aaa2403cefba2cc9b3c777f022fd95a84892c1184c7f1ae660ba9,2026-09-02,Unofficial mirror copy; private school research/reference only; authenticity and redistribution rights not established; do not commit or redistribute.
2022,May 2022 Examination Session,mathematics-applications-and-interpretation,English or unspecified,unspecified,question-paper,Mathematics_applications_and_interpretation_paper_1__TZ1_SL.pdf,https://dl.ibdocs.re/p/IB%20PAST%20PAPERS%20-%20YEAR/2022%20Examination%20Session/May%202022%20Examination%20Session/Mathematics/Mathematics_applications_and_interpretation_paper_1__TZ1_SL.pdf,https://dl.ibdocs.re/IB%20PAST%20PAPERS%20-%20YEAR/2022%20Examination%20Session/May%202022%20Examination%20Session/Mathematics,resources/private/past-papers/2022-2026/mathematics-sciences/2022/May 2022 Examination Session/Mathematics/Mathematics_applications_and_interpretation_paper_1__TZ1_SL.pdf,already-present,814911,7c30f92811af96e3835ccab871f13bbda2a834b228b314563cca1d2b234e7774,2026-09-02,Unofficial mirror copy; private school research/reference only; authenticity and redistribution rights not established; do not commit or redistribute.
2022,May 2022 Examination Session,mathematics-applications-and-interpretation,English or unspecified,unspecified,markscheme,Mathematics_applications_and_interpretation_paper_1__TZ2_HL_markscheme.pdf,https://dl.ibdocs.re/p/IB%20PAST%20PAPERS%20-%20YEAR/2022%20Examination%20Session/May%202022%20Examination%20Session/Mathematics/Mathematics_applications_and_interpretation_paper_1__TZ2_HL_markscheme.pdf,https://dl.ibdocs.re/IB%20PAST%20PAPERS%20-%20YEAR/2022%20Examination%20Session/May%202022%20Examination%20Session/Mathematics,resources/private/past-papers/2022-2026/mathematics-sciences/2022/May 2022 Examination Session/Mathematics/Mathematics_applications_and_interpretation_paper_1__TZ2_HL_markscheme.pdf,already-present,557534,87a789ec12abe2a7b87474d633de85aa42850d78d67a1b8f7f7e34fbaf9229ba,2026-09-02,Unofficial mirror copy; private school research/reference only; authenticity and redistribution rights not established; do not commit or redistribute.
2022,May 2022 Examination Session,mathematics-applications-and-interpretation,English or unspecified,unspecified,question-paper,Mathematics_applications_and_interpretation_paper_1__TZ2_HL.pdf,https://dl.ibdocs.re/p/IB%20PAST%20PAPERS%20-%20YEAR/2022%20Examination%20Session/May%202022%20Examination%20Session/Mathematics/Mathematics_applications_and_interpretation_paper_1__TZ2_HL.pdf,https://dl.ibdocs.re/IB%20PAST%20PAPERS%20-%20YEAR/2022%20Examination%20Session/May%202022%20Examination%20Session/Mathematics,resources/private/past-papers/2022-2026/mathematics-sciences/2022/May 2022 Examination Session/Mathematics/Mathematics_applications_and_interpretation_paper_1__TZ2_HL.pdf,already-present,1376107,1da84921d380538e40482ccd6899b1bd647017ba3d9758b81754ca443d8d3839,2026-09-02,Unofficial mirror copy; private school research/reference only; authenticity and redistribution rights not established; do not commit or redistribute.
2022,May 2022 Examination Session,mathematics-applications-and-interpretation,English or unspecified,unspecified,markscheme,Mathematics_applications_and_interpretation_paper_1__TZ2_SL_markscheme.pdf,https://dl.ibdocs.re/p/IB%20PAST%20PAPERS%20-%20YEAR/2022%20Examination%20Session/May%202022%20Examination%20Session/Mathematics/Mathematics_applications_and_interpretation_paper_1__TZ2_SL_markscheme.pdf,https://dl.ibdocs.re/IB%20PAST%20PAPERS%20-%20YEAR/2022%20Examination%20Session/May%202022%20Examination%20Session/Mathematics,resources/private/past-papers/2022-2026/mathematics-sciences/2022/May 2022 Examination Session/Mathematics/Mathematics_applications_and_interpretation_paper_1__TZ2_SL_markscheme.pdf,already-present,612489,c304d547753bd99ed23f4745f0c771e1515c8e20b6b72f43272e520b2c3b0ef7,2026-09-02,Unofficial mirror copy; private school research/reference only; authenticity and redistribution rights not established; do not commit or redistribute.
2022,May 2022 Examination Session,mathematics-applications-and-interpretation,English or unspecified,unspecified,question-paper,Mathematics_applications_and_interpretation_paper_1__TZ2_SL.pdf,https://dl.ibdocs.re/p/IB%20PAST%20PAPERS%20-%20YEAR/2022%20Examination%20Session/May%202022%20Examination%20Session/Mathematics/Mathematics_applications_and_interpretation_paper_1__TZ2_SL.pdf,https://dl.ibdocs.re/IB%20PAST%20PAPERS%20-%20YEAR/2022%20Examination%20Session/May%202022%20Examination%20Session/Mathematics,resources/private/past-papers/2022-2026/mathematics-sciences/2022/May 2022 Examination Session/Mathematics/Mathematics_applications_and_interpretation_paper_1__TZ2_SL.pdf,already-present,1262460,fb8cecb5a71325e8499d4820b6ce71408db0f12a28f4a360c1870394a4ca9323,2026-09-02,Unofficial mirror copy; private school research/reference only; authenticity and redistribution rights not established; do not commit or redistribute.
2022,May 2022 Examination Session,mathematics-applications-and-interpretation,French,unspecified,question-paper,Mathematics_applications_and_interpretation_paper_2__HL_French.pdf,https://dl.ibdocs.re/p/IB%20PAST%20PAPERS%20-%20YEAR/2022%20Examination%20Session/May%202022%20Examination%20Session/Mathematics/Mathematics_applications_and_interpretation_paper_2__HL_French.pdf,https://dl.ibdocs.re/IB%20PAST%20PAPERS%20-%20YEAR/2022%20Examination%20Session/May%202022%20Examination%20Session/Mathematics,resources/private/past-papers/2022-2026/mathematics-sciences/2022/May 2022 Examination Session/Mathematics/Mathematics_applications_and_interpretation_paper_2__HL_French.pdf,already-present,489949,14e1ac7c3ccde74ac4c2a4ca391058d6c8b36499effa2053773c8c3b038bec77,2026-09-02,Unofficial mirror copy; private school research/reference only; authenticity and redistribution rights not established; do not commit or redistribute.
2022,May 2022 Examination Session,mathematics-applications-and-interpretation,Spanish,unspecified,question-paper,Mathematics_applications_and_interpretation_paper_2__HL_Spanish.pdf,https://dl.ibdocs.re/p/IB%20PAST%20PAPERS%20-%20YEAR/2022%20Examination%20Session/May%202022%20Examination%20Session/Mathematics/Mathematics_applications_and_interpretation_paper_2__HL_Spanish.pdf,https://dl.ibdocs.re/IB%20PAST%20PAPERS%20-%20YEAR/2022%20Examination%20Session/May%202022%20Examination%20Session/Mathematics,resources/private/past-papers/2022-2026/mathematics-sciences/2022/May 2022 Examination Session/Mathematics/Mathematics_applications_and_interpretation_paper_2__HL_Spanish.pdf,already-present,481719,0771abefec2951ca255619166b83b9525d7c090c2a5f8d3e99cb83e3157656c3,2026-09-02,Unofficial mirror copy; private school research/reference only; authenticity and redistribution rights not established; do not commit or redistribute.
2022,May 2022 Examination Session,mathematics-applications-and-interpretation,French,unspecified,question-paper,Mathematics_applications_and_interpretation_paper_2__SL_French.pdf,https://dl.ibdocs.re/p/IB%20PAST%20PAPERS%20-%20YEAR/2022%20Examination%20Session/May%202022%20Examination%20Session/Mathematics/Mathematics_applications_and_interpretation_paper_2__SL_French.pdf,https://dl.ibdocs.re/IB%20PAST%20PAPERS%20-%20YEAR/2022%20Examination%20Session/May%202022%20Examination%20Session/Mathematics,resources/private/past-papers/2022-2026/mathematics-sciences/2022/May 2022 Examination Session/Mathematics/Mathematics_applications_and_interpretation_paper_2__SL_French.pdf,already-present,599198,cc8742aedb69e639b6b79f6c4cd83619150b296ac4046bf3930ec6606a44c2fb,2026-09-02,Unofficial mirror copy; private school research/reference only; authenticity and redistribution rights not established; do not commit or redistribute.
2022,May 2022 Examination Session,mathematics-applications-and-interpretation,Spanish,unspecified,question-paper,Mathematics_applications_and_interpretation_paper_2__SL_Spanish.pdf,https://dl.ibdocs.re/p/IB%20PAST%20PAPERS%20-%20YEAR/2022%20Examination%20Session/May%202022%20Examination%20Session/Mathematics/Mathematics_applications_and_interpretation_paper_2__SL_Spanish.pdf,https://dl.ibdocs.re/IB%20PAST%20PAPERS%20-%20YEAR/2022%20Examination%20Session/May%202022%20Examination%20Session/Mathematics,resources/private/past-papers/2022-2026/mathematics-sciences/2022/May 2022 Examination Session/Mathematics/Mathematics_applications_and_interpretation_paper_2__SL_Spanish.pdf,already-present,614824,6c474a27ec4cc86d9e638969b668e77ad6c40d441cf06e02174c3775983af835,2026-09-02,Unofficial mirror copy; private school research/reference only; authenticity and redistribution rights not established; do not commit or redistribute.
2022,May 2022 Examination Session,mathematics-applications-and-interpretation,English or unspecified,unspecified,markscheme,Mathematics_applications_and_interpretation_paper_2__TZ1_HL_markscheme.pdf,https://dl.ibdocs.re/p/IB%20PAST%20PAPERS%20-%20YEAR/2022%20Examination%20Session/May%202022%20Examination%20Session/Mathematics/Mathematics_applications_and_interpretation_paper_2__TZ1_HL_markscheme.pdf,https://dl.ibdocs.re/IB%20PAST%20PAPERS%20-%20YEAR/2022%20Examination%20Session/May%202022%20Examination%20Session/Mathematics,resources/private/past-papers/2022-2026/mathematics-sciences/2022/May 2022 Examination Session/Mathematics/Mathematics_applications_and_interpretation_paper_2__TZ1_HL_markscheme.pdf,already-present,679187,2d47834e07e28c03b50e6e94fe080add3dab117638c2a5cd8731b7cba545f3a7,2026-09-02,Unofficial mirror copy; private school research/reference only; authenticity and redistribution rights not established; do not commit or redistribute.
2022,May 2022 Examination Session,mathematics-applications-and-interpretation,English or unspecified,unspecified,question-paper,Mathematics_applications_and_interpretation_paper_2__TZ1_HL.pdf,https://dl.ibdocs.re/p/IB%20PAST%20PAPERS%20-%20YEAR/2022%20Examination%20Session/May%202022%20Examination%20Session/Mathematics/Mathematics_applications_and_interpretation_paper_2__TZ1_HL.pdf,https://dl.ibdocs.re/IB%20PAST%20PAPERS%20-%20YEAR/2022%20Examination%20Session/May%202022%20Examination%20Session/Mathematics,resources/private/past-papers/2022-2026/mathematics-sciences/2022/May 2022 Examination Session/Mathematics/Mathematics_applications_and_interpretation_paper_2__TZ1_HL.pdf,already-present,689729,71053431826d0d8c52a12f82e541b72a3df0bd1e5fcce83f5a9454917b2e732a,2026-09-02,Unofficial mirror copy; private school research/reference only; authenticity and redistribution rights not established; do not commit or redistribute.
2022,May 2022 Examination Session,mathematics-applications-and-interpretation,English or unspecified,unspecified,markscheme,Mathematics_applications_and_interpretation_paper_2__TZ1_SL_markscheme.pdf,https://dl.ibdocs.re/p/IB%20PAST%20PAPERS%20-%20YEAR/2022%20Examination%20Session/May%202022%20Examination%20Session/Mathematics/Mathematics_applications_and_interpretation_paper_2__TZ1_SL_markscheme.pdf,https://dl.ibdocs.re/IB%20PAST%20PAPERS%20-%20YEAR/2022%20Examination%20Session/May%202022%20Examination%20Session/Mathematics,resources/private/past-papers/2022-2026/mathematics-sciences/2022/May 2022 Examination Session/Mathematics/Mathematics_applications_and_interpretation_paper_2__TZ1_SL_markscheme.pdf,already-present,564797,491316a4f68989c63d46055d2ecbff051fee39a9f85833ad723c7257b5abb534,2026-09-02,Unofficial mirror copy; private school research/reference only; authenticity and redistribution rights not established; do not commit or redistribute.
2022,May 2022 Examination Session,mathematics-applications-and-interpretation,English or unspecified,unspecified,question-paper,Mathematics_applications_and_interpretation_paper_2__TZ1_SL.pdf,https://dl.ibdocs.re/p/IB%20PAST%20PAPERS%20-%20YEAR/2022%20Examination%20Session/May%202022%20Examination%20Session/Mathematics/Mathematics_applications_and_interpretation_paper_2__TZ1_SL.pdf,https://dl.ibdocs.re/IB%20PAST%20PAPERS%20-%20YEAR/2022%20Examination%20Session/May%202022%20Examination%20Session/Mathematics,resources/private/past-papers/2022-2026/mathematics-sciences/2022/May 2022 Examination Session/Mathematics/Mathematics_applications_and_interpretation_paper_2__TZ1_SL.pdf,already-present,659712,e88e6fdd705d9a1f69ba0f713f5c18e4829ac31fa6f5ef73017ed16c93ff372a,2026-09-02,Unofficial mirror copy; private school research/reference only; authenticity and redistribution rights not established; do not commit or redistribute.
2022,May 2022 Examination Session,mathematics-applications-and-interpretation,English or unspecified,unspecified,markscheme,Mathematics_applications_and_interpretation_paper_2__TZ2_HL_markscheme.pdf,https://dl.ibdocs.re/p/IB%20PAST%20PAPERS%20-%20YEAR/2022%20Examination%20Session/May%202022%20Examination%20Session/Mathematics/Mathematics_applications_and_interpretation_paper_2__TZ2_HL_markscheme.pdf,https://dl.ibdocs.re/IB%20PAST%20PAPERS%20-%20YEAR/2022%20Examination%20Session/May%202022%20Examination%20Session/Mathematics,resources/private/past-papers/2022-2026/mathematics-sciences/2022/May 2022 Examination Session/Mathematics/Mathematics_applications_and_interpretation_paper_2__TZ2_HL_markscheme.pdf,already-present,624691,6269632a8059016dccadfd0ccd2853de871e6c7e34eb7583499fb0f8c6999868,2026-09-02,Unofficial mirror copy; private school research/reference only; authenticity and redistribution rights not established; do not commit or redistribute.
2022,May 2022 Examination Session,mathematics-applications-and-interpretation,English or unspecified,unspecified,question-paper,Mathematics_applications_and_interpretation_paper_2__TZ2_HL.pdf,https://dl.ibdocs.re/p/IB%20PAST%20PAPERS%20-%20YEAR/2022%20Examination%20Session/May%202022%20Examination%20Session/Mathematics/Mathematics_applications_and_interpretation_paper_2__TZ2_HL.pdf,https://dl.ibdocs.re/IB%20PAST%20PAPERS%20-%20YEAR/2022%20Examination%20Session/May%202022%20Examination%20Session/Mathematics,resources/private/past-papers/2022-2026/mathematics-sciences/2022/May 2022 Examination Session/Mathematics/Mathematics_applications_and_interpretation_paper_2__TZ2_HL.pdf,already-present,480597,e1b28c1c1ba59f624bff6774535f0714f5f06ec3a3d16fd3fe8ad4c1e4fa7589,2026-09-02,Unofficial mirror copy; private school research/reference only; authenticity and redistribution rights not established; do not commit or redistribute.
2022,May 2022 Examination Session,mathematics-applications-and-interpretation,English or unspecified,unspecified,markscheme,Mathematics_applications_and_interpretation_paper_2__TZ2_SL_markscheme.pdf,https://dl.ibdocs.re/p/IB%20PAST%20PAPERS%20-%20YEAR/2022%20Examination%20Session/May%202022%20Examination%20Session/Mathematics/Mathematics_applications_and_interpretation_paper_2__TZ2_SL_markscheme.pdf,https://dl.ibdocs.re/IB%20PAST%20PAPERS%20-%20YEAR/2022%20Examination%20Session/May%202022%20Examination%20Session/Mathematics,resources/private/past-papers/2022-2026/mathematics-sciences/2022/May 2022 Examination Session/Mathematics/Mathematics_applications_and_interpretation_paper_2__TZ2_SL_markscheme.pdf,already-present,508302,282f17f7f3ad6822d5139fb4d632af151a69d80e9aa35d36599815e6d9ad10b4,2026-09-02,Unofficial mirror copy; private school research/reference only; authenticity and redistribution rights not established; do not commit or redistribute.
2022,May 2022 Examination Session,mathematics-applications-and-interpretation,English or unspecified,unspecified,question-paper,Mathematics_applications_and_interpretation_paper_2__TZ2_SL.pdf,https://dl.ibdocs.re/p/IB%20PAST%20PAPERS%20-%20YEAR/2022%20Examination%20Session/May%202022%20Examination%20Session/Mathematics/Mathematics_applications_and_interpretation_paper_2__TZ2_SL.pdf,https://dl.ibdocs.re/IB%20PAST%20PAPERS%20-%20YEAR/2022%20Examination%20Session/May%202022%20Examination%20Session/Mathematics,resources/private/past-papers/2022-2026/mathematics-sciences/2022/May 2022 Examination Session/Mathematics/Mathematics_applications_and_interpretation_paper_2__TZ2_SL.pdf,already-present,899577,8c1a62ddb0bdf7a6455782aeef36bbdf590c2477b9942dc71efeb69da57889e6,2026-09-02,Unofficial mirror copy; private school research/reference only; authenticity and redistribution rights not established; do not commit or redistribute.
2022,May 2022 Examination Session,mathematics-applications-and-interpretation,French,unspecified,question-paper,Mathematics_applications_and_interpretation_paper_3__HL_French.pdf,https://dl.ibdocs.re/p/IB%20PAST%20PAPERS%20-%20YEAR/2022%20Examination%20Session/May%202022%20Examination%20Session/Mathematics/Mathematics_applications_and_interpretation_paper_3__HL_French.pdf,https://dl.ibdocs.re/IB%20PAST%20PAPERS%20-%20YEAR/2022%20Examination%20Session/May%202022%20Examination%20Session/Mathematics,resources/private/past-papers/2022-2026/mathematics-sciences/2022/May 2022 Examination Session/Mathematics/Mathematics_applications_and_interpretation_paper_3__HL_French.pdf,already-present,458123,2e74beeccc10286b94a29c88c8d2fcc8e2fd46c9f7120aa5679e61d8d7a53501,2026-09-02,Unofficial mirror copy; private school research/reference only; authenticity and redistribution rights not established; do not commit or redistribute.
2022,May 2022 Examination Session,mathematics-applications-and-interpretation,Spanish,unspecified,question-paper,Mathematics_applications_and_interpretation_paper_3__HL_Spanish.pdf,https://dl.ibdocs.re/p/IB%20PAST%20PAPERS%20-%20YEAR/2022%20Examination%20Session/May%202022%20Examination%20Session/Mathematics/Mathematics_applications_and_interpretation_paper_3__HL_Spanish.pdf,https://dl.ibdocs.re/IB%20PAST%20PAPERS%20-%20YEAR/2022%20Examination%20Session/May%202022%20Examination%20Session/Mathematics,resources/private/past-papers/2022-2026/mathematics-sciences/2022/May 2022 Examination Session/Mathematics/Mathematics_applications_and_interpretation_paper_3__HL_Spanish.pdf,already-present,451803,5ace3b475c1947975f251b143b7ed7cae419f0355ff732c22b6e52a67525ac35,2026-09-02,Unofficial mirror copy; private school research/reference only; authenticity and redistribution rights not established; do not commit or redistribute.
2022,May 2022 Examination Session,mathematics-applications-and-interpretation,English or unspecified,unspecified,markscheme,Mathematics_applications_and_interpretation_paper_3__TZ1_HL_markscheme.pdf,https://dl.ibdocs.re/p/IB%20PAST%20PAPERS%20-%20YEAR/2022%20Examination%20Session/May%202022%20Examination%20Session/Mathematics/Mathematics_applications_and_interpretation_paper_3__TZ1_HL_markscheme.pdf,https://dl.ibdocs.re/IB%20PAST%20PAPERS%20-%20YEAR/2022%20Examination%20Session/May%202022%20Examination%20Session/Mathematics,resources/private/past-papers/2022-2026/mathematics-sciences/2022/May 2022 Examination Session/Mathematics/Mathematics_applications_and_interpretation_paper_3__TZ1_HL_markscheme.pdf,already-present,506209,ed21ba047055958ebb1a1c2ba59720613ca2a60ece722031490adb0eb3789961,2026-09-02,Unofficial mirror copy; private school research/reference only; authenticity and redistribution rights not established; do not commit or redistribute.
2022,May 2022 Examination Session,mathematics-applications-and-interpretation,English or unspecified,unspecified,question-paper,Mathematics_applications_and_interpretation_paper_3__TZ1_HL.pdf,https://dl.ibdocs.re/p/IB%20PAST%20PAPERS%20-%20YEAR/2022%20Examination%20Session/May%202022%20Examination%20Session/Mathematics/Mathematics_applications_and_interpretation_paper_3__TZ1_HL.pdf,https://dl.ibdocs.re/IB%20PAST%20PAPERS%20-%20YEAR/2022%20Examination%20Session/May%202022%20Examination%20Session/Mathematics,resources/private/past-papers/2022-2026/mathematics-sciences/2022/May 2022 Examination Session/Mathematics/Mathematics_applications_and_interpretation_paper_3__TZ1_HL.pdf,already-present,463462,23fd39d9d15cd10563d4800e2305292f7cc3992a8b3a1bbafd21b5bfab75969b,2026-09-02,Unofficial mirror copy; private school research/reference only; authenticity and redistribution rights not established; do not commit or redistribute.
2022,May 2022 Examination Session,mathematics-applications-and-interpretation,English or unspecified,unspecified,markscheme,Mathematics_applications_and_interpretation_paper_3__TZ2_HL_markscheme.pdf,https://dl.ibdocs.re/p/IB%20PAST%20PAPERS%20-%20YEAR/2022%20Examination%20Session/May%202022%20Examination%20Session/Mathematics/Mathematics_applications_and_interpretation_paper_3__TZ2_HL_markscheme.pdf,https://dl.ibdocs.re/IB%20PAST%20PAPERS%20-%20YEAR/2022%20Examination%20Session/May%202022%20Examination%20Session/Mathematics,resources/private/past-papers/2022-2026/mathematics-sciences/2022/May 2022 Examination Session/Mathematics/Mathematics_applications_and_interpretation_paper_3__TZ2_HL_markscheme.pdf,already-present,681412,8495d45090432e83a236beaf6f6fd0ea135ee0748ec1ab5c90626c5dbb82e9c0,2026-09-02,Unofficial mirror copy; private school research/reference only; authenticity and redistribution rights not established; do not commit or redistribute.
2022,May 2022 Examination Session,mathematics-applications-and-interpretation,English or unspecified,unspecified,question-paper,Mathematics_applications_and_interpretation_paper_3__TZ2_HL.pdf,https://dl.ibdocs.re/p/IB%20PAST%20PAPERS%20-%20YEAR/2022%20Examination%20Session/May%202022%20Examination%20Session/Mathematics/Mathematics_applications_and_interpretation_paper_3__TZ2_HL.pdf,https://dl.ibdocs.re/IB%20PAST%20PAPERS%20-%20YEAR/2022%20Examination%20Session/May%202022%20Examination%20Session/Mathematics,resources/private/past-papers/2022-2026/mathematics-sciences/2022/May 2022 Examination Session/Mathematics/Mathematics_applications_and_interpretation_paper_3__TZ2_HL.pdf,already-present,448951,feaa514d0f424cd20df4a857b64f621a33e70ef861017f824d974f5e6140f948,2026-09-02,Unofficial mirror copy; private school research/reference only; authenticity and redistribution rights not established; do not commit or redistribute.
2022,More Papers N22,mathematics-analysis-and-approaches,English or unspecified,unspecified,question-paper,Mathematics_analysis_and_approaches_paper_1__TZ0_HL.pdf,https://dl.ibdocs.re/p/IB%20PAST%20PAPERS%20-%20YEAR/2022%20Examination%20Session/More%20Papers%20N22/Group%205%20-%20Mathematics/Mathematics%20AA/Mathematics_analysis_and_approaches_paper_1__TZ0_HL.pdf,https://dl.ibdocs.re/IB%20PAST%20PAPERS%20-%20YEAR/2022%20Examination%20Session/More%20Papers%20N22/Group%205%20-%20Mathematics/Mathematics%20AA,resources/private/past-papers/2022-2026/mathematics-sciences/2022/More Papers N22/Group 5 - Mathematics/Mathematics AA/Mathematics_analysis_and_approaches_paper_1__TZ0_HL.pdf,already-present,282394,5ab999018c5220a1e17c61a9a665a4fed4f86aee43a321d3cc877d5eed51d83a,2026-09-02,Unofficial mirror copy; private school research/reference only; authenticity and redistribution rights not established; do not commit or redistribute.
2022,More Papers N22,mathematics-analysis-and-approaches,English or unspecified,unspecified,question-paper,Mathematics_analysis_and_approaches_paper_1__TZ0_SL.pdf,https://dl.ibdocs.re/p/IB%20PAST%20PAPERS%20-%20YEAR/2022%20Examination%20Session/More%20Papers%20N22/Group%205%20-%20Mathematics/Mathematics%20AA/Mathematics_analysis_and_approaches_paper_1__TZ0_SL.pdf,https://dl.ibdocs.re/IB%20PAST%20PAPERS%20-%20YEAR/2022%20Examination%20Session/More%20Papers%20N22/Group%205%20-%20Mathematics/Mathematics%20AA,resources/private/past-papers/2022-2026/mathematics-sciences/2022/More Papers N22/Group 5 - Mathematics/Mathematics AA/Mathematics_analysis_and_approaches_paper_1__TZ0_SL.pdf,already-present,410866,a891173d38cb38b6b3e70ed89dc2902557928d5c12ca1593e2f962fc5db263f4,2026-09-02,Unofficial mirror copy; private school research/reference only; authenticity and redistribution rights not established; do not commit or redistribute.
2022,More Papers N22,mathematics-analysis-and-approaches,English or unspecified,unspecified,question-paper,Mathematics_analysis_and_approaches_paper_2__TZ0_HL.pdf,https://dl.ibdocs.re/p/IB%20PAST%20PAPERS%20-%20YEAR/2022%20Examination%20Session/More%20Papers%20N22/Group%205%20-%20Mathematics/Mathematics%20AA/Mathematics_analysis_and_approaches_paper_2__TZ0_HL.pdf,https://dl.ibdocs.re/IB%20PAST%20PAPERS%20-%20YEAR/2022%20Examination%20Session/More%20Papers%20N22/Group%205%20-%20Mathematics/Mathematics%20AA,resources/private/past-papers/2022-2026/mathematics-sciences/2022/More Papers N22/Group 5 - Mathematics/Mathematics AA/Mathematics_analysis_and_approaches_paper_2__TZ0_HL.pdf,already-present,298971,b13985ef61eba845eb95c78039de5a733dc9a9e2cc7d2431e801fca99c6fb651,2026-09-02,Unofficial mirror copy; private school research/reference only; authenticity and redistribution rights not established; do not commit or redistribute.
2022,More Papers N22,mathematics-analysis-and-approaches,English or unspecified,unspecified,question-paper,Mathematics_analysis_and_approaches_paper_2__TZ0_SL.pdf,https://dl.ibdocs.re/p/IB%20PAST%20PAPERS%20-%20YEAR/2022%20Examination%20Session/More%20Papers%20N22/Group%205%20-%20Mathematics/Mathematics%20AA/Mathematics_analysis_and_approaches_paper_2__TZ0_SL.pdf,https://dl.ibdocs.re/IB%20PAST%20PAPERS%20-%20YEAR/2022%20Examination%20Session/More%20Papers%20N22/Group%205%20-%20Mathematics/Mathematics%20AA,resources/private/past-papers/2022-2026/mathematics-sciences/2022/More Papers N22/Group 5 - Mathematics/Mathematics AA/Mathematics_analysis_and_approaches_paper_2__TZ0_SL.pdf,already-present,366700,32b93a7f7a1c3a73b10820def5b9488b1e30c2de3486a8019242f909afc6c172,2026-09-02,Unofficial mirror copy; private school research/reference only; authenticity and redistribution rights not established; do not commit or redistribute.
2022,More Papers N22,mathematics-analysis-and-approaches,English or unspecified,unspecified,other-associated-material,N22 Math AAHL P3.pdf,https://dl.ibdocs.re/p/IB%20PAST%20PAPERS%20-%20YEAR/2022%20Examination%20Session/More%20Papers%20N22/Group%205%20-%20Mathematics/Mathematics%20AA/N22%20Math%20AAHL%20P3.pdf,https://dl.ibdocs.re/IB%20PAST%20PAPERS%20-%20YEAR/2022%20Examination%20Session/More%20Papers%20N22/Group%205%20-%20Mathematics/Mathematics%20AA,resources/private/past-papers/2022-2026/mathematics-sciences/2022/More Papers N22/Group 5 - Mathematics/Mathematics AA/N22 Math AAHL P3.pdf,already-present,89845,f8d9249639c1622318a3fef4b82d22f6195c21738f4b0b2ff1fae56882ae1035,2026-09-02,Unofficial mirror copy; private school research/reference only; authenticity and redistribution rights not established; do not commit or redistribute.
2022,November 2022 Examination Session,mathematics-analysis-and-approaches,German,unspecified,question-paper,Mathematics_analysis_and_approaches_paper_1__[German]_HL.pdf,https://dl.ibdocs.re/p/IB%20PAST%20PAPERS%20-%20YEAR/2022%20Examination%20Session/November%202022%20Examination%20Session/Mathematics/Mathematics_analysis_and_approaches_paper_1__%5BGerman%5D_HL.pdf,https://dl.ibdocs.re/IB%20PAST%20PAPERS%20-%20YEAR/2022%20Examination%20Session/November%202022%20Examination%20Session/Mathematics,resources/private/past-papers/2022-2026/mathematics-sciences/2022/November 2022 Examination Session/Mathematics/Mathematics_analysis_and_approaches_paper_1__[German]_HL.pdf,already-present,575573,30b7842396bda2b519abe92fcf11a55a5a391c7c704026781313a37b5f936ee0,2026-09-02,Unofficial mirror copy; private school research/reference only; authenticity and redistribution rights not established; do not commit or redistribute.
2022,November 2022 Examination Session,mathematics-analysis-and-approaches,German,unspecified,question-paper,Mathematics_analysis_and_approaches_paper_1__[German]_SL.pdf,https://dl.ibdocs.re/p/IB%20PAST%20PAPERS%20-%20YEAR/2022%20Examination%20Session/November%202022%20Examination%20Session/Mathematics/Mathematics_analysis_and_approaches_paper_1__%5BGerman%5D_SL.pdf,https://dl.ibdocs.re/IB%20PAST%20PAPERS%20-%20YEAR/2022%20Examination%20Session/November%202022%20Examination%20Session/Mathematics,resources/private/past-papers/2022-2026/mathematics-sciences/2022/November 2022 Examination Session/Mathematics/Mathematics_analysis_and_approaches_paper_1__[German]_SL.pdf,already-present,600432,b816d34cc9b85422641d16447da1b7aeff881c81b443616cb1e0802983864dfa,2026-09-02,Unofficial mirror copy; private school research/reference only; authenticity and redistribution rights not established; do not commit or redistribute.
2022,November 2022 Examination Session,mathematics-analysis-and-approaches,French,unspecified,question-paper,Mathematics_analysis_and_approaches_paper_1__HL_French.pdf,https://dl.ibdocs.re/p/IB%20PAST%20PAPERS%20-%20YEAR/2022%20Examination%20Session/November%202022%20Examination%20Session/Mathematics/Mathematics_analysis_and_approaches_paper_1__HL_French.pdf,https://dl.ibdocs.re/IB%20PAST%20PAPERS%20-%20YEAR/2022%20Examination%20Session/November%202022%20Examination%20Session/Mathematics,resources/private/past-papers/2022-2026/mathematics-sciences/2022/November 2022 Examination Session/Mathematics/Mathematics_analysis_and_approaches_paper_1__HL_French.pdf,already-present,582706,da681a133df8e666339ecfd26ab281755b01e3fef9347048772fe22b2dbbcbd5,2026-09-02,Unofficial mirror copy; private school research/reference only; authenticity and redistribution rights not established; do not commit or redistribute.
2022,November 2022 Examination Session,mathematics-analysis-and-approaches,English or unspecified,unspecified,markscheme,Mathematics_analysis_and_approaches_paper_1__HL_markscheme.pdf,https://dl.ibdocs.re/p/IB%20PAST%20PAPERS%20-%20YEAR/2022%20Examination%20Session/November%202022%20Examination%20Session/Mathematics/Mathematics_analysis_and_approaches_paper_1__HL_markscheme.pdf,https://dl.ibdocs.re/IB%20PAST%20PAPERS%20-%20YEAR/2022%20Examination%20Session/November%202022%20Examination%20Session/Mathematics,resources/private/past-papers/2022-2026/mathematics-sciences/2022/November 2022 Examination Session/Mathematics/Mathematics_analysis_and_approaches_paper_1__HL_markscheme.pdf,already-present,1485614,fb7926673bf38d9c2d7bb9fc093b83a89e788e7aa87411146df0b7d253664f0b,2026-09-02,Unofficial mirror copy; private school research/reference only; authenticity and redistribution rights not established; do not commit or redistribute.
2022,November 2022 Examination Session,mathematics-analysis-and-approaches,Spanish,unspecified,question-paper,Mathematics_analysis_and_approaches_paper_1__HL_Spanish.pdf,https://dl.ibdocs.re/p/IB%20PAST%20PAPERS%20-%20YEAR/2022%20Examination%20Session/November%202022%20Examination%20Session/Mathematics/Mathematics_analysis_and_approaches_paper_1__HL_Spanish.pdf,https://dl.ibdocs.re/IB%20PAST%20PAPERS%20-%20YEAR/2022%20Examination%20Session/November%202022%20Examination%20Session/Mathematics,resources/private/past-papers/2022-2026/mathematics-sciences/2022/November 2022 Examination Session/Mathematics/Mathematics_analysis_and_approaches_paper_1__HL_Spanish.pdf,already-present,547469,76f1c9f9bc94b13972b8e130be48581177962f584eaf3c53e65bc66fd6d79137,2026-09-02,Unofficial mirror copy; private school research/reference only; authenticity and redistribution rights not established; do not commit or redistribute.
2022,November 2022 Examination Session,mathematics-analysis-and-approaches,English or unspecified,unspecified,question-paper,Mathematics_analysis_and_approaches_paper_1__HL.pdf,https://dl.ibdocs.re/p/IB%20PAST%20PAPERS%20-%20YEAR/2022%20Examination%20Session/November%202022%20Examination%20Session/Mathematics/Mathematics_analysis_and_approaches_paper_1__HL.pdf,https://dl.ibdocs.re/IB%20PAST%20PAPERS%20-%20YEAR/2022%20Examination%20Session/November%202022%20Examination%20Session/Mathematics,resources/private/past-papers/2022-2026/mathematics-sciences/2022/November 2022 Examination Session/Mathematics/Mathematics_analysis_and_approaches_paper_1__HL.pdf,already-present,555169,39bed4e82cd6eaf896c22f479d17fd1baf87a73745d729b35ba1b4cb0292a8ae,2026-09-02,Unofficial mirror copy; private school research/reference only; authenticity and redistribution rights not established; do not commit or redistribute.
2022,November 2022 Examination Session,mathematics-analysis-and-approaches,French,unspecified,question-paper,Mathematics_analysis_and_approaches_paper_1__SL_French.pdf,https://dl.ibdocs.re/p/IB%20PAST%20PAPERS%20-%20YEAR/2022%20Examination%20Session/November%202022%20Examination%20Session/Mathematics/Mathematics_analysis_and_approaches_paper_1__SL_French.pdf,https://dl.ibdocs.re/IB%20PAST%20PAPERS%20-%20YEAR/2022%20Examination%20Session/November%202022%20Examination%20Session/Mathematics,resources/private/past-papers/2022-2026/mathematics-sciences/2022/November 2022 Examination Session/Mathematics/Mathematics_analysis_and_approaches_paper_1__SL_French.pdf,already-present,588016,46cf67fb6314cee9ea5b7602134bc8ede38cb9d2521e97234bd999795c765b25,2026-09-02,Unofficial mirror copy; private school research/reference only; authenticity and redistribution rights not established; do not commit or redistribute.
2022,November 2022 Examination Session,mathematics-analysis-and-approaches,Spanish,unspecified,markscheme,Mathematics_analysis_and_approaches_paper_1__SL_markscheme_Spanish.pdf,https://dl.ibdocs.re/p/IB%20PAST%20PAPERS%20-%20YEAR/2022%20Examination%20Session/November%202022%20Examination%20Session/Mathematics/Mathematics_analysis_and_approaches_paper_1__SL_markscheme_Spanish.pdf,https://dl.ibdocs.re/IB%20PAST%20PAPERS%20-%20YEAR/2022%20Examination%20Session/November%202022%20Examination%20Session/Mathematics,resources/private/past-papers/2022-2026/mathematics-sciences/2022/November 2022 Examination Session/Mathematics/Mathematics_analysis_and_approaches_paper_1__SL_markscheme_Spanish.pdf,already-present,1177522,89972a94c4cb9567a742c82aa1a49f4a759af79455acd814908548462710e874,2026-09-02,Unofficial mirror copy; private school research/reference only; authenticity and redistribution rights not established; do not commit or redistribute.
2022,November 2022 Examination Session,mathematics-analysis-and-approaches,English or unspecified,unspecified,markscheme,Mathematics_analysis_and_approaches_paper_1__SL_markscheme.pdf,https://dl.ibdocs.re/p/IB%20PAST%20PAPERS%20-%20YEAR/2022%20Examination%20Session/November%202022%20Examination%20Session/Mathematics/Mathematics_analysis_and_approaches_paper_1__SL_markscheme.pdf,https://dl.ibdocs.re/IB%20PAST%20PAPERS%20-%20YEAR/2022%20Examination%20Session/November%202022%20Examination%20Session/Mathematics,resources/private/past-papers/2022-2026/mathematics-sciences/2022/November 2022 Examination Session/Mathematics/Mathematics_analysis_and_approaches_paper_1__SL_markscheme.pdf,already-present,1025485,c7636e14ee03e58ecfad38afbaa7c95535faadfe79bf4357a39268d8d0941b20,2026-09-02,Unofficial mirror copy; private school research/reference only; authenticity and redistribution rights not established; do not commit or redistribute.
2022,November 2022 Examination Session,mathematics-analysis-and-approaches,Spanish,unspecified,question-paper,Mathematics_analysis_and_approaches_paper_1__SL_Spanish.pdf,https://dl.ibdocs.re/p/IB%20PAST%20PAPERS%20-%20YEAR/2022%20Examination%20Session/November%202022%20Examination%20Session/Mathematics/Mathematics_analysis_and_approaches_paper_1__SL_Spanish.pdf,https://dl.ibdocs.re/IB%20PAST%20PAPERS%20-%20YEAR/2022%20Examination%20Session/November%202022%20Examination%20Session/Mathematics,resources/private/past-papers/2022-2026/mathematics-sciences/2022/November 2022 Examination Session/Mathematics/Mathematics_analysis_and_approaches_paper_1__SL_Spanish.pdf,already-present,571395,e5ef9ee8066f0faf38638eba8288368a24cc78719643fb24da07543284090beb,2026-09-02,Unofficial mirror copy; private school research/reference only; authenticity and redistribution rights not established; do not commit or redistribute.
2022,November 2022 Examination Session,mathematics-analysis-and-approaches,English or unspecified,unspecified,question-paper,Mathematics_analysis_and_approaches_paper_1__SL.pdf,https://dl.ibdocs.re/p/IB%20PAST%20PAPERS%20-%20YEAR/2022%20Examination%20Session/November%202022%20Examination%20Session/Mathematics/Mathematics_analysis_and_approaches_paper_1__SL.pdf,https://dl.ibdocs.re/IB%20PAST%20PAPERS%20-%20YEAR/2022%20Examination%20Session/November%202022%20Examination%20Session/Mathematics,resources/private/past-papers/2022-2026/mathematics-sciences/2022/November 2022 Examination Session/Mathematics/Mathematics_analysis_and_approaches_paper_1__SL.pdf,already-present,569912,60889f9ede2e83b4f952fb487ddb18de221a60ac089bfec31e5fc0c4873f6696,2026-09-02,Unofficial mirror copy; private school research/reference only; authenticity and redistribution rights not established; do not commit or redistribute.
2022,November 2022 Examination Session,mathematics-analysis-and-approaches,German,unspecified,question-paper,Mathematics_analysis_and_approaches_paper_2__[German]_HL.pdf,https://dl.ibdocs.re/p/IB%20PAST%20PAPERS%20-%20YEAR/2022%20Examination%20Session/November%202022%20Examination%20Session/Mathematics/Mathematics_analysis_and_approaches_paper_2__%5BGerman%5D_HL.pdf,https://dl.ibdocs.re/IB%20PAST%20PAPERS%20-%20YEAR/2022%20Examination%20Session/November%202022%20Examination%20Session/Mathematics,resources/private/past-papers/2022-2026/mathematics-sciences/2022/November 2022 Examination Session/Mathematics/Mathematics_analysis_and_approaches_paper_2__[German]_HL.pdf,already-present,699260,08414517cce5b898ea64d0a809cb64484e0288ad07d7437dd1cc45396be136cb,2026-09-02,Unofficial mirror copy; private school research/reference only; authenticity and redistribution rights not established; do not commit or redistribute.
2022,November 2022 Examination Session,mathematics-analysis-and-approaches,German,unspecified,question-paper,Mathematics_analysis_and_approaches_paper_2__[German]_SL.pdf,https://dl.ibdocs.re/p/IB%20PAST%20PAPERS%20-%20YEAR/2022%20Examination%20Session/November%202022%20Examination%20Session/Mathematics/Mathematics_analysis_and_approaches_paper_2__%5BGerman%5D_SL.pdf,https://dl.ibdocs.re/IB%20PAST%20PAPERS%20-%20YEAR/2022%20Examination%20Session/November%202022%20Examination%20Session/Mathematics,resources/private/past-papers/2022-2026/mathematics-sciences/2022/November 2022 Examination Session/Mathematics/Mathematics_analysis_and_approaches_paper_2__[German]_SL.pdf,already-present,737308,d8e5f5a8092087e05630fa12a8bfcdfd953d0270985814908fa3badd1773cc57,2026-09-02,Unofficial mirror copy; private school research/reference only; authenticity and redistribution rights not established; do not commit or redistribute.
2022,November 2022 Examination Session,mathematics-analysis-and-approaches,French,unspecified,question-paper,Mathematics_analysis_and_approaches_paper_2__HL_French.pdf,https://dl.ibdocs.re/p/IB%20PAST%20PAPERS%20-%20YEAR/2022%20Examination%20Session/November%202022%20Examination%20Session/Mathematics/Mathematics_analysis_and_approaches_paper_2__HL_French.pdf,https://dl.ibdocs.re/IB%20PAST%20PAPERS%20-%20YEAR/2022%20Examination%20Session/November%202022%20Examination%20Session/Mathematics,resources/private/past-papers/2022-2026/mathematics-sciences/2022/November 2022 Examination Session/Mathematics/Mathematics_analysis_and_approaches_paper_2__HL_French.pdf,already-present,688270,e6d57a5930657bdb0b0dbf466b0efcc0a0df82aa8ed22dc7cbde9b8e7579b5b4,2026-09-02,Unofficial mirror copy; private school research/reference only; authenticity and redistribution rights not established; do not commit or redistribute.
2022,November 2022 Examination Session,mathematics-analysis-and-approaches,English or unspecified,unspecified,markscheme,Mathematics_analysis_and_approaches_paper_2__HL_markscheme.pdf,https://dl.ibdocs.re/p/IB%20PAST%20PAPERS%20-%20YEAR/2022%20Examination%20Session/November%202022%20Examination%20Session/Mathematics/Mathematics_analysis_and_approaches_paper_2__HL_markscheme.pdf,https://dl.ibdocs.re/IB%20PAST%20PAPERS%20-%20YEAR/2022%20Examination%20Session/November%202022%20Examination%20Session/Mathematics,resources/private/past-papers/2022-2026/mathematics-sciences/2022/November 2022 Examination Session/Mathematics/Mathematics_analysis_and_approaches_paper_2__HL_markscheme.pdf,already-present,1239162,929d916d245e5a3a8fcb873b2d9cfa7838d2e6874fac0c5cfc60b830e049dcbb,2026-09-02,Unofficial mirror copy; private school research/reference only; authenticity and redistribution rights not established; do not commit or redistribute.
2022,November 2022 Examination Session,mathematics-analysis-and-approaches,Spanish,unspecified,question-paper,Mathematics_analysis_and_approaches_paper_2__HL_Spanish.pdf,https://dl.ibdocs.re/p/IB%20PAST%20PAPERS%20-%20YEAR/2022%20Examination%20Session/November%202022%20Examination%20Session/Mathematics/Mathematics_analysis_and_approaches_paper_2__HL_Spanish.pdf,https://dl.ibdocs.re/IB%20PAST%20PAPERS%20-%20YEAR/2022%20Examination%20Session/November%202022%20Examination%20Session/Mathematics,resources/private/past-papers/2022-2026/mathematics-sciences/2022/November 2022 Examination Session/Mathematics/Mathematics_analysis_and_approaches_paper_2__HL_Spanish.pdf,already-present,632985,1f054fc30ae4d8b5a2b099d4c6caff2718c6f276cc8656b84b681e824f696966,2026-09-02,Unofficial mirror copy; private school research/reference only; authenticity and redistribution rights not established; do not commit or redistribute.
2022,November 2022 Examination Session,mathematics-analysis-and-approaches,English or unspecified,unspecified,question-paper,Mathematics_analysis_and_approaches_paper_2__HL.pdf,https://dl.ibdocs.re/p/IB%20PAST%20PAPERS%20-%20YEAR/2022%20Examination%20Session/November%202022%20Examination%20Session/Mathematics/Mathematics_analysis_and_approaches_paper_2__HL.pdf,https://dl.ibdocs.re/IB%20PAST%20PAPERS%20-%20YEAR/2022%20Examination%20Session/November%202022%20Examination%20Session/Mathematics,resources/private/past-papers/2022-2026/mathematics-sciences/2022/November 2022 Examination Session/Mathematics/Mathematics_analysis_and_approaches_paper_2__HL.pdf,already-present,629545,3a69c0b27317ba73b7656331517280ef35957355fcd7740eaa2bba7593f215d2,2026-09-02,Unofficial mirror copy; private school research/reference only; authenticity and redistribution rights not established; do not commit or redistribute.
2022,November 2022 Examination Session,mathematics-analysis-and-approaches,French,unspecified,question-paper,Mathematics_analysis_and_approaches_paper_2__SL_French.pdf,https://dl.ibdocs.re/p/IB%20PAST%20PAPERS%20-%20YEAR/2022%20Examination%20Session/November%202022%20Examination%20Session/Mathematics/Mathematics_analysis_and_approaches_paper_2__SL_French.pdf,https://dl.ibdocs.re/IB%20PAST%20PAPERS%20-%20YEAR/2022%20Examination%20Session/November%202022%20Examination%20Session/Mathematics,resources/private/past-papers/2022-2026/mathematics-sciences/2022/November 2022 Examination Session/Mathematics/Mathematics_analysis_and_approaches_paper_2__SL_French.pdf,already-present,709130,1fa7ff193e97bb05e26702915e981234830889457966fa4885f6e494b477bb41,2026-09-02,Unofficial mirror copy; private school research/reference only; authenticity and redistribution rights not established; do not commit or redistribute.
2022,November 2022 Examination Session,mathematics-analysis-and-approaches,Spanish,unspecified,markscheme,Mathematics_analysis_and_approaches_paper_2__SL_markscheme_Spanish.pdf,https://dl.ibdocs.re/p/IB%20PAST%20PAPERS%20-%20YEAR/2022%20Examination%20Session/November%202022%20Examination%20Session/Mathematics/Mathematics_analysis_and_approaches_paper_2__SL_markscheme_Spanish.pdf,https://dl.ibdocs.re/IB%20PAST%20PAPERS%20-%20YEAR/2022%20Examination%20Session/November%202022%20Examination%20Session/Mathematics,resources/private/past-papers/2022-2026/mathematics-sciences/2022/November 2022 Examination Session/Mathematics/Mathematics_analysis_and_approaches_paper_2__SL_markscheme_Spanish.pdf,already-present,1064120,dac39af869384bbb4b296fc3424a8115c9048f745239f17e78e9f0ae1393a9cb,2026-09-02,Unofficial mirror copy; private school research/reference only; authenticity and redistribution rights not established; do not commit or redistribute.
2022,November 2022 Examination Session,mathematics-analysis-and-approaches,English or unspecified,unspecified,markscheme,Mathematics_analysis_and_approaches_paper_2__SL_markscheme.pdf,https://dl.ibdocs.re/p/IB%20PAST%20PAPERS%20-%20YEAR/2022%20Examination%20Session/November%202022%20Examination%20Session/Mathematics/Mathematics_analysis_and_approaches_paper_2__SL_markscheme.pdf,https://dl.ibdocs.re/IB%20PAST%20PAPERS%20-%20YEAR/2022%20Examination%20Session/November%202022%20Examination%20Session/Mathematics,resources/private/past-papers/2022-2026/mathematics-sciences/2022/November 2022 Examination Session/Mathematics/Mathematics_analysis_and_approaches_paper_2__SL_markscheme.pdf,already-present,989320,8d550d5c6c9156dc9bfbfded26357ced5ee2708d9662baa3919724d8405c356e,2026-09-02,Unofficial mirror copy; private school research/reference only; authenticity and redistribution rights not established; do not commit or redistribute.
2022,November 2022 Examination Session,mathematics-analysis-and-approaches,Spanish,unspecified,question-paper,Mathematics_analysis_and_approaches_paper_2__SL_Spanish.pdf,https://dl.ibdocs.re/p/IB%20PAST%20PAPERS%20-%20YEAR/2022%20Examination%20Session/November%202022%20Examination%20Session/Mathematics/Mathematics_analysis_and_approaches_paper_2__SL_Spanish.pdf,https://dl.ibdocs.re/IB%20PAST%20PAPERS%20-%20YEAR/2022%20Examination%20Session/November%202022%20Examination%20Session/Mathematics,resources/private/past-papers/2022-2026/mathematics-sciences/2022/November 2022 Examination Session/Mathematics/Mathematics_analysis_and_approaches_paper_2__SL_Spanish.pdf,already-present,676360,dd605eb874c98875ca23dfa05ad9b7b8e299a1e987805986f77bb9888ff172aa,2026-09-02,Unofficial mirror copy; private school research/reference only; authenticity and redistribution rights not established; do not commit or redistribute.
2022,November 2022 Examination Session,mathematics-analysis-and-approaches,English or unspecified,unspecified,question-paper,Mathematics_analysis_and_approaches_paper_2__SL.pdf,https://dl.ibdocs.re/p/IB%20PAST%20PAPERS%20-%20YEAR/2022%20Examination%20Session/November%202022%20Examination%20Session/Mathematics/Mathematics_analysis_and_approaches_paper_2__SL.pdf,https://dl.ibdocs.re/IB%20PAST%20PAPERS%20-%20YEAR/2022%20Examination%20Session/November%202022%20Examination%20Session/Mathematics,resources/private/past-papers/2022-2026/mathematics-sciences/2022/November 2022 Examination Session/Mathematics/Mathematics_analysis_and_approaches_paper_2__SL.pdf,already-present,673756,616fc17b9a6bf83dd8d8a2c6842cbfdc668689fb54f958b2db3086c377016755,2026-09-02,Unofficial mirror copy; private school research/reference only; authenticity and redistribution rights not established; do not commit or redistribute.
2022,November 2022 Examination Session,mathematics-analysis-and-approaches,German,unspecified,question-paper,Mathematics_analysis_and_approaches_paper_3__[German]_HL.pdf,https://dl.ibdocs.re/p/IB%20PAST%20PAPERS%20-%20YEAR/2022%20Examination%20Session/November%202022%20Examination%20Session/Mathematics/Mathematics_analysis_and_approaches_paper_3__%5BGerman%5D_HL.pdf,https://dl.ibdocs.re/IB%20PAST%20PAPERS%20-%20YEAR/2022%20Examination%20Session/November%202022%20Examination%20Session/Mathematics,resources/private/past-papers/2022-2026/mathematics-sciences/2022/November 2022 Examination Session/Mathematics/Mathematics_analysis_and_approaches_paper_3__[German]_HL.pdf,already-present,518695,63a2a626707a6f0a46c3cd80b4bff334b5344d2d4ae78b176bbb1f523137a324,2026-09-02,Unofficial mirror copy; private school research/reference only; authenticity and redistribution rights not established; do not commit or redistribute.
2022,November 2022 Examination Session,mathematics-analysis-and-approaches,French,unspecified,question-paper,Mathematics_analysis_and_approaches_paper_3__HL_French.pdf,https://dl.ibdocs.re/p/IB%20PAST%20PAPERS%20-%20YEAR/2022%20Examination%20Session/November%202022%20Examination%20Session/Mathematics/Mathematics_analysis_and_approaches_paper_3__HL_French.pdf,https://dl.ibdocs.re/IB%20PAST%20PAPERS%20-%20YEAR/2022%20Examination%20Session/November%202022%20Examination%20Session/Mathematics,resources/private/past-papers/2022-2026/mathematics-sciences/2022/November 2022 Examination Session/Mathematics/Mathematics_analysis_and_approaches_paper_3__HL_French.pdf,already-present,507396,9e0350827d4f17d99d37b1f7b44243f8eab90e8bde5913207b042a2d2dceb0d9,2026-09-02,Unofficial mirror copy; private school research/reference only; authenticity and redistribution rights not established; do not commit or redistribute.
2022,November 2022 Examination Session,mathematics-analysis-and-approaches,English or unspecified,unspecified,markscheme,Mathematics_analysis_and_approaches_paper_3__HL_markscheme.pdf,https://dl.ibdocs.re/p/IB%20PAST%20PAPERS%20-%20YEAR/2022%20Examination%20Session/November%202022%20Examination%20Session/Mathematics/Mathematics_analysis_and_approaches_paper_3__HL_markscheme.pdf,https://dl.ibdocs.re/IB%20PAST%20PAPERS%20-%20YEAR/2022%20Examination%20Session/November%202022%20Examination%20Session/Mathematics,resources/private/past-papers/2022-2026/mathematics-sciences/2022/November 2022 Examination Session/Mathematics/Mathematics_analysis_and_approaches_paper_3__HL_markscheme.pdf,already-present,882044,e03ff82ecf290d47d2b075208dd28dfc3dbf8d84342a39b9762a02c45f7a4197,2026-09-02,Unofficial mirror copy; private school research/reference only; authenticity and redistribution rights not established; do not commit or redistribute.
2022,November 2022 Examination Session,mathematics-analysis-and-approaches,Spanish,unspecified,question-paper,Mathematics_analysis_and_approaches_paper_3__HL_Spanish.pdf,https://dl.ibdocs.re/p/IB%20PAST%20PAPERS%20-%20YEAR/2022%20Examination%20Session/November%202022%20Examination%20Session/Mathematics/Mathematics_analysis_and_approaches_paper_3__HL_Spanish.pdf,https://dl.ibdocs.re/IB%20PAST%20PAPERS%20-%20YEAR/2022%20Examination%20Session/November%202022%20Examination%20Session/Mathematics,resources/private/past-papers/2022-2026/mathematics-sciences/2022/November 2022 Examination Session/Mathematics/Mathematics_analysis_and_approaches_paper_3__HL_Spanish.pdf,already-present,471567,03f4cb31e2afd1d59aa1bd52700e221af2ee45fe8b2be74bebcf48ea81b0a431,2026-09-02,Unofficial mirror copy; private school research/reference only; authenticity and redistribution rights not established; do not commit or redistribute.
2022,November 2022 Examination Session,mathematics-analysis-and-approaches,English or unspecified,unspecified,question-paper,Mathematics_analysis_and_approaches_paper_3__HL.pdf,https://dl.ibdocs.re/p/IB%20PAST%20PAPERS%20-%20YEAR/2022%20Examination%20Session/November%202022%20Examination%20Session/Mathematics/Mathematics_analysis_and_approaches_paper_3__HL.pdf,https://dl.ibdocs.re/IB%20PAST%20PAPERS%20-%20YEAR/2022%20Examination%20Session/November%202022%20Examination%20Session/Mathematics,resources/private/past-papers/2022-2026/mathematics-sciences/2022/November 2022 Examination Session/Mathematics/Mathematics_analysis_and_approaches_paper_3__HL.pdf,already-present,466562,e4cd082ba25265c8f8a13d6bfa19f1eed35a824fb037b885375c001232baf524,2026-09-02,Unofficial mirror copy; private school research/reference only; authenticity and redistribution rights not established; do not commit or redistribute.
2022,November 2022 Examination Session,mathematics-applications-and-interpretation,English or unspecified,unspecified,markscheme,Mathematics_applications_and_interpretation_paper_1__HL_markscheme.pdf,https://dl.ibdocs.re/p/IB%20PAST%20PAPERS%20-%20YEAR/2022%20Examination%20Session/November%202022%20Examination%20Session/Mathematics/Mathematics_applications_and_interpretation_paper_1__HL_markscheme.pdf,https://dl.ibdocs.re/IB%20PAST%20PAPERS%20-%20YEAR/2022%20Examination%20Session/November%202022%20Examination%20Session/Mathematics,resources/private/past-papers/2022-2026/mathematics-sciences/2022/November 2022 Examination Session/Mathematics/Mathematics_applications_and_interpretation_paper_1__HL_markscheme.pdf,already-present,670520,b2e217e7eaaee31ca083f662d3f54df4c592bddf0e39521962a42a1857afe28c,2026-09-02,Unofficial mirror copy; private school research/reference only; authenticity and redistribution rights not established; do not commit or redistribute.
2022,November 2022 Examination Session,mathematics-applications-and-interpretation,Spanish,unspecified,question-paper,Mathematics_applications_and_interpretation_paper_1__HL_Spanish.pdf,https://dl.ibdocs.re/p/IB%20PAST%20PAPERS%20-%20YEAR/2022%20Examination%20Session/November%202022%20Examination%20Session/Mathematics/Mathematics_applications_and_interpretation_paper_1__HL_Spanish.pdf,https://dl.ibdocs.re/IB%20PAST%20PAPERS%20-%20YEAR/2022%20Examination%20Session/November%202022%20Examination%20Session/Mathematics,resources/private/past-papers/2022-2026/mathematics-sciences/2022/November 2022 Examination Session/Mathematics/Mathematics_applications_and_interpretation_paper_1__HL_Spanish.pdf,already-present,1443724,cd39bf62bd5030778cfc364958bf98edc63a61572cf02102459a7bc31f3077d5,2026-09-02,Unofficial mirror copy; private school research/reference only; authenticity and redistribution rights not established; do not commit or redistribute.
2022,November 2022 Examination Session,mathematics-applications-and-interpretation,English or unspecified,unspecified,question-paper,Mathematics_applications_and_interpretation_paper_1__HL.pdf,https://dl.ibdocs.re/p/IB%20PAST%20PAPERS%20-%20YEAR/2022%20Examination%20Session/November%202022%20Examination%20Session/Mathematics/Mathematics_applications_and_interpretation_paper_1__HL.pdf,https://dl.ibdocs.re/IB%20PAST%20PAPERS%20-%20YEAR/2022%20Examination%20Session/November%202022%20Examination%20Session/Mathematics,resources/private/past-papers/2022-2026/mathematics-sciences/2022/November 2022 Examination Session/Mathematics/Mathematics_applications_and_interpretation_paper_1__HL.pdf,already-present,1423877,f9778a7242a2e73c32f3bb553d5faa079f5f02e8e808dd2a8da51c7b64c32484,2026-09-02,Unofficial mirror copy; private school research/reference only; authenticity and redistribution rights not established; do not commit or redistribute.
2022,November 2022 Examination Session,mathematics-applications-and-interpretation,Spanish,unspecified,markscheme,Mathematics_applications_and_interpretation_paper_1__SL_markscheme_Spanish.pdf,https://dl.ibdocs.re/p/IB%20PAST%20PAPERS%20-%20YEAR/2022%20Examination%20Session/November%202022%20Examination%20Session/Mathematics/Mathematics_applications_and_interpretation_paper_1__SL_markscheme_Spanish.pdf,https://dl.ibdocs.re/IB%20PAST%20PAPERS%20-%20YEAR/2022%20Examination%20Session/November%202022%20Examination%20Session/Mathematics,resources/private/past-papers/2022-2026/mathematics-sciences/2022/November 2022 Examination Session/Mathematics/Mathematics_applications_and_interpretation_paper_1__SL_markscheme_Spanish.pdf,already-present,499618,a42e4f71a056f10f81a87c06b7455801d198016aa637c54c8b657432555e7fff,2026-09-02,Unofficial mirror copy; private school research/reference only; authenticity and redistribution rights not established; do not commit or redistribute.
2022,November 2022 Examination Session,mathematics-applications-and-interpretation,English or unspecified,unspecified,markscheme,Mathematics_applications_and_interpretation_paper_1__SL_markscheme.pdf,https://dl.ibdocs.re/p/IB%20PAST%20PAPERS%20-%20YEAR/2022%20Examination%20Session/November%202022%20Examination%20Session/Mathematics/Mathematics_applications_and_interpretation_paper_1__SL_markscheme.pdf,https://dl.ibdocs.re/IB%20PAST%20PAPERS%20-%20YEAR/2022%20Examination%20Session/November%202022%20Examination%20Session/Mathematics,resources/private/past-papers/2022-2026/mathematics-sciences/2022/November 2022 Examination Session/Mathematics/Mathematics_applications_and_interpretation_paper_1__SL_markscheme.pdf,already-present,500892,0a7bbb6aee4f8dda8969386cad1b57a2923fae0c58f962721980ad331c8ed4bb,2026-09-02,Unofficial mirror copy; private school research/reference only; authenticity and redistribution rights not established; do not commit or redistribute.
2022,November 2022 Examination Session,mathematics-applications-and-interpretation,Spanish,unspecified,question-paper,Mathematics_applications_and_interpretation_paper_1__SL_Spanish.pdf,https://dl.ibdocs.re/p/IB%20PAST%20PAPERS%20-%20YEAR/2022%20Examination%20Session/November%202022%20Examination%20Session/Mathematics/Mathematics_applications_and_interpretation_paper_1__SL_Spanish.pdf,https://dl.ibdocs.re/IB%20PAST%20PAPERS%20-%20YEAR/2022%20Examination%20Session/November%202022%20Examination%20Session/Mathematics,resources/private/past-papers/2022-2026/mathematics-sciences/2022/November 2022 Examination Session/Mathematics/Mathematics_applications_and_interpretation_paper_1__SL_Spanish.pdf,already-present,862804,55f2c9bbbf7f33d03b23ca6481f6b55ac60e06549964452ec0a5db7b82f70015,2026-09-02,Unofficial mirror copy; private school research/reference only; authenticity and redistribution rights not established; do not commit or redistribute.
2022,November 2022 Examination Session,mathematics-applications-and-interpretation,English or unspecified,unspecified,question-paper,Mathematics_applications_and_interpretation_paper_1__SL.pdf,https://dl.ibdocs.re/p/IB%20PAST%20PAPERS%20-%20YEAR/2022%20Examination%20Session/November%202022%20Examination%20Session/Mathematics/Mathematics_applications_and_interpretation_paper_1__SL.pdf,https://dl.ibdocs.re/IB%20PAST%20PAPERS%20-%20YEAR/2022%20Examination%20Session/November%202022%20Examination%20Session/Mathematics,resources/private/past-papers/2022-2026/mathematics-sciences/2022/November 2022 Examination Session/Mathematics/Mathematics_applications_and_interpretation_paper_1__SL.pdf,already-present,859182,788830583b95a20b1f82eb8fbb06f1ec77f8cb4889f3046fda55635cba7ee12d,2026-09-02,Unofficial mirror copy; private school research/reference only; authenticity and redistribution rights not established; do not commit or redistribute.
2022,November 2022 Examination Session,mathematics-applications-and-interpretation,English or unspecified,unspecified,markscheme,Mathematics_applications_and_interpretation_paper_2__HL_markscheme.pdf,https://dl.ibdocs.re/p/IB%20PAST%20PAPERS%20-%20YEAR/2022%20Examination%20Session/November%202022%20Examination%20Session/Mathematics/Mathematics_applications_and_interpretation_paper_2__HL_markscheme.pdf,https://dl.ibdocs.re/IB%20PAST%20PAPERS%20-%20YEAR/2022%20Examination%20Session/November%202022%20Examination%20Session/Mathematics,resources/private/past-papers/2022-2026/mathematics-sciences/2022/November 2022 Examination Session/Mathematics/Mathematics_applications_and_interpretation_paper_2__HL_markscheme.pdf,already-present,494322,94182c8e94a40e73e99ad64e0b306376a5484cda93d59d0d2bcc390c2f7b412d,2026-09-02,Unofficial mirror copy; private school research/reference only; authenticity and redistribution rights not established; do not commit or redistribute.
2022,November 2022 Examination Session,mathematics-applications-and-interpretation,Spanish,unspecified,question-paper,Mathematics_applications_and_interpretation_paper_2__HL_Spanish.pdf,https://dl.ibdocs.re/p/IB%20PAST%20PAPERS%20-%20YEAR/2022%20Examination%20Session/November%202022%20Examination%20Session/Mathematics/Mathematics_applications_and_interpretation_paper_2__HL_Spanish.pdf,https://dl.ibdocs.re/IB%20PAST%20PAPERS%20-%20YEAR/2022%20Examination%20Session/November%202022%20Examination%20Session/Mathematics,resources/private/past-papers/2022-2026/mathematics-sciences/2022/November 2022 Examination Session/Mathematics/Mathematics_applications_and_interpretation_paper_2__HL_Spanish.pdf,already-present,676076,143f8d99a674cbde5c66545e74d6790574886a126504caadc1e6377221d2f11f,2026-09-02,Unofficial mirror copy; private school research/reference only; authenticity and redistribution rights not established; do not commit or redistribute.
2022,November 2022 Examination Session,mathematics-applications-and-interpretation,English or unspecified,unspecified,question-paper,Mathematics_applications_and_interpretation_paper_2__HL.pdf,https://dl.ibdocs.re/p/IB%20PAST%20PAPERS%20-%20YEAR/2022%20Examination%20Session/November%202022%20Examination%20Session/Mathematics/Mathematics_applications_and_interpretation_paper_2__HL.pdf,https://dl.ibdocs.re/IB%20PAST%20PAPERS%20-%20YEAR/2022%20Examination%20Session/November%202022%20Examination%20Session/Mathematics,resources/private/past-papers/2022-2026/mathematics-sciences/2022/November 2022 Examination Session/Mathematics/Mathematics_applications_and_interpretation_paper_2__HL.pdf,already-present,670261,f24e0bff9a4a544253c9cf0a9307e3fb71c72578ccdc864623788f9b00c566e4,2026-09-02,Unofficial mirror copy; private school research/reference only; authenticity and redistribution rights not established; do not commit or redistribute.
2022,November 2022 Examination Session,mathematics-applications-and-interpretation,Spanish,unspecified,markscheme,Mathematics_applications_and_interpretation_paper_2__SL_markscheme_Spanish.pdf,https://dl.ibdocs.re/p/IB%20PAST%20PAPERS%20-%20YEAR/2022%20Examination%20Session/November%202022%20Examination%20Session/Mathematics/Mathematics_applications_and_interpretation_paper_2__SL_markscheme_Spanish.pdf,https://dl.ibdocs.re/IB%20PAST%20PAPERS%20-%20YEAR/2022%20Examination%20Session/November%202022%20Examination%20Session/Mathematics,resources/private/past-papers/2022-2026/mathematics-sciences/2022/November 2022 Examination Session/Mathematics/Mathematics_applications_and_interpretation_paper_2__SL_markscheme_Spanish.pdf,already-present,541487,60391b6792aed898aded38e92d6d7c985885b76c26f5d1ca7162349614cd04ea,2026-09-02,Unofficial mirror copy; private school research/reference only; authenticity and redistribution rights not established; do not commit or redistribute.
2022,November 2022 Examination Session,mathematics-applications-and-interpretation,English or unspecified,unspecified,markscheme,Mathematics_applications_and_interpretation_paper_2__SL_markscheme.pdf,https://dl.ibdocs.re/p/IB%20PAST%20PAPERS%20-%20YEAR/2022%20Examination%20Session/November%202022%20Examination%20Session/Mathematics/Mathematics_applications_and_interpretation_paper_2__SL_markscheme.pdf,https://dl.ibdocs.re/IB%20PAST%20PAPERS%20-%20YEAR/2022%20Examination%20Session/November%202022%20Examination%20Session/Mathematics,resources/private/past-papers/2022-2026/mathematics-sciences/2022/November 2022 Examination Session/Mathematics/Mathematics_applications_and_interpretation_paper_2__SL_markscheme.pdf,already-present,736202,064b1510b7a4e7176deb7609385e9e23803a07c4384b8b8eacb95004c1eba4f7,2026-09-02,Unofficial mirror copy; private school research/reference only; authenticity and redistribution rights not established; do not commit or redistribute.
2022,November 2022 Examination Session,mathematics-applications-and-interpretation,Spanish,unspecified,question-paper,Mathematics_applications_and_interpretation_paper_2__SL_Spanish.pdf,https://dl.ibdocs.re/p/IB%20PAST%20PAPERS%20-%20YEAR/2022%20Examination%20Session/November%202022%20Examination%20Session/Mathematics/Mathematics_applications_and_interpretation_paper_2__SL_Spanish.pdf,https://dl.ibdocs.re/IB%20PAST%20PAPERS%20-%20YEAR/2022%20Examination%20Session/November%202022%20Examination%20Session/Mathematics,resources/private/past-papers/2022-2026/mathematics-sciences/2022/November 2022 Examination Session/Mathematics/Mathematics_applications_and_interpretation_paper_2__SL_Spanish.pdf,already-present,712159,3e9feb6f85221d53ce4a42820d8cde2e5264460d710df767802c566b05d6d351,2026-09-02,Unofficial mirror copy; private school research/reference only; authenticity and redistribution rights not established; do not commit or redistribute.
2022,November 2022 Examination Session,mathematics-applications-and-interpretation,English or unspecified,unspecified,question-paper,Mathematics_applications_and_interpretation_paper_2__SL.pdf,https://dl.ibdocs.re/p/IB%20PAST%20PAPERS%20-%20YEAR/2022%20Examination%20Session/November%202022%20Examination%20Session/Mathematics/Mathematics_applications_and_interpretation_paper_2__SL.pdf,https://dl.ibdocs.re/IB%20PAST%20PAPERS%20-%20YEAR/2022%20Examination%20Session/November%202022%20Examination%20Session/Mathematics,resources/private/past-papers/2022-2026/mathematics-sciences/2022/November 2022 Examination Session/Mathematics/Mathematics_applications_and_interpretation_paper_2__SL.pdf,already-present,710906,71617c4e88da1049e64732ba892cba8b2676aeb84f72e8d5762afd691d0bbc83,2026-09-02,Unofficial mirror copy; private school research/reference only; authenticity and redistribution rights not established; do not commit or redistribute.
2022,November 2022 Examination Session,mathematics-applications-and-interpretation,English or unspecified,unspecified,markscheme,Mathematics_applications_and_interpretation_paper_3__HL_markscheme.pdf,https://dl.ibdocs.re/p/IB%20PAST%20PAPERS%20-%20YEAR/2022%20Examination%20Session/November%202022%20Examination%20Session/Mathematics/Mathematics_applications_and_interpretation_paper_3__HL_markscheme.pdf,https://dl.ibdocs.re/IB%20PAST%20PAPERS%20-%20YEAR/2022%20Examination%20Session/November%202022%20Examination%20Session/Mathematics,resources/private/past-papers/2022-2026/mathematics-sciences/2022/November 2022 Examination Session/Mathematics/Mathematics_applications_and_interpretation_paper_3__HL_markscheme.pdf,already-present,441952,3edf9c29af952357f275bf203918ff10760256c52014fc5ec9186832bdafd8e0,2026-09-02,Unofficial mirror copy; private school research/reference only; authenticity and redistribution rights not established; do not commit or redistribute.
2022,November 2022 Examination Session,mathematics-applications-and-interpretation,Spanish,unspecified,question-paper,Mathematics_applications_and_interpretation_paper_3__HL_Spanish.pdf,https://dl.ibdocs.re/p/IB%20PAST%20PAPERS%20-%20YEAR/2022%20Examination%20Session/November%202022%20Examination%20Session/Mathematics/Mathematics_applications_and_interpretation_paper_3__HL_Spanish.pdf,https://dl.ibdocs.re/IB%20PAST%20PAPERS%20-%20YEAR/2022%20Examination%20Session/November%202022%20Examination%20Session/Mathematics,resources/private/past-papers/2022-2026/mathematics-sciences/2022/November 2022 Examination Session/Mathematics/Mathematics_applications_and_interpretation_paper_3__HL_Spanish.pdf,already-present,470635,dc6c229d1358f998f9146a45a80544ad8d4bd18ed5eeb752d88ecf51e0ffc109,2026-09-02,Unofficial mirror copy; private school research/reference only; authenticity and redistribution rights not established; do not commit or redistribute.
2022,November 2022 Examination Session,mathematics-applications-and-interpretation,English or unspecified,unspecified,question-paper,Mathematics_applications_and_interpretation_paper_3__HL.pdf,https://dl.ibdocs.re/p/IB%20PAST%20PAPERS%20-%20YEAR/2022%20Examination%20Session/November%202022%20Examination%20Session/Mathematics/Mathematics_applications_and_interpretation_paper_3__HL.pdf,https://dl.ibdocs.re/IB%20PAST%20PAPERS%20-%20YEAR/2022%20Examination%20Session/November%202022%20Examination%20Session/Mathematics,resources/private/past-papers/2022-2026/mathematics-sciences/2022/November 2022 Examination Session/Mathematics/Mathematics_applications_and_interpretation_paper_3__HL.pdf,already-present,468663,63d61105c1c10f1b2799d1fea42e830766ed5bb8187f6c142d8530de727a5dcf,2026-09-02,Unofficial mirror copy; private school research/reference only; authenticity and redistribution rights not established; do not commit or redistribute.
2023,May 2023 Examination Session,mathematics-analysis-and-approaches,German,unspecified,question-paper,Mathematics_analysis_and_approaches_paper_1__[German]_HL.pdf,https://dl.ibdocs.re/p/IB%20PAST%20PAPERS%20-%20YEAR/2023%20Examination%20Session/May%202023%20Examination%20Session/Mathematics/Mathematics_analysis_and_approaches_paper_1__%5BGerman%5D_HL.pdf,https://dl.ibdocs.re/IB%20PAST%20PAPERS%20-%20YEAR/2023%20Examination%20Session/May%202023%20Examination%20Session/Mathematics,resources/private/past-papers/2022-2026/mathematics-sciences/2023/May 2023 Examination Session/Mathematics/Mathematics_analysis_and_approaches_paper_1__[German]_HL.pdf,downloaded,830649,56a0f75c8f19bb447676703528e995e0dd8df834c304240ce7edadad61659403,2026-09-02,Unofficial mirror copy; private school research/reference only; authenticity and redistribution rights not established; do not commit or redistribute.
2023,May 2023 Examination Session,mathematics-analysis-and-approaches,German,unspecified,question-paper,Mathematics_analysis_and_approaches_paper_1__[German]_SL.pdf,https://dl.ibdocs.re/p/IB%20PAST%20PAPERS%20-%20YEAR/2023%20Examination%20Session/May%202023%20Examination%20Session/Mathematics/Mathematics_analysis_and_approaches_paper_1__%5BGerman%5D_SL.pdf,https://dl.ibdocs.re/IB%20PAST%20PAPERS%20-%20YEAR/2023%20Examination%20Session/May%202023%20Examination%20Session/Mathematics,resources/private/past-papers/2022-2026/mathematics-sciences/2023/May 2023 Examination Session/Mathematics/Mathematics_analysis_and_approaches_paper_1__[German]_SL.pdf,downloaded,820075,56b5244ae928019bd80a1f634dac160281bbdcf4b786930facda3cfd0f786183,2026-09-02,Unofficial mirror copy; private school research/reference only; authenticity and redistribution rights not established; do not commit or redistribute.
2023,May 2023 Examination Session,mathematics-analysis-and-approaches,French,unspecified,question-paper,Mathematics_analysis_and_approaches_paper_1__HL_French.pdf,https://dl.ibdocs.re/p/IB%20PAST%20PAPERS%20-%20YEAR/2023%20Examination%20Session/May%202023%20Examination%20Session/Mathematics/Mathematics_analysis_and_approaches_paper_1__HL_French.pdf,https://dl.ibdocs.re/IB%20PAST%20PAPERS%20-%20YEAR/2023%20Examination%20Session/May%202023%20Examination%20Session/Mathematics,resources/private/past-papers/2022-2026/mathematics-sciences/2023/May 2023 Examination Session/Mathematics/Mathematics_analysis_and_approaches_paper_1__HL_French.pdf,downloaded,880554,1fdb52f3967df571e6e88e8180c32bb16cafa99eae4d492196da3b35b8c8a40f,2026-09-02,Unofficial mirror copy; private school research/reference only; authenticity and redistribution rights not established; do not commit or redistribute.
2023,May 2023 Examination Session,mathematics-analysis-and-approaches,Spanish,unspecified,question-paper,Mathematics_analysis_and_approaches_paper_1__HL_Spanish.pdf,https://dl.ibdocs.re/p/IB%20PAST%20PAPERS%20-%20YEAR/2023%20Examination%20Session/May%202023%20Examination%20Session/Mathematics/Mathematics_analysis_and_approaches_paper_1__HL_Spanish.pdf,https://dl.ibdocs.re/IB%20PAST%20PAPERS%20-%20YEAR/2023%20Examination%20Session/May%202023%20Examination%20Session/Mathematics,resources/private/past-papers/2022-2026/mathematics-sciences/2023/May 2023 Examination Session/Mathematics/Mathematics_analysis_and_approaches_paper_1__HL_Spanish.pdf,downloaded,900031,4c09cdefa30fdfa095beb3d61739b727ff94aade26db3258993a57fbca21264b,2026-09-02,Unofficial mirror copy; private school research/reference only; authenticity and redistribution rights not established; do not commit or redistribute.
2023,May 2023 Examination Session,mathematics-analysis-and-approaches,French,unspecified,question-paper,Mathematics_analysis_and_approaches_paper_1__SL_French.pdf,https://dl.ibdocs.re/p/IB%20PAST%20PAPERS%20-%20YEAR/2023%20Examination%20Session/May%202023%20Examination%20Session/Mathematics/Mathematics_analysis_and_approaches_paper_1__SL_French.pdf,https://dl.ibdocs.re/IB%20PAST%20PAPERS%20-%20YEAR/2023%20Examination%20Session/May%202023%20Examination%20Session/Mathematics,resources/private/past-papers/2022-2026/mathematics-sciences/2023/May 2023 Examination Session/Mathematics/Mathematics_analysis_and_approaches_paper_1__SL_French.pdf,downloaded,869061,8494660b77ac30800f49460b6937a6fda3b6bc25903650d60cd9917f682d00e7,2026-09-02,Unofficial mirror copy; private school research/reference only; authenticity and redistribution rights not established; do not commit or redistribute.
2023,May 2023 Examination Session,mathematics-analysis-and-approaches,Spanish,unspecified,question-paper,Mathematics_analysis_and_approaches_paper_1__SL_Spanish.pdf,https://dl.ibdocs.re/p/IB%20PAST%20PAPERS%20-%20YEAR/2023%20Examination%20Session/May%202023%20Examination%20Session/Mathematics/Mathematics_analysis_and_approaches_paper_1__SL_Spanish.pdf,https://dl.ibdocs.re/IB%20PAST%20PAPERS%20-%20YEAR/2023%20Examination%20Session/May%202023%20Examination%20Session/Mathematics,resources/private/past-papers/2022-2026/mathematics-sciences/2023/May 2023 Examination Session/Mathematics/Mathematics_analysis_and_approaches_paper_1__SL_Spanish.pdf,downloaded,888549,08472d456ba53d8253d32a63fdb5aca08181a25187fc49850a85297e05101882,2026-09-02,Unofficial mirror copy; private school research/reference only; authenticity and redistribution rights not established; do not commit or redistribute.
2023,May 2023 Examination Session,mathematics-analysis-and-approaches,English or unspecified,unspecified,markscheme,Mathematics_analysis_and_approaches_paper_1__TZ1_HL_markscheme.pdf,https://dl.ibdocs.re/p/IB%20PAST%20PAPERS%20-%20YEAR/2023%20Examination%20Session/May%202023%20Examination%20Session/Mathematics/Mathematics_analysis_and_approaches_paper_1__TZ1_HL_markscheme.pdf,https://dl.ibdocs.re/IB%20PAST%20PAPERS%20-%20YEAR/2023%20Examination%20Session/May%202023%20Examination%20Session/Mathematics,resources/private/past-papers/2022-2026/mathematics-sciences/2023/May 2023 Examination Session/Mathematics/Mathematics_analysis_and_approaches_paper_1__TZ1_HL_markscheme.pdf,downloaded,1763061,2ecac695dd4e481fc9b23b32afc8c57bb9c6015c65283ee84a383a344be7f4f1,2026-09-02,Unofficial mirror copy; private school research/reference only; authenticity and redistribution rights not established; do not commit or redistribute.
2023,May 2023 Examination Session,mathematics-analysis-and-approaches,English or unspecified,unspecified,question-paper,Mathematics_analysis_and_approaches_paper_1__TZ1_HL.pdf,https://dl.ibdocs.re/p/IB%20PAST%20PAPERS%20-%20YEAR/2023%20Examination%20Session/May%202023%20Examination%20Session/Mathematics/Mathematics_analysis_and_approaches_paper_1__TZ1_HL.pdf,https://dl.ibdocs.re/IB%20PAST%20PAPERS%20-%20YEAR/2023%20Examination%20Session/May%202023%20Examination%20Session/Mathematics,resources/private/past-papers/2022-2026/mathematics-sciences/2023/May 2023 Examination Session/Mathematics/Mathematics_analysis_and_approaches_paper_1__TZ1_HL.pdf,downloaded,971338,d01b01cca3fcf8f1ef093adc466ca3d4504eb0a3e4f881bcd0c58b178355543b,2026-09-02,Unofficial mirror copy; private school research/reference only; authenticity and redistribution rights not established; do not commit or redistribute.
2023,May 2023 Examination Session,mathematics-analysis-and-approaches,English or unspecified,unspecified,markscheme,Mathematics_analysis_and_approaches_paper_1__TZ1_SL_markscheme.pdf,https://dl.ibdocs.re/p/IB%20PAST%20PAPERS%20-%20YEAR/2023%20Examination%20Session/May%202023%20Examination%20Session/Mathematics/Mathematics_analysis_and_approaches_paper_1__TZ1_SL_markscheme.pdf,https://dl.ibdocs.re/IB%20PAST%20PAPERS%20-%20YEAR/2023%20Examination%20Session/May%202023%20Examination%20Session/Mathematics,resources/private/past-papers/2022-2026/mathematics-sciences/2023/May 2023 Examination Session/Mathematics/Mathematics_analysis_and_approaches_paper_1__TZ1_SL_markscheme.pdf,downloaded,715873,e33c677436eecfd986efd9106310b2f6f159dc4b7d01f1c7e6a16a6876ec28e9,2026-09-02,Unofficial mirror copy; private school research/reference only; authenticity and redistribution rights not established; do not commit or redistribute.
2023,May 2023 Examination Session,mathematics-analysis-and-approaches,English or unspecified,unspecified,question-paper,Mathematics_analysis_and_approaches_paper_1__TZ1_SL.pdf,https://dl.ibdocs.re/p/IB%20PAST%20PAPERS%20-%20YEAR/2023%20Examination%20Session/May%202023%20Examination%20Session/Mathematics/Mathematics_analysis_and_approaches_paper_1__TZ1_SL.pdf,https://dl.ibdocs.re/IB%20PAST%20PAPERS%20-%20YEAR/2023%20Examination%20Session/May%202023%20Examination%20Session/Mathematics,resources/private/past-papers/2022-2026/mathematics-sciences/2023/May 2023 Examination Session/Mathematics/Mathematics_analysis_and_approaches_paper_1__TZ1_SL.pdf,downloaded,787839,c9f7c24edc6afd1df1209f3624ee7f4fca208f5734bb97694e750b0deb4a4446,2026-09-02,Unofficial mirror copy; private school research/reference only; authenticity and redistribution rights not established; do not commit or redistribute.
2023,May 2023 Examination Session,mathematics-analysis-and-approaches,English or unspecified,unspecified,markscheme,Mathematics_analysis_and_approaches_paper_1__TZ2_HL_markscheme.pdf,https://dl.ibdocs.re/p/IB%20PAST%20PAPERS%20-%20YEAR/2023%20Examination%20Session/May%202023%20Examination%20Session/Mathematics/Mathematics_analysis_and_approaches_paper_1__TZ2_HL_markscheme.pdf,https://dl.ibdocs.re/IB%20PAST%20PAPERS%20-%20YEAR/2023%20Examination%20Session/May%202023%20Examination%20Session/Mathematics,resources/private/past-papers/2022-2026/mathematics-sciences/2023/May 2023 Examination Session/Mathematics/Mathematics_analysis_and_approaches_paper_1__TZ2_HL_markscheme.pdf,downloaded,1612598,5cb23d76f0fcb1a1a8df25afb867a5af71de58ffb157a95b89332e639a8698c9,2026-09-02,Unofficial mirror copy; private school research/reference only; authenticity and redistribution rights not established; do not commit or redistribute.
2023,May 2023 Examination Session,mathematics-analysis-and-approaches,English or unspecified,unspecified,question-paper,Mathematics_analysis_and_approaches_paper_1__TZ2_HL.pdf,https://dl.ibdocs.re/p/IB%20PAST%20PAPERS%20-%20YEAR/2023%20Examination%20Session/May%202023%20Examination%20Session/Mathematics/Mathematics_analysis_and_approaches_paper_1__TZ2_HL.pdf,https://dl.ibdocs.re/IB%20PAST%20PAPERS%20-%20YEAR/2023%20Examination%20Session/May%202023%20Examination%20Session/Mathematics,resources/private/past-papers/2022-2026/mathematics-sciences/2023/May 2023 Examination Session/Mathematics/Mathematics_analysis_and_approaches_paper_1__TZ2_HL.pdf,downloaded,885315,cd43539123f8c2c4f8ee347c1ce638779c75c7a3a16876796ba6d9588f1a9860,2026-09-02,Unofficial mirror copy; private school research/reference only; authenticity and redistribution rights not established; do not commit or redistribute.
2023,May 2023 Examination Session,mathematics-analysis-and-approaches,English or unspecified,unspecified,markscheme,Mathematics_analysis_and_approaches_paper_1__TZ2_SL_markscheme.pdf,https://dl.ibdocs.re/p/IB%20PAST%20PAPERS%20-%20YEAR/2023%20Examination%20Session/May%202023%20Examination%20Session/Mathematics/Mathematics_analysis_and_approaches_paper_1__TZ2_SL_markscheme.pdf,https://dl.ibdocs.re/IB%20PAST%20PAPERS%20-%20YEAR/2023%20Examination%20Session/May%202023%20Examination%20Session/Mathematics,resources/private/past-papers/2022-2026/mathematics-sciences/2023/May 2023 Examination Session/Mathematics/Mathematics_analysis_and_approaches_paper_1__TZ2_SL_markscheme.pdf,downloaded,1252666,7d8f3bb1410546387b274f9ec8400470c311518892349202fd1a99c181055837,2026-09-02,Unofficial mirror copy; private school research/reference only; authenticity and redistribution rights not established; do not commit or redistribute.
2023,May 2023 Examination Session,mathematics-analysis-and-approaches,English or unspecified,unspecified,question-paper,Mathematics_analysis_and_approaches_paper_1__TZ2_SL.pdf,https://dl.ibdocs.re/p/IB%20PAST%20PAPERS%20-%20YEAR/2023%20Examination%20Session/May%202023%20Examination%20Session/Mathematics/Mathematics_analysis_and_approaches_paper_1__TZ2_SL.pdf,https://dl.ibdocs.re/IB%20PAST%20PAPERS%20-%20YEAR/2023%20Examination%20Session/May%202023%20Examination%20Session/Mathematics,resources/private/past-papers/2022-2026/mathematics-sciences/2023/May 2023 Examination Session/Mathematics/Mathematics_analysis_and_approaches_paper_1__TZ2_SL.pdf,downloaded,873993,f80bcfa85f9b105bb8b2302616e378414939e2f39ae33907e353e527fc5fd763,2026-09-02,Unofficial mirror copy; private school research/reference only; authenticity and redistribution rights not established; do not commit or redistribute.
2023,May 2023 Examination Session,mathematics-analysis-and-approaches,German,unspecified,question-paper,Mathematics_analysis_and_approaches_paper_2__[German]_HL.pdf,https://dl.ibdocs.re/p/IB%20PAST%20PAPERS%20-%20YEAR/2023%20Examination%20Session/May%202023%20Examination%20Session/Mathematics/Mathematics_analysis_and_approaches_paper_2__%5BGerman%5D_HL.pdf,https://dl.ibdocs.re/IB%20PAST%20PAPERS%20-%20YEAR/2023%20Examination%20Session/May%202023%20Examination%20Session/Mathematics,resources/private/past-papers/2022-2026/mathematics-sciences/2023/May 2023 Examination Session/Mathematics/Mathematics_analysis_and_approaches_paper_2__[German]_HL.pdf,downloaded,1254777,cff276cad69701c730ad507024c11139a3dcf625fbced5caeceaec933466d3f9,2026-09-02,Unofficial mirror copy; private school research/reference only; authenticity and redistribution rights not established; do not commit or redistribute.
2023,May 2023 Examination Session,mathematics-analysis-and-approaches,German,unspecified,question-paper,Mathematics_analysis_and_approaches_paper_2__[German]_SL.pdf,https://dl.ibdocs.re/p/IB%20PAST%20PAPERS%20-%20YEAR/2023%20Examination%20Session/May%202023%20Examination%20Session/Mathematics/Mathematics_analysis_and_approaches_paper_2__%5BGerman%5D_SL.pdf,https://dl.ibdocs.re/IB%20PAST%20PAPERS%20-%20YEAR/2023%20Examination%20Session/May%202023%20Examination%20Session/Mathematics,resources/private/past-papers/2022-2026/mathematics-sciences/2023/May 2023 Examination Session/Mathematics/Mathematics_analysis_and_approaches_paper_2__[German]_SL.pdf,downloaded,719370,01666037f01a67a67b4e0b8f7dfdb6dc02642b4407817036f7a24e47eb320e5e,2026-09-02,Unofficial mirror copy; private school research/reference only; authenticity and redistribution rights not established; do not commit or redistribute.
2023,May 2023 Examination Session,mathematics-analysis-and-approaches,French,unspecified,question-paper,Mathematics_analysis_and_approaches_paper_2__HL_French.pdf,https://dl.ibdocs.re/p/IB%20PAST%20PAPERS%20-%20YEAR/2023%20Examination%20Session/May%202023%20Examination%20Session/Mathematics/Mathematics_analysis_and_approaches_paper_2__HL_French.pdf,https://dl.ibdocs.re/IB%20PAST%20PAPERS%20-%20YEAR/2023%20Examination%20Session/May%202023%20Examination%20Session/Mathematics,resources/private/past-papers/2022-2026/mathematics-sciences/2023/May 2023 Examination Session/Mathematics/Mathematics_analysis_and_approaches_paper_2__HL_French.pdf,downloaded,1292206,f0b8e4c421ed4c26d50e247cd823144623a3e36489f1e7a61274ef53f6fdfb77,2026-09-02,Unofficial mirror copy; private school research/reference only; authenticity and redistribution rights not established; do not commit or redistribute.
2023,May 2023 Examination Session,mathematics-analysis-and-approaches,Spanish,unspecified,question-paper,Mathematics_analysis_and_approaches_paper_2__HL_Spanish.pdf,https://dl.ibdocs.re/p/IB%20PAST%20PAPERS%20-%20YEAR/2023%20Examination%20Session/May%202023%20Examination%20Session/Mathematics/Mathematics_analysis_and_approaches_paper_2__HL_Spanish.pdf,https://dl.ibdocs.re/IB%20PAST%20PAPERS%20-%20YEAR/2023%20Examination%20Session/May%202023%20Examination%20Session/Mathematics,resources/private/past-papers/2022-2026/mathematics-sciences/2023/May 2023 Examination Session/Mathematics/Mathematics_analysis_and_approaches_paper_2__HL_Spanish.pdf,downloaded,1312338,925274d45a4aa263ae673b61046727fc9fc8f9ee9b8c973a0c2d2689cb9cb137,2026-09-02,Unofficial mirror copy; private school research/reference only; authenticity and redistribution rights not established; do not commit or redistribute.
2023,May 2023 Examination Session,mathematics-analysis-and-approaches,French,unspecified,question-paper,Mathematics_analysis_and_approaches_paper_2__SL_French.pdf,https://dl.ibdocs.re/p/IB%20PAST%20PAPERS%20-%20YEAR/2023%20Examination%20Session/May%202023%20Examination%20Session/Mathematics/Mathematics_analysis_and_approaches_paper_2__SL_French.pdf,https://dl.ibdocs.re/IB%20PAST%20PAPERS%20-%20YEAR/2023%20Examination%20Session/May%202023%20Examination%20Session/Mathematics,resources/private/past-papers/2022-2026/mathematics-sciences/2023/May 2023 Examination Session/Mathematics/Mathematics_analysis_and_approaches_paper_2__SL_French.pdf,downloaded,733790,a67178810db9d2924fc3d8577fdb7de5811c235c90ab5386d9feee713e627cba,2026-09-02,Unofficial mirror copy; private school research/reference only; authenticity and redistribution rights not established; do not commit or redistribute.
2023,May 2023 Examination Session,mathematics-analysis-and-approaches,Spanish,unspecified,question-paper,Mathematics_analysis_and_approaches_paper_2__SL_Spanish.pdf,https://dl.ibdocs.re/p/IB%20PAST%20PAPERS%20-%20YEAR/2023%20Examination%20Session/May%202023%20Examination%20Session/Mathematics/Mathematics_analysis_and_approaches_paper_2__SL_Spanish.pdf,https://dl.ibdocs.re/IB%20PAST%20PAPERS%20-%20YEAR/2023%20Examination%20Session/May%202023%20Examination%20Session/Mathematics,resources/private/past-papers/2022-2026/mathematics-sciences/2023/May 2023 Examination Session/Mathematics/Mathematics_analysis_and_approaches_paper_2__SL_Spanish.pdf,downloaded,753835,cdabdb4d772868d2992fa402df22876725e147b4cf1c0628f56055f1ca43258d,2026-09-02,Unofficial mirror copy; private school research/reference only; authenticity and redistribution rights not established; do not commit or redistribute.
2023,May 2023 Examination Session,mathematics-analysis-and-approaches,English or unspecified,unspecified,markscheme,Mathematics_analysis_and_approaches_paper_2__TZ1_HL_markscheme.pdf,https://dl.ibdocs.re/p/IB%20PAST%20PAPERS%20-%20YEAR/2023%20Examination%20Session/May%202023%20Examination%20Session/Mathematics/Mathematics_analysis_and_approaches_paper_2__TZ1_HL_markscheme.pdf,https://dl.ibdocs.re/IB%20PAST%20PAPERS%20-%20YEAR/2023%20Examination%20Session/May%202023%20Examination%20Session/Mathematics,resources/private/past-papers/2022-2026/mathematics-sciences/2023/May 2023 Examination Session/Mathematics/Mathematics_analysis_and_approaches_paper_2__TZ1_HL_markscheme.pdf,downloaded,711604,fb1d6237d6bc6eefab30fc5ef53a1eed22b1f6a4b76b28a5d08f4b5f95e5de6b,2026-09-02,Unofficial mirror copy; private school research/reference only; authenticity and redistribution rights not established; do not commit or redistribute.
2023,May 2023 Examination Session,mathematics-analysis-and-approaches,English or unspecified,unspecified,question-paper,Mathematics_analysis_and_approaches_paper_2__TZ1_HL.pdf,https://dl.ibdocs.re/p/IB%20PAST%20PAPERS%20-%20YEAR/2023%20Examination%20Session/May%202023%20Examination%20Session/Mathematics/Mathematics_analysis_and_approaches_paper_2__TZ1_HL.pdf,https://dl.ibdocs.re/IB%20PAST%20PAPERS%20-%20YEAR/2023%20Examination%20Session/May%202023%20Examination%20Session/Mathematics,resources/private/past-papers/2022-2026/mathematics-sciences/2023/May 2023 Examination Session/Mathematics/Mathematics_analysis_and_approaches_paper_2__TZ1_HL.pdf,downloaded,1433388,66ba45913abb800260b936223818fd512597eee9eb84a67c66c9c67001cfde05,2026-09-02,Unofficial mirror copy; private school research/reference only; authenticity and redistribution rights not established; do not commit or redistribute.
2023,May 2023 Examination Session,mathematics-analysis-and-approaches,English or unspecified,unspecified,markscheme,Mathematics_analysis_and_approaches_paper_2__TZ1_SL_markscheme.pdf,https://dl.ibdocs.re/p/IB%20PAST%20PAPERS%20-%20YEAR/2023%20Examination%20Session/May%202023%20Examination%20Session/Mathematics/Mathematics_analysis_and_approaches_paper_2__TZ1_SL_markscheme.pdf,https://dl.ibdocs.re/IB%20PAST%20PAPERS%20-%20YEAR/2023%20Examination%20Session/May%202023%20Examination%20Session/Mathematics,resources/private/past-papers/2022-2026/mathematics-sciences/2023/May 2023 Examination Session/Mathematics/Mathematics_analysis_and_approaches_paper_2__TZ1_SL_markscheme.pdf,downloaded,653071,b905e59788840e0f874daa71515b7018b66a28afabde6d766413a67dfb340dbc,2026-09-02,Unofficial mirror copy; private school research/reference only; authenticity and redistribution rights not established; do not commit or redistribute.
2023,May 2023 Examination Session,mathematics-analysis-and-approaches,English or unspecified,unspecified,question-paper,Mathematics_analysis_and_approaches_paper_2__TZ1_SL.pdf,https://dl.ibdocs.re/p/IB%20PAST%20PAPERS%20-%20YEAR/2023%20Examination%20Session/May%202023%20Examination%20Session/Mathematics/Mathematics_analysis_and_approaches_paper_2__TZ1_SL.pdf,https://dl.ibdocs.re/IB%20PAST%20PAPERS%20-%20YEAR/2023%20Examination%20Session/May%202023%20Examination%20Session/Mathematics,resources/private/past-papers/2022-2026/mathematics-sciences/2023/May 2023 Examination Session/Mathematics/Mathematics_analysis_and_approaches_paper_2__TZ1_SL.pdf,downloaded,907305,a01c247e35afb013f46ae665ce9b7cfd0795c1896f3b8a4b3a8065b44759eedf,2026-09-02,Unofficial mirror copy; private school research/reference only; authenticity and redistribution rights not established; do not commit or redistribute.
2023,May 2023 Examination Session,mathematics-analysis-and-approaches,English or unspecified,unspecified,markscheme,Mathematics_analysis_and_approaches_paper_2__TZ2_HL_markscheme.pdf,https://dl.ibdocs.re/p/IB%20PAST%20PAPERS%20-%20YEAR/2023%20Examination%20Session/May%202023%20Examination%20Session/Mathematics/Mathematics_analysis_and_approaches_paper_2__TZ2_HL_markscheme.pdf,https://dl.ibdocs.re/IB%20PAST%20PAPERS%20-%20YEAR/2023%20Examination%20Session/May%202023%20Examination%20Session/Mathematics,resources/private/past-papers/2022-2026/mathematics-sciences/2023/May 2023 Examination Session/Mathematics/Mathematics_analysis_and_approaches_paper_2__TZ2_HL_markscheme.pdf,downloaded,1562654,e0748caa38a5eab79ed775c5098d8cf73af49122abca8d784a3922cdb7278ab7,2026-09-02,Unofficial mirror copy; private school research/reference only; authenticity and redistribution rights not established; do not commit or redistribute.
2023,May 2023 Examination Session,mathematics-analysis-and-approaches,English or unspecified,unspecified,question-paper,Mathematics_analysis_and_approaches_paper_2__TZ2_HL.pdf,https://dl.ibdocs.re/p/IB%20PAST%20PAPERS%20-%20YEAR/2023%20Examination%20Session/May%202023%20Examination%20Session/Mathematics/Mathematics_analysis_and_approaches_paper_2__TZ2_HL.pdf,https://dl.ibdocs.re/IB%20PAST%20PAPERS%20-%20YEAR/2023%20Examination%20Session/May%202023%20Examination%20Session/Mathematics,resources/private/past-papers/2022-2026/mathematics-sciences/2023/May 2023 Examination Session/Mathematics/Mathematics_analysis_and_approaches_paper_2__TZ2_HL.pdf,downloaded,1298575,435d5e600da5491a91eddde0fefeb7092625823021c056f57333b34142f8c687,2026-09-02,Unofficial mirror copy; private school research/reference only; authenticity and redistribution rights not established; do not commit or redistribute.
2023,May 2023 Examination Session,mathematics-analysis-and-approaches,English or unspecified,unspecified,markscheme,Mathematics_analysis_and_approaches_paper_2__TZ2_SL_markscheme.pdf,https://dl.ibdocs.re/p/IB%20PAST%20PAPERS%20-%20YEAR/2023%20Examination%20Session/May%202023%20Examination%20Session/Mathematics/Mathematics_analysis_and_approaches_paper_2__TZ2_SL_markscheme.pdf,https://dl.ibdocs.re/IB%20PAST%20PAPERS%20-%20YEAR/2023%20Examination%20Session/May%202023%20Examination%20Session/Mathematics,resources/private/past-papers/2022-2026/mathematics-sciences/2023/May 2023 Examination Session/Mathematics/Mathematics_analysis_and_approaches_paper_2__TZ2_SL_markscheme.pdf,downloaded,1091346,6238c3c1d5357cd921d5301cc542869e20a67328f7abc057dd14de6cb92a9747,2026-09-02,Unofficial mirror copy; private school research/reference only; authenticity and redistribution rights not established; do not commit or redistribute.
2023,May 2023 Examination Session,mathematics-analysis-and-approaches,English or unspecified,unspecified,question-paper,Mathematics_analysis_and_approaches_paper_2__TZ2_SL.pdf,https://dl.ibdocs.re/p/IB%20PAST%20PAPERS%20-%20YEAR/2023%20Examination%20Session/May%202023%20Examination%20Session/Mathematics/Mathematics_analysis_and_approaches_paper_2__TZ2_SL.pdf,https://dl.ibdocs.re/IB%20PAST%20PAPERS%20-%20YEAR/2023%20Examination%20Session/May%202023%20Examination%20Session/Mathematics,resources/private/past-papers/2022-2026/mathematics-sciences/2023/May 2023 Examination Session/Mathematics/Mathematics_analysis_and_approaches_paper_2__TZ2_SL.pdf,downloaded,738230,69bc1e9ff6b8eb7d1f7ae938972ace5698184b07621c43b7c754a5e8e0169d82,2026-09-02,Unofficial mirror copy; private school research/reference only; authenticity and redistribution rights not established; do not commit or redistribute.
2023,May 2023 Examination Session,mathematics-analysis-and-approaches,German,unspecified,question-paper,Mathematics_analysis_and_approaches_paper_3__[German]_HL.pdf,https://dl.ibdocs.re/p/IB%20PAST%20PAPERS%20-%20YEAR/2023%20Examination%20Session/May%202023%20Examination%20Session/Mathematics/Mathematics_analysis_and_approaches_paper_3__%5BGerman%5D_HL.pdf,https://dl.ibdocs.re/IB%20PAST%20PAPERS%20-%20YEAR/2023%20Examination%20Session/May%202023%20Examination%20Session/Mathematics,resources/private/past-papers/2022-2026/mathematics-sciences/2023/May 2023 Examination Session/Mathematics/Mathematics_analysis_and_approaches_paper_3__[German]_HL.pdf,downloaded,910008,59e03caeae843012fa4da631dfde212968fdd603d5aaa36953b46e25a6e34ec2,2026-09-02,Unofficial mirror copy; private school research/reference only; authenticity and redistribution rights not established; do not commit or redistribute.
2023,May 2023 Examination Session,mathematics-analysis-and-approaches,French,unspecified,question-paper,Mathematics_analysis_and_approaches_paper_3__HL_French.pdf,https://dl.ibdocs.re/p/IB%20PAST%20PAPERS%20-%20YEAR/2023%20Examination%20Session/May%202023%20Examination%20Session/Mathematics/Mathematics_analysis_and_approaches_paper_3__HL_French.pdf,https://dl.ibdocs.re/IB%20PAST%20PAPERS%20-%20YEAR/2023%20Examination%20Session/May%202023%20Examination%20Session/Mathematics,resources/private/past-papers/2022-2026/mathematics-sciences/2023/May 2023 Examination Session/Mathematics/Mathematics_analysis_and_approaches_paper_3__HL_French.pdf,downloaded,950796,ca56addb498ff545930263e4b5456482078fcd815de60cc911aa90a4e353fd1c,2026-09-02,Unofficial mirror copy; private school research/reference only; authenticity and redistribution rights not established; do not commit or redistribute.
2023,May 2023 Examination Session,mathematics-analysis-and-approaches,Spanish,unspecified,question-paper,Mathematics_analysis_and_approaches_paper_3__HL_Spanish.pdf,https://dl.ibdocs.re/p/IB%20PAST%20PAPERS%20-%20YEAR/2023%20Examination%20Session/May%202023%20Examination%20Session/Mathematics/Mathematics_analysis_and_approaches_paper_3__HL_Spanish.pdf,https://dl.ibdocs.re/IB%20PAST%20PAPERS%20-%20YEAR/2023%20Examination%20Session/May%202023%20Examination%20Session/Mathematics,resources/private/past-papers/2022-2026/mathematics-sciences/2023/May 2023 Examination Session/Mathematics/Mathematics_analysis_and_approaches_paper_3__HL_Spanish.pdf,downloaded,952674,f2fe3f80c830a4776f8211da55cf251e5a7755bdd83269523289475685f3a2c0,2026-09-02,Unofficial mirror copy; private school research/reference only; authenticity and redistribution rights not established; do not commit or redistribute.
2023,May 2023 Examination Session,mathematics-analysis-and-approaches,English or unspecified,unspecified,markscheme,Mathematics_analysis_and_approaches_paper_3__TZ1_HL_markscheme.pdf,https://dl.ibdocs.re/p/IB%20PAST%20PAPERS%20-%20YEAR/2023%20Examination%20Session/May%202023%20Examination%20Session/Mathematics/Mathematics_analysis_and_approaches_paper_3__TZ1_HL_markscheme.pdf,https://dl.ibdocs.re/IB%20PAST%20PAPERS%20-%20YEAR/2023%20Examination%20Session/May%202023%20Examination%20Session/Mathematics,resources/private/past-papers/2022-2026/mathematics-sciences/2023/May 2023 Examination Session/Mathematics/Mathematics_analysis_and_approaches_paper_3__TZ1_HL_markscheme.pdf,downloaded,981269,c880e3ae9589c917e1bdb4a347b0944164d4a943f891e48bf6e5b76f6a02f7a3,2026-09-02,Unofficial mirror copy; private school research/reference only; authenticity and redistribution rights not established; do not commit or redistribute.
2023,May 2023 Examination Session,mathematics-analysis-and-approaches,English or unspecified,unspecified,question-paper,Mathematics_analysis_and_approaches_paper_3__TZ1_HL.pdf,https://dl.ibdocs.re/p/IB%20PAST%20PAPERS%20-%20YEAR/2023%20Examination%20Session/May%202023%20Examination%20Session/Mathematics/Mathematics_analysis_and_approaches_paper_3__TZ1_HL.pdf,https://dl.ibdocs.re/IB%20PAST%20PAPERS%20-%20YEAR/2023%20Examination%20Session/May%202023%20Examination%20Session/Mathematics,resources/private/past-papers/2022-2026/mathematics-sciences/2023/May 2023 Examination Session/Mathematics/Mathematics_analysis_and_approaches_paper_3__TZ1_HL.pdf,downloaded,517025,bc7e78a0ac13622246a0adfdd1620d7381c39bab617e985f7db6fcde1c0a5efe,2026-09-02,Unofficial mirror copy; private school research/reference only; authenticity and redistribution rights not established; do not commit or redistribute.
2023,May 2023 Examination Session,mathematics-analysis-and-approaches,English or unspecified,unspecified,markscheme,Mathematics_analysis_and_approaches_paper_3__TZ2_HL_markscheme.pdf,https://dl.ibdocs.re/p/IB%20PAST%20PAPERS%20-%20YEAR/2023%20Examination%20Session/May%202023%20Examination%20Session/Mathematics/Mathematics_analysis_and_approaches_paper_3__TZ2_HL_markscheme.pdf,https://dl.ibdocs.re/IB%20PAST%20PAPERS%20-%20YEAR/2023%20Examination%20Session/May%202023%20Examination%20Session/Mathematics,resources/private/past-papers/2022-2026/mathematics-sciences/2023/May 2023 Examination Session/Mathematics/Mathematics_analysis_and_approaches_paper_3__TZ2_HL_markscheme.pdf,downloaded,1589881,7d237b6fa2e3e2cda11348e09d47afa391a98a3117e4f43bbc13c2bcdac7693a,2026-09-02,Unofficial mirror copy; private school research/reference only; authenticity and redistribution rights not established; do not commit or redistribute.
2023,May 2023 Examination Session,mathematics-analysis-and-approaches,English or unspecified,unspecified,question-paper,Mathematics_analysis_and_approaches_paper_3__TZ2_HL.pdf,https://dl.ibdocs.re/p/IB%20PAST%20PAPERS%20-%20YEAR/2023%20Examination%20Session/May%202023%20Examination%20Session/Mathematics/Mathematics_analysis_and_approaches_paper_3__TZ2_HL.pdf,https://dl.ibdocs.re/IB%20PAST%20PAPERS%20-%20YEAR/2023%20Examination%20Session/May%202023%20Examination%20Session/Mathematics,resources/private/past-papers/2022-2026/mathematics-sciences/2023/May 2023 Examination Session/Mathematics/Mathematics_analysis_and_approaches_paper_3__TZ2_HL.pdf,downloaded,956850,79c4846857d05795d4f88a0f4efa7effeef84d4c9902f19fbb597082757aebeb,2026-09-02,Unofficial mirror copy; private school research/reference only; authenticity and redistribution rights not established; do not commit or redistribute.
2023,May 2023 Examination Session,mathematics-applications-and-interpretation,French,unspecified,question-paper,Mathematics_applications_and_interpretation_paper_1__HL_French.pdf,https://dl.ibdocs.re/p/IB%20PAST%20PAPERS%20-%20YEAR/2023%20Examination%20Session/May%202023%20Examination%20Session/Mathematics/Mathematics_applications_and_interpretation_paper_1__HL_French.pdf,https://dl.ibdocs.re/IB%20PAST%20PAPERS%20-%20YEAR/2023%20Examination%20Session/May%202023%20Examination%20Session/Mathematics,resources/private/past-papers/2022-2026/mathematics-sciences/2023/May 2023 Examination Session/Mathematics/Mathematics_applications_and_interpretation_paper_1__HL_French.pdf,downloaded,1016605,19ed42d3962621a605676ef4c596087bd1f0f2eabeb81e6fb3089c19273605e4,2026-09-02,Unofficial mirror copy; private school research/reference only; authenticity and redistribution rights not established; do not commit or redistribute.
2023,May 2023 Examination Session,mathematics-applications-and-interpretation,Spanish,unspecified,question-paper,Mathematics_applications_and_interpretation_paper_1__HL_Spanish.pdf,https://dl.ibdocs.re/p/IB%20PAST%20PAPERS%20-%20YEAR/2023%20Examination%20Session/May%202023%20Examination%20Session/Mathematics/Mathematics_applications_and_interpretation_paper_1__HL_Spanish.pdf,https://dl.ibdocs.re/IB%20PAST%20PAPERS%20-%20YEAR/2023%20Examination%20Session/May%202023%20Examination%20Session/Mathematics,resources/private/past-papers/2022-2026/mathematics-sciences/2023/May 2023 Examination Session/Mathematics/Mathematics_applications_and_interpretation_paper_1__HL_Spanish.pdf,downloaded,1017366,91f969bbdc6e13fbe216c4f843b2471f4681b73f546d428b9a7f07556d679e57,2026-09-02,Unofficial mirror copy; private school research/reference only; authenticity and redistribution rights not established; do not commit or redistribute.
2023,May 2023 Examination Session,mathematics-applications-and-interpretation,French,unspecified,question-paper,Mathematics_applications_and_interpretation_paper_1__SL_French.pdf,https://dl.ibdocs.re/p/IB%20PAST%20PAPERS%20-%20YEAR/2023%20Examination%20Session/May%202023%20Examination%20Session/Mathematics/Mathematics_applications_and_interpretation_paper_1__SL_French.pdf,https://dl.ibdocs.re/IB%20PAST%20PAPERS%20-%20YEAR/2023%20Examination%20Session/May%202023%20Examination%20Session/Mathematics,resources/private/past-papers/2022-2026/mathematics-sciences/2023/May 2023 Examination Session/Mathematics/Mathematics_applications_and_interpretation_paper_1__SL_French.pdf,downloaded,997135,8580e9185b3ede0288e06240efd9ad96f0edec855688b50a74c2340398defff3,2026-09-02,Unofficial mirror copy; private school research/reference only; authenticity and redistribution rights not established; do not commit or redistribute.
2023,May 2023 Examination Session,mathematics-applications-and-interpretation,Spanish,unspecified,question-paper,Mathematics_applications_and_interpretation_paper_1__SL_Spanish.pdf,https://dl.ibdocs.re/p/IB%20PAST%20PAPERS%20-%20YEAR/2023%20Examination%20Session/May%202023%20Examination%20Session/Mathematics/Mathematics_applications_and_interpretation_paper_1__SL_Spanish.pdf,https://dl.ibdocs.re/IB%20PAST%20PAPERS%20-%20YEAR/2023%20Examination%20Session/May%202023%20Examination%20Session/Mathematics,resources/private/past-papers/2022-2026/mathematics-sciences/2023/May 2023 Examination Session/Mathematics/Mathematics_applications_and_interpretation_paper_1__SL_Spanish.pdf,downloaded,994358,0a6db70b85a24fbd368c0e5a1fe62ea70748710d8097c145c2d73615ad2a5fa5,2026-09-02,Unofficial mirror copy; private school research/reference only; authenticity and redistribution rights not established; do not commit or redistribute.
2023,May 2023 Examination Session,mathematics-applications-and-interpretation,English or unspecified,unspecified,markscheme,Mathematics_applications_and_interpretation_paper_1__TZ1_HL_markscheme.pdf,https://dl.ibdocs.re/p/IB%20PAST%20PAPERS%20-%20YEAR/2023%20Examination%20Session/May%202023%20Examination%20Session/Mathematics/Mathematics_applications_and_interpretation_paper_1__TZ1_HL_markscheme.pdf,https://dl.ibdocs.re/IB%20PAST%20PAPERS%20-%20YEAR/2023%20Examination%20Session/May%202023%20Examination%20Session/Mathematics,resources/private/past-papers/2022-2026/mathematics-sciences/2023/May 2023 Examination Session/Mathematics/Mathematics_applications_and_interpretation_paper_1__TZ1_HL_markscheme.pdf,downloaded,854158,cdf8af584a9d979d69fc79c15ddf745b2b0f582bde21c54fee204a0ec7b2f758,2026-09-02,Unofficial mirror copy; private school research/reference only; authenticity and redistribution rights not established; do not commit or redistribute.
2023,May 2023 Examination Session,mathematics-applications-and-interpretation,English or unspecified,unspecified,question-paper,Mathematics_applications_and_interpretation_paper_1__TZ1_HL.pdf,https://dl.ibdocs.re/p/IB%20PAST%20PAPERS%20-%20YEAR/2023%20Examination%20Session/May%202023%20Examination%20Session/Mathematics/Mathematics_applications_and_interpretation_paper_1__TZ1_HL.pdf,https://dl.ibdocs.re/IB%20PAST%20PAPERS%20-%20YEAR/2023%20Examination%20Session/May%202023%20Examination%20Session/Mathematics,resources/private/past-papers/2022-2026/mathematics-sciences/2023/May 2023 Examination Session/Mathematics/Mathematics_applications_and_interpretation_paper_1__TZ1_HL.pdf,downloaded,1279214,4f1fc026049d92bc88fbe159e49a6fc264e63c7b7b967532cfa2f6f40f6fa610,2026-09-02,Unofficial mirror copy; private school research/reference only; authenticity and redistribution rights not established; do not commit or redistribute.
2023,May 2023 Examination Session,mathematics-applications-and-interpretation,English or unspecified,unspecified,markscheme,Mathematics_applications_and_interpretation_paper_1__TZ1_SL_markscheme.pdf,https://dl.ibdocs.re/p/IB%20PAST%20PAPERS%20-%20YEAR/2023%20Examination%20Session/May%202023%20Examination%20Session/Mathematics/Mathematics_applications_and_interpretation_paper_1__TZ1_SL_markscheme.pdf,https://dl.ibdocs.re/IB%20PAST%20PAPERS%20-%20YEAR/2023%20Examination%20Session/May%202023%20Examination%20Session/Mathematics,resources/private/past-papers/2022-2026/mathematics-sciences/2023/May 2023 Examination Session/Mathematics/Mathematics_applications_and_interpretation_paper_1__TZ1_SL_markscheme.pdf,downloaded,727340,074e2a68634a648939c979bc2e73df3067256688e53cf9a3bdf3cc07ddb2e9ac,2026-09-02,Unofficial mirror copy; private school research/reference only; authenticity and redistribution rights not established; do not commit or redistribute.
2023,May 2023 Examination Session,mathematics-applications-and-interpretation,English or unspecified,unspecified,question-paper,Mathematics_applications_and_interpretation_paper_1__TZ1_SL.pdf,https://dl.ibdocs.re/p/IB%20PAST%20PAPERS%20-%20YEAR/2023%20Examination%20Session/May%202023%20Examination%20Session/Mathematics/Mathematics_applications_and_interpretation_paper_1__TZ1_SL.pdf,https://dl.ibdocs.re/IB%20PAST%20PAPERS%20-%20YEAR/2023%20Examination%20Session/May%202023%20Examination%20Session/Mathematics,resources/private/past-papers/2022-2026/mathematics-sciences/2023/May 2023 Examination Session/Mathematics/Mathematics_applications_and_interpretation_paper_1__TZ1_SL.pdf,downloaded,1003198,fb27aa59fe71fe3c3f1e85e3e290047030df070b872aa2ead92296f7cb59ad9f,2026-09-02,Unofficial mirror copy; private school research/reference only; authenticity and redistribution rights not established; do not commit or redistribute.
2023,May 2023 Examination Session,mathematics-applications-and-interpretation,English or unspecified,unspecified,markscheme,Mathematics_applications_and_interpretation_paper_1__TZ2_HL_markscheme.pdf,https://dl.ibdocs.re/p/IB%20PAST%20PAPERS%20-%20YEAR/2023%20Examination%20Session/May%202023%20Examination%20Session/Mathematics/Mathematics_applications_and_interpretation_paper_1__TZ2_HL_markscheme.pdf,https://dl.ibdocs.re/IB%20PAST%20PAPERS%20-%20YEAR/2023%20Examination%20Session/May%202023%20Examination%20Session/Mathematics,resources/private/past-papers/2022-2026/mathematics-sciences/2023/May 2023 Examination Session/Mathematics/Mathematics_applications_and_interpretation_paper_1__TZ2_HL_markscheme.pdf,downloaded,613015,750d94f73b66962f197a08f58eea06dfbf839e3d350f27fe89580915b902e244,2026-09-02,Unofficial mirror copy; private school research/reference only; authenticity and redistribution rights not established; do not commit or redistribute.
2023,May 2023 Examination Session,mathematics-applications-and-interpretation,English or unspecified,unspecified,question-paper,Mathematics_applications_and_interpretation_paper_1__TZ2_HL.pdf,https://dl.ibdocs.re/p/IB%20PAST%20PAPERS%20-%20YEAR/2023%20Examination%20Session/May%202023%20Examination%20Session/Mathematics/Mathematics_applications_and_interpretation_paper_1__TZ2_HL.pdf,https://dl.ibdocs.re/IB%20PAST%20PAPERS%20-%20YEAR/2023%20Examination%20Session/May%202023%20Examination%20Session/Mathematics,resources/private/past-papers/2022-2026/mathematics-sciences/2023/May 2023 Examination Session/Mathematics/Mathematics_applications_and_interpretation_paper_1__TZ2_HL.pdf,downloaded,1021568,d4e6920373ecbabe378dc5099096caddf787e1a81451e655ecc9e5766bb9e9e9,2026-09-02,Unofficial mirror copy; private school research/reference only; authenticity and redistribution rights not established; do not commit or redistribute.
2023,May 2023 Examination Session,mathematics-applications-and-interpretation,English or unspecified,unspecified,markscheme,Mathematics_applications_and_interpretation_paper_1__TZ2_SL_markscheme.pdf,https://dl.ibdocs.re/p/IB%20PAST%20PAPERS%20-%20YEAR/2023%20Examination%20Session/May%202023%20Examination%20Session/Mathematics/Mathematics_applications_and_interpretation_paper_1__TZ2_SL_markscheme.pdf,https://dl.ibdocs.re/IB%20PAST%20PAPERS%20-%20YEAR/2023%20Examination%20Session/May%202023%20Examination%20Session/Mathematics,resources/private/past-papers/2022-2026/mathematics-sciences/2023/May 2023 Examination Session/Mathematics/Mathematics_applications_and_interpretation_paper_1__TZ2_SL_markscheme.pdf,downloaded,684077,9d9d2c68e10f663829bad9cc00446ba30cc3aceb8f1b09936ff63becc5471980,2026-09-02,Unofficial mirror copy; private school research/reference only; authenticity and redistribution rights not established; do not commit or redistribute.
2023,May 2023 Examination Session,mathematics-applications-and-interpretation,English or unspecified,unspecified,question-paper,Mathematics_applications_and_interpretation_paper_1__TZ2_SL.pdf,https://dl.ibdocs.re/p/IB%20PAST%20PAPERS%20-%20YEAR/2023%20Examination%20Session/May%202023%20Examination%20Session/Mathematics/Mathematics_applications_and_interpretation_paper_1__TZ2_SL.pdf,https://dl.ibdocs.re/IB%20PAST%20PAPERS%20-%20YEAR/2023%20Examination%20Session/May%202023%20Examination%20Session/Mathematics,resources/private/past-papers/2022-2026/mathematics-sciences/2023/May 2023 Examination Session/Mathematics/Mathematics_applications_and_interpretation_paper_1__TZ2_SL.pdf,downloaded,998093,696ef0db3e93927ba0852e70f318f88a98ea98e87acc0dae88d1301995bc8426,2026-09-02,Unofficial mirror copy; private school research/reference only; authenticity and redistribution rights not established; do not commit or redistribute.
2023,May 2023 Examination Session,mathematics-applications-and-interpretation,French,unspecified,question-paper,Mathematics_applications_and_interpretation_paper_2__HL_French.pdf,https://dl.ibdocs.re/p/IB%20PAST%20PAPERS%20-%20YEAR/2023%20Examination%20Session/May%202023%20Examination%20Session/Mathematics/Mathematics_applications_and_interpretation_paper_2__HL_French.pdf,https://dl.ibdocs.re/IB%20PAST%20PAPERS%20-%20YEAR/2023%20Examination%20Session/May%202023%20Examination%20Session/Mathematics,resources/private/past-papers/2022-2026/mathematics-sciences/2023/May 2023 Examination Session/Mathematics/Mathematics_applications_and_interpretation_paper_2__HL_French.pdf,downloaded,958866,0a2e1da76efb9ce6ad9dc46c442f1ec6ac87c1601613f1e826ed9d21e73d688e,2026-09-02,Unofficial mirror copy; private school research/reference only; authenticity and redistribution rights not established; do not commit or redistribute.
2023,May 2023 Examination Session,mathematics-applications-and-interpretation,Spanish,unspecified,question-paper,Mathematics_applications_and_interpretation_paper_2__HL_Spanish.pdf,https://dl.ibdocs.re/p/IB%20PAST%20PAPERS%20-%20YEAR/2023%20Examination%20Session/May%202023%20Examination%20Session/Mathematics/Mathematics_applications_and_interpretation_paper_2__HL_Spanish.pdf,https://dl.ibdocs.re/IB%20PAST%20PAPERS%20-%20YEAR/2023%20Examination%20Session/May%202023%20Examination%20Session/Mathematics,resources/private/past-papers/2022-2026/mathematics-sciences/2023/May 2023 Examination Session/Mathematics/Mathematics_applications_and_interpretation_paper_2__HL_Spanish.pdf,downloaded,955787,a47de4e13909fbfd7d2ef782d0fd89ca829bcd18cda58347bb8b065460918581,2026-09-02,Unofficial mirror copy; private school research/reference only; authenticity and redistribution rights not established; do not commit or redistribute.
2023,May 2023 Examination Session,mathematics-applications-and-interpretation,French,unspecified,question-paper,Mathematics_applications_and_interpretation_paper_2__SL_French.pdf,https://dl.ibdocs.re/p/IB%20PAST%20PAPERS%20-%20YEAR/2023%20Examination%20Session/May%202023%20Examination%20Session/Mathematics/Mathematics_applications_and_interpretation_paper_2__SL_French.pdf,https://dl.ibdocs.re/IB%20PAST%20PAPERS%20-%20YEAR/2023%20Examination%20Session/May%202023%20Examination%20Session/Mathematics,resources/private/past-papers/2022-2026/mathematics-sciences/2023/May 2023 Examination Session/Mathematics/Mathematics_applications_and_interpretation_paper_2__SL_French.pdf,downloaded,887685,6c710dbc8868db497c6dee6a86e3337a4aa4f732f504b6e679622376e204ffc4,2026-09-02,Unofficial mirror copy; private school research/reference only; authenticity and redistribution rights not established; do not commit or redistribute.
2023,May 2023 Examination Session,mathematics-applications-and-interpretation,Spanish,unspecified,question-paper,Mathematics_applications_and_interpretation_paper_2__SL_Spanish.pdf,https://dl.ibdocs.re/p/IB%20PAST%20PAPERS%20-%20YEAR/2023%20Examination%20Session/May%202023%20Examination%20Session/Mathematics/Mathematics_applications_and_interpretation_paper_2__SL_Spanish.pdf,https://dl.ibdocs.re/IB%20PAST%20PAPERS%20-%20YEAR/2023%20Examination%20Session/May%202023%20Examination%20Session/Mathematics,resources/private/past-papers/2022-2026/mathematics-sciences/2023/May 2023 Examination Session/Mathematics/Mathematics_applications_and_interpretation_paper_2__SL_Spanish.pdf,downloaded,871548,a9f08b7f85425e70a7219b5d65290d6ccd28f1de43e698be8463be0af2ef23b8,2026-09-02,Unofficial mirror copy; private school research/reference only; authenticity and redistribution rights not established; do not commit or redistribute.
2023,May 2023 Examination Session,mathematics-applications-and-interpretation,English or unspecified,unspecified,markscheme,Mathematics_applications_and_interpretation_paper_2__TZ1_HL_markscheme.pdf,https://dl.ibdocs.re/p/IB%20PAST%20PAPERS%20-%20YEAR/2023%20Examination%20Session/May%202023%20Examination%20Session/Mathematics/Mathematics_applications_and_interpretation_paper_2__TZ1_HL_markscheme.pdf,https://dl.ibdocs.re/IB%20PAST%20PAPERS%20-%20YEAR/2023%20Examination%20Session/May%202023%20Examination%20Session/Mathematics,resources/private/past-papers/2022-2026/mathematics-sciences/2023/May 2023 Examination Session/Mathematics/Mathematics_applications_and_interpretation_paper_2__TZ1_HL_markscheme.pdf,downloaded,2615560,ae2f1e77feb0d23770f8146729d84a8cbeb2a61211143543bc1a7357ed513ac7,2026-09-02,Unofficial mirror copy; private school research/reference only; authenticity and redistribution rights not established; do not commit or redistribute.
2023,May 2023 Examination Session,mathematics-applications-and-interpretation,English or unspecified,unspecified,question-paper,Mathematics_applications_and_interpretation_paper_2__TZ1_HL.pdf,https://dl.ibdocs.re/p/IB%20PAST%20PAPERS%20-%20YEAR/2023%20Examination%20Session/May%202023%20Examination%20Session/Mathematics/Mathematics_applications_and_interpretation_paper_2__TZ1_HL.pdf,https://dl.ibdocs.re/IB%20PAST%20PAPERS%20-%20YEAR/2023%20Examination%20Session/May%202023%20Examination%20Session/Mathematics,resources/private/past-papers/2022-2026/mathematics-sciences/2023/May 2023 Examination Session/Mathematics/Mathematics_applications_and_interpretation_paper_2__TZ1_HL.pdf,downloaded,1248637,b525fd80c2d9b6ee17420194239bf46c822eb768a80f0aa470bafdbb379804c2,2026-09-02,Unofficial mirror copy; private school research/reference only; authenticity and redistribution rights not established; do not commit or redistribute.
2023,May 2023 Examination Session,mathematics-applications-and-interpretation,English or unspecified,unspecified,markscheme,Mathematics_applications_and_interpretation_paper_2__TZ1_SL_markscheme.pdf,https://dl.ibdocs.re/p/IB%20PAST%20PAPERS%20-%20YEAR/2023%20Examination%20Session/May%202023%20Examination%20Session/Mathematics/Mathematics_applications_and_interpretation_paper_2__TZ1_SL_markscheme.pdf,https://dl.ibdocs.re/IB%20PAST%20PAPERS%20-%20YEAR/2023%20Examination%20Session/May%202023%20Examination%20Session/Mathematics,resources/private/past-papers/2022-2026/mathematics-sciences/2023/May 2023 Examination Session/Mathematics/Mathematics_applications_and_interpretation_paper_2__TZ1_SL_markscheme.pdf,downloaded,1454315,ed6f3fce8b1b797087e2d79f5868d970f785cace5522565463c6b4c39fc9a606,2026-09-02,Unofficial mirror copy; private school research/reference only; authenticity and redistribution rights not established; do not commit or redistribute.
2023,May 2023 Examination Session,mathematics-applications-and-interpretation,English or unspecified,unspecified,question-paper,Mathematics_applications_and_interpretation_paper_2__TZ1_SL.pdf,https://dl.ibdocs.re/p/IB%20PAST%20PAPERS%20-%20YEAR/2023%20Examination%20Session/May%202023%20Examination%20Session/Mathematics/Mathematics_applications_and_interpretation_paper_2__TZ1_SL.pdf,https://dl.ibdocs.re/IB%20PAST%20PAPERS%20-%20YEAR/2023%20Examination%20Session/May%202023%20Examination%20Session/Mathematics,resources/private/past-papers/2022-2026/mathematics-sciences/2023/May 2023 Examination Session/Mathematics/Mathematics_applications_and_interpretation_paper_2__TZ1_SL.pdf,downloaded,1170438,c54c02d3de95b65f1b78f0fff071c9ddef613d3a9ab8329f3660aea779e50f06,2026-09-02,Unofficial mirror copy; private school research/reference only; authenticity and redistribution rights not established; do not commit or redistribute.
2023,May 2023 Examination Session,mathematics-applications-and-interpretation,English or unspecified,unspecified,markscheme,Mathematics_applications_and_interpretation_paper_2__TZ2_HL_markscheme.pdf,https://dl.ibdocs.re/p/IB%20PAST%20PAPERS%20-%20YEAR/2023%20Examination%20Session/May%202023%20Examination%20Session/Mathematics/Mathematics_applications_and_interpretation_paper_2__TZ2_HL_markscheme.pdf,https://dl.ibdocs.re/IB%20PAST%20PAPERS%20-%20YEAR/2023%20Examination%20Session/May%202023%20Examination%20Session/Mathematics,resources/private/past-papers/2022-2026/mathematics-sciences/2023/May 2023 Examination Session/Mathematics/Mathematics_applications_and_interpretation_paper_2__TZ2_HL_markscheme.pdf,downloaded,647248,c518258f9d3ec1924deb6035331d070b08ff73a9791548851393c22a855eacc8,2026-09-02,Unofficial mirror copy; private school research/reference only; authenticity and redistribution rights not established; do not commit or redistribute.
2023,May 2023 Examination Session,mathematics-applications-and-interpretation,English or unspecified,unspecified,question-paper,Mathematics_applications_and_interpretation_paper_2__TZ2_HL.pdf,https://dl.ibdocs.re/p/IB%20PAST%20PAPERS%20-%20YEAR/2023%20Examination%20Session/May%202023%20Examination%20Session/Mathematics/Mathematics_applications_and_interpretation_paper_2__TZ2_HL.pdf,https://dl.ibdocs.re/IB%20PAST%20PAPERS%20-%20YEAR/2023%20Examination%20Session/May%202023%20Examination%20Session/Mathematics,resources/private/past-papers/2022-2026/mathematics-sciences/2023/May 2023 Examination Session/Mathematics/Mathematics_applications_and_interpretation_paper_2__TZ2_HL.pdf,downloaded,950655,d6a4ba69db46ab6170c1679456602d81d0480d24152208f195e4a258c320ce28,2026-09-02,Unofficial mirror copy; private school research/reference only; authenticity and redistribution rights not established; do not commit or redistribute.
2023,May 2023 Examination Session,mathematics-applications-and-interpretation,English or unspecified,unspecified,markscheme,Mathematics_applications_and_interpretation_paper_2__TZ2_SL_markscheme.pdf,https://dl.ibdocs.re/p/IB%20PAST%20PAPERS%20-%20YEAR/2023%20Examination%20Session/May%202023%20Examination%20Session/Mathematics/Mathematics_applications_and_interpretation_paper_2__TZ2_SL_markscheme.pdf,https://dl.ibdocs.re/IB%20PAST%20PAPERS%20-%20YEAR/2023%20Examination%20Session/May%202023%20Examination%20Session/Mathematics,resources/private/past-papers/2022-2026/mathematics-sciences/2023/May 2023 Examination Session/Mathematics/Mathematics_applications_and_interpretation_paper_2__TZ2_SL_markscheme.pdf,downloaded,566126,5177baa4fac1d10f8e55ea8f64d140ad393d4200baa561224165bad1244ad177,2026-09-02,Unofficial mirror copy; private school research/reference only; authenticity and redistribution rights not established; do not commit or redistribute.
2023,May 2023 Examination Session,mathematics-applications-and-interpretation,English or unspecified,unspecified,question-paper,Mathematics_applications_and_interpretation_paper_2__TZ2_SL.pdf,https://dl.ibdocs.re/p/IB%20PAST%20PAPERS%20-%20YEAR/2023%20Examination%20Session/May%202023%20Examination%20Session/Mathematics/Mathematics_applications_and_interpretation_paper_2__TZ2_SL.pdf,https://dl.ibdocs.re/IB%20PAST%20PAPERS%20-%20YEAR/2023%20Examination%20Session/May%202023%20Examination%20Session/Mathematics,resources/private/past-papers/2022-2026/mathematics-sciences/2023/May 2023 Examination Session/Mathematics/Mathematics_applications_and_interpretation_paper_2__TZ2_SL.pdf,downloaded,856545,850ee6ab04a28735f514a5624f054d82ca63158251287073b4dc79f81b9a7ad6,2026-09-02,Unofficial mirror copy; private school research/reference only; authenticity and redistribution rights not established; do not commit or redistribute.
2023,May 2023 Examination Session,mathematics-applications-and-interpretation,French,unspecified,question-paper,Mathematics_applications_and_interpretation_paper_3__HL_French.pdf,https://dl.ibdocs.re/p/IB%20PAST%20PAPERS%20-%20YEAR/2023%20Examination%20Session/May%202023%20Examination%20Session/Mathematics/Mathematics_applications_and_interpretation_paper_3__HL_French.pdf,https://dl.ibdocs.re/IB%20PAST%20PAPERS%20-%20YEAR/2023%20Examination%20Session/May%202023%20Examination%20Session/Mathematics,resources/private/past-papers/2022-2026/mathematics-sciences/2023/May 2023 Examination Session/Mathematics/Mathematics_applications_and_interpretation_paper_3__HL_French.pdf,downloaded,590750,2129057ccc670104b80b46bf0ab38113cc56801db4645bc41a17a39f8fef6905,2026-09-02,Unofficial mirror copy; private school research/reference only; authenticity and redistribution rights not established; do not commit or redistribute.
2023,May 2023 Examination Session,mathematics-applications-and-interpretation,Spanish,unspecified,question-paper,Mathematics_applications_and_interpretation_paper_3__HL_Spanish.pdf,https://dl.ibdocs.re/p/IB%20PAST%20PAPERS%20-%20YEAR/2023%20Examination%20Session/May%202023%20Examination%20Session/Mathematics/Mathematics_applications_and_interpretation_paper_3__HL_Spanish.pdf,https://dl.ibdocs.re/IB%20PAST%20PAPERS%20-%20YEAR/2023%20Examination%20Session/May%202023%20Examination%20Session/Mathematics,resources/private/past-papers/2022-2026/mathematics-sciences/2023/May 2023 Examination Session/Mathematics/Mathematics_applications_and_interpretation_paper_3__HL_Spanish.pdf,downloaded,591324,22cd18713be9e3dda9f7080d026bd7897bcffcc41cae6d8169316cbf95d30d39,2026-09-02,Unofficial mirror copy; private school research/reference only; authenticity and redistribution rights not established; do not commit or redistribute.
2023,May 2023 Examination Session,mathematics-applications-and-interpretation,English or unspecified,unspecified,markscheme,Mathematics_applications_and_interpretation_paper_3__TZ1_HL_markscheme.pdf,https://dl.ibdocs.re/p/IB%20PAST%20PAPERS%20-%20YEAR/2023%20Examination%20Session/May%202023%20Examination%20Session/Mathematics/Mathematics_applications_and_interpretation_paper_3__TZ1_HL_markscheme.pdf,https://dl.ibdocs.re/IB%20PAST%20PAPERS%20-%20YEAR/2023%20Examination%20Session/May%202023%20Examination%20Session/Mathematics,resources/private/past-papers/2022-2026/mathematics-sciences/2023/May 2023 Examination Session/Mathematics/Mathematics_applications_and_interpretation_paper_3__TZ1_HL_markscheme.pdf,downloaded,444543,d4f1641d7f308693a9ba5de1020a7317d909c47133a6f0a3c81d8703cd719635,2026-09-02,Unofficial mirror copy; private school research/reference only; authenticity and redistribution rights not established; do not commit or redistribute.
2023,May 2023 Examination Session,mathematics-applications-and-interpretation,English or unspecified,unspecified,question-paper,Mathematics_applications_and_interpretation_paper_3__TZ1_HL.pdf,https://dl.ibdocs.re/p/IB%20PAST%20PAPERS%20-%20YEAR/2023%20Examination%20Session/May%202023%20Examination%20Session/Mathematics/Mathematics_applications_and_interpretation_paper_3__TZ1_HL.pdf,https://dl.ibdocs.re/IB%20PAST%20PAPERS%20-%20YEAR/2023%20Examination%20Session/May%202023%20Examination%20Session/Mathematics,resources/private/past-papers/2022-2026/mathematics-sciences/2023/May 2023 Examination Session/Mathematics/Mathematics_applications_and_interpretation_paper_3__TZ1_HL.pdf,downloaded,657909,3937b8653d82d864e95d1f80c2e7283983a812166dd28829d3f2f8ccaa5e8335,2026-09-02,Unofficial mirror copy; private school research/reference only; authenticity and redistribution rights not established; do not commit or redistribute.
2023,May 2023 Examination Session,mathematics-applications-and-interpretation,English or unspecified,unspecified,markscheme,Mathematics_applications_and_interpretation_paper_3__TZ2_HL_markscheme.pdf,https://dl.ibdocs.re/p/IB%20PAST%20PAPERS%20-%20YEAR/2023%20Examination%20Session/May%202023%20Examination%20Session/Mathematics/Mathematics_applications_and_interpretation_paper_3__TZ2_HL_markscheme.pdf,https://dl.ibdocs.re/IB%20PAST%20PAPERS%20-%20YEAR/2023%20Examination%20Session/May%202023%20Examination%20Session/Mathematics,resources/private/past-papers/2022-2026/mathematics-sciences/2023/May 2023 Examination Session/Mathematics/Mathematics_applications_and_interpretation_paper_3__TZ2_HL_markscheme.pdf,downloaded,516802,af373530a18652bb98220e0ab5016daeae8304b0277a1e442a71585909c6e093,2026-09-02,Unofficial mirror copy; private school research/reference only; authenticity and redistribution rights not established; do not commit or redistribute.
2023,May 2023 Examination Session,mathematics-applications-and-interpretation,English or unspecified,unspecified,question-paper,Mathematics_applications_and_interpretation_paper_3__TZ2_HL.pdf,https://dl.ibdocs.re/p/IB%20PAST%20PAPERS%20-%20YEAR/2023%20Examination%20Session/May%202023%20Examination%20Session/Mathematics/Mathematics_applications_and_interpretation_paper_3__TZ2_HL.pdf,https://dl.ibdocs.re/IB%20PAST%20PAPERS%20-%20YEAR/2023%20Examination%20Session/May%202023%20Examination%20Session/Mathematics,resources/private/past-papers/2022-2026/mathematics-sciences/2023/May 2023 Examination Session/Mathematics/Mathematics_applications_and_interpretation_paper_3__TZ2_HL.pdf,downloaded,593229,9d9391e6961f82f230d195fa7e1fe0b2e8edb4e06e77983f5f2f40eb4b6bda0d,2026-09-02,Unofficial mirror copy; private school research/reference only; authenticity and redistribution rights not established; do not commit or redistribute.
2023,More Papers M23,mathematics-analysis-and-approaches,English or unspecified,unspecified,other-associated-material,Math_AAHL_P1_TZA&B.pdf,https://dl.ibdocs.re/p/IB%20PAST%20PAPERS%20-%20YEAR/2023%20Examination%20Session/More%20Papers%20M23/Math_AAHL_P1_TZA%26B.pdf,https://dl.ibdocs.re/past-papers/2023/more-papers-m23,resources/private/past-papers/2022-2026/mathematics-sciences/2023/More Papers M23/Math_AAHL_P1_TZA&B.pdf,downloaded,2980263,f1a3b32b01e580f3525d2607103133984abfa6bbf0a3e8acd78719a4d885c486,2026-09-02,Unofficial mirror copy; private school research/reference only; authenticity and redistribution rights not established; do not commit or redistribute.
2023,More Papers M23,mathematics-analysis-and-approaches,English or unspecified,unspecified,other-associated-material,Math_AAHL_P1_TZC.pdf,https://dl.ibdocs.re/p/IB%20PAST%20PAPERS%20-%20YEAR/2023%20Examination%20Session/More%20Papers%20M23/Math_AAHL_P1_TZC.pdf,https://dl.ibdocs.re/past-papers/2023/more-papers-m23,resources/private/past-papers/2022-2026/mathematics-sciences/2023/More Papers M23/Math_AAHL_P1_TZC.pdf,downloaded,4383420,8d09dd3eb9d341d540388c9db80076adca06cc1e4f8fe5afd7d89a75b9db3291,2026-09-02,Unofficial mirror copy; private school research/reference only; authenticity and redistribution rights not established; do not commit or redistribute.
2023,More Papers M23,mathematics-analysis-and-approaches,English or unspecified,unspecified,other-associated-material,Math_AAHL_P2_TZA&B.pdf,https://dl.ibdocs.re/p/IB%20PAST%20PAPERS%20-%20YEAR/2023%20Examination%20Session/More%20Papers%20M23/Math_AAHL_P2_TZA%26B.pdf,https://dl.ibdocs.re/past-papers/2023/more-papers-m23,resources/private/past-papers/2022-2026/mathematics-sciences/2023/More Papers M23/Math_AAHL_P2_TZA&B.pdf,downloaded,6773854,44ee689fdf1b8b864e9cdaeeea1f7083975c5be199e24f93405c2e67a04e0f34,2026-09-02,Unofficial mirror copy; private school research/reference only; authenticity and redistribution rights not established; do not commit or redistribute.
2023,More Papers M23,mathematics-analysis-and-approaches,English or unspecified,unspecified,other-associated-material,Math_AAHL_P3_TZA&B.pdf,https://dl.ibdocs.re/p/IB%20PAST%20PAPERS%20-%20YEAR/2023%20Examination%20Session/More%20Papers%20M23/Math_AAHL_P3_TZA%26B.pdf,https://dl.ibdocs.re/past-papers/2023/more-papers-m23,resources/private/past-papers/2022-2026/mathematics-sciences/2023/More Papers M23/Math_AAHL_P3_TZA&B.pdf,downloaded,2131039,e509f25710bc2778ab62faf51abb1adffce66f293e8b665a8799cfea5aeb94d2,2026-09-02,Unofficial mirror copy; private school research/reference only; authenticity and redistribution rights not established; do not commit or redistribute.
2023,More Papers M23,mathematics-analysis-and-approaches,English or unspecified,unspecified,other-associated-material,Math_AASL_P1_TZA.pdf,https://dl.ibdocs.re/p/IB%20PAST%20PAPERS%20-%20YEAR/2023%20Examination%20Session/More%20Papers%20M23/Math_AASL_P1_TZA.pdf,https://dl.ibdocs.re/past-papers/2023/more-papers-m23,resources/private/past-papers/2022-2026/mathematics-sciences/2023/More Papers M23/Math_AASL_P1_TZA.pdf,downloaded,58357545,87648c2c4f8cb3d76ad786c2a9dd2ba07d82e734838fc3ecc2256f393d54dbfc,2026-09-02,Unofficial mirror copy; private school research/reference only; authenticity and redistribution rights not established; do not commit or redistribute.
2023,More Papers M23,mathematics-analysis-and-approaches,English or unspecified,unspecified,other-associated-material,Math_AASL_P2_TZA.pdf,https://dl.ibdocs.re/p/IB%20PAST%20PAPERS%20-%20YEAR/2023%20Examination%20Session/More%20Papers%20M23/Math_AASL_P2_TZA.pdf,https://dl.ibdocs.re/past-papers/2023/more-papers-m23,resources/private/past-papers/2022-2026/mathematics-sciences/2023/More Papers M23/Math_AASL_P2_TZA.pdf,downloaded,31174742,9208aacd8aeae64272fd1d12d0d02c6cade34751be17ddfc8d035527ea7b8aab,2026-09-02,Unofficial mirror copy; private school research/reference only; authenticity and redistribution rights not established; do not commit or redistribute.
2023,More Papers M23,mathematics-applications-and-interpretation,English or unspecified,unspecified,other-associated-material,Math_AIHL_P1.pdf,https://dl.ibdocs.re/p/IB%20PAST%20PAPERS%20-%20YEAR/2023%20Examination%20Session/More%20Papers%20M23/Math_AIHL_P1.pdf,https://dl.ibdocs.re/past-papers/2023/more-papers-m23,resources/private/past-papers/2022-2026/mathematics-sciences/2023/More Papers M23/Math_AIHL_P1.pdf,downloaded,6582104,bfbec084bc2ecf072433526410feb51234d255c0236d8c95aa14c0c66d826077,2026-09-02,Unofficial mirror copy; private school research/reference only; authenticity and redistribution rights not established; do not commit or redistribute.
2023,More Papers M23,mathematics-applications-and-interpretation,English or unspecified,unspecified,other-associated-material,Math_AIHL_P2.pdf,https://dl.ibdocs.re/p/IB%20PAST%20PAPERS%20-%20YEAR/2023%20Examination%20Session/More%20Papers%20M23/Math_AIHL_P2.pdf,https://dl.ibdocs.re/past-papers/2023/more-papers-m23,resources/private/past-papers/2022-2026/mathematics-sciences/2023/More Papers M23/Math_AIHL_P2.pdf,downloaded,935300,12525e09fe613b61457f7c2f924ddec15dda0816689f814ac49f1ac2a8cc76d7,2026-09-02,Unofficial mirror copy; private school research/reference only; authenticity and redistribution rights not established; do not commit or redistribute.
2023,More Papers M23,mathematics-applications-and-interpretation,English or unspecified,unspecified,other-associated-material,Math_AIHL_P3.pdf,https://dl.ibdocs.re/p/IB%20PAST%20PAPERS%20-%20YEAR/2023%20Examination%20Session/More%20Papers%20M23/Math_AIHL_P3.pdf,https://dl.ibdocs.re/past-papers/2023/more-papers-m23,resources/private/past-papers/2022-2026/mathematics-sciences/2023/More Papers M23/Math_AIHL_P3.pdf,downloaded,972985,685e2498f8d6cd065fd9a36ddd091c171ee001e03f5084d9e1aec18d9deae2a4,2026-09-02,Unofficial mirror copy; private school research/reference only; authenticity and redistribution rights not established; do not commit or redistribute.
2023,More Papers M23,mathematics-applications-and-interpretation,English or unspecified,unspecified,other-associated-material,Math_AISL_P1_TZA&B.pdf,https://dl.ibdocs.re/p/IB%20PAST%20PAPERS%20-%20YEAR/2023%20Examination%20Session/More%20Papers%20M23/Math_AISL_P1_TZA%26B.pdf,https://dl.ibdocs.re/past-papers/2023/more-papers-m23,resources/private/past-papers/2022-2026/mathematics-sciences/2023/More Papers M23/Math_AISL_P1_TZA&B.pdf,downloaded,1819276,fbc4b2ba6cf86ffb36f892c3d5e822ca788363134cce9d6a73e462667174d1bc,2026-09-02,Unofficial mirror copy; private school research/reference only; authenticity and redistribution rights not established; do not commit or redistribute.
2023,More Papers M23,mathematics-applications-and-interpretation,English or unspecified,unspecified,other-associated-material,Math_AISL_P2_TZA&B.pdf,https://dl.ibdocs.re/p/IB%20PAST%20PAPERS%20-%20YEAR/2023%20Examination%20Session/More%20Papers%20M23/Math_AISL_P2_TZA%26B.pdf,https://dl.ibdocs.re/past-papers/2023/more-papers-m23,resources/private/past-papers/2022-2026/mathematics-sciences/2023/More Papers M23/Math_AISL_P2_TZA&B.pdf,downloaded,1300347,46bf7e7e571040e4718b570c9fd1dd9ed46d394a6962cc68891bbba9ef417cfa,2026-09-02,Unofficial mirror copy; private school research/reference only; authenticity and redistribution rights not established; do not commit or redistribute.
2023,November 2023 Examination Session,mathematics-analysis-and-approaches,German,unspecified,question-paper,Mathematics_analysis_and_approaches_paper_1__[German]_HL.pdf,https://dl.ibdocs.re/p/IB%20PAST%20PAPERS%20-%20YEAR/2023%20Examination%20Session/November%202023%20Examination%20Session/Mathematics/Mathematics_analysis_and_approaches_paper_1__%5BGerman%5D_HL.pdf,https://dl.ibdocs.re/IB%20PAST%20PAPERS%20-%20YEAR/2023%20Examination%20Session/November%202023%20Examination%20Session/Mathematics,resources/private/past-papers/2022-2026/mathematics-sciences/2023/November 2023 Examination Session/Mathematics/Mathematics_analysis_and_approaches_paper_1__[German]_HL.pdf,downloaded,669317,0bd61372bef986e9243f05f87bc2708397891ecf90b0d852e00c0f7c77bb2bc5,2026-09-02,Unofficial mirror copy; private school research/reference only; authenticity and redistribution rights not established; do not commit or redistribute.
2023,November 2023 Examination Session,mathematics-analysis-and-approaches,German,unspecified,question-paper,Mathematics_analysis_and_approaches_paper_1__[German]_SL.pdf,https://dl.ibdocs.re/p/IB%20PAST%20PAPERS%20-%20YEAR/2023%20Examination%20Session/November%202023%20Examination%20Session/Mathematics/Mathematics_analysis_and_approaches_paper_1__%5BGerman%5D_SL.pdf,https://dl.ibdocs.re/IB%20PAST%20PAPERS%20-%20YEAR/2023%20Examination%20Session/November%202023%20Examination%20Session/Mathematics,resources/private/past-papers/2022-2026/mathematics-sciences/2023/November 2023 Examination Session/Mathematics/Mathematics_analysis_and_approaches_paper_1__[German]_SL.pdf,downloaded,752453,7e1e15530c652f7aad2c38a021e4bf3fd44ecfe1b1e7a99002b90960dd0808db,2026-09-02,Unofficial mirror copy; private school research/reference only; authenticity and redistribution rights not established; do not commit or redistribute.
2023,November 2023 Examination Session,mathematics-analysis-and-approaches,Spanish,unspecified,question-paper,Mathematics_analysis_and_approaches_paper_1__HL_Spanish.pdf,https://dl.ibdocs.re/p/IB%20PAST%20PAPERS%20-%20YEAR/2023%20Examination%20Session/November%202023%20Examination%20Session/Mathematics/Mathematics_analysis_and_approaches_paper_1__HL_Spanish.pdf,https://dl.ibdocs.re/IB%20PAST%20PAPERS%20-%20YEAR/2023%20Examination%20Session/November%202023%20Examination%20Session/Mathematics,resources/private/past-papers/2022-2026/mathematics-sciences/2023/November 2023 Examination Session/Mathematics/Mathematics_analysis_and_approaches_paper_1__HL_Spanish.pdf,downloaded,723854,fc59b34d211491e9d1ce0350cc4001d2365c2b7768779ef2c4ced1ad169a22f5,2026-09-02,Unofficial mirror copy; private school research/reference only; authenticity and redistribution rights not established; do not commit or redistribute.
2023,November 2023 Examination Session,mathematics-analysis-and-approaches,Spanish,unspecified,markscheme,Mathematics_analysis_and_approaches_paper_1__SL_markscheme_Spanish.pdf,https://dl.ibdocs.re/p/IB%20PAST%20PAPERS%20-%20YEAR/2023%20Examination%20Session/November%202023%20Examination%20Session/Mathematics/Mathematics_analysis_and_approaches_paper_1__SL_markscheme_Spanish.pdf,https://dl.ibdocs.re/IB%20PAST%20PAPERS%20-%20YEAR/2023%20Examination%20Session/November%202023%20Examination%20Session/Mathematics,resources/private/past-papers/2022-2026/mathematics-sciences/2023/November 2023 Examination Session/Mathematics/Mathematics_analysis_and_approaches_paper_1__SL_markscheme_Spanish.pdf,downloaded,1143361,e17d9d6f9dd54705e04c0b4f50622b5a93f5a21dce38288d031d56ad30fdffac,2026-09-02,Unofficial mirror copy; private school research/reference only; authenticity and redistribution rights not established; do not commit or redistribute.
2023,November 2023 Examination Session,mathematics-analysis-and-approaches,Spanish,unspecified,question-paper,Mathematics_analysis_and_approaches_paper_1__SL_Spanish.pdf,https://dl.ibdocs.re/p/IB%20PAST%20PAPERS%20-%20YEAR/2023%20Examination%20Session/November%202023%20Examination%20Session/Mathematics/Mathematics_analysis_and_approaches_paper_1__SL_Spanish.pdf,https://dl.ibdocs.re/IB%20PAST%20PAPERS%20-%20YEAR/2023%20Examination%20Session/November%202023%20Examination%20Session/Mathematics,resources/private/past-papers/2022-2026/mathematics-sciences/2023/November 2023 Examination Session/Mathematics/Mathematics_analysis_and_approaches_paper_1__SL_Spanish.pdf,downloaded,812445,264f65071b5e7fe4f5b9a7f5f02ae18c10072d5993717950399f296b7941d581,2026-09-02,Unofficial mirror copy; private school research/reference only; authenticity and redistribution rights not established; do not commit or redistribute.
2023,November 2023 Examination Session,mathematics-analysis-and-approaches,English or unspecified,unspecified,markscheme,Mathematics_analysis_and_approaches_paper_1__TZ1_HL_markscheme.pdf,https://dl.ibdocs.re/p/IB%20PAST%20PAPERS%20-%20YEAR/2023%20Examination%20Session/November%202023%20Examination%20Session/Mathematics/Mathematics_analysis_and_approaches_paper_1__TZ1_HL_markscheme.pdf,https://dl.ibdocs.re/IB%20PAST%20PAPERS%20-%20YEAR/2023%20Examination%20Session/November%202023%20Examination%20Session/Mathematics,resources/private/past-papers/2022-2026/mathematics-sciences/2023/November 2023 Examination Session/Mathematics/Mathematics_analysis_and_approaches_paper_1__TZ1_HL_markscheme.pdf,downloaded,1425081,0666a368c2b88c78d3d1307373893eff85acbb16803ea97935f85b013987c144,2026-09-02,Unofficial mirror copy; private school research/reference only; authenticity and redistribution rights not established; do not commit or redistribute.
2023,November 2023 Examination Session,mathematics-analysis-and-approaches,English or unspecified,unspecified,question-paper,Mathematics_analysis_and_approaches_paper_1__TZ1_HL.pdf,https://dl.ibdocs.re/p/IB%20PAST%20PAPERS%20-%20YEAR/2023%20Examination%20Session/November%202023%20Examination%20Session/Mathematics/Mathematics_analysis_and_approaches_paper_1__TZ1_HL.pdf,https://dl.ibdocs.re/IB%20PAST%20PAPERS%20-%20YEAR/2023%20Examination%20Session/November%202023%20Examination%20Session/Mathematics,resources/private/past-papers/2022-2026/mathematics-sciences/2023/November 2023 Examination Session/Mathematics/Mathematics_analysis_and_approaches_paper_1__TZ1_HL.pdf,downloaded,721818,8b90370636a15d82b33ea31175e11df51e625c82c734110f45b51ed21b116a70,2026-09-02,Unofficial mirror copy; private school research/reference only; authenticity and redistribution rights not established; do not commit or redistribute.
2023,November 2023 Examination Session,mathematics-analysis-and-approaches,English or unspecified,unspecified,markscheme,Mathematics_analysis_and_approaches_paper_1__TZ1_SL_markscheme.pdf,https://dl.ibdocs.re/p/IB%20PAST%20PAPERS%20-%20YEAR/2023%20Examination%20Session/November%202023%20Examination%20Session/Mathematics/Mathematics_analysis_and_approaches_paper_1__TZ1_SL_markscheme.pdf,https://dl.ibdocs.re/IB%20PAST%20PAPERS%20-%20YEAR/2023%20Examination%20Session/November%202023%20Examination%20Session/Mathematics,resources/private/past-papers/2022-2026/mathematics-sciences/2023/November 2023 Examination Session/Mathematics/Mathematics_analysis_and_approaches_paper_1__TZ1_SL_markscheme.pdf,downloaded,1056750,bf5ffc418724ef931950cea7ce9a66402c6401ece33faf5bf87674d31c663ef9,2026-09-02,Unofficial mirror copy; private school research/reference only; authenticity and redistribution rights not established; do not commit or redistribute.
2023,November 2023 Examination Session,mathematics-analysis-and-approaches,English or unspecified,unspecified,question-paper,Mathematics_analysis_and_approaches_paper_1__TZ1_SL.pdf,https://dl.ibdocs.re/p/IB%20PAST%20PAPERS%20-%20YEAR/2023%20Examination%20Session/November%202023%20Examination%20Session/Mathematics/Mathematics_analysis_and_approaches_paper_1__TZ1_SL.pdf,https://dl.ibdocs.re/IB%20PAST%20PAPERS%20-%20YEAR/2023%20Examination%20Session/November%202023%20Examination%20Session/Mathematics,resources/private/past-papers/2022-2026/mathematics-sciences/2023/November 2023 Examination Session/Mathematics/Mathematics_analysis_and_approaches_paper_1__TZ1_SL.pdf,downloaded,822329,56c9f3f6aefa914b48413b01ce753599233b4ecb0f8ea742c0bb4be7c688fcaa,2026-09-02,Unofficial mirror copy; private school research/reference only; authenticity and redistribution rights not established; do not commit or redistribute.
2023,November 2023 Examination Session,mathematics-analysis-and-approaches,English or unspecified,unspecified,markscheme,Mathematics_analysis_and_approaches_paper_1__TZ2_HL_markscheme.pdf,https://dl.ibdocs.re/p/IB%20PAST%20PAPERS%20-%20YEAR/2023%20Examination%20Session/November%202023%20Examination%20Session/Mathematics/Mathematics_analysis_and_approaches_paper_1__TZ2_HL_markscheme.pdf,https://dl.ibdocs.re/IB%20PAST%20PAPERS%20-%20YEAR/2023%20Examination%20Session/November%202023%20Examination%20Session/Mathematics,resources/private/past-papers/2022-2026/mathematics-sciences/2023/November 2023 Examination Session/Mathematics/Mathematics_analysis_and_approaches_paper_1__TZ2_HL_markscheme.pdf,downloaded,2443970,c7a9ae159576f24e6306b0bdf51297e57ec3c65e6062cb15fe0ca9604c12e2b9,2026-09-02,Unofficial mirror copy; private school research/reference only; authenticity and redistribution rights not established; do not commit or redistribute.
2023,November 2023 Examination Session,mathematics-analysis-and-approaches,English or unspecified,unspecified,question-paper,Mathematics_analysis_and_approaches_paper_1__TZ2_HL.pdf,https://dl.ibdocs.re/p/IB%20PAST%20PAPERS%20-%20YEAR/2023%20Examination%20Session/November%202023%20Examination%20Session/Mathematics/Mathematics_analysis_and_approaches_paper_1__TZ2_HL.pdf,https://dl.ibdocs.re/IB%20PAST%20PAPERS%20-%20YEAR/2023%20Examination%20Session/November%202023%20Examination%20Session/Mathematics,resources/private/past-papers/2022-2026/mathematics-sciences/2023/November 2023 Examination Session/Mathematics/Mathematics_analysis_and_approaches_paper_1__TZ2_HL.pdf,downloaded,722277,9f8eebe4de72f9d584a21652f3aa45a614ffea6b7de6c6a524132305f7aad96d,2026-09-02,Unofficial mirror copy; private school research/reference only; authenticity and redistribution rights not established; do not commit or redistribute.
2023,November 2023 Examination Session,mathematics-analysis-and-approaches,English or unspecified,unspecified,markscheme,Mathematics_analysis_and_approaches_paper_1__TZ2_SL_markscheme.pdf,https://dl.ibdocs.re/p/IB%20PAST%20PAPERS%20-%20YEAR/2023%20Examination%20Session/November%202023%20Examination%20Session/Mathematics/Mathematics_analysis_and_approaches_paper_1__TZ2_SL_markscheme.pdf,https://dl.ibdocs.re/IB%20PAST%20PAPERS%20-%20YEAR/2023%20Examination%20Session/November%202023%20Examination%20Session/Mathematics,resources/private/past-papers/2022-2026/mathematics-sciences/2023/November 2023 Examination Session/Mathematics/Mathematics_analysis_and_approaches_paper_1__TZ2_SL_markscheme.pdf,downloaded,1053759,77bc6c8dcf4765794c6fa68c2bead9861ad3c2f408e4d56c46bc98f1c07fd970,2026-09-02,Unofficial mirror copy; private school research/reference only; authenticity and redistribution rights not established; do not commit or redistribute.
2023,November 2023 Examination Session,mathematics-analysis-and-approaches,English or unspecified,unspecified,question-paper,Mathematics_analysis_and_approaches_paper_1__TZ2_SL.pdf,https://dl.ibdocs.re/p/IB%20PAST%20PAPERS%20-%20YEAR/2023%20Examination%20Session/November%202023%20Examination%20Session/Mathematics/Mathematics_analysis_and_approaches_paper_1__TZ2_SL.pdf,https://dl.ibdocs.re/IB%20PAST%20PAPERS%20-%20YEAR/2023%20Examination%20Session/November%202023%20Examination%20Session/Mathematics,resources/private/past-papers/2022-2026/mathematics-sciences/2023/November 2023 Examination Session/Mathematics/Mathematics_analysis_and_approaches_paper_1__TZ2_SL.pdf,downloaded,834101,a45b3cfaa46aafc37574e59098db6a5a2ce399f6d21ebd4b469d47f293ca32eb,2026-09-02,Unofficial mirror copy; private school research/reference only; authenticity and redistribution rights not established; do not commit or redistribute.
2023,November 2023 Examination Session,mathematics-analysis-and-approaches,German,unspecified,question-paper,Mathematics_analysis_and_approaches_paper_2__[German]_HL.pdf,https://dl.ibdocs.re/p/IB%20PAST%20PAPERS%20-%20YEAR/2023%20Examination%20Session/November%202023%20Examination%20Session/Mathematics/Mathematics_analysis_and_approaches_paper_2__%5BGerman%5D_HL.pdf,https://dl.ibdocs.re/IB%20PAST%20PAPERS%20-%20YEAR/2023%20Examination%20Session/November%202023%20Examination%20Session/Mathematics,resources/private/past-papers/2022-2026/mathematics-sciences/2023/November 2023 Examination Session/Mathematics/Mathematics_analysis_and_approaches_paper_2__[German]_HL.pdf,downloaded,790663,b5d2cc1717dcfc9d78c21c0001b040c27950781273ebb43889709c95fa982e44,2026-09-02,Unofficial mirror copy; private school research/reference only; authenticity and redistribution rights not established; do not commit or redistribute.
2023,November 2023 Examination Session,mathematics-analysis-and-approaches,German,unspecified,question-paper,Mathematics_analysis_and_approaches_paper_2__[German]_SL.pdf,https://dl.ibdocs.re/p/IB%20PAST%20PAPERS%20-%20YEAR/2023%20Examination%20Session/November%202023%20Examination%20Session/Mathematics/Mathematics_analysis_and_approaches_paper_2__%5BGerman%5D_SL.pdf,https://dl.ibdocs.re/IB%20PAST%20PAPERS%20-%20YEAR/2023%20Examination%20Session/November%202023%20Examination%20Session/Mathematics,resources/private/past-papers/2022-2026/mathematics-sciences/2023/November 2023 Examination Session/Mathematics/Mathematics_analysis_and_approaches_paper_2__[German]_SL.pdf,downloaded,638586,8dba7f18ad79e6627aaf368508324f4ce23d4a6ac8fab248f434792c063315b4,2026-09-02,Unofficial mirror copy; private school research/reference only; authenticity and redistribution rights not established; do not commit or redistribute.
2023,November 2023 Examination Session,mathematics-analysis-and-approaches,Spanish,unspecified,question-paper,Mathematics_analysis_and_approaches_paper_2__HL_Spanish.pdf,https://dl.ibdocs.re/p/IB%20PAST%20PAPERS%20-%20YEAR/2023%20Examination%20Session/November%202023%20Examination%20Session/Mathematics/Mathematics_analysis_and_approaches_paper_2__HL_Spanish.pdf,https://dl.ibdocs.re/IB%20PAST%20PAPERS%20-%20YEAR/2023%20Examination%20Session/November%202023%20Examination%20Session/Mathematics,resources/private/past-papers/2022-2026/mathematics-sciences/2023/November 2023 Examination Session/Mathematics/Mathematics_analysis_and_approaches_paper_2__HL_Spanish.pdf,downloaded,778766,fdad3b21e971a93237b5861e23b6fe95f9dca69e9d0bd9821ba173ff441422f8,2026-09-02,Unofficial mirror copy; private school research/reference only; authenticity and redistribution rights not established; do not commit or redistribute.
2023,November 2023 Examination Session,mathematics-analysis-and-approaches,Spanish,unspecified,markscheme,Mathematics_analysis_and_approaches_paper_2__SL_markscheme_Spanish.pdf,https://dl.ibdocs.re/p/IB%20PAST%20PAPERS%20-%20YEAR/2023%20Examination%20Session/November%202023%20Examination%20Session/Mathematics/Mathematics_analysis_and_approaches_paper_2__SL_markscheme_Spanish.pdf,https://dl.ibdocs.re/IB%20PAST%20PAPERS%20-%20YEAR/2023%20Examination%20Session/November%202023%20Examination%20Session/Mathematics,resources/private/past-papers/2022-2026/mathematics-sciences/2023/November 2023 Examination Session/Mathematics/Mathematics_analysis_and_approaches_paper_2__SL_markscheme_Spanish.pdf,downloaded,1600419,8a00c89aa873e4b425fa03f15974c25d4c22fdb3f14a7e1178b4fb1d374c2544,2026-09-02,Unofficial mirror copy; private school research/reference only; authenticity and redistribution rights not established; do not commit or redistribute.
2023,November 2023 Examination Session,mathematics-analysis-and-approaches,Spanish,unspecified,question-paper,Mathematics_analysis_and_approaches_paper_2__SL_Spanish.pdf,https://dl.ibdocs.re/p/IB%20PAST%20PAPERS%20-%20YEAR/2023%20Examination%20Session/November%202023%20Examination%20Session/Mathematics/Mathematics_analysis_and_approaches_paper_2__SL_Spanish.pdf,https://dl.ibdocs.re/IB%20PAST%20PAPERS%20-%20YEAR/2023%20Examination%20Session/November%202023%20Examination%20Session/Mathematics,resources/private/past-papers/2022-2026/mathematics-sciences/2023/November 2023 Examination Session/Mathematics/Mathematics_analysis_and_approaches_paper_2__SL_Spanish.pdf,downloaded,674733,08de532d777e80a62f2f821fe37f0196eb8f9f2deec4994859844c74fa88ad32,2026-09-02,Unofficial mirror copy; private school research/reference only; authenticity and redistribution rights not established; do not commit or redistribute.
2023,November 2023 Examination Session,mathematics-analysis-and-approaches,English or unspecified,unspecified,markscheme,Mathematics_analysis_and_approaches_paper_2__TZ1_HL_markscheme.pdf,https://dl.ibdocs.re/p/IB%20PAST%20PAPERS%20-%20YEAR/2023%20Examination%20Session/November%202023%20Examination%20Session/Mathematics/Mathematics_analysis_and_approaches_paper_2__TZ1_HL_markscheme.pdf,https://dl.ibdocs.re/IB%20PAST%20PAPERS%20-%20YEAR/2023%20Examination%20Session/November%202023%20Examination%20Session/Mathematics,resources/private/past-papers/2022-2026/mathematics-sciences/2023/November 2023 Examination Session/Mathematics/Mathematics_analysis_and_approaches_paper_2__TZ1_HL_markscheme.pdf,downloaded,904292,e2e36d4c431eabd5e1baae71b5952afafedd16a8c72359db48fadc8b99b8d033,2026-09-02,Unofficial mirror copy; private school research/reference only; authenticity and redistribution rights not established; do not commit or redistribute.
2023,November 2023 Examination Session,mathematics-analysis-and-approaches,English or unspecified,unspecified,question-paper,Mathematics_analysis_and_approaches_paper_2__TZ1_HL.pdf,https://dl.ibdocs.re/p/IB%20PAST%20PAPERS%20-%20YEAR/2023%20Examination%20Session/November%202023%20Examination%20Session/Mathematics/Mathematics_analysis_and_approaches_paper_2__TZ1_HL.pdf,https://dl.ibdocs.re/IB%20PAST%20PAPERS%20-%20YEAR/2023%20Examination%20Session/November%202023%20Examination%20Session/Mathematics,resources/private/past-papers/2022-2026/mathematics-sciences/2023/November 2023 Examination Session/Mathematics/Mathematics_analysis_and_approaches_paper_2__TZ1_HL.pdf,downloaded,773087,cbec322bd27e742c20edca68bcdc0e588ab996fb3be23726955168ed513693c1,2026-09-02,Unofficial mirror copy; private school research/reference only; authenticity and redistribution rights not established; do not commit or redistribute.
2023,November 2023 Examination Session,mathematics-analysis-and-approaches,English or unspecified,unspecified,markscheme,Mathematics_analysis_and_approaches_paper_2__TZ1_SL_markscheme.pdf,https://dl.ibdocs.re/p/IB%20PAST%20PAPERS%20-%20YEAR/2023%20Examination%20Session/November%202023%20Examination%20Session/Mathematics/Mathematics_analysis_and_approaches_paper_2__TZ1_SL_markscheme.pdf,https://dl.ibdocs.re/IB%20PAST%20PAPERS%20-%20YEAR/2023%20Examination%20Session/November%202023%20Examination%20Session/Mathematics,resources/private/past-papers/2022-2026/mathematics-sciences/2023/November 2023 Examination Session/Mathematics/Mathematics_analysis_and_approaches_paper_2__TZ1_SL_markscheme.pdf,downloaded,548969,32dcabbc583bb74072fa3b1d2c161a4ed1723f2ed0e783ffad8525e8298e8f48,2026-09-02,Unofficial mirror copy; private school research/reference only; authenticity and redistribution rights not established; do not commit or redistribute.
2023,November 2023 Examination Session,mathematics-analysis-and-approaches,English or unspecified,unspecified,question-paper,Mathematics_analysis_and_approaches_paper_2__TZ1_SL.pdf,https://dl.ibdocs.re/p/IB%20PAST%20PAPERS%20-%20YEAR/2023%20Examination%20Session/November%202023%20Examination%20Session/Mathematics/Mathematics_analysis_and_approaches_paper_2__TZ1_SL.pdf,https://dl.ibdocs.re/IB%20PAST%20PAPERS%20-%20YEAR/2023%20Examination%20Session/November%202023%20Examination%20Session/Mathematics,resources/private/past-papers/2022-2026/mathematics-sciences/2023/November 2023 Examination Session/Mathematics/Mathematics_analysis_and_approaches_paper_2__TZ1_SL.pdf,downloaded,676085,9e67ab54545c5626aefe838eefca282a3e341b9c0b8c5eaf5ba4068e01f792d9,2026-09-02,Unofficial mirror copy; private school research/reference only; authenticity and redistribution rights not established; do not commit or redistribute.
2023,November 2023 Examination Session,mathematics-analysis-and-approaches,English or unspecified,unspecified,markscheme,Mathematics_analysis_and_approaches_paper_2__TZ2_HL_markscheme.pdf,https://dl.ibdocs.re/p/IB%20PAST%20PAPERS%20-%20YEAR/2023%20Examination%20Session/November%202023%20Examination%20Session/Mathematics/Mathematics_analysis_and_approaches_paper_2__TZ2_HL_markscheme.pdf,https://dl.ibdocs.re/IB%20PAST%20PAPERS%20-%20YEAR/2023%20Examination%20Session/November%202023%20Examination%20Session/Mathematics,resources/private/past-papers/2022-2026/mathematics-sciences/2023/November 2023 Examination Session/Mathematics/Mathematics_analysis_and_approaches_paper_2__TZ2_HL_markscheme.pdf,downloaded,1003724,67dcfa4438aa1764019881b4b7be08440fb4ad87937fe3105ef5912bddbc110d,2026-09-02,Unofficial mirror copy; private school research/reference only; authenticity and redistribution rights not established; do not commit or redistribute.
2023,November 2023 Examination Session,mathematics-analysis-and-approaches,English or unspecified,unspecified,question-paper,Mathematics_analysis_and_approaches_paper_2__TZ2_HL.pdf,https://dl.ibdocs.re/p/IB%20PAST%20PAPERS%20-%20YEAR/2023%20Examination%20Session/November%202023%20Examination%20Session/Mathematics/Mathematics_analysis_and_approaches_paper_2__TZ2_HL.pdf,https://dl.ibdocs.re/IB%20PAST%20PAPERS%20-%20YEAR/2023%20Examination%20Session/November%202023%20Examination%20Session/Mathematics,resources/private/past-papers/2022-2026/mathematics-sciences/2023/November 2023 Examination Session/Mathematics/Mathematics_analysis_and_approaches_paper_2__TZ2_HL.pdf,downloaded,704869,17c9607b74a46ae76ace1df8f05e3901a44b6b01326682eafc66df48b8fdbbaf,2026-09-02,Unofficial mirror copy; private school research/reference only; authenticity and redistribution rights not established; do not commit or redistribute.
2023,November 2023 Examination Session,mathematics-analysis-and-approaches,English or unspecified,unspecified,markscheme,Mathematics_analysis_and_approaches_paper_2__TZ2_SL_markscheme.pdf,https://dl.ibdocs.re/p/IB%20PAST%20PAPERS%20-%20YEAR/2023%20Examination%20Session/November%202023%20Examination%20Session/Mathematics/Mathematics_analysis_and_approaches_paper_2__TZ2_SL_markscheme.pdf,https://dl.ibdocs.re/IB%20PAST%20PAPERS%20-%20YEAR/2023%20Examination%20Session/November%202023%20Examination%20Session/Mathematics,resources/private/past-papers/2022-2026/mathematics-sciences/2023/November 2023 Examination Session/Mathematics/Mathematics_analysis_and_approaches_paper_2__TZ2_SL_markscheme.pdf,downloaded,572367,aa510011202f2b4f0dc1764c3c5141593b87fe27bd7b49a96682ccb6776152c2,2026-09-02,Unofficial mirror copy; private school research/reference only; authenticity and redistribution rights not established; do not commit or redistribute.
2023,November 2023 Examination Session,mathematics-analysis-and-approaches,English or unspecified,unspecified,question-paper,Mathematics_analysis_and_approaches_paper_2__TZ2_SL.pdf,https://dl.ibdocs.re/p/IB%20PAST%20PAPERS%20-%20YEAR/2023%20Examination%20Session/November%202023%20Examination%20Session/Mathematics/Mathematics_analysis_and_approaches_paper_2__TZ2_SL.pdf,https://dl.ibdocs.re/IB%20PAST%20PAPERS%20-%20YEAR/2023%20Examination%20Session/November%202023%20Examination%20Session/Mathematics,resources/private/past-papers/2022-2026/mathematics-sciences/2023/November 2023 Examination Session/Mathematics/Mathematics_analysis_and_approaches_paper_2__TZ2_SL.pdf,downloaded,621248,5db117444a3b07eeecf611f153c17c82f9645ff37efbb936ddbb5b30b9bcf3a9,2026-09-02,Unofficial mirror copy; private school research/reference only; authenticity and redistribution rights not established; do not commit or redistribute.
2023,November 2023 Examination Session,mathematics-analysis-and-approaches,German,unspecified,question-paper,Mathematics_analysis_and_approaches_paper_3__[German]_HL.pdf,https://dl.ibdocs.re/p/IB%20PAST%20PAPERS%20-%20YEAR/2023%20Examination%20Session/November%202023%20Examination%20Session/Mathematics/Mathematics_analysis_and_approaches_paper_3__%5BGerman%5D_HL.pdf,https://dl.ibdocs.re/IB%20PAST%20PAPERS%20-%20YEAR/2023%20Examination%20Session/November%202023%20Examination%20Session/Mathematics,resources/private/past-papers/2022-2026/mathematics-sciences/2023/November 2023 Examination Session/Mathematics/Mathematics_analysis_and_approaches_paper_3__[German]_HL.pdf,downloaded,914319,6d5a01e70dce44b78c97670dca6bdb4eaccfcaa047a1ffa475566ce680f1f04d,2026-09-02,Unofficial mirror copy; private school research/reference only; authenticity and redistribution rights not established; do not commit or redistribute.
2023,November 2023 Examination Session,mathematics-analysis-and-approaches,English or unspecified,unspecified,markscheme,Mathematics_analysis_and_approaches_paper_3__HL_markscheme.pdf,https://dl.ibdocs.re/p/IB%20PAST%20PAPERS%20-%20YEAR/2023%20Examination%20Session/November%202023%20Examination%20Session/Mathematics/Mathematics_analysis_and_approaches_paper_3__HL_markscheme.pdf,https://dl.ibdocs.re/IB%20PAST%20PAPERS%20-%20YEAR/2023%20Examination%20Session/November%202023%20Examination%20Session/Mathematics,resources/private/past-papers/2022-2026/mathematics-sciences/2023/November 2023 Examination Session/Mathematics/Mathematics_analysis_and_approaches_paper_3__HL_markscheme.pdf,downloaded,1200991,1f5a19fd858dc95a735894d9221bea9f2072b10837f255c724b130e7c82709de,2026-09-02,Unofficial mirror copy; private school research/reference only; authenticity and redistribution rights not established; do not commit or redistribute.
2023,November 2023 Examination Session,mathematics-analysis-and-approaches,Spanish,unspecified,question-paper,Mathematics_analysis_and_approaches_paper_3__HL_Spanish.pdf,https://dl.ibdocs.re/p/IB%20PAST%20PAPERS%20-%20YEAR/2023%20Examination%20Session/November%202023%20Examination%20Session/Mathematics/Mathematics_analysis_and_approaches_paper_3__HL_Spanish.pdf,https://dl.ibdocs.re/IB%20PAST%20PAPERS%20-%20YEAR/2023%20Examination%20Session/November%202023%20Examination%20Session/Mathematics,resources/private/past-papers/2022-2026/mathematics-sciences/2023/November 2023 Examination Session/Mathematics/Mathematics_analysis_and_approaches_paper_3__HL_Spanish.pdf,downloaded,903089,91bac3b6b1ae62d0684e06aa8914e948b637f938e8d135dfb9974abcae6a0a28,2026-09-02,Unofficial mirror copy; private school research/reference only; authenticity and redistribution rights not established; do not commit or redistribute.
2023,November 2023 Examination Session,mathematics-analysis-and-approaches,English or unspecified,unspecified,question-paper,Mathematics_analysis_and_approaches_paper_3__HL.pdf,https://dl.ibdocs.re/p/IB%20PAST%20PAPERS%20-%20YEAR/2023%20Examination%20Session/November%202023%20Examination%20Session/Mathematics/Mathematics_analysis_and_approaches_paper_3__HL.pdf,https://dl.ibdocs.re/IB%20PAST%20PAPERS%20-%20YEAR/2023%20Examination%20Session/November%202023%20Examination%20Session/Mathematics,resources/private/past-papers/2022-2026/mathematics-sciences/2023/November 2023 Examination Session/Mathematics/Mathematics_analysis_and_approaches_paper_3__HL.pdf,downloaded,899153,f2cf95c065c74c41a21fa946af957859a1543d7c77d0dbece79e14353756f060,2026-09-02,Unofficial mirror copy; private school research/reference only; authenticity and redistribution rights not established; do not commit or redistribute.
2023,November 2023 Examination Session,mathematics-applications-and-interpretation,English or unspecified,unspecified,markscheme,Mathematics_applications_and_interpretation_paper_1__HL_markscheme.pdf,https://dl.ibdocs.re/p/IB%20PAST%20PAPERS%20-%20YEAR/2023%20Examination%20Session/November%202023%20Examination%20Session/Mathematics/Mathematics_applications_and_interpretation_paper_1__HL_markscheme.pdf,https://dl.ibdocs.re/IB%20PAST%20PAPERS%20-%20YEAR/2023%20Examination%20Session/November%202023%20Examination%20Session/Mathematics,resources/private/past-papers/2022-2026/mathematics-sciences/2023/November 2023 Examination Session/Mathematics/Mathematics_applications_and_interpretation_paper_1__HL_markscheme.pdf,downloaded,600062,9b4ebaacc193a0f7906064facfbfa87d5d6bd6cc34c8e23c1fbdb5836420bbfb,2026-09-02,Unofficial mirror copy; private school research/reference only; authenticity and redistribution rights not established; do not commit or redistribute.
2023,November 2023 Examination Session,mathematics-applications-and-interpretation,Spanish,unspecified,question-paper,Mathematics_applications_and_interpretation_paper_1__HL_Spanish.pdf,https://dl.ibdocs.re/p/IB%20PAST%20PAPERS%20-%20YEAR/2023%20Examination%20Session/November%202023%20Examination%20Session/Mathematics/Mathematics_applications_and_interpretation_paper_1__HL_Spanish.pdf,https://dl.ibdocs.re/IB%20PAST%20PAPERS%20-%20YEAR/2023%20Examination%20Session/November%202023%20Examination%20Session/Mathematics,resources/private/past-papers/2022-2026/mathematics-sciences/2023/November 2023 Examination Session/Mathematics/Mathematics_applications_and_interpretation_paper_1__HL_Spanish.pdf,downloaded,2461799,b9dd448c65d8c966e4bcec608bc3b138a951a35b8708cbf21d945000bb28d4df,2026-09-02,Unofficial mirror copy; private school research/reference only; authenticity and redistribution rights not established; do not commit or redistribute.
2023,November 2023 Examination Session,mathematics-applications-and-interpretation,English or unspecified,unspecified,question-paper,Mathematics_applications_and_interpretation_paper_1__HL.pdf,https://dl.ibdocs.re/p/IB%20PAST%20PAPERS%20-%20YEAR/2023%20Examination%20Session/November%202023%20Examination%20Session/Mathematics/Mathematics_applications_and_interpretation_paper_1__HL.pdf,https://dl.ibdocs.re/IB%20PAST%20PAPERS%20-%20YEAR/2023%20Examination%20Session/November%202023%20Examination%20Session/Mathematics,resources/private/past-papers/2022-2026/mathematics-sciences/2023/November 2023 Examination Session/Mathematics/Mathematics_applications_and_interpretation_paper_1__HL.pdf,downloaded,2448564,f9e6ee766dbbc7fa9c7fb8fc3812b5f1589f4754db2c78d6d0e765adf0c1dcb3,2026-09-02,Unofficial mirror copy; private school research/reference only; authenticity and redistribution rights not established; do not commit or redistribute.
2023,November 2023 Examination Session,mathematics-applications-and-interpretation,Spanish,unspecified,markscheme,Mathematics_applications_and_interpretation_paper_1__SL_markscheme_Spanish.pdf,https://dl.ibdocs.re/p/IB%20PAST%20PAPERS%20-%20YEAR/2023%20Examination%20Session/November%202023%20Examination%20Session/Mathematics/Mathematics_applications_and_interpretation_paper_1__SL_markscheme_Spanish.pdf,https://dl.ibdocs.re/IB%20PAST%20PAPERS%20-%20YEAR/2023%20Examination%20Session/November%202023%20Examination%20Session/Mathematics,resources/private/past-papers/2022-2026/mathematics-sciences/2023/November 2023 Examination Session/Mathematics/Mathematics_applications_and_interpretation_paper_1__SL_markscheme_Spanish.pdf,downloaded,609318,24105f4241fc607a7653575be86a07372d60c36ae93c6dc7a973261644981dfd,2026-09-02,Unofficial mirror copy; private school research/reference only; authenticity and redistribution rights not established; do not commit or redistribute.
2023,November 2023 Examination Session,mathematics-applications-and-interpretation,Spanish,unspecified,question-paper,Mathematics_applications_and_interpretation_paper_1__SL_Spanish.pdf,https://dl.ibdocs.re/p/IB%20PAST%20PAPERS%20-%20YEAR/2023%20Examination%20Session/November%202023%20Examination%20Session/Mathematics/Mathematics_applications_and_interpretation_paper_1__SL_Spanish.pdf,https://dl.ibdocs.re/IB%20PAST%20PAPERS%20-%20YEAR/2023%20Examination%20Session/November%202023%20Examination%20Session/Mathematics,resources/private/past-papers/2022-2026/mathematics-sciences/2023/November 2023 Examination Session/Mathematics/Mathematics_applications_and_interpretation_paper_1__SL_Spanish.pdf,downloaded,1985459,5e10707c224ffdd549ec036b78af3828183a6c9a9a10caa5f3cd9dfe1cd74ba1,2026-09-02,Unofficial mirror copy; private school research/reference only; authenticity and redistribution rights not established; do not commit or redistribute.
2023,November 2023 Examination Session,mathematics-applications-and-interpretation,English or unspecified,unspecified,markscheme,Mathematics_applications_and_interpretation_paper_1__TZ1_SL_markscheme.pdf,https://dl.ibdocs.re/p/IB%20PAST%20PAPERS%20-%20YEAR/2023%20Examination%20Session/November%202023%20Examination%20Session/Mathematics/Mathematics_applications_and_interpretation_paper_1__TZ1_SL_markscheme.pdf,https://dl.ibdocs.re/IB%20PAST%20PAPERS%20-%20YEAR/2023%20Examination%20Session/November%202023%20Examination%20Session/Mathematics,resources/private/past-papers/2022-2026/mathematics-sciences/2023/November 2023 Examination Session/Mathematics/Mathematics_applications_and_interpretation_paper_1__TZ1_SL_markscheme.pdf,downloaded,576772,838b767e7b15cc01f5aa298ded2f557a52373d0271dc0fad3daa6bd859a83449,2026-09-02,Unofficial mirror copy; private school research/reference only; authenticity and redistribution rights not established; do not commit or redistribute.
2023,November 2023 Examination Session,mathematics-applications-and-interpretation,English or unspecified,unspecified,question-paper,Mathematics_applications_and_interpretation_paper_1__TZ1_SL.pdf,https://dl.ibdocs.re/p/IB%20PAST%20PAPERS%20-%20YEAR/2023%20Examination%20Session/November%202023%20Examination%20Session/Mathematics/Mathematics_applications_and_interpretation_paper_1__TZ1_SL.pdf,https://dl.ibdocs.re/IB%20PAST%20PAPERS%20-%20YEAR/2023%20Examination%20Session/November%202023%20Examination%20Session/Mathematics,resources/private/past-papers/2022-2026/mathematics-sciences/2023/November 2023 Examination Session/Mathematics/Mathematics_applications_and_interpretation_paper_1__TZ1_SL.pdf,downloaded,2455389,d356019bef59509657dae4dad241ea75ac44f761a2dbbb580448c74deb23e7e8,2026-09-02,Unofficial mirror copy; private school research/reference only; authenticity and redistribution rights not established; do not commit or redistribute.
2023,November 2023 Examination Session,mathematics-applications-and-interpretation,English or unspecified,unspecified,markscheme,Mathematics_applications_and_interpretation_paper_1__TZ2_SL_markscheme.pdf,https://dl.ibdocs.re/p/IB%20PAST%20PAPERS%20-%20YEAR/2023%20Examination%20Session/November%202023%20Examination%20Session/Mathematics/Mathematics_applications_and_interpretation_paper_1__TZ2_SL_markscheme.pdf,https://dl.ibdocs.re/IB%20PAST%20PAPERS%20-%20YEAR/2023%20Examination%20Session/November%202023%20Examination%20Session/Mathematics,resources/private/past-papers/2022-2026/mathematics-sciences/2023/November 2023 Examination Session/Mathematics/Mathematics_applications_and_interpretation_paper_1__TZ2_SL_markscheme.pdf,downloaded,503341,09a4539d6ca8f302d857b83388ea74161e02e9bb7d4e4d125b5c3b141026d660,2026-09-02,Unofficial mirror copy; private school research/reference only; authenticity and redistribution rights not established; do not commit or redistribute.
2023,November 2023 Examination Session,mathematics-applications-and-interpretation,English or unspecified,unspecified,question-paper,Mathematics_applications_and_interpretation_paper_1__TZ2_SL.pdf,https://dl.ibdocs.re/p/IB%20PAST%20PAPERS%20-%20YEAR/2023%20Examination%20Session/November%202023%20Examination%20Session/Mathematics/Mathematics_applications_and_interpretation_paper_1__TZ2_SL.pdf,https://dl.ibdocs.re/IB%20PAST%20PAPERS%20-%20YEAR/2023%20Examination%20Session/November%202023%20Examination%20Session/Mathematics,resources/private/past-papers/2022-2026/mathematics-sciences/2023/November 2023 Examination Session/Mathematics/Mathematics_applications_and_interpretation_paper_1__TZ2_SL.pdf,downloaded,2365748,87c380f2abd5dcc1c0a82867ed6febb2d35ee8b2021001ed8fab895ab6f4c3bc,2026-09-02,Unofficial mirror copy; private school research/reference only; authenticity and redistribution rights not established; do not commit or redistribute.
2023,November 2023 Examination Session,mathematics-applications-and-interpretation,English or unspecified,unspecified,markscheme,Mathematics_applications_and_interpretation_paper_2__HL_markscheme.pdf,https://dl.ibdocs.re/p/IB%20PAST%20PAPERS%20-%20YEAR/2023%20Examination%20Session/November%202023%20Examination%20Session/Mathematics/Mathematics_applications_and_interpretation_paper_2__HL_markscheme.pdf,https://dl.ibdocs.re/IB%20PAST%20PAPERS%20-%20YEAR/2023%20Examination%20Session/November%202023%20Examination%20Session/Mathematics,resources/private/past-papers/2022-2026/mathematics-sciences/2023/November 2023 Examination Session/Mathematics/Mathematics_applications_and_interpretation_paper_2__HL_markscheme.pdf,downloaded,468259,b7218620192be08fa28adf96dbd2fd818c8681fc85d0c17f3a6805be4ff1eea7,2026-09-02,Unofficial mirror copy; private school research/reference only; authenticity and redistribution rights not established; do not commit or redistribute.
2023,November 2023 Examination Session,mathematics-applications-and-interpretation,Spanish,unspecified,question-paper,Mathematics_applications_and_interpretation_paper_2__HL_Spanish.pdf,https://dl.ibdocs.re/p/IB%20PAST%20PAPERS%20-%20YEAR/2023%20Examination%20Session/November%202023%20Examination%20Session/Mathematics/Mathematics_applications_and_interpretation_paper_2__HL_Spanish.pdf,https://dl.ibdocs.re/IB%20PAST%20PAPERS%20-%20YEAR/2023%20Examination%20Session/November%202023%20Examination%20Session/Mathematics,resources/private/past-papers/2022-2026/mathematics-sciences/2023/November 2023 Examination Session/Mathematics/Mathematics_applications_and_interpretation_paper_2__HL_Spanish.pdf,downloaded,722786,b56885b19ef643726c04f2a6e253004bf407aea4c6b140e308f398dfe669253f,2026-09-02,Unofficial mirror copy; private school research/reference only; authenticity and redistribution rights not established; do not commit or redistribute.
2023,November 2023 Examination Session,mathematics-applications-and-interpretation,English or unspecified,unspecified,question-paper,Mathematics_applications_and_interpretation_paper_2__HL.pdf,https://dl.ibdocs.re/p/IB%20PAST%20PAPERS%20-%20YEAR/2023%20Examination%20Session/November%202023%20Examination%20Session/Mathematics/Mathematics_applications_and_interpretation_paper_2__HL.pdf,https://dl.ibdocs.re/IB%20PAST%20PAPERS%20-%20YEAR/2023%20Examination%20Session/November%202023%20Examination%20Session/Mathematics,resources/private/past-papers/2022-2026/mathematics-sciences/2023/November 2023 Examination Session/Mathematics/Mathematics_applications_and_interpretation_paper_2__HL.pdf,downloaded,718743,c98b112bb6f07e76e637418428dc1919ed2a345bd01e513a473c94714bb00793,2026-09-02,Unofficial mirror copy; private school research/reference only; authenticity and redistribution rights not established; do not commit or redistribute.
2023,November 2023 Examination Session,mathematics-applications-and-interpretation,Spanish,unspecified,markscheme,Mathematics_applications_and_interpretation_paper_2__SL_markscheme_Spanish.pdf,https://dl.ibdocs.re/p/IB%20PAST%20PAPERS%20-%20YEAR/2023%20Examination%20Session/November%202023%20Examination%20Session/Mathematics/Mathematics_applications_and_interpretation_paper_2__SL_markscheme_Spanish.pdf,https://dl.ibdocs.re/IB%20PAST%20PAPERS%20-%20YEAR/2023%20Examination%20Session/November%202023%20Examination%20Session/Mathematics,resources/private/past-papers/2022-2026/mathematics-sciences/2023/November 2023 Examination Session/Mathematics/Mathematics_applications_and_interpretation_paper_2__SL_markscheme_Spanish.pdf,downloaded,745012,9dfcc0640c11581ac9ffa39f00f80261b216f2c05e5ad9359f8eab82e3b16cd4,2026-09-02,Unofficial mirror copy; private school research/reference only; authenticity and redistribution rights not established; do not commit or redistribute.
2023,November 2023 Examination Session,mathematics-applications-and-interpretation,Spanish,unspecified,question-paper,Mathematics_applications_and_interpretation_paper_2__SL_Spanish.pdf,https://dl.ibdocs.re/p/IB%20PAST%20PAPERS%20-%20YEAR/2023%20Examination%20Session/November%202023%20Examination%20Session/Mathematics/Mathematics_applications_and_interpretation_paper_2__SL_Spanish.pdf,https://dl.ibdocs.re/IB%20PAST%20PAPERS%20-%20YEAR/2023%20Examination%20Session/November%202023%20Examination%20Session/Mathematics,resources/private/past-papers/2022-2026/mathematics-sciences/2023/November 2023 Examination Session/Mathematics/Mathematics_applications_and_interpretation_paper_2__SL_Spanish.pdf,downloaded,636567,1a087651c70e9a54d1c50fb43a91a151a91d49d6ff39fb34c577a97c60974166,2026-09-02,Unofficial mirror copy; private school research/reference only; authenticity and redistribution rights not established; do not commit or redistribute.
2023,November 2023 Examination Session,mathematics-applications-and-interpretation,English or unspecified,unspecified,markscheme,Mathematics_applications_and_interpretation_paper_2__TZ1_SL_markscheme.pdf,https://dl.ibdocs.re/p/IB%20PAST%20PAPERS%20-%20YEAR/2023%20Examination%20Session/November%202023%20Examination%20Session/Mathematics/Mathematics_applications_and_interpretation_paper_2__TZ1_SL_markscheme.pdf,https://dl.ibdocs.re/IB%20PAST%20PAPERS%20-%20YEAR/2023%20Examination%20Session/November%202023%20Examination%20Session/Mathematics,resources/private/past-papers/2022-2026/mathematics-sciences/2023/November 2023 Examination Session/Mathematics/Mathematics_applications_and_interpretation_paper_2__TZ1_SL_markscheme.pdf,downloaded,466043,8a64767c7e4980d026325b696203ebcec798228c3d7b04d73eb6e77a36f25fbd,2026-09-02,Unofficial mirror copy; private school research/reference only; authenticity and redistribution rights not established; do not commit or redistribute.
2023,November 2023 Examination Session,mathematics-applications-and-interpretation,English or unspecified,unspecified,question-paper,Mathematics_applications_and_interpretation_paper_2__TZ1_SL.pdf,https://dl.ibdocs.re/p/IB%20PAST%20PAPERS%20-%20YEAR/2023%20Examination%20Session/November%202023%20Examination%20Session/Mathematics/Mathematics_applications_and_interpretation_paper_2__TZ1_SL.pdf,https://dl.ibdocs.re/IB%20PAST%20PAPERS%20-%20YEAR/2023%20Examination%20Session/November%202023%20Examination%20Session/Mathematics,resources/private/past-papers/2022-2026/mathematics-sciences/2023/November 2023 Examination Session/Mathematics/Mathematics_applications_and_interpretation_paper_2__TZ1_SL.pdf,downloaded,691205,a7c69f5d3b55f2dc1d80e2c56b9fd54f626c65ec69d9349c659120488e0327c3,2026-09-02,Unofficial mirror copy; private school research/reference only; authenticity and redistribution rights not established; do not commit or redistribute.
2023,November 2023 Examination Session,mathematics-applications-and-interpretation,English or unspecified,unspecified,markscheme,Mathematics_applications_and_interpretation_paper_2__TZ2_SL_markscheme.pdf,https://dl.ibdocs.re/p/IB%20PAST%20PAPERS%20-%20YEAR/2023%20Examination%20Session/November%202023%20Examination%20Session/Mathematics/Mathematics_applications_and_interpretation_paper_2__TZ2_SL_markscheme.pdf,https://dl.ibdocs.re/IB%20PAST%20PAPERS%20-%20YEAR/2023%20Examination%20Session/November%202023%20Examination%20Session/Mathematics,resources/private/past-papers/2022-2026/mathematics-sciences/2023/November 2023 Examination Session/Mathematics/Mathematics_applications_and_interpretation_paper_2__TZ2_SL_markscheme.pdf,downloaded,485454,28d2e1ff0a9e6424aa1b150e3270d2949d6c4d3d88bfc0d9ba7065302f9b6d51,2026-09-02,Unofficial mirror copy; private school research/reference only; authenticity and redistribution rights not established; do not commit or redistribute.
2023,November 2023 Examination Session,mathematics-applications-and-interpretation,English or unspecified,unspecified,question-paper,Mathematics_applications_and_interpretation_paper_2__TZ2_SL.pdf,https://dl.ibdocs.re/p/IB%20PAST%20PAPERS%20-%20YEAR/2023%20Examination%20Session/November%202023%20Examination%20Session/Mathematics/Mathematics_applications_and_interpretation_paper_2__TZ2_SL.pdf,https://dl.ibdocs.re/IB%20PAST%20PAPERS%20-%20YEAR/2023%20Examination%20Session/November%202023%20Examination%20Session/Mathematics,resources/private/past-papers/2022-2026/mathematics-sciences/2023/November 2023 Examination Session/Mathematics/Mathematics_applications_and_interpretation_paper_2__TZ2_SL.pdf,downloaded,659628,ec6fa180263b0e733c9aa5fe9e0df5dc82eea58d42fdf3162c640ccb08704732,2026-09-02,Unofficial mirror copy; private school research/reference only; authenticity and redistribution rights not established; do not commit or redistribute.
2023,November 2023 Examination Session,mathematics-applications-and-interpretation,English or unspecified,unspecified,markscheme,Mathematics_applications_and_interpretation_paper_3__HL_markscheme.pdf,https://dl.ibdocs.re/p/IB%20PAST%20PAPERS%20-%20YEAR/2023%20Examination%20Session/November%202023%20Examination%20Session/Mathematics/Mathematics_applications_and_interpretation_paper_3__HL_markscheme.pdf,https://dl.ibdocs.re/IB%20PAST%20PAPERS%20-%20YEAR/2023%20Examination%20Session/November%202023%20Examination%20Session/Mathematics,resources/private/past-papers/2022-2026/mathematics-sciences/2023/November 2023 Examination Session/Mathematics/Mathematics_applications_and_interpretation_paper_3__HL_markscheme.pdf,downloaded,423309,e361530ca0fe4f642099fc948da99eaaf9688562879f40df7e6d7bde606db110,2026-09-02,Unofficial mirror copy; private school research/reference only; authenticity and redistribution rights not established; do not commit or redistribute.
2023,November 2023 Examination Session,mathematics-applications-and-interpretation,Spanish,unspecified,question-paper,Mathematics_applications_and_interpretation_paper_3__HL_Spanish.pdf,https://dl.ibdocs.re/p/IB%20PAST%20PAPERS%20-%20YEAR/2023%20Examination%20Session/November%202023%20Examination%20Session/Mathematics/Mathematics_applications_and_interpretation_paper_3__HL_Spanish.pdf,https://dl.ibdocs.re/IB%20PAST%20PAPERS%20-%20YEAR/2023%20Examination%20Session/November%202023%20Examination%20Session/Mathematics,resources/private/past-papers/2022-2026/mathematics-sciences/2023/November 2023 Examination Session/Mathematics/Mathematics_applications_and_interpretation_paper_3__HL_Spanish.pdf,downloaded,575847,bdf8bede2788749b8be16be9391a756a7c74bc3a7fa6ff2849635ab9489a5e7e,2026-09-02,Unofficial mirror copy; private school research/reference only; authenticity and redistribution rights not established; do not commit or redistribute.
2023,November 2023 Examination Session,mathematics-applications-and-interpretation,English or unspecified,unspecified,question-paper,Mathematics_applications_and_interpretation_paper_3__HL.pdf,https://dl.ibdocs.re/p/IB%20PAST%20PAPERS%20-%20YEAR/2023%20Examination%20Session/November%202023%20Examination%20Session/Mathematics/Mathematics_applications_and_interpretation_paper_3__HL.pdf,https://dl.ibdocs.re/IB%20PAST%20PAPERS%20-%20YEAR/2023%20Examination%20Session/November%202023%20Examination%20Session/Mathematics,resources/private/past-papers/2022-2026/mathematics-sciences/2023/November 2023 Examination Session/Mathematics/Mathematics_applications_and_interpretation_paper_3__HL.pdf,downloaded,600187,c94145162f484df653e0e937eaa50660cf156ce528e44a8f5a2637c39b43b542,2026-09-02,Unofficial mirror copy; private school research/reference only; authenticity and redistribution rights not established; do not commit or redistribute.
2024,May 2024 Examination Session,mathematics-analysis-and-approaches,German,unspecified,question-paper,Mathematics_analysis_and_approaches_paper_1__[German]_HL.pdf,https://dl.ibdocs.re/p/IB%20PAST%20PAPERS%20-%20YEAR/2024%20Examination%20Session/May%202024%20Examination%20Session/Mathematics/Mathematics_analysis_and_approaches_paper_1__%5BGerman%5D_HL.pdf,https://dl.ibdocs.re/IB%20PAST%20PAPERS%20-%20YEAR/2024%20Examination%20Session/May%202024%20Examination%20Session/Mathematics,resources/private/past-papers/2022-2026/mathematics-sciences/2024/May 2024 Examination Session/Mathematics/Mathematics_analysis_and_approaches_paper_1__[German]_HL.pdf,downloaded,1200235,4451987b360e2e05e3d27485d5c759294f1b49079c2cf9cd0ad903124dd775ff,2026-09-02,Unofficial mirror copy; private school research/reference only; authenticity and redistribution rights not established; do not commit or redistribute.
2024,May 2024 Examination Session,mathematics-analysis-and-approaches,German,unspecified,question-paper,Mathematics_analysis_and_approaches_paper_1__[German]_SL.pdf,https://dl.ibdocs.re/p/IB%20PAST%20PAPERS%20-%20YEAR/2024%20Examination%20Session/May%202024%20Examination%20Session/Mathematics/Mathematics_analysis_and_approaches_paper_1__%5BGerman%5D_SL.pdf,https://dl.ibdocs.re/IB%20PAST%20PAPERS%20-%20YEAR/2024%20Examination%20Session/May%202024%20Examination%20Session/Mathematics,resources/private/past-papers/2022-2026/mathematics-sciences/2024/May 2024 Examination Session/Mathematics/Mathematics_analysis_and_approaches_paper_1__[German]_SL.pdf,downloaded,804212,a7207932399ea43223ccbef7be137e1212444864e687981e59f0e6ad6938c26e,2026-09-02,Unofficial mirror copy; private school research/reference only; authenticity and redistribution rights not established; do not commit or redistribute.
2024,May 2024 Examination Session,mathematics-analysis-and-approaches,French,unspecified,question-paper,Mathematics_analysis_and_approaches_paper_1__HL_French.pdf,https://dl.ibdocs.re/p/IB%20PAST%20PAPERS%20-%20YEAR/2024%20Examination%20Session/May%202024%20Examination%20Session/Mathematics/Mathematics_analysis_and_approaches_paper_1__HL_French.pdf,https://dl.ibdocs.re/IB%20PAST%20PAPERS%20-%20YEAR/2024%20Examination%20Session/May%202024%20Examination%20Session/Mathematics,resources/private/past-papers/2022-2026/mathematics-sciences/2024/May 2024 Examination Session/Mathematics/Mathematics_analysis_and_approaches_paper_1__HL_French.pdf,downloaded,1197018,6c4835eb32ba4170d5c816fe4cc9c5af07809a8fd0970417e2db470ddbc27313,2026-09-02,Unofficial mirror copy; private school research/reference only; authenticity and redistribution rights not established; do not commit or redistribute.
2024,May 2024 Examination Session,mathematics-analysis-and-approaches,Spanish,unspecified,question-paper,Mathematics_analysis_and_approaches_paper_1__HL_Spanish.pdf,https://dl.ibdocs.re/p/IB%20PAST%20PAPERS%20-%20YEAR/2024%20Examination%20Session/May%202024%20Examination%20Session/Mathematics/Mathematics_analysis_and_approaches_paper_1__HL_Spanish.pdf,https://dl.ibdocs.re/IB%20PAST%20PAPERS%20-%20YEAR/2024%20Examination%20Session/May%202024%20Examination%20Session/Mathematics,resources/private/past-papers/2022-2026/mathematics-sciences/2024/May 2024 Examination Session/Mathematics/Mathematics_analysis_and_approaches_paper_1__HL_Spanish.pdf,downloaded,1195447,50f31955c75ed8b7156b8e14652ab6579b5ce3c1901f9c0c331654e7552be51f,2026-09-02,Unofficial mirror copy; private school research/reference only; authenticity and redistribution rights not established; do not commit or redistribute.
2024,May 2024 Examination Session,mathematics-analysis-and-approaches,French,unspecified,question-paper,Mathematics_analysis_and_approaches_paper_1__SL_French.pdf,https://dl.ibdocs.re/p/IB%20PAST%20PAPERS%20-%20YEAR/2024%20Examination%20Session/May%202024%20Examination%20Session/Mathematics/Mathematics_analysis_and_approaches_paper_1__SL_French.pdf,https://dl.ibdocs.re/IB%20PAST%20PAPERS%20-%20YEAR/2024%20Examination%20Session/May%202024%20Examination%20Session/Mathematics,resources/private/past-papers/2022-2026/mathematics-sciences/2024/May 2024 Examination Session/Mathematics/Mathematics_analysis_and_approaches_paper_1__SL_French.pdf,downloaded,800703,8424fdd2a3a3df6073ec8a1546019e883dbb71dca98a2ae94a3307a77e100f7a,2026-09-02,Unofficial mirror copy; private school research/reference only; authenticity and redistribution rights not established; do not commit or redistribute.
2024,May 2024 Examination Session,mathematics-analysis-and-approaches,Spanish,unspecified,question-paper,Mathematics_analysis_and_approaches_paper_1__SL_Spanish.pdf,https://dl.ibdocs.re/p/IB%20PAST%20PAPERS%20-%20YEAR/2024%20Examination%20Session/May%202024%20Examination%20Session/Mathematics/Mathematics_analysis_and_approaches_paper_1__SL_Spanish.pdf,https://dl.ibdocs.re/IB%20PAST%20PAPERS%20-%20YEAR/2024%20Examination%20Session/May%202024%20Examination%20Session/Mathematics,resources/private/past-papers/2022-2026/mathematics-sciences/2024/May 2024 Examination Session/Mathematics/Mathematics_analysis_and_approaches_paper_1__SL_Spanish.pdf,downloaded,800013,d30c69336907d992380bba48128fe6c5bb2ce624c9ce1f8d70c6e6a1b7d6a26b,2026-09-02,Unofficial mirror copy; private school research/reference only; authenticity and redistribution rights not established; do not commit or redistribute.
2024,May 2024 Examination Session,mathematics-analysis-and-approaches,English or unspecified,unspecified,markscheme,Mathematics_analysis_and_approaches_paper_1__TZ1_HL_markscheme.pdf,https://dl.ibdocs.re/p/IB%20PAST%20PAPERS%20-%20YEAR/2024%20Examination%20Session/May%202024%20Examination%20Session/Mathematics/Mathematics_analysis_and_approaches_paper_1__TZ1_HL_markscheme.pdf,https://dl.ibdocs.re/IB%20PAST%20PAPERS%20-%20YEAR/2024%20Examination%20Session/May%202024%20Examination%20Session/Mathematics,resources/private/past-papers/2022-2026/mathematics-sciences/2024/May 2024 Examination Session/Mathematics/Mathematics_analysis_and_approaches_paper_1__TZ1_HL_markscheme.pdf,downloaded,739327,2041123c187caa75b265d8a690e1bab5b31e7984053a63f9ca2befe749291fcf,2026-09-02,Unofficial mirror copy; private school research/reference only; authenticity and redistribution rights not established; do not commit or redistribute.
2024,May 2024 Examination Session,mathematics-analysis-and-approaches,English or unspecified,unspecified,question-paper,Mathematics_analysis_and_approaches_paper_1__TZ1_HL.pdf,https://dl.ibdocs.re/p/IB%20PAST%20PAPERS%20-%20YEAR/2024%20Examination%20Session/May%202024%20Examination%20Session/Mathematics/Mathematics_analysis_and_approaches_paper_1__TZ1_HL.pdf,https://dl.ibdocs.re/IB%20PAST%20PAPERS%20-%20YEAR/2024%20Examination%20Session/May%202024%20Examination%20Session/Mathematics,resources/private/past-papers/2022-2026/mathematics-sciences/2024/May 2024 Examination Session/Mathematics/Mathematics_analysis_and_approaches_paper_1__TZ1_HL.pdf,downloaded,846657,238631ede8edd380b97cca1c062031f49e01bb3884db7502498db4bd9f00c072,2026-09-02,Unofficial mirror copy; private school research/reference only; authenticity and redistribution rights not established; do not commit or redistribute.
2024,May 2024 Examination Session,mathematics-analysis-and-approaches,English or unspecified,unspecified,markscheme,Mathematics_analysis_and_approaches_paper_1__TZ1_SL_markscheme.pdf,https://dl.ibdocs.re/p/IB%20PAST%20PAPERS%20-%20YEAR/2024%20Examination%20Session/May%202024%20Examination%20Session/Mathematics/Mathematics_analysis_and_approaches_paper_1__TZ1_SL_markscheme.pdf,https://dl.ibdocs.re/IB%20PAST%20PAPERS%20-%20YEAR/2024%20Examination%20Session/May%202024%20Examination%20Session/Mathematics,resources/private/past-papers/2022-2026/mathematics-sciences/2024/May 2024 Examination Session/Mathematics/Mathematics_analysis_and_approaches_paper_1__TZ1_SL_markscheme.pdf,downloaded,618611,5ee42a3a30bdb3fcd84e9858baa429a113ae1748479238efc993c58e4fcd52c6,2026-09-02,Unofficial mirror copy; private school research/reference only; authenticity and redistribution rights not established; do not commit or redistribute.
2024,May 2024 Examination Session,mathematics-analysis-and-approaches,English or unspecified,unspecified,question-paper,Mathematics_analysis_and_approaches_paper_1__TZ1_SL.pdf,https://dl.ibdocs.re/p/IB%20PAST%20PAPERS%20-%20YEAR/2024%20Examination%20Session/May%202024%20Examination%20Session/Mathematics/Mathematics_analysis_and_approaches_paper_1__TZ1_SL.pdf,https://dl.ibdocs.re/IB%20PAST%20PAPERS%20-%20YEAR/2024%20Examination%20Session/May%202024%20Examination%20Session/Mathematics,resources/private/past-papers/2022-2026/mathematics-sciences/2024/May 2024 Examination Session/Mathematics/Mathematics_analysis_and_approaches_paper_1__TZ1_SL.pdf,downloaded,678485,edb244f82f9535bab914b699a956d969cd03b20df1370e79fb185541d6189c1f,2026-09-02,Unofficial mirror copy; private school research/reference only; authenticity and redistribution rights not established; do not commit or redistribute.
2024,May 2024 Examination Session,mathematics-analysis-and-approaches,English or unspecified,unspecified,markscheme,Mathematics_analysis_and_approaches_paper_1__TZ2_HL_markscheme.pdf,https://dl.ibdocs.re/p/IB%20PAST%20PAPERS%20-%20YEAR/2024%20Examination%20Session/May%202024%20Examination%20Session/Mathematics/Mathematics_analysis_and_approaches_paper_1__TZ2_HL_markscheme.pdf,https://dl.ibdocs.re/IB%20PAST%20PAPERS%20-%20YEAR/2024%20Examination%20Session/May%202024%20Examination%20Session/Mathematics,resources/private/past-papers/2022-2026/mathematics-sciences/2024/May 2024 Examination Session/Mathematics/Mathematics_analysis_and_approaches_paper_1__TZ2_HL_markscheme.pdf,downloaded,694905,68f3ace615b9c10f672f8f8786701fd02466f554e902e8f0a44258f3e67a0a39,2026-09-02,Unofficial mirror copy; private school research/reference only; authenticity and redistribution rights not established; do not commit or redistribute.
2024,May 2024 Examination Session,mathematics-analysis-and-approaches,English or unspecified,unspecified,question-paper,Mathematics_analysis_and_approaches_paper_1__TZ2_HL.pdf,https://dl.ibdocs.re/p/IB%20PAST%20PAPERS%20-%20YEAR/2024%20Examination%20Session/May%202024%20Examination%20Session/Mathematics/Mathematics_analysis_and_approaches_paper_1__TZ2_HL.pdf,https://dl.ibdocs.re/IB%20PAST%20PAPERS%20-%20YEAR/2024%20Examination%20Session/May%202024%20Examination%20Session/Mathematics,resources/private/past-papers/2022-2026/mathematics-sciences/2024/May 2024 Examination Session/Mathematics/Mathematics_analysis_and_approaches_paper_1__TZ2_HL.pdf,downloaded,1194125,04e49f1fce53307853df1e0cffa649f68f1ffecab884b102163a9cd7bfbc3922,2026-09-02,Unofficial mirror copy; private school research/reference only; authenticity and redistribution rights not established; do not commit or redistribute.
2024,May 2024 Examination Session,mathematics-analysis-and-approaches,English or unspecified,unspecified,markscheme,Mathematics_analysis_and_approaches_paper_1__TZ2_SL_markscheme.pdf,https://dl.ibdocs.re/p/IB%20PAST%20PAPERS%20-%20YEAR/2024%20Examination%20Session/May%202024%20Examination%20Session/Mathematics/Mathematics_analysis_and_approaches_paper_1__TZ2_SL_markscheme.pdf,https://dl.ibdocs.re/IB%20PAST%20PAPERS%20-%20YEAR/2024%20Examination%20Session/May%202024%20Examination%20Session/Mathematics,resources/private/past-papers/2022-2026/mathematics-sciences/2024/May 2024 Examination Session/Mathematics/Mathematics_analysis_and_approaches_paper_1__TZ2_SL_markscheme.pdf,downloaded,656570,b6673f2e98dc226561b39bcaf889f072eaedae6ae91c26b6c67d167992676d02,2026-09-02,Unofficial mirror copy; private school research/reference only; authenticity and redistribution rights not established; do not commit or redistribute.
2024,May 2024 Examination Session,mathematics-analysis-and-approaches,English or unspecified,unspecified,question-paper,Mathematics_analysis_and_approaches_paper_1__TZ2_SL.pdf,https://dl.ibdocs.re/p/IB%20PAST%20PAPERS%20-%20YEAR/2024%20Examination%20Session/May%202024%20Examination%20Session/Mathematics/Mathematics_analysis_and_approaches_paper_1__TZ2_SL.pdf,https://dl.ibdocs.re/IB%20PAST%20PAPERS%20-%20YEAR/2024%20Examination%20Session/May%202024%20Examination%20Session/Mathematics,resources/private/past-papers/2022-2026/mathematics-sciences/2024/May 2024 Examination Session/Mathematics/Mathematics_analysis_and_approaches_paper_1__TZ2_SL.pdf,downloaded,797302,189175261e90692830d8a7d1e7f7fffe19b61472dea98b7ba355f02309c8a7ca,2026-09-02,Unofficial mirror copy; private school research/reference only; authenticity and redistribution rights not established; do not commit or redistribute.
2024,May 2024 Examination Session,mathematics-analysis-and-approaches,German,unspecified,question-paper,Mathematics_analysis_and_approaches_paper_2__[German]_HL.pdf,https://dl.ibdocs.re/p/IB%20PAST%20PAPERS%20-%20YEAR/2024%20Examination%20Session/May%202024%20Examination%20Session/Mathematics/Mathematics_analysis_and_approaches_paper_2__%5BGerman%5D_HL.pdf,https://dl.ibdocs.re/IB%20PAST%20PAPERS%20-%20YEAR/2024%20Examination%20Session/May%202024%20Examination%20Session/Mathematics,resources/private/past-papers/2022-2026/mathematics-sciences/2024/May 2024 Examination Session/Mathematics/Mathematics_analysis_and_approaches_paper_2__[German]_HL.pdf,downloaded,747837,3f85b10de16d5fff629e0808ba735f7273e28eb29924320ce7ca357e8df93a23,2026-09-02,Unofficial mirror copy; private school research/reference only; authenticity and redistribution rights not established; do not commit or redistribute.
2024,May 2024 Examination Session,mathematics-analysis-and-approaches,German,unspecified,question-paper,Mathematics_analysis_and_approaches_paper_2__[German]_SL.pdf,https://dl.ibdocs.re/p/IB%20PAST%20PAPERS%20-%20YEAR/2024%20Examination%20Session/May%202024%20Examination%20Session/Mathematics/Mathematics_analysis_and_approaches_paper_2__%5BGerman%5D_SL.pdf,https://dl.ibdocs.re/IB%20PAST%20PAPERS%20-%20YEAR/2024%20Examination%20Session/May%202024%20Examination%20Session/Mathematics,resources/private/past-papers/2022-2026/mathematics-sciences/2024/May 2024 Examination Session/Mathematics/Mathematics_analysis_and_approaches_paper_2__[German]_SL.pdf,downloaded,688619,d7e040ad25f749b545b54bcf9ffcd6ae6cb5ca5ceebe1b47b31f2186d391ee9c,2026-09-02,Unofficial mirror copy; private school research/reference only; authenticity and redistribution rights not established; do not commit or redistribute.
2024,May 2024 Examination Session,mathematics-analysis-and-approaches,French,unspecified,question-paper,Mathematics_analysis_and_approaches_paper_2__HL_French.pdf,https://dl.ibdocs.re/p/IB%20PAST%20PAPERS%20-%20YEAR/2024%20Examination%20Session/May%202024%20Examination%20Session/Mathematics/Mathematics_analysis_and_approaches_paper_2__HL_French.pdf,https://dl.ibdocs.re/IB%20PAST%20PAPERS%20-%20YEAR/2024%20Examination%20Session/May%202024%20Examination%20Session/Mathematics,resources/private/past-papers/2022-2026/mathematics-sciences/2024/May 2024 Examination Session/Mathematics/Mathematics_analysis_and_approaches_paper_2__HL_French.pdf,downloaded,733939,88b7f9b5cafe3624834386a9e09458ce816f7007adc0849d1048829b7f275b49,2026-09-02,Unofficial mirror copy; private school research/reference only; authenticity and redistribution rights not established; do not commit or redistribute.
2024,May 2024 Examination Session,mathematics-analysis-and-approaches,Spanish,unspecified,question-paper,Mathematics_analysis_and_approaches_paper_2__HL_Spanish.pdf,https://dl.ibdocs.re/p/IB%20PAST%20PAPERS%20-%20YEAR/2024%20Examination%20Session/May%202024%20Examination%20Session/Mathematics/Mathematics_analysis_and_approaches_paper_2__HL_Spanish.pdf,https://dl.ibdocs.re/IB%20PAST%20PAPERS%20-%20YEAR/2024%20Examination%20Session/May%202024%20Examination%20Session/Mathematics,resources/private/past-papers/2022-2026/mathematics-sciences/2024/May 2024 Examination Session/Mathematics/Mathematics_analysis_and_approaches_paper_2__HL_Spanish.pdf,downloaded,735541,2348ee1af58113c8ef0fea2e81bbea34fbc43801805273bf729ff9b2b2288f80,2026-09-02,Unofficial mirror copy; private school research/reference only; authenticity and redistribution rights not established; do not commit or redistribute.
2024,May 2024 Examination Session,mathematics-analysis-and-approaches,French,unspecified,question-paper,Mathematics_analysis_and_approaches_paper_2__SL_French.pdf,https://dl.ibdocs.re/p/IB%20PAST%20PAPERS%20-%20YEAR/2024%20Examination%20Session/May%202024%20Examination%20Session/Mathematics/Mathematics_analysis_and_approaches_paper_2__SL_French.pdf,https://dl.ibdocs.re/IB%20PAST%20PAPERS%20-%20YEAR/2024%20Examination%20Session/May%202024%20Examination%20Session/Mathematics,resources/private/past-papers/2022-2026/mathematics-sciences/2024/May 2024 Examination Session/Mathematics/Mathematics_analysis_and_approaches_paper_2__SL_French.pdf,downloaded,675735,d44a0da78de120d3eaeef360d3a1dac9cbe6cb6572de842483f7b61402b9fe3c,2026-09-02,Unofficial mirror copy; private school research/reference only; authenticity and redistribution rights not established; do not commit or redistribute.
2024,May 2024 Examination Session,mathematics-analysis-and-approaches,Spanish,unspecified,question-paper,Mathematics_analysis_and_approaches_paper_2__SL_Spanish.pdf,https://dl.ibdocs.re/p/IB%20PAST%20PAPERS%20-%20YEAR/2024%20Examination%20Session/May%202024%20Examination%20Session/Mathematics/Mathematics_analysis_and_approaches_paper_2__SL_Spanish.pdf,https://dl.ibdocs.re/IB%20PAST%20PAPERS%20-%20YEAR/2024%20Examination%20Session/May%202024%20Examination%20Session/Mathematics,resources/private/past-papers/2022-2026/mathematics-sciences/2024/May 2024 Examination Session/Mathematics/Mathematics_analysis_and_approaches_paper_2__SL_Spanish.pdf,downloaded,675747,f7aad01b503fbee832594b816ebd5c7a5fcabc76333c10537c2b5eac949e4e42,2026-09-02,Unofficial mirror copy; private school research/reference only; authenticity and redistribution rights not established; do not commit or redistribute.
2024,May 2024 Examination Session,mathematics-analysis-and-approaches,English or unspecified,unspecified,markscheme,Mathematics_analysis_and_approaches_paper_2__TZ1_HL_markscheme.pdf,https://dl.ibdocs.re/p/IB%20PAST%20PAPERS%20-%20YEAR/2024%20Examination%20Session/May%202024%20Examination%20Session/Mathematics/Mathematics_analysis_and_approaches_paper_2__TZ1_HL_markscheme.pdf,https://dl.ibdocs.re/IB%20PAST%20PAPERS%20-%20YEAR/2024%20Examination%20Session/May%202024%20Examination%20Session/Mathematics,resources/private/past-papers/2022-2026/mathematics-sciences/2024/May 2024 Examination Session/Mathematics/Mathematics_analysis_and_approaches_paper_2__TZ1_HL_markscheme.pdf,downloaded,851176,5a7a88570ffa42bc593da159a723f11d89c4089ed8cf9330c67f159332716d4c,2026-09-02,Unofficial mirror copy; private school research/reference only; authenticity and redistribution rights not established; do not commit or redistribute.
2024,May 2024 Examination Session,mathematics-analysis-and-approaches,English or unspecified,unspecified,question-paper,Mathematics_analysis_and_approaches_paper_2__TZ1_HL.pdf,https://dl.ibdocs.re/p/IB%20PAST%20PAPERS%20-%20YEAR/2024%20Examination%20Session/May%202024%20Examination%20Session/Mathematics/Mathematics_analysis_and_approaches_paper_2__TZ1_HL.pdf,https://dl.ibdocs.re/IB%20PAST%20PAPERS%20-%20YEAR/2024%20Examination%20Session/May%202024%20Examination%20Session/Mathematics,resources/private/past-papers/2022-2026/mathematics-sciences/2024/May 2024 Examination Session/Mathematics/Mathematics_analysis_and_approaches_paper_2__TZ1_HL.pdf,downloaded,770613,4e95261fb163fd603f884f5bba12f380ce826bd84f8f371d09bb2ca74960f791,2026-09-02,Unofficial mirror copy; private school research/reference only; authenticity and redistribution rights not established; do not commit or redistribute.
2024,May 2024 Examination Session,mathematics-analysis-and-approaches,English or unspecified,unspecified,markscheme,Mathematics_analysis_and_approaches_paper_2__TZ1_SL_markscheme.pdf,https://dl.ibdocs.re/p/IB%20PAST%20PAPERS%20-%20YEAR/2024%20Examination%20Session/May%202024%20Examination%20Session/Mathematics/Mathematics_analysis_and_approaches_paper_2__TZ1_SL_markscheme.pdf,https://dl.ibdocs.re/IB%20PAST%20PAPERS%20-%20YEAR/2024%20Examination%20Session/May%202024%20Examination%20Session/Mathematics,resources/private/past-papers/2022-2026/mathematics-sciences/2024/May 2024 Examination Session/Mathematics/Mathematics_analysis_and_approaches_paper_2__TZ1_SL_markscheme.pdf,downloaded,541542,2af860d4a287cfadac45c1d1588f930930253f216f6216d1c5157dee136f370d,2026-09-02,Unofficial mirror copy; private school research/reference only; authenticity and redistribution rights not established; do not commit or redistribute.
2024,May 2024 Examination Session,mathematics-analysis-and-approaches,English or unspecified,unspecified,question-paper,Mathematics_analysis_and_approaches_paper_2__TZ1_SL.pdf,https://dl.ibdocs.re/p/IB%20PAST%20PAPERS%20-%20YEAR/2024%20Examination%20Session/May%202024%20Examination%20Session/Mathematics/Mathematics_analysis_and_approaches_paper_2__TZ1_SL.pdf,https://dl.ibdocs.re/IB%20PAST%20PAPERS%20-%20YEAR/2024%20Examination%20Session/May%202024%20Examination%20Session/Mathematics,resources/private/past-papers/2022-2026/mathematics-sciences/2024/May 2024 Examination Session/Mathematics/Mathematics_analysis_and_approaches_paper_2__TZ1_SL.pdf,downloaded,812285,3bc09d9181dc4f9454a89fa4599585fcd969b3b876c2aa307534db93f45d9a56,2026-09-02,Unofficial mirror copy; private school research/reference only; authenticity and redistribution rights not established; do not commit or redistribute.
2024,May 2024 Examination Session,mathematics-analysis-and-approaches,English or unspecified,unspecified,markscheme,Mathematics_analysis_and_approaches_paper_2__TZ2_HL_markscheme.pdf,https://dl.ibdocs.re/p/IB%20PAST%20PAPERS%20-%20YEAR/2024%20Examination%20Session/May%202024%20Examination%20Session/Mathematics/Mathematics_analysis_and_approaches_paper_2__TZ2_HL_markscheme.pdf,https://dl.ibdocs.re/IB%20PAST%20PAPERS%20-%20YEAR/2024%20Examination%20Session/May%202024%20Examination%20Session/Mathematics,resources/private/past-papers/2022-2026/mathematics-sciences/2024/May 2024 Examination Session/Mathematics/Mathematics_analysis_and_approaches_paper_2__TZ2_HL_markscheme.pdf,downloaded,620127,ee14ae5d24c0059bad3bdabe5c1ebd1cd8b2a2e44771d5b73387fbb85eea69ca,2026-09-02,Unofficial mirror copy; private school research/reference only; authenticity and redistribution rights not established; do not commit or redistribute.
2024,May 2024 Examination Session,mathematics-analysis-and-approaches,English or unspecified,unspecified,question-paper,Mathematics_analysis_and_approaches_paper_2__TZ2_HL.pdf,https://dl.ibdocs.re/p/IB%20PAST%20PAPERS%20-%20YEAR/2024%20Examination%20Session/May%202024%20Examination%20Session/Mathematics/Mathematics_analysis_and_approaches_paper_2__TZ2_HL.pdf,https://dl.ibdocs.re/IB%20PAST%20PAPERS%20-%20YEAR/2024%20Examination%20Session/May%202024%20Examination%20Session/Mathematics,resources/private/past-papers/2022-2026/mathematics-sciences/2024/May 2024 Examination Session/Mathematics/Mathematics_analysis_and_approaches_paper_2__TZ2_HL.pdf,downloaded,754842,f942b449854658669262d3c51bdb7c8bfce86d027344ee55f71212c39cc187f7,2026-09-02,Unofficial mirror copy; private school research/reference only; authenticity and redistribution rights not established; do not commit or redistribute.
2024,May 2024 Examination Session,mathematics-analysis-and-approaches,English or unspecified,unspecified,markscheme,Mathematics_analysis_and_approaches_paper_2__TZ2_SL_markscheme.pdf,https://dl.ibdocs.re/p/IB%20PAST%20PAPERS%20-%20YEAR/2024%20Examination%20Session/May%202024%20Examination%20Session/Mathematics/Mathematics_analysis_and_approaches_paper_2__TZ2_SL_markscheme.pdf,https://dl.ibdocs.re/IB%20PAST%20PAPERS%20-%20YEAR/2024%20Examination%20Session/May%202024%20Examination%20Session/Mathematics,resources/private/past-papers/2022-2026/mathematics-sciences/2024/May 2024 Examination Session/Mathematics/Mathematics_analysis_and_approaches_paper_2__TZ2_SL_markscheme.pdf,downloaded,586058,e55be7dd91b19fab25496260e04430956afcf462bda64d5eded2d9e3ef554d3d,2026-09-02,Unofficial mirror copy; private school research/reference only; authenticity and redistribution rights not established; do not commit or redistribute.
2024,May 2024 Examination Session,mathematics-analysis-and-approaches,English or unspecified,unspecified,question-paper,Mathematics_analysis_and_approaches_paper_2__TZ2_SL.pdf,https://dl.ibdocs.re/p/IB%20PAST%20PAPERS%20-%20YEAR/2024%20Examination%20Session/May%202024%20Examination%20Session/Mathematics/Mathematics_analysis_and_approaches_paper_2__TZ2_SL.pdf,https://dl.ibdocs.re/IB%20PAST%20PAPERS%20-%20YEAR/2024%20Examination%20Session/May%202024%20Examination%20Session/Mathematics,resources/private/past-papers/2022-2026/mathematics-sciences/2024/May 2024 Examination Session/Mathematics/Mathematics_analysis_and_approaches_paper_2__TZ2_SL.pdf,downloaded,680073,c6fa1e8f3d4241cc5f73091bffd7cf8f4cb447c88ecaf5fa16b97b772649f6c0,2026-09-02,Unofficial mirror copy; private school research/reference only; authenticity and redistribution rights not established; do not commit or redistribute.
2024,May 2024 Examination Session,mathematics-analysis-and-approaches,German,unspecified,question-paper,Mathematics_analysis_and_approaches_paper_3__[German]_HL.pdf,https://dl.ibdocs.re/p/IB%20PAST%20PAPERS%20-%20YEAR/2024%20Examination%20Session/May%202024%20Examination%20Session/Mathematics/Mathematics_analysis_and_approaches_paper_3__%5BGerman%5D_HL.pdf,https://dl.ibdocs.re/IB%20PAST%20PAPERS%20-%20YEAR/2024%20Examination%20Session/May%202024%20Examination%20Session/Mathematics,resources/private/past-papers/2022-2026/mathematics-sciences/2024/May 2024 Examination Session/Mathematics/Mathematics_analysis_and_approaches_paper_3__[German]_HL.pdf,downloaded,917065,62c594a5aa87c798d46391195047dd4b0ed5d0f6e5d18017249a6c17dc829e6d,2026-09-02,Unofficial mirror copy; private school research/reference only; authenticity and redistribution rights not established; do not commit or redistribute.
2024,May 2024 Examination Session,mathematics-analysis-and-approaches,French,unspecified,question-paper,Mathematics_analysis_and_approaches_paper_3__HL_French.pdf,https://dl.ibdocs.re/p/IB%20PAST%20PAPERS%20-%20YEAR/2024%20Examination%20Session/May%202024%20Examination%20Session/Mathematics/Mathematics_analysis_and_approaches_paper_3__HL_French.pdf,https://dl.ibdocs.re/IB%20PAST%20PAPERS%20-%20YEAR/2024%20Examination%20Session/May%202024%20Examination%20Session/Mathematics,resources/private/past-papers/2022-2026/mathematics-sciences/2024/May 2024 Examination Session/Mathematics/Mathematics_analysis_and_approaches_paper_3__HL_French.pdf,downloaded,889762,719c8630bcf23aa480e0e659406fae5ab0e18b060cf700cd92814237ab9a5f56,2026-09-02,Unofficial mirror copy; private school research/reference only; authenticity and redistribution rights not established; do not commit or redistribute.
2024,May 2024 Examination Session,mathematics-analysis-and-approaches,Spanish,unspecified,question-paper,Mathematics_analysis_and_approaches_paper_3__HL_Spanish.pdf,https://dl.ibdocs.re/p/IB%20PAST%20PAPERS%20-%20YEAR/2024%20Examination%20Session/May%202024%20Examination%20Session/Mathematics/Mathematics_analysis_and_approaches_paper_3__HL_Spanish.pdf,https://dl.ibdocs.re/IB%20PAST%20PAPERS%20-%20YEAR/2024%20Examination%20Session/May%202024%20Examination%20Session/Mathematics,resources/private/past-papers/2022-2026/mathematics-sciences/2024/May 2024 Examination Session/Mathematics/Mathematics_analysis_and_approaches_paper_3__HL_Spanish.pdf,downloaded,905187,e79247adefe6e4f34950de7f07119fd713f2e478aca10605647fedd044eade53,2026-09-02,Unofficial mirror copy; private school research/reference only; authenticity and redistribution rights not established; do not commit or redistribute.
2024,May 2024 Examination Session,mathematics-analysis-and-approaches,English or unspecified,unspecified,markscheme,Mathematics_analysis_and_approaches_paper_3__TZ1_HL_markscheme.pdf,https://dl.ibdocs.re/p/IB%20PAST%20PAPERS%20-%20YEAR/2024%20Examination%20Session/May%202024%20Examination%20Session/Mathematics/Mathematics_analysis_and_approaches_paper_3__TZ1_HL_markscheme.pdf,https://dl.ibdocs.re/IB%20PAST%20PAPERS%20-%20YEAR/2024%20Examination%20Session/May%202024%20Examination%20Session/Mathematics,resources/private/past-papers/2022-2026/mathematics-sciences/2024/May 2024 Examination Session/Mathematics/Mathematics_analysis_and_approaches_paper_3__TZ1_HL_markscheme.pdf,downloaded,500821,b6e26502bbcbc29fd9637146c1c8d46af868bc9e4fbe8e0e42c112bc4dbcc6b7,2026-09-02,Unofficial mirror copy; private school research/reference only; authenticity and redistribution rights not established; do not commit or redistribute.
2024,May 2024 Examination Session,mathematics-analysis-and-approaches,English or unspecified,unspecified,question-paper,Mathematics_analysis_and_approaches_paper_3__TZ1_HL.pdf,https://dl.ibdocs.re/p/IB%20PAST%20PAPERS%20-%20YEAR/2024%20Examination%20Session/May%202024%20Examination%20Session/Mathematics/Mathematics_analysis_and_approaches_paper_3__TZ1_HL.pdf,https://dl.ibdocs.re/IB%20PAST%20PAPERS%20-%20YEAR/2024%20Examination%20Session/May%202024%20Examination%20Session/Mathematics,resources/private/past-papers/2022-2026/mathematics-sciences/2024/May 2024 Examination Session/Mathematics/Mathematics_analysis_and_approaches_paper_3__TZ1_HL.pdf,downloaded,479226,a237397157cec985dc0370e245b06105b6ac21cc4a253fe848c96a97720626be,2026-09-02,Unofficial mirror copy; private school research/reference only; authenticity and redistribution rights not established; do not commit or redistribute.
2024,May 2024 Examination Session,mathematics-analysis-and-approaches,English or unspecified,unspecified,markscheme,Mathematics_analysis_and_approaches_paper_3__TZ2_HL_markscheme.pdf,https://dl.ibdocs.re/p/IB%20PAST%20PAPERS%20-%20YEAR/2024%20Examination%20Session/May%202024%20Examination%20Session/Mathematics/Mathematics_analysis_and_approaches_paper_3__TZ2_HL_markscheme.pdf,https://dl.ibdocs.re/IB%20PAST%20PAPERS%20-%20YEAR/2024%20Examination%20Session/May%202024%20Examination%20Session/Mathematics,resources/private/past-papers/2022-2026/mathematics-sciences/2024/May 2024 Examination Session/Mathematics/Mathematics_analysis_and_approaches_paper_3__TZ2_HL_markscheme.pdf,downloaded,572237,d1c94de5181579ed4d9b7862ce8bbaab247a9b985a30c816e3d6feb141d49293,2026-09-02,Unofficial mirror copy; private school research/reference only; authenticity and redistribution rights not established; do not commit or redistribute.
2024,May 2024 Examination Session,mathematics-analysis-and-approaches,English or unspecified,unspecified,question-paper,Mathematics_analysis_and_approaches_paper_3__TZ2_HL.pdf,https://dl.ibdocs.re/p/IB%20PAST%20PAPERS%20-%20YEAR/2024%20Examination%20Session/May%202024%20Examination%20Session/Mathematics/Mathematics_analysis_and_approaches_paper_3__TZ2_HL.pdf,https://dl.ibdocs.re/IB%20PAST%20PAPERS%20-%20YEAR/2024%20Examination%20Session/May%202024%20Examination%20Session/Mathematics,resources/private/past-papers/2022-2026/mathematics-sciences/2024/May 2024 Examination Session/Mathematics/Mathematics_analysis_and_approaches_paper_3__TZ2_HL.pdf,downloaded,901830,6bad29b811e601ea83c6d17f7f9754581a126afd88196407ac71e24ee04209dd,2026-09-02,Unofficial mirror copy; private school research/reference only; authenticity and redistribution rights not established; do not commit or redistribute.
2024,May 2024 Examination Session,mathematics-applications-and-interpretation,French,unspecified,question-paper,Mathematics_applications_and_interpretation_paper_1__HL_French.pdf,https://dl.ibdocs.re/p/IB%20PAST%20PAPERS%20-%20YEAR/2024%20Examination%20Session/May%202024%20Examination%20Session/Mathematics/Mathematics_applications_and_interpretation_paper_1__HL_French.pdf,https://dl.ibdocs.re/IB%20PAST%20PAPERS%20-%20YEAR/2024%20Examination%20Session/May%202024%20Examination%20Session/Mathematics,resources/private/past-papers/2022-2026/mathematics-sciences/2024/May 2024 Examination Session/Mathematics/Mathematics_applications_and_interpretation_paper_1__HL_French.pdf,downloaded,871392,3a78acd3557e03cac4283cbf485bc390077d53a2297049adfac9c94044cd97c3,2026-09-02,Unofficial mirror copy; private school research/reference only; authenticity and redistribution rights not established; do not commit or redistribute.
2024,May 2024 Examination Session,mathematics-applications-and-interpretation,Spanish,unspecified,question-paper,Mathematics_applications_and_interpretation_paper_1__HL_Spanish.pdf,https://dl.ibdocs.re/p/IB%20PAST%20PAPERS%20-%20YEAR/2024%20Examination%20Session/May%202024%20Examination%20Session/Mathematics/Mathematics_applications_and_interpretation_paper_1__HL_Spanish.pdf,https://dl.ibdocs.re/IB%20PAST%20PAPERS%20-%20YEAR/2024%20Examination%20Session/May%202024%20Examination%20Session/Mathematics,resources/private/past-papers/2022-2026/mathematics-sciences/2024/May 2024 Examination Session/Mathematics/Mathematics_applications_and_interpretation_paper_1__HL_Spanish.pdf,downloaded,878663,c9e92afd8b8d46934c0e348eb44d517af250e1d7909e88753c2b2c4237855ad4,2026-09-02,Unofficial mirror copy; private school research/reference only; authenticity and redistribution rights not established; do not commit or redistribute.
2024,May 2024 Examination Session,mathematics-applications-and-interpretation,French,unspecified,question-paper,Mathematics_applications_and_interpretation_paper_1__SL_French.pdf,https://dl.ibdocs.re/p/IB%20PAST%20PAPERS%20-%20YEAR/2024%20Examination%20Session/May%202024%20Examination%20Session/Mathematics/Mathematics_applications_and_interpretation_paper_1__SL_French.pdf,https://dl.ibdocs.re/IB%20PAST%20PAPERS%20-%20YEAR/2024%20Examination%20Session/May%202024%20Examination%20Session/Mathematics,resources/private/past-papers/2022-2026/mathematics-sciences/2024/May 2024 Examination Session/Mathematics/Mathematics_applications_and_interpretation_paper_1__SL_French.pdf,downloaded,802485,dee331ff7ff7b9881bc8729d511fe1d6ef8bd7c6d261529304436a3a962026c1,2026-09-02,Unofficial mirror copy; private school research/reference only; authenticity and redistribution rights not established; do not commit or redistribute.
2024,May 2024 Examination Session,mathematics-applications-and-interpretation,Spanish,unspecified,question-paper,Mathematics_applications_and_interpretation_paper_1__SL_Spanish.pdf,https://dl.ibdocs.re/p/IB%20PAST%20PAPERS%20-%20YEAR/2024%20Examination%20Session/May%202024%20Examination%20Session/Mathematics/Mathematics_applications_and_interpretation_paper_1__SL_Spanish.pdf,https://dl.ibdocs.re/IB%20PAST%20PAPERS%20-%20YEAR/2024%20Examination%20Session/May%202024%20Examination%20Session/Mathematics,resources/private/past-papers/2022-2026/mathematics-sciences/2024/May 2024 Examination Session/Mathematics/Mathematics_applications_and_interpretation_paper_1__SL_Spanish.pdf,downloaded,781816,42e5db36b1165df24eecdf104ac735384e9f30acb2a581beca3a2781d4b85fd3,2026-09-02,Unofficial mirror copy; private school research/reference only; authenticity and redistribution rights not established; do not commit or redistribute.
2024,May 2024 Examination Session,mathematics-applications-and-interpretation,English or unspecified,unspecified,markscheme,Mathematics_applications_and_interpretation_paper_1__TZ1_HL_markscheme.pdf,https://dl.ibdocs.re/p/IB%20PAST%20PAPERS%20-%20YEAR/2024%20Examination%20Session/May%202024%20Examination%20Session/Mathematics/Mathematics_applications_and_interpretation_paper_1__TZ1_HL_markscheme.pdf,https://dl.ibdocs.re/IB%20PAST%20PAPERS%20-%20YEAR/2024%20Examination%20Session/May%202024%20Examination%20Session/Mathematics,resources/private/past-papers/2022-2026/mathematics-sciences/2024/May 2024 Examination Session/Mathematics/Mathematics_applications_and_interpretation_paper_1__TZ1_HL_markscheme.pdf,downloaded,736053,b68fac80bb3d54e1d9c43b7bd4e29cedb1b0352794c0a493524841df55ae0aa3,2026-09-02,Unofficial mirror copy; private school research/reference only; authenticity and redistribution rights not established; do not commit or redistribute.
2024,May 2024 Examination Session,mathematics-applications-and-interpretation,English or unspecified,unspecified,question-paper,Mathematics_applications_and_interpretation_paper_1__TZ1_HL.pdf,https://dl.ibdocs.re/p/IB%20PAST%20PAPERS%20-%20YEAR/2024%20Examination%20Session/May%202024%20Examination%20Session/Mathematics/Mathematics_applications_and_interpretation_paper_1__TZ1_HL.pdf,https://dl.ibdocs.re/IB%20PAST%20PAPERS%20-%20YEAR/2024%20Examination%20Session/May%202024%20Examination%20Session/Mathematics,resources/private/past-papers/2022-2026/mathematics-sciences/2024/May 2024 Examination Session/Mathematics/Mathematics_applications_and_interpretation_paper_1__TZ1_HL.pdf,downloaded,1238777,7874d41156f90b28b76c73977cd0273eb9b11283ebeb77ba4a84f446725fcb66,2026-09-02,Unofficial mirror copy; private school research/reference only; authenticity and redistribution rights not established; do not commit or redistribute.
2024,May 2024 Examination Session,mathematics-applications-and-interpretation,English or unspecified,unspecified,markscheme,Mathematics_applications_and_interpretation_paper_1__TZ1_SL_markscheme.pdf,https://dl.ibdocs.re/p/IB%20PAST%20PAPERS%20-%20YEAR/2024%20Examination%20Session/May%202024%20Examination%20Session/Mathematics/Mathematics_applications_and_interpretation_paper_1__TZ1_SL_markscheme.pdf,https://dl.ibdocs.re/IB%20PAST%20PAPERS%20-%20YEAR/2024%20Examination%20Session/May%202024%20Examination%20Session/Mathematics,resources/private/past-papers/2022-2026/mathematics-sciences/2024/May 2024 Examination Session/Mathematics/Mathematics_applications_and_interpretation_paper_1__TZ1_SL_markscheme.pdf,downloaded,680559,89211fd66bfaefd1796a198d38571950013ecb692d085f949a4c5c4efc59ef3f,2026-09-02,Unofficial mirror copy; private school research/reference only; authenticity and redistribution rights not established; do not commit or redistribute.
2024,May 2024 Examination Session,mathematics-applications-and-interpretation,English or unspecified,unspecified,question-paper,Mathematics_applications_and_interpretation_paper_1__TZ1_SL.pdf,https://dl.ibdocs.re/p/IB%20PAST%20PAPERS%20-%20YEAR/2024%20Examination%20Session/May%202024%20Examination%20Session/Mathematics/Mathematics_applications_and_interpretation_paper_1__TZ1_SL.pdf,https://dl.ibdocs.re/IB%20PAST%20PAPERS%20-%20YEAR/2024%20Examination%20Session/May%202024%20Examination%20Session/Mathematics,resources/private/past-papers/2022-2026/mathematics-sciences/2024/May 2024 Examination Session/Mathematics/Mathematics_applications_and_interpretation_paper_1__TZ1_SL.pdf,downloaded,1222034,989fb8b20e54bfb9ea52a15f4c5a573175347062a1d8b6494738db491046989d,2026-09-02,Unofficial mirror copy; private school research/reference only; authenticity and redistribution rights not established; do not commit or redistribute.
2024,May 2024 Examination Session,mathematics-applications-and-interpretation,English or unspecified,unspecified,markscheme,Mathematics_applications_and_interpretation_paper_1__TZ2_HL_markscheme.pdf,https://dl.ibdocs.re/p/IB%20PAST%20PAPERS%20-%20YEAR/2024%20Examination%20Session/May%202024%20Examination%20Session/Mathematics/Mathematics_applications_and_interpretation_paper_1__TZ2_HL_markscheme.pdf,https://dl.ibdocs.re/IB%20PAST%20PAPERS%20-%20YEAR/2024%20Examination%20Session/May%202024%20Examination%20Session/Mathematics,resources/private/past-papers/2022-2026/mathematics-sciences/2024/May 2024 Examination Session/Mathematics/Mathematics_applications_and_interpretation_paper_1__TZ2_HL_markscheme.pdf,downloaded,625054,fd281bb814e0639cf81efd1d705d0b9857fafed0c30849df1e5039e3bdc48c90,2026-09-02,Unofficial mirror copy; private school research/reference only; authenticity and redistribution rights not established; do not commit or redistribute.
2024,May 2024 Examination Session,mathematics-applications-and-interpretation,English or unspecified,unspecified,question-paper,Mathematics_applications_and_interpretation_paper_1__TZ2_HL.pdf,https://dl.ibdocs.re/p/IB%20PAST%20PAPERS%20-%20YEAR/2024%20Examination%20Session/May%202024%20Examination%20Session/Mathematics/Mathematics_applications_and_interpretation_paper_1__TZ2_HL.pdf,https://dl.ibdocs.re/IB%20PAST%20PAPERS%20-%20YEAR/2024%20Examination%20Session/May%202024%20Examination%20Session/Mathematics,resources/private/past-papers/2022-2026/mathematics-sciences/2024/May 2024 Examination Session/Mathematics/Mathematics_applications_and_interpretation_paper_1__TZ2_HL.pdf,downloaded,773073,31941db2748d85be783a3cf9546c295a0798370ec3013d000dc6bcfff25c1319,2026-09-02,Unofficial mirror copy; private school research/reference only; authenticity and redistribution rights not established; do not commit or redistribute.
2024,May 2024 Examination Session,mathematics-applications-and-interpretation,English or unspecified,unspecified,markscheme,Mathematics_applications_and_interpretation_paper_1__TZ2_SL_markscheme.pdf,https://dl.ibdocs.re/p/IB%20PAST%20PAPERS%20-%20YEAR/2024%20Examination%20Session/May%202024%20Examination%20Session/Mathematics/Mathematics_applications_and_interpretation_paper_1__TZ2_SL_markscheme.pdf,https://dl.ibdocs.re/IB%20PAST%20PAPERS%20-%20YEAR/2024%20Examination%20Session/May%202024%20Examination%20Session/Mathematics,resources/private/past-papers/2022-2026/mathematics-sciences/2024/May 2024 Examination Session/Mathematics/Mathematics_applications_and_interpretation_paper_1__TZ2_SL_markscheme.pdf,downloaded,764244,6ccb2fd4d926c9df01c6d6afff92b18cd3a56c68fb7217ae3c0ffeb4956d07a5,2026-09-02,Unofficial mirror copy; private school research/reference only; authenticity and redistribution rights not established; do not commit or redistribute.
2024,May 2024 Examination Session,mathematics-applications-and-interpretation,English or unspecified,unspecified,question-paper,Mathematics_applications_and_interpretation_paper_1__TZ2_SL.pdf,https://dl.ibdocs.re/p/IB%20PAST%20PAPERS%20-%20YEAR/2024%20Examination%20Session/May%202024%20Examination%20Session/Mathematics/Mathematics_applications_and_interpretation_paper_1__TZ2_SL.pdf,https://dl.ibdocs.re/IB%20PAST%20PAPERS%20-%20YEAR/2024%20Examination%20Session/May%202024%20Examination%20Session/Mathematics,resources/private/past-papers/2022-2026/mathematics-sciences/2024/May 2024 Examination Session/Mathematics/Mathematics_applications_and_interpretation_paper_1__TZ2_SL.pdf,downloaded,767344,d57e647418525a41713be9759e52c9019c2b6468cd30d189310cb987f3b5ee72,2026-09-02,Unofficial mirror copy; private school research/reference only; authenticity and redistribution rights not established; do not commit or redistribute.
2024,May 2024 Examination Session,mathematics-applications-and-interpretation,French,unspecified,question-paper,Mathematics_applications_and_interpretation_paper_2__HL_French.pdf,https://dl.ibdocs.re/p/IB%20PAST%20PAPERS%20-%20YEAR/2024%20Examination%20Session/May%202024%20Examination%20Session/Mathematics/Mathematics_applications_and_interpretation_paper_2__HL_French.pdf,https://dl.ibdocs.re/IB%20PAST%20PAPERS%20-%20YEAR/2024%20Examination%20Session/May%202024%20Examination%20Session/Mathematics,resources/private/past-papers/2022-2026/mathematics-sciences/2024/May 2024 Examination Session/Mathematics/Mathematics_applications_and_interpretation_paper_2__HL_French.pdf,downloaded,943300,75c907ad0ef4288e8488cfaeffee1635c90fa922d21104ddaa220dce546adb8e,2026-09-02,Unofficial mirror copy; private school research/reference only; authenticity and redistribution rights not established; do not commit or redistribute.
2024,May 2024 Examination Session,mathematics-applications-and-interpretation,Spanish,unspecified,question-paper,Mathematics_applications_and_interpretation_paper_2__HL_Spanish.pdf,https://dl.ibdocs.re/p/IB%20PAST%20PAPERS%20-%20YEAR/2024%20Examination%20Session/May%202024%20Examination%20Session/Mathematics/Mathematics_applications_and_interpretation_paper_2__HL_Spanish.pdf,https://dl.ibdocs.re/IB%20PAST%20PAPERS%20-%20YEAR/2024%20Examination%20Session/May%202024%20Examination%20Session/Mathematics,resources/private/past-papers/2022-2026/mathematics-sciences/2024/May 2024 Examination Session/Mathematics/Mathematics_applications_and_interpretation_paper_2__HL_Spanish.pdf,downloaded,964826,dff478957cbe316aef6b49ba4d794bf7f40b62c747ac76dd7916ca27af511181,2026-09-02,Unofficial mirror copy; private school research/reference only; authenticity and redistribution rights not established; do not commit or redistribute.
2024,May 2024 Examination Session,mathematics-applications-and-interpretation,French,unspecified,question-paper,Mathematics_applications_and_interpretation_paper_2__SL_French.pdf,https://dl.ibdocs.re/p/IB%20PAST%20PAPERS%20-%20YEAR/2024%20Examination%20Session/May%202024%20Examination%20Session/Mathematics/Mathematics_applications_and_interpretation_paper_2__SL_French.pdf,https://dl.ibdocs.re/IB%20PAST%20PAPERS%20-%20YEAR/2024%20Examination%20Session/May%202024%20Examination%20Session/Mathematics,resources/private/past-papers/2022-2026/mathematics-sciences/2024/May 2024 Examination Session/Mathematics/Mathematics_applications_and_interpretation_paper_2__SL_French.pdf,downloaded,934516,9073c3f095842b83427a6e0b1d9d62ffafd2840dc85dd11e48ab93e936cf4a3b,2026-09-02,Unofficial mirror copy; private school research/reference only; authenticity and redistribution rights not established; do not commit or redistribute.
2024,May 2024 Examination Session,mathematics-applications-and-interpretation,Spanish,unspecified,question-paper,Mathematics_applications_and_interpretation_paper_2__SL_Spanish.pdf,https://dl.ibdocs.re/p/IB%20PAST%20PAPERS%20-%20YEAR/2024%20Examination%20Session/May%202024%20Examination%20Session/Mathematics/Mathematics_applications_and_interpretation_paper_2__SL_Spanish.pdf,https://dl.ibdocs.re/IB%20PAST%20PAPERS%20-%20YEAR/2024%20Examination%20Session/May%202024%20Examination%20Session/Mathematics,resources/private/past-papers/2022-2026/mathematics-sciences/2024/May 2024 Examination Session/Mathematics/Mathematics_applications_and_interpretation_paper_2__SL_Spanish.pdf,downloaded,924490,f722e4dedda6779542b535c7f5bc63b9579b8654ca35a417363681787ca06768,2026-09-02,Unofficial mirror copy; private school research/reference only; authenticity and redistribution rights not established; do not commit or redistribute.
2024,May 2024 Examination Session,mathematics-applications-and-interpretation,English or unspecified,unspecified,markscheme,Mathematics_applications_and_interpretation_paper_2__TZ1_HL_markscheme.pdf,https://dl.ibdocs.re/p/IB%20PAST%20PAPERS%20-%20YEAR/2024%20Examination%20Session/May%202024%20Examination%20Session/Mathematics/Mathematics_applications_and_interpretation_paper_2__TZ1_HL_markscheme.pdf,https://dl.ibdocs.re/IB%20PAST%20PAPERS%20-%20YEAR/2024%20Examination%20Session/May%202024%20Examination%20Session/Mathematics,resources/private/past-papers/2022-2026/mathematics-sciences/2024/May 2024 Examination Session/Mathematics/Mathematics_applications_and_interpretation_paper_2__TZ1_HL_markscheme.pdf,downloaded,573011,0bf099a1010d087fe7bf62b97653dafe16d8396f5ea28fa8bdef1d0b2eb695d8,2026-09-02,Unofficial mirror copy; private school research/reference only; authenticity and redistribution rights not established; do not commit or redistribute.
2024,May 2024 Examination Session,mathematics-applications-and-interpretation,English or unspecified,unspecified,question-paper,Mathematics_applications_and_interpretation_paper_2__TZ1_HL.pdf,https://dl.ibdocs.re/p/IB%20PAST%20PAPERS%20-%20YEAR/2024%20Examination%20Session/May%202024%20Examination%20Session/Mathematics/Mathematics_applications_and_interpretation_paper_2__TZ1_HL.pdf,https://dl.ibdocs.re/IB%20PAST%20PAPERS%20-%20YEAR/2024%20Examination%20Session/May%202024%20Examination%20Session/Mathematics,resources/private/past-papers/2022-2026/mathematics-sciences/2024/May 2024 Examination Session/Mathematics/Mathematics_applications_and_interpretation_paper_2__TZ1_HL.pdf,downloaded,704994,a56e19672a46b158125ce4d7ef44ef6b1c5b4900ad369fa22be4d55730cf6f88,2026-09-02,Unofficial mirror copy; private school research/reference only; authenticity and redistribution rights not established; do not commit or redistribute.
2024,May 2024 Examination Session,mathematics-applications-and-interpretation,English or unspecified,unspecified,markscheme,Mathematics_applications_and_interpretation_paper_2__TZ1_SL_markscheme.pdf,https://dl.ibdocs.re/p/IB%20PAST%20PAPERS%20-%20YEAR/2024%20Examination%20Session/May%202024%20Examination%20Session/Mathematics/Mathematics_applications_and_interpretation_paper_2__TZ1_SL_markscheme.pdf,https://dl.ibdocs.re/IB%20PAST%20PAPERS%20-%20YEAR/2024%20Examination%20Session/May%202024%20Examination%20Session/Mathematics,resources/private/past-papers/2022-2026/mathematics-sciences/2024/May 2024 Examination Session/Mathematics/Mathematics_applications_and_interpretation_paper_2__TZ1_SL_markscheme.pdf,downloaded,835638,4cb3b6c2df76028ece3c59e70eb4939b6a5d4bca7b7052ba8b352065217533a4,2026-09-02,Unofficial mirror copy; private school research/reference only; authenticity and redistribution rights not established; do not commit or redistribute.
2024,May 2024 Examination Session,mathematics-applications-and-interpretation,English or unspecified,unspecified,question-paper,Mathematics_applications_and_interpretation_paper_2__TZ1_SL.pdf,https://dl.ibdocs.re/p/IB%20PAST%20PAPERS%20-%20YEAR/2024%20Examination%20Session/May%202024%20Examination%20Session/Mathematics/Mathematics_applications_and_interpretation_paper_2__TZ1_SL.pdf,https://dl.ibdocs.re/IB%20PAST%20PAPERS%20-%20YEAR/2024%20Examination%20Session/May%202024%20Examination%20Session/Mathematics,resources/private/past-papers/2022-2026/mathematics-sciences/2024/May 2024 Examination Session/Mathematics/Mathematics_applications_and_interpretation_paper_2__TZ1_SL.pdf,downloaded,583960,aebef43a2fa18af8214be340a8f2f4a66293cef4d660a4b2e898594bb05ab322,2026-09-02,Unofficial mirror copy; private school research/reference only; authenticity and redistribution rights not established; do not commit or redistribute.
2024,May 2024 Examination Session,mathematics-applications-and-interpretation,English or unspecified,unspecified,markscheme,Mathematics_applications_and_interpretation_paper_2__TZ2_HL_markscheme.pdf,https://dl.ibdocs.re/p/IB%20PAST%20PAPERS%20-%20YEAR/2024%20Examination%20Session/May%202024%20Examination%20Session/Mathematics/Mathematics_applications_and_interpretation_paper_2__TZ2_HL_markscheme.pdf,https://dl.ibdocs.re/IB%20PAST%20PAPERS%20-%20YEAR/2024%20Examination%20Session/May%202024%20Examination%20Session/Mathematics,resources/private/past-papers/2022-2026/mathematics-sciences/2024/May 2024 Examination Session/Mathematics/Mathematics_applications_and_interpretation_paper_2__TZ2_HL_markscheme.pdf,downloaded,599868,489bb66be2aa13f6baa3869e003de0059b403f119ab0e53f9330bff7f9468e99,2026-09-02,Unofficial mirror copy; private school research/reference only; authenticity and redistribution rights not established; do not commit or redistribute.
2024,May 2024 Examination Session,mathematics-applications-and-interpretation,English or unspecified,unspecified,question-paper,Mathematics_applications_and_interpretation_paper_2__TZ2_HL.pdf,https://dl.ibdocs.re/p/IB%20PAST%20PAPERS%20-%20YEAR/2024%20Examination%20Session/May%202024%20Examination%20Session/Mathematics/Mathematics_applications_and_interpretation_paper_2__TZ2_HL.pdf,https://dl.ibdocs.re/IB%20PAST%20PAPERS%20-%20YEAR/2024%20Examination%20Session/May%202024%20Examination%20Session/Mathematics,resources/private/past-papers/2022-2026/mathematics-sciences/2024/May 2024 Examination Session/Mathematics/Mathematics_applications_and_interpretation_paper_2__TZ2_HL.pdf,downloaded,966463,03408b2d22f85761a42090e4b50a62340a2c3be5a52275c8d5f33f27ad9a5c5c,2026-09-02,Unofficial mirror copy; private school research/reference only; authenticity and redistribution rights not established; do not commit or redistribute.
2024,May 2024 Examination Session,mathematics-applications-and-interpretation,English or unspecified,unspecified,markscheme,Mathematics_applications_and_interpretation_paper_2__TZ2_SL_markscheme.pdf,https://dl.ibdocs.re/p/IB%20PAST%20PAPERS%20-%20YEAR/2024%20Examination%20Session/May%202024%20Examination%20Session/Mathematics/Mathematics_applications_and_interpretation_paper_2__TZ2_SL_markscheme.pdf,https://dl.ibdocs.re/IB%20PAST%20PAPERS%20-%20YEAR/2024%20Examination%20Session/May%202024%20Examination%20Session/Mathematics,resources/private/past-papers/2022-2026/mathematics-sciences/2024/May 2024 Examination Session/Mathematics/Mathematics_applications_and_interpretation_paper_2__TZ2_SL_markscheme.pdf,downloaded,547452,a2b3994e25a1324f25c2663892fc784a693c9c7bf4e0e1678a370b6ddd061cd8,2026-09-02,Unofficial mirror copy; private school research/reference only; authenticity and redistribution rights not established; do not commit or redistribute.
2024,May 2024 Examination Session,mathematics-applications-and-interpretation,English or unspecified,unspecified,question-paper,Mathematics_applications_and_interpretation_paper_2__TZ2_SL.pdf,https://dl.ibdocs.re/p/IB%20PAST%20PAPERS%20-%20YEAR/2024%20Examination%20Session/May%202024%20Examination%20Session/Mathematics/Mathematics_applications_and_interpretation_paper_2__TZ2_SL.pdf,https://dl.ibdocs.re/IB%20PAST%20PAPERS%20-%20YEAR/2024%20Examination%20Session/May%202024%20Examination%20Session/Mathematics,resources/private/past-papers/2022-2026/mathematics-sciences/2024/May 2024 Examination Session/Mathematics/Mathematics_applications_and_interpretation_paper_2__TZ2_SL.pdf,downloaded,926073,92dae0b24bce09202b251d9b5aa52a477476213ee54acec696f8999519dd7fb8,2026-09-02,Unofficial mirror copy; private school research/reference only; authenticity and redistribution rights not established; do not commit or redistribute.
2024,May 2024 Examination Session,mathematics-applications-and-interpretation,French,unspecified,question-paper,Mathematics_applications_and_interpretation_paper_3__HL_French.pdf,https://dl.ibdocs.re/p/IB%20PAST%20PAPERS%20-%20YEAR/2024%20Examination%20Session/May%202024%20Examination%20Session/Mathematics/Mathematics_applications_and_interpretation_paper_3__HL_French.pdf,https://dl.ibdocs.re/IB%20PAST%20PAPERS%20-%20YEAR/2024%20Examination%20Session/May%202024%20Examination%20Session/Mathematics,resources/private/past-papers/2022-2026/mathematics-sciences/2024/May 2024 Examination Session/Mathematics/Mathematics_applications_and_interpretation_paper_3__HL_French.pdf,downloaded,532564,85e14f1bc299c620d361d6f87744d0fc8721f83d76764d480c956c0c2b6f8569,2026-09-02,Unofficial mirror copy; private school research/reference only; authenticity and redistribution rights not established; do not commit or redistribute.
2024,May 2024 Examination Session,mathematics-applications-and-interpretation,Spanish,unspecified,question-paper,Mathematics_applications_and_interpretation_paper_3__HL_Spanish.pdf,https://dl.ibdocs.re/p/IB%20PAST%20PAPERS%20-%20YEAR/2024%20Examination%20Session/May%202024%20Examination%20Session/Mathematics/Mathematics_applications_and_interpretation_paper_3__HL_Spanish.pdf,https://dl.ibdocs.re/IB%20PAST%20PAPERS%20-%20YEAR/2024%20Examination%20Session/May%202024%20Examination%20Session/Mathematics,resources/private/past-papers/2022-2026/mathematics-sciences/2024/May 2024 Examination Session/Mathematics/Mathematics_applications_and_interpretation_paper_3__HL_Spanish.pdf,downloaded,539912,39c7c166e5c6e98e3e746b3e7f6e74bf368bf5e1cde75f618e836aa2c17a7a0f,2026-09-02,Unofficial mirror copy; private school research/reference only; authenticity and redistribution rights not established; do not commit or redistribute.
2024,May 2024 Examination Session,mathematics-applications-and-interpretation,English or unspecified,unspecified,markscheme,Mathematics_applications_and_interpretation_paper_3__TZ1_HL_markscheme.pdf,https://dl.ibdocs.re/p/IB%20PAST%20PAPERS%20-%20YEAR/2024%20Examination%20Session/May%202024%20Examination%20Session/Mathematics/Mathematics_applications_and_interpretation_paper_3__TZ1_HL_markscheme.pdf,https://dl.ibdocs.re/IB%20PAST%20PAPERS%20-%20YEAR/2024%20Examination%20Session/May%202024%20Examination%20Session/Mathematics,resources/private/past-papers/2022-2026/mathematics-sciences/2024/May 2024 Examination Session/Mathematics/Mathematics_applications_and_interpretation_paper_3__TZ1_HL_markscheme.pdf,downloaded,488731,701028832e8daa1a09a31dc6c50e1f38a1b4773a3a24e19732b41127050c7e73,2026-09-02,Unofficial mirror copy; private school research/reference only; authenticity and redistribution rights not established; do not commit or redistribute.
2024,May 2024 Examination Session,mathematics-applications-and-interpretation,English or unspecified,unspecified,question-paper,Mathematics_applications_and_interpretation_paper_3__TZ1_HL.pdf,https://dl.ibdocs.re/p/IB%20PAST%20PAPERS%20-%20YEAR/2024%20Examination%20Session/May%202024%20Examination%20Session/Mathematics/Mathematics_applications_and_interpretation_paper_3__TZ1_HL.pdf,https://dl.ibdocs.re/IB%20PAST%20PAPERS%20-%20YEAR/2024%20Examination%20Session/May%202024%20Examination%20Session/Mathematics,resources/private/past-papers/2022-2026/mathematics-sciences/2024/May 2024 Examination Session/Mathematics/Mathematics_applications_and_interpretation_paper_3__TZ1_HL.pdf,downloaded,1114171,46af01bbbdcfbc109317163c26f7de2ed82e253249095ea91f78daf0df40f912,2026-09-02,Unofficial mirror copy; private school research/reference only; authenticity and redistribution rights not established; do not commit or redistribute.
2024,May 2024 Examination Session,mathematics-applications-and-interpretation,English or unspecified,unspecified,markscheme,Mathematics_applications_and_interpretation_paper_3__TZ2_HL_markscheme.pdf,https://dl.ibdocs.re/p/IB%20PAST%20PAPERS%20-%20YEAR/2024%20Examination%20Session/May%202024%20Examination%20Session/Mathematics/Mathematics_applications_and_interpretation_paper_3__TZ2_HL_markscheme.pdf,https://dl.ibdocs.re/IB%20PAST%20PAPERS%20-%20YEAR/2024%20Examination%20Session/May%202024%20Examination%20Session/Mathematics,resources/private/past-papers/2022-2026/mathematics-sciences/2024/May 2024 Examination Session/Mathematics/Mathematics_applications_and_interpretation_paper_3__TZ2_HL_markscheme.pdf,downloaded,578663,373081496439d583496045f087f4a447fc7c95a04e07700ff61366eab37e35b0,2026-09-02,Unofficial mirror copy; private school research/reference only; authenticity and redistribution rights not established; do not commit or redistribute.
2024,May 2024 Examination Session,mathematics-applications-and-interpretation,English or unspecified,unspecified,question-paper,Mathematics_applications_and_interpretation_paper_3__TZ2_HL.pdf,https://dl.ibdocs.re/p/IB%20PAST%20PAPERS%20-%20YEAR/2024%20Examination%20Session/May%202024%20Examination%20Session/Mathematics/Mathematics_applications_and_interpretation_paper_3__TZ2_HL.pdf,https://dl.ibdocs.re/IB%20PAST%20PAPERS%20-%20YEAR/2024%20Examination%20Session/May%202024%20Examination%20Session/Mathematics,resources/private/past-papers/2022-2026/mathematics-sciences/2024/May 2024 Examination Session/Mathematics/Mathematics_applications_and_interpretation_paper_3__TZ2_HL.pdf,downloaded,528153,e113ee7f0c2fc703f253ae36e4807c76aa43729199af50e18d6e068ad1d18f7b,2026-09-02,Unofficial mirror copy; private school research/reference only; authenticity and redistribution rights not established; do not commit or redistribute.
2024,More Papers M24,mathematics-analysis-and-approaches,English or unspecified,unspecified,question-paper,Math AA HL Paper 2.pdf,https://dl.ibdocs.re/p/IB%20PAST%20PAPERS%20-%20YEAR/2024%20Examination%20Session/More%20Papers%20M24/Math%20AA%20HL%20Paper%202.pdf,https://dl.ibdocs.re/past-papers/2024/more-papers-m24,resources/private/past-papers/2022-2026/mathematics-sciences/2024/More Papers M24/Math AA HL Paper 2.pdf,downloaded,117868,661af00fcbbb1cbe94a09e432507f35bd267705251437b60c818c1ae461aa0cd,2026-09-02,Unofficial mirror copy; private school research/reference only; authenticity and redistribution rights not established; do not commit or redistribute.
2024,More Papers M24,mathematics-analysis-and-approaches,English or unspecified,unspecified,question-paper,Math AA SL Paper 1.pdf,https://dl.ibdocs.re/p/IB%20PAST%20PAPERS%20-%20YEAR/2024%20Examination%20Session/More%20Papers%20M24/Math%20AA%20SL%20Paper%201.pdf,https://dl.ibdocs.re/past-papers/2024/more-papers-m24,resources/private/past-papers/2022-2026/mathematics-sciences/2024/More Papers M24/Math AA SL Paper 1.pdf,downloaded,324756,8ea55ec7b90f776091e3b391fbb4969917fd3f88d056ff60f75dc875e8049937,2026-09-02,Unofficial mirror copy; private school research/reference only; authenticity and redistribution rights not established; do not commit or redistribute.
2024,More Papers M24,mathematics-applications-and-interpretation,English or unspecified,unspecified,other-associated-material,Math AIHL.txt,https://dl.ibdocs.re/p/IB%20PAST%20PAPERS%20-%20YEAR/2024%20Examination%20Session/More%20Papers%20M24/Math%20AIHL.txt,https://dl.ibdocs.re/past-papers/2024/more-papers-m24,resources/private/past-papers/2022-2026/mathematics-sciences/2024/More Papers M24/Math AIHL.txt,downloaded,1273,648d71b8892c4b8f208b40a2a150df5c67d549a0732313478d78786202480e7e,2026-09-02,Unofficial mirror copy; private school research/reference only; authenticity and redistribution rights not established; do not commit or redistribute.
2024,November 2024 Examination Session,mathematics-analysis-and-approaches,German,unspecified,question-paper,Mathematics_analysis_and_approaches_paper_1__[German]_HL.pdf,https://dl.ibdocs.re/p/IB%20PAST%20PAPERS%20-%20YEAR/2024%20Examination%20Session/November%202024%20Examination%20Session/Mathematics/Mathematics_analysis_and_approaches_paper_1__%5BGerman%5D_HL.pdf,https://dl.ibdocs.re/IB%20PAST%20PAPERS%20-%20YEAR/2024%20Examination%20Session/November%202024%20Examination%20Session/Mathematics,resources/private/past-papers/2022-2026/mathematics-sciences/2024/November 2024 Examination Session/Mathematics/Mathematics_analysis_and_approaches_paper_1__[German]_HL.pdf,downloaded,856487,ed1d8addadd9df0d36070b0b6231c6c47389ddff2309ab8e174bfda597f18163,2026-09-02,Unofficial mirror copy; private school research/reference only; authenticity and redistribution rights not established; do not commit or redistribute.
2024,November 2024 Examination Session,mathematics-analysis-and-approaches,German,unspecified,question-paper,Mathematics_analysis_and_approaches_paper_1__[German]_SL.pdf,https://dl.ibdocs.re/p/IB%20PAST%20PAPERS%20-%20YEAR/2024%20Examination%20Session/November%202024%20Examination%20Session/Mathematics/Mathematics_analysis_and_approaches_paper_1__%5BGerman%5D_SL.pdf,https://dl.ibdocs.re/IB%20PAST%20PAPERS%20-%20YEAR/2024%20Examination%20Session/November%202024%20Examination%20Session/Mathematics,resources/private/past-papers/2022-2026/mathematics-sciences/2024/November 2024 Examination Session/Mathematics/Mathematics_analysis_and_approaches_paper_1__[German]_SL.pdf,downloaded,755174,87e328879508aaab4ce74f3b9db9adb7ecf935687f7a0ce8d48ac337ec23c078,2026-09-02,Unofficial mirror copy; private school research/reference only; authenticity and redistribution rights not established; do not commit or redistribute.
2024,November 2024 Examination Session,mathematics-analysis-and-approaches,English or unspecified,unspecified,markscheme,Mathematics_analysis_and_approaches_paper_1__HL_markscheme.pdf,https://dl.ibdocs.re/p/IB%20PAST%20PAPERS%20-%20YEAR/2024%20Examination%20Session/November%202024%20Examination%20Session/Mathematics/Mathematics_analysis_and_approaches_paper_1__HL_markscheme.pdf,https://dl.ibdocs.re/IB%20PAST%20PAPERS%20-%20YEAR/2024%20Examination%20Session/November%202024%20Examination%20Session/Mathematics,resources/private/past-papers/2022-2026/mathematics-sciences/2024/November 2024 Examination Session/Mathematics/Mathematics_analysis_and_approaches_paper_1__HL_markscheme.pdf,downloaded,669386,2e89079272f144ffd95aa0bd1983bfde7e85f9b4983cfaf3e3d7f692fa6b9c12,2026-09-02,Unofficial mirror copy; private school research/reference only; authenticity and redistribution rights not established; do not commit or redistribute.
2024,November 2024 Examination Session,mathematics-analysis-and-approaches,Spanish,unspecified,question-paper,Mathematics_analysis_and_approaches_paper_1__HL_Spanish.pdf,https://dl.ibdocs.re/p/IB%20PAST%20PAPERS%20-%20YEAR/2024%20Examination%20Session/November%202024%20Examination%20Session/Mathematics/Mathematics_analysis_and_approaches_paper_1__HL_Spanish.pdf,https://dl.ibdocs.re/IB%20PAST%20PAPERS%20-%20YEAR/2024%20Examination%20Session/November%202024%20Examination%20Session/Mathematics,resources/private/past-papers/2022-2026/mathematics-sciences/2024/November 2024 Examination Session/Mathematics/Mathematics_analysis_and_approaches_paper_1__HL_Spanish.pdf,downloaded,852943,56dab17fd7605cd39550ac331d971cc42e5063ac19c64a7f56f067d3764bba99,2026-09-02,Unofficial mirror copy; private school research/reference only; authenticity and redistribution rights not established; do not commit or redistribute.
2024,November 2024 Examination Session,mathematics-analysis-and-approaches,English or unspecified,unspecified,question-paper,Mathematics_analysis_and_approaches_paper_1__HL.pdf,https://dl.ibdocs.re/p/IB%20PAST%20PAPERS%20-%20YEAR/2024%20Examination%20Session/November%202024%20Examination%20Session/Mathematics/Mathematics_analysis_and_approaches_paper_1__HL.pdf,https://dl.ibdocs.re/IB%20PAST%20PAPERS%20-%20YEAR/2024%20Examination%20Session/November%202024%20Examination%20Session/Mathematics,resources/private/past-papers/2022-2026/mathematics-sciences/2024/November 2024 Examination Session/Mathematics/Mathematics_analysis_and_approaches_paper_1__HL.pdf,downloaded,777555,c0eb83f3bbd0154abe5ca9d41e65ec1e2fa49a422b128e414757162513a73d29,2026-09-02,Unofficial mirror copy; private school research/reference only; authenticity and redistribution rights not established; do not commit or redistribute.
2024,November 2024 Examination Session,mathematics-analysis-and-approaches,Spanish,unspecified,markscheme,Mathematics_analysis_and_approaches_paper_1__SL_markscheme_Spanish.pdf,https://dl.ibdocs.re/p/IB%20PAST%20PAPERS%20-%20YEAR/2024%20Examination%20Session/November%202024%20Examination%20Session/Mathematics/Mathematics_analysis_and_approaches_paper_1__SL_markscheme_Spanish.pdf,https://dl.ibdocs.re/IB%20PAST%20PAPERS%20-%20YEAR/2024%20Examination%20Session/November%202024%20Examination%20Session/Mathematics,resources/private/past-papers/2022-2026/mathematics-sciences/2024/November 2024 Examination Session/Mathematics/Mathematics_analysis_and_approaches_paper_1__SL_markscheme_Spanish.pdf,downloaded,563361,626cf15997d0cfa998e8f865f202c219eaf77cd1358f7c685b9b2e698ec6fb7a,2026-09-02,Unofficial mirror copy; private school research/reference only; authenticity and redistribution rights not established; do not commit or redistribute.
2024,November 2024 Examination Session,mathematics-analysis-and-approaches,Spanish,unspecified,question-paper,Mathematics_analysis_and_approaches_paper_1__SL_Spanish.pdf,https://dl.ibdocs.re/p/IB%20PAST%20PAPERS%20-%20YEAR/2024%20Examination%20Session/November%202024%20Examination%20Session/Mathematics/Mathematics_analysis_and_approaches_paper_1__SL_Spanish.pdf,https://dl.ibdocs.re/IB%20PAST%20PAPERS%20-%20YEAR/2024%20Examination%20Session/November%202024%20Examination%20Session/Mathematics,resources/private/past-papers/2022-2026/mathematics-sciences/2024/November 2024 Examination Session/Mathematics/Mathematics_analysis_and_approaches_paper_1__SL_Spanish.pdf,downloaded,749125,71077a4cc81c0c754b253e59a41d8c982f7fde7c52a630b56569cf2fe12c2148,2026-09-02,Unofficial mirror copy; private school research/reference only; authenticity and redistribution rights not established; do not commit or redistribute.
2024,November 2024 Examination Session,mathematics-analysis-and-approaches,English or unspecified,unspecified,markscheme,Mathematics_analysis_and_approaches_paper_1__TZ1_SL_markscheme.pdf,https://dl.ibdocs.re/p/IB%20PAST%20PAPERS%20-%20YEAR/2024%20Examination%20Session/November%202024%20Examination%20Session/Mathematics/Mathematics_analysis_and_approaches_paper_1__TZ1_SL_markscheme.pdf,https://dl.ibdocs.re/IB%20PAST%20PAPERS%20-%20YEAR/2024%20Examination%20Session/November%202024%20Examination%20Session/Mathematics,resources/private/past-papers/2022-2026/mathematics-sciences/2024/November 2024 Examination Session/Mathematics/Mathematics_analysis_and_approaches_paper_1__TZ1_SL_markscheme.pdf,downloaded,496754,bf5cb7e3444e2450bf1af8df797d739329ecc533e985892aabef7212cf6c40ba,2026-09-02,Unofficial mirror copy; private school research/reference only; authenticity and redistribution rights not established; do not commit or redistribute.
2024,November 2024 Examination Session,mathematics-analysis-and-approaches,English or unspecified,unspecified,question-paper,Mathematics_analysis_and_approaches_paper_1__TZ1_SL.pdf,https://dl.ibdocs.re/p/IB%20PAST%20PAPERS%20-%20YEAR/2024%20Examination%20Session/November%202024%20Examination%20Session/Mathematics/Mathematics_analysis_and_approaches_paper_1__TZ1_SL.pdf,https://dl.ibdocs.re/IB%20PAST%20PAPERS%20-%20YEAR/2024%20Examination%20Session/November%202024%20Examination%20Session/Mathematics,resources/private/past-papers/2022-2026/mathematics-sciences/2024/November 2024 Examination Session/Mathematics/Mathematics_analysis_and_approaches_paper_1__TZ1_SL.pdf,downloaded,736922,1ddd30816a1e178373f1e394c033914dad78f76bef2797d13db0f556cafc27cd,2026-09-02,Unofficial mirror copy; private school research/reference only; authenticity and redistribution rights not established; do not commit or redistribute.
2024,November 2024 Examination Session,mathematics-analysis-and-approaches,English or unspecified,unspecified,markscheme,Mathematics_analysis_and_approaches_paper_1__TZ2_SL_markscheme.pdf,https://dl.ibdocs.re/p/IB%20PAST%20PAPERS%20-%20YEAR/2024%20Examination%20Session/November%202024%20Examination%20Session/Mathematics/Mathematics_analysis_and_approaches_paper_1__TZ2_SL_markscheme.pdf,https://dl.ibdocs.re/IB%20PAST%20PAPERS%20-%20YEAR/2024%20Examination%20Session/November%202024%20Examination%20Session/Mathematics,resources/private/past-papers/2022-2026/mathematics-sciences/2024/November 2024 Examination Session/Mathematics/Mathematics_analysis_and_approaches_paper_1__TZ2_SL_markscheme.pdf,downloaded,553480,fe642987e722b12f45c37b6ca61cf47a4b8dcd1c759d727a895253bf57b84568,2026-09-02,Unofficial mirror copy; private school research/reference only; authenticity and redistribution rights not established; do not commit or redistribute.
2024,November 2024 Examination Session,mathematics-analysis-and-approaches,English or unspecified,unspecified,question-paper,Mathematics_analysis_and_approaches_paper_1__TZ2_SL.pdf,https://dl.ibdocs.re/p/IB%20PAST%20PAPERS%20-%20YEAR/2024%20Examination%20Session/November%202024%20Examination%20Session/Mathematics/Mathematics_analysis_and_approaches_paper_1__TZ2_SL.pdf,https://dl.ibdocs.re/IB%20PAST%20PAPERS%20-%20YEAR/2024%20Examination%20Session/November%202024%20Examination%20Session/Mathematics,resources/private/past-papers/2022-2026/mathematics-sciences/2024/November 2024 Examination Session/Mathematics/Mathematics_analysis_and_approaches_paper_1__TZ2_SL.pdf,downloaded,746819,5643688bf4f57f91d21104b6cdd6e898514855998f31444e853d44018b37f091,2026-09-02,Unofficial mirror copy; private school research/reference only; authenticity and redistribution rights not established; do not commit or redistribute.
2024,November 2024 Examination Session,mathematics-analysis-and-approaches,German,unspecified,question-paper,Mathematics_analysis_and_approaches_paper_2__[German]_HL.pdf,https://dl.ibdocs.re/p/IB%20PAST%20PAPERS%20-%20YEAR/2024%20Examination%20Session/November%202024%20Examination%20Session/Mathematics/Mathematics_analysis_and_approaches_paper_2__%5BGerman%5D_HL.pdf,https://dl.ibdocs.re/IB%20PAST%20PAPERS%20-%20YEAR/2024%20Examination%20Session/November%202024%20Examination%20Session/Mathematics,resources/private/past-papers/2022-2026/mathematics-sciences/2024/November 2024 Examination Session/Mathematics/Mathematics_analysis_and_approaches_paper_2__[German]_HL.pdf,downloaded,1348992,1d8f077a8a0918404a547dc0f4971dd4a23e031052bc10a81dce4186abf93236,2026-09-02,Unofficial mirror copy; private school research/reference only; authenticity and redistribution rights not established; do not commit or redistribute.
2024,November 2024 Examination Session,mathematics-analysis-and-approaches,German,unspecified,question-paper,Mathematics_analysis_and_approaches_paper_2__[German]_SL.pdf,https://dl.ibdocs.re/p/IB%20PAST%20PAPERS%20-%20YEAR/2024%20Examination%20Session/November%202024%20Examination%20Session/Mathematics/Mathematics_analysis_and_approaches_paper_2__%5BGerman%5D_SL.pdf,https://dl.ibdocs.re/IB%20PAST%20PAPERS%20-%20YEAR/2024%20Examination%20Session/November%202024%20Examination%20Session/Mathematics,resources/private/past-papers/2022-2026/mathematics-sciences/2024/November 2024 Examination Session/Mathematics/Mathematics_analysis_and_approaches_paper_2__[German]_SL.pdf,downloaded,780472,a33ad5d75041f62da2410752fc0057d3dc2a51cbdb386ecae1e830c1d61da3d0,2026-09-02,Unofficial mirror copy; private school research/reference only; authenticity and redistribution rights not established; do not commit or redistribute.
2024,November 2024 Examination Session,mathematics-analysis-and-approaches,English or unspecified,unspecified,markscheme,Mathematics_analysis_and_approaches_paper_2__HL_markscheme.pdf,https://dl.ibdocs.re/p/IB%20PAST%20PAPERS%20-%20YEAR/2024%20Examination%20Session/November%202024%20Examination%20Session/Mathematics/Mathematics_analysis_and_approaches_paper_2__HL_markscheme.pdf,https://dl.ibdocs.re/IB%20PAST%20PAPERS%20-%20YEAR/2024%20Examination%20Session/November%202024%20Examination%20Session/Mathematics,resources/private/past-papers/2022-2026/mathematics-sciences/2024/November 2024 Examination Session/Mathematics/Mathematics_analysis_and_approaches_paper_2__HL_markscheme.pdf,downloaded,698854,79ce2f8a67c6f21e434dd52cc1e70555d894087ffb1135d615de82e2e42fad10,2026-09-02,Unofficial mirror copy; private school research/reference only; authenticity and redistribution rights not established; do not commit or redistribute.
2024,November 2024 Examination Session,mathematics-analysis-and-approaches,Spanish,unspecified,question-paper,Mathematics_analysis_and_approaches_paper_2__HL_Spanish.pdf,https://dl.ibdocs.re/p/IB%20PAST%20PAPERS%20-%20YEAR/2024%20Examination%20Session/November%202024%20Examination%20Session/Mathematics/Mathematics_analysis_and_approaches_paper_2__HL_Spanish.pdf,https://dl.ibdocs.re/IB%20PAST%20PAPERS%20-%20YEAR/2024%20Examination%20Session/November%202024%20Examination%20Session/Mathematics,resources/private/past-papers/2022-2026/mathematics-sciences/2024/November 2024 Examination Session/Mathematics/Mathematics_analysis_and_approaches_paper_2__HL_Spanish.pdf,downloaded,1335496,15c44438d9612ac3be38fb5b7261d9eb619dd0237485e5b29b61c78088d39ee9,2026-09-02,Unofficial mirror copy; private school research/reference only; authenticity and redistribution rights not established; do not commit or redistribute.
2024,November 2024 Examination Session,mathematics-analysis-and-approaches,English or unspecified,unspecified,question-paper,Mathematics_analysis_and_approaches_paper_2__HL.pdf,https://dl.ibdocs.re/p/IB%20PAST%20PAPERS%20-%20YEAR/2024%20Examination%20Session/November%202024%20Examination%20Session/Mathematics/Mathematics_analysis_and_approaches_paper_2__HL.pdf,https://dl.ibdocs.re/IB%20PAST%20PAPERS%20-%20YEAR/2024%20Examination%20Session/November%202024%20Examination%20Session/Mathematics,resources/private/past-papers/2022-2026/mathematics-sciences/2024/November 2024 Examination Session/Mathematics/Mathematics_analysis_and_approaches_paper_2__HL.pdf,downloaded,1331684,960fd84a521010a58f32f289c4fa9769e36d67a19e94a9063985836bb956f5ed,2026-09-02,Unofficial mirror copy; private school research/reference only; authenticity and redistribution rights not established; do not commit or redistribute.
2024,November 2024 Examination Session,mathematics-analysis-and-approaches,Spanish,unspecified,markscheme,Mathematics_analysis_and_approaches_paper_2__SL_markscheme_Spanish.pdf,https://dl.ibdocs.re/p/IB%20PAST%20PAPERS%20-%20YEAR/2024%20Examination%20Session/November%202024%20Examination%20Session/Mathematics/Mathematics_analysis_and_approaches_paper_2__SL_markscheme_Spanish.pdf,https://dl.ibdocs.re/IB%20PAST%20PAPERS%20-%20YEAR/2024%20Examination%20Session/November%202024%20Examination%20Session/Mathematics,resources/private/past-papers/2022-2026/mathematics-sciences/2024/November 2024 Examination Session/Mathematics/Mathematics_analysis_and_approaches_paper_2__SL_markscheme_Spanish.pdf,downloaded,598929,94a82aa20f03ecc5d2fe7c59622921ccd2474d8834f6ececa59106d920af0fdd,2026-09-02,Unofficial mirror copy; private school research/reference only; authenticity and redistribution rights not established; do not commit or redistribute.
2024,November 2024 Examination Session,mathematics-analysis-and-approaches,Spanish,unspecified,question-paper,Mathematics_analysis_and_approaches_paper_2__SL_Spanish.pdf,https://dl.ibdocs.re/p/IB%20PAST%20PAPERS%20-%20YEAR/2024%20Examination%20Session/November%202024%20Examination%20Session/Mathematics/Mathematics_analysis_and_approaches_paper_2__SL_Spanish.pdf,https://dl.ibdocs.re/IB%20PAST%20PAPERS%20-%20YEAR/2024%20Examination%20Session/November%202024%20Examination%20Session/Mathematics,resources/private/past-papers/2022-2026/mathematics-sciences/2024/November 2024 Examination Session/Mathematics/Mathematics_analysis_and_approaches_paper_2__SL_Spanish.pdf,downloaded,813937,3876b53c9dac811e48061646bc2ceea5b726d10c076f5774e84de6cff7bebae1,2026-09-02,Unofficial mirror copy; private school research/reference only; authenticity and redistribution rights not established; do not commit or redistribute.
2024,November 2024 Examination Session,mathematics-analysis-and-approaches,English or unspecified,unspecified,markscheme,Mathematics_analysis_and_approaches_paper_2__TZ1_SL_markscheme.pdf,https://dl.ibdocs.re/p/IB%20PAST%20PAPERS%20-%20YEAR/2024%20Examination%20Session/November%202024%20Examination%20Session/Mathematics/Mathematics_analysis_and_approaches_paper_2__TZ1_SL_markscheme.pdf,https://dl.ibdocs.re/IB%20PAST%20PAPERS%20-%20YEAR/2024%20Examination%20Session/November%202024%20Examination%20Session/Mathematics,resources/private/past-papers/2022-2026/mathematics-sciences/2024/November 2024 Examination Session/Mathematics/Mathematics_analysis_and_approaches_paper_2__TZ1_SL_markscheme.pdf,downloaded,683415,90021fca7ba96c96bcaeaa76971eb33fc37771e464183f29bbf6e2c50121a2d8,2026-09-02,Unofficial mirror copy; private school research/reference only; authenticity and redistribution rights not established; do not commit or redistribute.
2024,November 2024 Examination Session,mathematics-analysis-and-approaches,English or unspecified,unspecified,question-paper,Mathematics_analysis_and_approaches_paper_2__TZ1_SL.pdf,https://dl.ibdocs.re/p/IB%20PAST%20PAPERS%20-%20YEAR/2024%20Examination%20Session/November%202024%20Examination%20Session/Mathematics/Mathematics_analysis_and_approaches_paper_2__TZ1_SL.pdf,https://dl.ibdocs.re/IB%20PAST%20PAPERS%20-%20YEAR/2024%20Examination%20Session/November%202024%20Examination%20Session/Mathematics,resources/private/past-papers/2022-2026/mathematics-sciences/2024/November 2024 Examination Session/Mathematics/Mathematics_analysis_and_approaches_paper_2__TZ1_SL.pdf,downloaded,1272431,111f5183d1e752f274a30680f72391b5d9ccb6164deff4557ce2b6525cb740ac,2026-09-02,Unofficial mirror copy; private school research/reference only; authenticity and redistribution rights not established; do not commit or redistribute.
2024,November 2024 Examination Session,mathematics-analysis-and-approaches,English or unspecified,unspecified,markscheme,Mathematics_analysis_and_approaches_paper_2__TZ2_SL_markscheme.pdf,https://dl.ibdocs.re/p/IB%20PAST%20PAPERS%20-%20YEAR/2024%20Examination%20Session/November%202024%20Examination%20Session/Mathematics/Mathematics_analysis_and_approaches_paper_2__TZ2_SL_markscheme.pdf,https://dl.ibdocs.re/IB%20PAST%20PAPERS%20-%20YEAR/2024%20Examination%20Session/November%202024%20Examination%20Session/Mathematics,resources/private/past-papers/2022-2026/mathematics-sciences/2024/November 2024 Examination Session/Mathematics/Mathematics_analysis_and_approaches_paper_2__TZ2_SL_markscheme.pdf,downloaded,564121,b134e00601fb20a761c6fd0d3078c030a811400282f600d617db5bc46db80323,2026-09-02,Unofficial mirror copy; private school research/reference only; authenticity and redistribution rights not established; do not commit or redistribute.
2024,November 2024 Examination Session,mathematics-analysis-and-approaches,English or unspecified,unspecified,question-paper,Mathematics_analysis_and_approaches_paper_2__TZ2_SL.pdf,https://dl.ibdocs.re/p/IB%20PAST%20PAPERS%20-%20YEAR/2024%20Examination%20Session/November%202024%20Examination%20Session/Mathematics/Mathematics_analysis_and_approaches_paper_2__TZ2_SL.pdf,https://dl.ibdocs.re/IB%20PAST%20PAPERS%20-%20YEAR/2024%20Examination%20Session/November%202024%20Examination%20Session/Mathematics,resources/private/past-papers/2022-2026/mathematics-sciences/2024/November 2024 Examination Session/Mathematics/Mathematics_analysis_and_approaches_paper_2__TZ2_SL.pdf,downloaded,824821,d57921a11e381fa84db3582f314b0f64dcbd7a0731df916a12437bdb8ccb2290,2026-09-02,Unofficial mirror copy; private school research/reference only; authenticity and redistribution rights not established; do not commit or redistribute.
2024,November 2024 Examination Session,mathematics-analysis-and-approaches,German,unspecified,question-paper,Mathematics_analysis_and_approaches_paper_3__[German]_HL.pdf,https://dl.ibdocs.re/p/IB%20PAST%20PAPERS%20-%20YEAR/2024%20Examination%20Session/November%202024%20Examination%20Session/Mathematics/Mathematics_analysis_and_approaches_paper_3__%5BGerman%5D_HL.pdf,https://dl.ibdocs.re/IB%20PAST%20PAPERS%20-%20YEAR/2024%20Examination%20Session/November%202024%20Examination%20Session/Mathematics,resources/private/past-papers/2022-2026/mathematics-sciences/2024/November 2024 Examination Session/Mathematics/Mathematics_analysis_and_approaches_paper_3__[German]_HL.pdf,downloaded,437666,8ceae79870a28da091417ed47caa0dcbb0f454094b5a3b128d6350fb30733277,2026-09-02,Unofficial mirror copy; private school research/reference only; authenticity and redistribution rights not established; do not commit or redistribute.
2024,November 2024 Examination Session,mathematics-analysis-and-approaches,English or unspecified,unspecified,markscheme,Mathematics_analysis_and_approaches_paper_3__HL_markscheme.pdf,https://dl.ibdocs.re/p/IB%20PAST%20PAPERS%20-%20YEAR/2024%20Examination%20Session/November%202024%20Examination%20Session/Mathematics/Mathematics_analysis_and_approaches_paper_3__HL_markscheme.pdf,https://dl.ibdocs.re/IB%20PAST%20PAPERS%20-%20YEAR/2024%20Examination%20Session/November%202024%20Examination%20Session/Mathematics,resources/private/past-papers/2022-2026/mathematics-sciences/2024/November 2024 Examination Session/Mathematics/Mathematics_analysis_and_approaches_paper_3__HL_markscheme.pdf,downloaded,553132,5929e8de46f7ec9768eeb8564c3ffd6c5d620f7778cf1268eb7300866d3cc627,2026-09-02,Unofficial mirror copy; private school research/reference only; authenticity and redistribution rights not established; do not commit or redistribute.
2024,November 2024 Examination Session,mathematics-analysis-and-approaches,Spanish,unspecified,question-paper,Mathematics_analysis_and_approaches_paper_3__HL_Spanish.pdf,https://dl.ibdocs.re/p/IB%20PAST%20PAPERS%20-%20YEAR/2024%20Examination%20Session/November%202024%20Examination%20Session/Mathematics/Mathematics_analysis_and_approaches_paper_3__HL_Spanish.pdf,https://dl.ibdocs.re/IB%20PAST%20PAPERS%20-%20YEAR/2024%20Examination%20Session/November%202024%20Examination%20Session/Mathematics,resources/private/past-papers/2022-2026/mathematics-sciences/2024/November 2024 Examination Session/Mathematics/Mathematics_analysis_and_approaches_paper_3__HL_Spanish.pdf,downloaded,425498,0da7a872d55f2697ae11e988234a7aa99ee398383f66916c65ecf7cd24741084,2026-09-02,Unofficial mirror copy; private school research/reference only; authenticity and redistribution rights not established; do not commit or redistribute.
2024,November 2024 Examination Session,mathematics-analysis-and-approaches,English or unspecified,unspecified,question-paper,Mathematics_analysis_and_approaches_paper_3__HL.pdf,https://dl.ibdocs.re/p/IB%20PAST%20PAPERS%20-%20YEAR/2024%20Examination%20Session/November%202024%20Examination%20Session/Mathematics/Mathematics_analysis_and_approaches_paper_3__HL.pdf,https://dl.ibdocs.re/IB%20PAST%20PAPERS%20-%20YEAR/2024%20Examination%20Session/November%202024%20Examination%20Session/Mathematics,resources/private/past-papers/2022-2026/mathematics-sciences/2024/November 2024 Examination Session/Mathematics/Mathematics_analysis_and_approaches_paper_3__HL.pdf,downloaded,397564,8c9569f0e2cff73c25dc074414927a3c4eeef897e5415bb39fcc1f9f75b1ab66,2026-09-02,Unofficial mirror copy; private school research/reference only; authenticity and redistribution rights not established; do not commit or redistribute.
2024,November 2024 Examination Session,mathematics-applications-and-interpretation,English or unspecified,unspecified,markscheme,Mathematics_applications_and_interpretation_paper_1__HL_markscheme.pdf,https://dl.ibdocs.re/p/IB%20PAST%20PAPERS%20-%20YEAR/2024%20Examination%20Session/November%202024%20Examination%20Session/Mathematics/Mathematics_applications_and_interpretation_paper_1__HL_markscheme.pdf,https://dl.ibdocs.re/IB%20PAST%20PAPERS%20-%20YEAR/2024%20Examination%20Session/November%202024%20Examination%20Session/Mathematics,resources/private/past-papers/2022-2026/mathematics-sciences/2024/November 2024 Examination Session/Mathematics/Mathematics_applications_and_interpretation_paper_1__HL_markscheme.pdf,downloaded,619626,3866f13774961bd1bdfe2cd6f5fb426253730aa6a8d62629769bd61e8ccb9f99,2026-09-02,Unofficial mirror copy; private school research/reference only; authenticity and redistribution rights not established; do not commit or redistribute.
2024,November 2024 Examination Session,mathematics-applications-and-interpretation,Spanish,unspecified,question-paper,Mathematics_applications_and_interpretation_paper_1__HL_Spanish.pdf,https://dl.ibdocs.re/p/IB%20PAST%20PAPERS%20-%20YEAR/2024%20Examination%20Session/November%202024%20Examination%20Session/Mathematics/Mathematics_applications_and_interpretation_paper_1__HL_Spanish.pdf,https://dl.ibdocs.re/IB%20PAST%20PAPERS%20-%20YEAR/2024%20Examination%20Session/November%202024%20Examination%20Session/Mathematics,resources/private/past-papers/2022-2026/mathematics-sciences/2024/November 2024 Examination Session/Mathematics/Mathematics_applications_and_interpretation_paper_1__HL_Spanish.pdf,downloaded,1236815,b63531df8e2af3d3f5cd71ef980823bdb8d397753fce564c7165c255a11580a2,2026-09-02,Unofficial mirror copy; private school research/reference only; authenticity and redistribution rights not established; do not commit or redistribute.
2024,November 2024 Examination Session,mathematics-applications-and-interpretation,English or unspecified,unspecified,question-paper,Mathematics_applications_and_interpretation_paper_1__HL.pdf,https://dl.ibdocs.re/p/IB%20PAST%20PAPERS%20-%20YEAR/2024%20Examination%20Session/November%202024%20Examination%20Session/Mathematics/Mathematics_applications_and_interpretation_paper_1__HL.pdf,https://dl.ibdocs.re/IB%20PAST%20PAPERS%20-%20YEAR/2024%20Examination%20Session/November%202024%20Examination%20Session/Mathematics,resources/private/past-papers/2022-2026/mathematics-sciences/2024/November 2024 Examination Session/Mathematics/Mathematics_applications_and_interpretation_paper_1__HL.pdf,downloaded,1216569,b0e874cba49cc3916904f5ab34b2af4ac882ec493db06bf0dfaa7421868bb848,2026-09-02,Unofficial mirror copy; private school research/reference only; authenticity and redistribution rights not established; do not commit or redistribute.
2024,November 2024 Examination Session,mathematics-applications-and-interpretation,Spanish,unspecified,markscheme,Mathematics_applications_and_interpretation_paper_1__SL_markscheme_Spanish.pdf,https://dl.ibdocs.re/p/IB%20PAST%20PAPERS%20-%20YEAR/2024%20Examination%20Session/November%202024%20Examination%20Session/Mathematics/Mathematics_applications_and_interpretation_paper_1__SL_markscheme_Spanish.pdf,https://dl.ibdocs.re/IB%20PAST%20PAPERS%20-%20YEAR/2024%20Examination%20Session/November%202024%20Examination%20Session/Mathematics,resources/private/past-papers/2022-2026/mathematics-sciences/2024/November 2024 Examination Session/Mathematics/Mathematics_applications_and_interpretation_paper_1__SL_markscheme_Spanish.pdf,downloaded,719352,8a0155850e00eaa9ddc8a07ebffd6d02b231d9c5a188abfab33a505df14e9ea7,2026-09-02,Unofficial mirror copy; private school research/reference only; authenticity and redistribution rights not established; do not commit or redistribute.
2024,November 2024 Examination Session,mathematics-applications-and-interpretation,Spanish,unspecified,question-paper,Mathematics_applications_and_interpretation_paper_1__SL_Spanish.pdf,https://dl.ibdocs.re/p/IB%20PAST%20PAPERS%20-%20YEAR/2024%20Examination%20Session/November%202024%20Examination%20Session/Mathematics/Mathematics_applications_and_interpretation_paper_1__SL_Spanish.pdf,https://dl.ibdocs.re/IB%20PAST%20PAPERS%20-%20YEAR/2024%20Examination%20Session/November%202024%20Examination%20Session/Mathematics,resources/private/past-papers/2022-2026/mathematics-sciences/2024/November 2024 Examination Session/Mathematics/Mathematics_applications_and_interpretation_paper_1__SL_Spanish.pdf,downloaded,820171,965bf0a7b1b842c781594b4d5bf41fb98874da69fe36b9f5f7628655cec0aa33,2026-09-02,Unofficial mirror copy; private school research/reference only; authenticity and redistribution rights not established; do not commit or redistribute.
2024,November 2024 Examination Session,mathematics-applications-and-interpretation,English or unspecified,unspecified,markscheme,Mathematics_applications_and_interpretation_paper_1__TZ1_SL_markscheme.pdf,https://dl.ibdocs.re/p/IB%20PAST%20PAPERS%20-%20YEAR/2024%20Examination%20Session/November%202024%20Examination%20Session/Mathematics/Mathematics_applications_and_interpretation_paper_1__TZ1_SL_markscheme.pdf,https://dl.ibdocs.re/IB%20PAST%20PAPERS%20-%20YEAR/2024%20Examination%20Session/November%202024%20Examination%20Session/Mathematics,resources/private/past-papers/2022-2026/mathematics-sciences/2024/November 2024 Examination Session/Mathematics/Mathematics_applications_and_interpretation_paper_1__TZ1_SL_markscheme.pdf,downloaded,521188,3f1e71d8ddcc690c38a962ce13f8a11172a0f30b9a0f596a986c48477771e04a,2026-09-02,Unofficial mirror copy; private school research/reference only; authenticity and redistribution rights not established; do not commit or redistribute.
2024,November 2024 Examination Session,mathematics-applications-and-interpretation,English or unspecified,unspecified,question-paper,Mathematics_applications_and_interpretation_paper_1__TZ1_SL.pdf,https://dl.ibdocs.re/p/IB%20PAST%20PAPERS%20-%20YEAR/2024%20Examination%20Session/November%202024%20Examination%20Session/Mathematics/Mathematics_applications_and_interpretation_paper_1__TZ1_SL.pdf,https://dl.ibdocs.re/IB%20PAST%20PAPERS%20-%20YEAR/2024%20Examination%20Session/November%202024%20Examination%20Session/Mathematics,resources/private/past-papers/2022-2026/mathematics-sciences/2024/November 2024 Examination Session/Mathematics/Mathematics_applications_and_interpretation_paper_1__TZ1_SL.pdf,downloaded,832157,931b85f4b7458a9053836d68ad2af5d1a97fabaec7f25d3f39ee91bd9742fce9,2026-09-02,Unofficial mirror copy; private school research/reference only; authenticity and redistribution rights not established; do not commit or redistribute.
2024,November 2024 Examination Session,mathematics-applications-and-interpretation,English or unspecified,unspecified,markscheme,Mathematics_applications_and_interpretation_paper_1__TZ2_SL_markscheme.pdf,https://dl.ibdocs.re/p/IB%20PAST%20PAPERS%20-%20YEAR/2024%20Examination%20Session/November%202024%20Examination%20Session/Mathematics/Mathematics_applications_and_interpretation_paper_1__TZ2_SL_markscheme.pdf,https://dl.ibdocs.re/IB%20PAST%20PAPERS%20-%20YEAR/2024%20Examination%20Session/November%202024%20Examination%20Session/Mathematics,resources/private/past-papers/2022-2026/mathematics-sciences/2024/November 2024 Examination Session/Mathematics/Mathematics_applications_and_interpretation_paper_1__TZ2_SL_markscheme.pdf,downloaded,670668,92c544cd34a4e03b0d7fa38f3239656877f6d483c198b06c35da1095e472f38c,2026-09-02,Unofficial mirror copy; private school research/reference only; authenticity and redistribution rights not established; do not commit or redistribute.
2024,November 2024 Examination Session,mathematics-applications-and-interpretation,English or unspecified,unspecified,question-paper,Mathematics_applications_and_interpretation_paper_1__TZ2_SL.pdf,https://dl.ibdocs.re/p/IB%20PAST%20PAPERS%20-%20YEAR/2024%20Examination%20Session/November%202024%20Examination%20Session/Mathematics/Mathematics_applications_and_interpretation_paper_1__TZ2_SL.pdf,https://dl.ibdocs.re/IB%20PAST%20PAPERS%20-%20YEAR/2024%20Examination%20Session/November%202024%20Examination%20Session/Mathematics,resources/private/past-papers/2022-2026/mathematics-sciences/2024/November 2024 Examination Session/Mathematics/Mathematics_applications_and_interpretation_paper_1__TZ2_SL.pdf,downloaded,817641,397645a048782018d49dcb864d3e87b196788154a6adc2054c65297ca7cb3994,2026-09-02,Unofficial mirror copy; private school research/reference only; authenticity and redistribution rights not established; do not commit or redistribute.
2024,November 2024 Examination Session,mathematics-applications-and-interpretation,English or unspecified,unspecified,markscheme,Mathematics_applications_and_interpretation_paper_2__HL_markscheme.pdf,https://dl.ibdocs.re/p/IB%20PAST%20PAPERS%20-%20YEAR/2024%20Examination%20Session/November%202024%20Examination%20Session/Mathematics/Mathematics_applications_and_interpretation_paper_2__HL_markscheme.pdf,https://dl.ibdocs.re/IB%20PAST%20PAPERS%20-%20YEAR/2024%20Examination%20Session/November%202024%20Examination%20Session/Mathematics,resources/private/past-papers/2022-2026/mathematics-sciences/2024/November 2024 Examination Session/Mathematics/Mathematics_applications_and_interpretation_paper_2__HL_markscheme.pdf,downloaded,597367,5e4f95c376b278bf2d9c5e9f2b9213b75f7ce45ed12f3c03b6b02e4263cc6553,2026-09-02,Unofficial mirror copy; private school research/reference only; authenticity and redistribution rights not established; do not commit or redistribute.
2024,November 2024 Examination Session,mathematics-applications-and-interpretation,Spanish,unspecified,question-paper,Mathematics_applications_and_interpretation_paper_2__HL_Spanish.pdf,https://dl.ibdocs.re/p/IB%20PAST%20PAPERS%20-%20YEAR/2024%20Examination%20Session/November%202024%20Examination%20Session/Mathematics/Mathematics_applications_and_interpretation_paper_2__HL_Spanish.pdf,https://dl.ibdocs.re/IB%20PAST%20PAPERS%20-%20YEAR/2024%20Examination%20Session/November%202024%20Examination%20Session/Mathematics,resources/private/past-papers/2022-2026/mathematics-sciences/2024/November 2024 Examination Session/Mathematics/Mathematics_applications_and_interpretation_paper_2__HL_Spanish.pdf,downloaded,1351615,b6191edd6a254d52a3a4a2236d3c9d70a9989d1f00f0d8889c903f130f04c650,2026-09-02,Unofficial mirror copy; private school research/reference only; authenticity and redistribution rights not established; do not commit or redistribute.
2024,November 2024 Examination Session,mathematics-applications-and-interpretation,English or unspecified,unspecified,question-paper,Mathematics_applications_and_interpretation_paper_2__HL.pdf,https://dl.ibdocs.re/p/IB%20PAST%20PAPERS%20-%20YEAR/2024%20Examination%20Session/November%202024%20Examination%20Session/Mathematics/Mathematics_applications_and_interpretation_paper_2__HL.pdf,https://dl.ibdocs.re/IB%20PAST%20PAPERS%20-%20YEAR/2024%20Examination%20Session/November%202024%20Examination%20Session/Mathematics,resources/private/past-papers/2022-2026/mathematics-sciences/2024/November 2024 Examination Session/Mathematics/Mathematics_applications_and_interpretation_paper_2__HL.pdf,downloaded,1305029,6fe0cc0a92bdf7e65e9e6d5ca9169bf98d574965361104749da22676c53f8e5d,2026-09-02,Unofficial mirror copy; private school research/reference only; authenticity and redistribution rights not established; do not commit or redistribute.
2024,November 2024 Examination Session,mathematics-applications-and-interpretation,Spanish,unspecified,markscheme,Mathematics_applications_and_interpretation_paper_2__SL_markscheme_Spanish.pdf,https://dl.ibdocs.re/p/IB%20PAST%20PAPERS%20-%20YEAR/2024%20Examination%20Session/November%202024%20Examination%20Session/Mathematics/Mathematics_applications_and_interpretation_paper_2__SL_markscheme_Spanish.pdf,https://dl.ibdocs.re/IB%20PAST%20PAPERS%20-%20YEAR/2024%20Examination%20Session/November%202024%20Examination%20Session/Mathematics,resources/private/past-papers/2022-2026/mathematics-sciences/2024/November 2024 Examination Session/Mathematics/Mathematics_applications_and_interpretation_paper_2__SL_markscheme_Spanish.pdf,downloaded,512310,e6473f029fc35bb44b565ff2330f6bdb6454611be0c76e3b71af8e89e1873714,2026-09-02,Unofficial mirror copy; private school research/reference only; authenticity and redistribution rights not established; do not commit or redistribute.
2024,November 2024 Examination Session,mathematics-applications-and-interpretation,Spanish,unspecified,question-paper,Mathematics_applications_and_interpretation_paper_2__SL_Spanish.pdf,https://dl.ibdocs.re/p/IB%20PAST%20PAPERS%20-%20YEAR/2024%20Examination%20Session/November%202024%20Examination%20Session/Mathematics/Mathematics_applications_and_interpretation_paper_2__SL_Spanish.pdf,https://dl.ibdocs.re/IB%20PAST%20PAPERS%20-%20YEAR/2024%20Examination%20Session/November%202024%20Examination%20Session/Mathematics,resources/private/past-papers/2022-2026/mathematics-sciences/2024/November 2024 Examination Session/Mathematics/Mathematics_applications_and_interpretation_paper_2__SL_Spanish.pdf,downloaded,2694516,5d883290036f382373ec7015b8e3207545cf3b86b2f2f94e6f8553f69091876b,2026-09-02,Unofficial mirror copy; private school research/reference only; authenticity and redistribution rights not established; do not commit or redistribute.
2024,November 2024 Examination Session,mathematics-applications-and-interpretation,English or unspecified,unspecified,markscheme,Mathematics_applications_and_interpretation_paper_2__TZ1_SL_markscheme.pdf,https://dl.ibdocs.re/p/IB%20PAST%20PAPERS%20-%20YEAR/2024%20Examination%20Session/November%202024%20Examination%20Session/Mathematics/Mathematics_applications_and_interpretation_paper_2__TZ1_SL_markscheme.pdf,https://dl.ibdocs.re/IB%20PAST%20PAPERS%20-%20YEAR/2024%20Examination%20Session/November%202024%20Examination%20Session/Mathematics,resources/private/past-papers/2022-2026/mathematics-sciences/2024/November 2024 Examination Session/Mathematics/Mathematics_applications_and_interpretation_paper_2__TZ1_SL_markscheme.pdf,downloaded,511357,9de2c3609b4e3231ab21a2fcac2638ed5ac6cfe82298173e948c6d3d468c2e9a,2026-09-02,Unofficial mirror copy; private school research/reference only; authenticity and redistribution rights not established; do not commit or redistribute.
2024,November 2024 Examination Session,mathematics-applications-and-interpretation,English or unspecified,unspecified,question-paper,Mathematics_applications_and_interpretation_paper_2__TZ1_SL.pdf,https://dl.ibdocs.re/p/IB%20PAST%20PAPERS%20-%20YEAR/2024%20Examination%20Session/November%202024%20Examination%20Session/Mathematics/Mathematics_applications_and_interpretation_paper_2__TZ1_SL.pdf,https://dl.ibdocs.re/IB%20PAST%20PAPERS%20-%20YEAR/2024%20Examination%20Session/November%202024%20Examination%20Session/Mathematics,resources/private/past-papers/2022-2026/mathematics-sciences/2024/November 2024 Examination Session/Mathematics/Mathematics_applications_and_interpretation_paper_2__TZ1_SL.pdf,downloaded,2658912,8a256be0ba615adad4df47aa03adc12682820a9236e7dd3869289dead2cdba50,2026-09-02,Unofficial mirror copy; private school research/reference only; authenticity and redistribution rights not established; do not commit or redistribute.
2024,November 2024 Examination Session,mathematics-applications-and-interpretation,English or unspecified,unspecified,markscheme,Mathematics_applications_and_interpretation_paper_2__TZ2_SL_markscheme.pdf,https://dl.ibdocs.re/p/IB%20PAST%20PAPERS%20-%20YEAR/2024%20Examination%20Session/November%202024%20Examination%20Session/Mathematics/Mathematics_applications_and_interpretation_paper_2__TZ2_SL_markscheme.pdf,https://dl.ibdocs.re/IB%20PAST%20PAPERS%20-%20YEAR/2024%20Examination%20Session/November%202024%20Examination%20Session/Mathematics,resources/private/past-papers/2022-2026/mathematics-sciences/2024/November 2024 Examination Session/Mathematics/Mathematics_applications_and_interpretation_paper_2__TZ2_SL_markscheme.pdf,downloaded,557159,35af249cd4a2b5d5670775846f532a548f033278866d4f459676172c6aaddce5,2026-09-02,Unofficial mirror copy; private school research/reference only; authenticity and redistribution rights not established; do not commit or redistribute.
2024,November 2024 Examination Session,mathematics-applications-and-interpretation,English or unspecified,unspecified,question-paper,Mathematics_applications_and_interpretation_paper_2__TZ2_SL.pdf,https://dl.ibdocs.re/p/IB%20PAST%20PAPERS%20-%20YEAR/2024%20Examination%20Session/November%202024%20Examination%20Session/Mathematics/Mathematics_applications_and_interpretation_paper_2__TZ2_SL.pdf,https://dl.ibdocs.re/IB%20PAST%20PAPERS%20-%20YEAR/2024%20Examination%20Session/November%202024%20Examination%20Session/Mathematics,resources/private/past-papers/2022-2026/mathematics-sciences/2024/November 2024 Examination Session/Mathematics/Mathematics_applications_and_interpretation_paper_2__TZ2_SL.pdf,downloaded,2666793,8822c57fd1fe16be6b484b89ab2e27eea28894e837fa6a96f3856d85f32402ea,2026-09-02,Unofficial mirror copy; private school research/reference only; authenticity and redistribution rights not established; do not commit or redistribute.
2024,November 2024 Examination Session,mathematics-applications-and-interpretation,English or unspecified,unspecified,markscheme,Mathematics_applications_and_interpretation_paper_3__HL_markscheme.pdf,https://dl.ibdocs.re/p/IB%20PAST%20PAPERS%20-%20YEAR/2024%20Examination%20Session/November%202024%20Examination%20Session/Mathematics/Mathematics_applications_and_interpretation_paper_3__HL_markscheme.pdf,https://dl.ibdocs.re/IB%20PAST%20PAPERS%20-%20YEAR/2024%20Examination%20Session/November%202024%20Examination%20Session/Mathematics,resources/private/past-papers/2022-2026/mathematics-sciences/2024/November 2024 Examination Session/Mathematics/Mathematics_applications_and_interpretation_paper_3__HL_markscheme.pdf,downloaded,598653,d62f893b94868d2cd8768f878c36542588fe7d2088dd7ce9b7edfa98a867e253,2026-09-02,Unofficial mirror copy; private school research/reference only; authenticity and redistribution rights not established; do not commit or redistribute.
2024,November 2024 Examination Session,mathematics-applications-and-interpretation,Spanish,unspecified,question-paper,Mathematics_applications_and_interpretation_paper_3__HL_Spanish.pdf,https://dl.ibdocs.re/p/IB%20PAST%20PAPERS%20-%20YEAR/2024%20Examination%20Session/November%202024%20Examination%20Session/Mathematics/Mathematics_applications_and_interpretation_paper_3__HL_Spanish.pdf,https://dl.ibdocs.re/IB%20PAST%20PAPERS%20-%20YEAR/2024%20Examination%20Session/November%202024%20Examination%20Session/Mathematics,resources/private/past-papers/2022-2026/mathematics-sciences/2024/November 2024 Examination Session/Mathematics/Mathematics_applications_and_interpretation_paper_3__HL_Spanish.pdf,downloaded,903466,bfba5108559a3f81c488f6d286a9cc1e2a5fff9caa54e39db5387f950ffe2e07,2026-09-02,Unofficial mirror copy; private school research/reference only; authenticity and redistribution rights not established; do not commit or redistribute.
2024,November 2024 Examination Session,mathematics-applications-and-interpretation,English or unspecified,unspecified,question-paper,Mathematics_applications_and_interpretation_paper_3__HL.pdf,https://dl.ibdocs.re/p/IB%20PAST%20PAPERS%20-%20YEAR/2024%20Examination%20Session/November%202024%20Examination%20Session/Mathematics/Mathematics_applications_and_interpretation_paper_3__HL.pdf,https://dl.ibdocs.re/IB%20PAST%20PAPERS%20-%20YEAR/2024%20Examination%20Session/November%202024%20Examination%20Session/Mathematics,resources/private/past-papers/2022-2026/mathematics-sciences/2024/November 2024 Examination Session/Mathematics/Mathematics_applications_and_interpretation_paper_3__HL.pdf,downloaded,421945,8cc4705bd962581d6107a6c408d52cb9dea6eb4fce25675a140582860e5874ce,2026-09-02,Unofficial mirror copy; private school research/reference only; authenticity and redistribution rights not established; do not commit or redistribute.
2025,May 2025 Examination Session,mathematics-analysis-and-approaches,English or unspecified,unspecified,markscheme,Mathematics_analysis_and_approaches_paper_1_TZ1_HL_markscheme.pdf,https://dl.ibdocs.re/p/IB%20PAST%20PAPERS%20-%20YEAR/2025%20Examination%20Session/May%202025%20Examination%20Session/Mathematics/Mathematics_analysis_and_approaches_paper_1_TZ1_HL_markscheme.pdf,https://dl.ibdocs.re/IB%20PAST%20PAPERS%20-%20YEAR/2025%20Examination%20Session/May%202025%20Examination%20Session/Mathematics,resources/private/past-papers/2022-2026/mathematics-sciences/2025/May 2025 Examination Session/Mathematics/Mathematics_analysis_and_approaches_paper_1_TZ1_HL_markscheme.pdf,downloaded,553125,523c96f6e37c176a211224e923dd3ef350420bd276ecaebdee1d1383fbd96fa2,2026-09-02,Unofficial mirror copy; private school research/reference only; authenticity and redistribution rights not established; do not commit or redistribute.
2025,May 2025 Examination Session,mathematics-analysis-and-approaches,English or unspecified,unspecified,question-paper,Mathematics_analysis_and_approaches_paper_1_TZ1_HL.pdf,https://dl.ibdocs.re/p/IB%20PAST%20PAPERS%20-%20YEAR/2025%20Examination%20Session/May%202025%20Examination%20Session/Mathematics/Mathematics_analysis_and_approaches_paper_1_TZ1_HL.pdf,https://dl.ibdocs.re/IB%20PAST%20PAPERS%20-%20YEAR/2025%20Examination%20Session/May%202025%20Examination%20Session/Mathematics,resources/private/past-papers/2022-2026/mathematics-sciences/2025/May 2025 Examination Session/Mathematics/Mathematics_analysis_and_approaches_paper_1_TZ1_HL.pdf,downloaded,1189109,1397e69b9439f5019b2f722ea0d775e5311dc58a60d41ebe8010376734215a67,2026-09-02,Unofficial mirror copy; private school research/reference only; authenticity and redistribution rights not established; do not commit or redistribute.
2025,May 2025 Examination Session,mathematics-analysis-and-approaches,English or unspecified,unspecified,markscheme,Mathematics_analysis_and_approaches_paper_1_TZ1_SL_markscheme.pdf,https://dl.ibdocs.re/p/IB%20PAST%20PAPERS%20-%20YEAR/2025%20Examination%20Session/May%202025%20Examination%20Session/Mathematics/Mathematics_analysis_and_approaches_paper_1_TZ1_SL_markscheme.pdf,https://dl.ibdocs.re/IB%20PAST%20PAPERS%20-%20YEAR/2025%20Examination%20Session/May%202025%20Examination%20Session/Mathematics,resources/private/past-papers/2022-2026/mathematics-sciences/2025/May 2025 Examination Session/Mathematics/Mathematics_analysis_and_approaches_paper_1_TZ1_SL_markscheme.pdf,downloaded,490382,aaa688fe9c11f6fbe4b5174eadd07bc7a7e43b46751517a9fbf366a757198ba5,2026-09-02,Unofficial mirror copy; private school research/reference only; authenticity and redistribution rights not established; do not commit or redistribute.
2025,May 2025 Examination Session,mathematics-analysis-and-approaches,English or unspecified,unspecified,question-paper,Mathematics_analysis_and_approaches_paper_1_TZ1_SL.pdf,https://dl.ibdocs.re/p/IB%20PAST%20PAPERS%20-%20YEAR/2025%20Examination%20Session/May%202025%20Examination%20Session/Mathematics/Mathematics_analysis_and_approaches_paper_1_TZ1_SL.pdf,https://dl.ibdocs.re/IB%20PAST%20PAPERS%20-%20YEAR/2025%20Examination%20Session/May%202025%20Examination%20Session/Mathematics,resources/private/past-papers/2022-2026/mathematics-sciences/2025/May 2025 Examination Session/Mathematics/Mathematics_analysis_and_approaches_paper_1_TZ1_SL.pdf,downloaded,678836,88a35ff6fa752d7173125bfcb1398b11725cb780338ab6d74e92dd6d6aab1cd3,2026-09-02,Unofficial mirror copy; private school research/reference only; authenticity and redistribution rights not established; do not commit or redistribute.
2025,May 2025 Examination Session,mathematics-analysis-and-approaches,German,unspecified,question-paper,Mathematics_analysis_and_approaches_paper_1_TZ2_[German]_HL.pdf,https://dl.ibdocs.re/p/IB%20PAST%20PAPERS%20-%20YEAR/2025%20Examination%20Session/May%202025%20Examination%20Session/Mathematics/Mathematics_analysis_and_approaches_paper_1_TZ2_%5BGerman%5D_HL.pdf,https://dl.ibdocs.re/IB%20PAST%20PAPERS%20-%20YEAR/2025%20Examination%20Session/May%202025%20Examination%20Session/Mathematics,resources/private/past-papers/2022-2026/mathematics-sciences/2025/May 2025 Examination Session/Mathematics/Mathematics_analysis_and_approaches_paper_1_TZ2_[German]_HL.pdf,downloaded,866007,307fd1fd9130f48af072596210efcc00e3b515d29188b661d81fa40b64f594e0,2026-09-02,Unofficial mirror copy; private school research/reference only; authenticity and redistribution rights not established; do not commit or redistribute.
2025,May 2025 Examination Session,mathematics-analysis-and-approaches,German,unspecified,question-paper,Mathematics_analysis_and_approaches_paper_1_TZ2_[German]_SL.pdf,https://dl.ibdocs.re/p/IB%20PAST%20PAPERS%20-%20YEAR/2025%20Examination%20Session/May%202025%20Examination%20Session/Mathematics/Mathematics_analysis_and_approaches_paper_1_TZ2_%5BGerman%5D_SL.pdf,https://dl.ibdocs.re/IB%20PAST%20PAPERS%20-%20YEAR/2025%20Examination%20Session/May%202025%20Examination%20Session/Mathematics,resources/private/past-papers/2022-2026/mathematics-sciences/2025/May 2025 Examination Session/Mathematics/Mathematics_analysis_and_approaches_paper_1_TZ2_[German]_SL.pdf,downloaded,700923,3619b626d911522b6040dcd3b8def32bc966b4e07d0e480cf002b77bcc31f539,2026-09-02,Unofficial mirror copy; private school research/reference only; authenticity and redistribution rights not established; do not commit or redistribute.
2025,May 2025 Examination Session,mathematics-analysis-and-approaches,English or unspecified,unspecified,markscheme,Mathematics_analysis_and_approaches_paper_1_TZ2_HL_markscheme.pdf,https://dl.ibdocs.re/p/IB%20PAST%20PAPERS%20-%20YEAR/2025%20Examination%20Session/May%202025%20Examination%20Session/Mathematics/Mathematics_analysis_and_approaches_paper_1_TZ2_HL_markscheme.pdf,https://dl.ibdocs.re/IB%20PAST%20PAPERS%20-%20YEAR/2025%20Examination%20Session/May%202025%20Examination%20Session/Mathematics,resources/private/past-papers/2022-2026/mathematics-sciences/2025/May 2025 Examination Session/Mathematics/Mathematics_analysis_and_approaches_paper_1_TZ2_HL_markscheme.pdf,downloaded,686881,dae940009ef6dac9092c9edfeacfcb8b9113d3c69b5301ba14e66ee4781ace8c,2026-09-02,Unofficial mirror copy; private school research/reference only; authenticity and redistribution rights not established; do not commit or redistribute.
2025,May 2025 Examination Session,mathematics-analysis-and-approaches,Spanish,unspecified,question-paper,Mathematics_analysis_and_approaches_paper_1_TZ2_HL_Spanish.pdf,https://dl.ibdocs.re/p/IB%20PAST%20PAPERS%20-%20YEAR/2025%20Examination%20Session/May%202025%20Examination%20Session/Mathematics/Mathematics_analysis_and_approaches_paper_1_TZ2_HL_Spanish.pdf,https://dl.ibdocs.re/IB%20PAST%20PAPERS%20-%20YEAR/2025%20Examination%20Session/May%202025%20Examination%20Session/Mathematics,resources/private/past-papers/2022-2026/mathematics-sciences/2025/May 2025 Examination Session/Mathematics/Mathematics_analysis_and_approaches_paper_1_TZ2_HL_Spanish.pdf,downloaded,861359,a3565d44fab01812c1ae26ba06485c34a4997281c7f47a6198a93aa5a545bcb6,2026-09-02,Unofficial mirror copy; private school research/reference only; authenticity and redistribution rights not established; do not commit or redistribute.
2025,May 2025 Examination Session,mathematics-analysis-and-approaches,English or unspecified,unspecified,question-paper,Mathematics_analysis_and_approaches_paper_1_TZ2_HL.pdf,https://dl.ibdocs.re/p/IB%20PAST%20PAPERS%20-%20YEAR/2025%20Examination%20Session/May%202025%20Examination%20Session/Mathematics/Mathematics_analysis_and_approaches_paper_1_TZ2_HL.pdf,https://dl.ibdocs.re/IB%20PAST%20PAPERS%20-%20YEAR/2025%20Examination%20Session/May%202025%20Examination%20Session/Mathematics,resources/private/past-papers/2022-2026/mathematics-sciences/2025/May 2025 Examination Session/Mathematics/Mathematics_analysis_and_approaches_paper_1_TZ2_HL.pdf,downloaded,856094,48bca2e9bcfcebf2c2c558fe52d98c2d7d800117a0b13ab8c311b25acc3405a0,2026-09-02,Unofficial mirror copy; private school research/reference only; authenticity and redistribution rights not established; do not commit or redistribute.
2025,May 2025 Examination Session,mathematics-analysis-and-approaches,English or unspecified,unspecified,markscheme,Mathematics_analysis_and_approaches_paper_1_TZ2_SL_markscheme.pdf,https://dl.ibdocs.re/p/IB%20PAST%20PAPERS%20-%20YEAR/2025%20Examination%20Session/May%202025%20Examination%20Session/Mathematics/Mathematics_analysis_and_approaches_paper_1_TZ2_SL_markscheme.pdf,https://dl.ibdocs.re/IB%20PAST%20PAPERS%20-%20YEAR/2025%20Examination%20Session/May%202025%20Examination%20Session/Mathematics,resources/private/past-papers/2022-2026/mathematics-sciences/2025/May 2025 Examination Session/Mathematics/Mathematics_analysis_and_approaches_paper_1_TZ2_SL_markscheme.pdf,downloaded,885286,3cb10c24f32f85aac5f7f1879172067f350162edf67d7ddd82944700bc1cae99,2026-09-02,Unofficial mirror copy; private school research/reference only; authenticity and redistribution rights not established; do not commit or redistribute.
2025,May 2025 Examination Session,mathematics-analysis-and-approaches,Spanish,unspecified,question-paper,Mathematics_analysis_and_approaches_paper_1_TZ2_SL_Spanish.pdf,https://dl.ibdocs.re/p/IB%20PAST%20PAPERS%20-%20YEAR/2025%20Examination%20Session/May%202025%20Examination%20Session/Mathematics/Mathematics_analysis_and_approaches_paper_1_TZ2_SL_Spanish.pdf,https://dl.ibdocs.re/IB%20PAST%20PAPERS%20-%20YEAR/2025%20Examination%20Session/May%202025%20Examination%20Session/Mathematics,resources/private/past-papers/2022-2026/mathematics-sciences/2025/May 2025 Examination Session/Mathematics/Mathematics_analysis_and_approaches_paper_1_TZ2_SL_Spanish.pdf,downloaded,751247,60e12f37dcfe9036085e8089dec7188535c674a82eda99b3d9d993e68d7efc78,2026-09-02,Unofficial mirror copy; private school research/reference only; authenticity and redistribution rights not established; do not commit or redistribute.
2025,May 2025 Examination Session,mathematics-analysis-and-approaches,English or unspecified,unspecified,question-paper,Mathematics_analysis_and_approaches_paper_1_TZ2_SL.pdf,https://dl.ibdocs.re/p/IB%20PAST%20PAPERS%20-%20YEAR/2025%20Examination%20Session/May%202025%20Examination%20Session/Mathematics/Mathematics_analysis_and_approaches_paper_1_TZ2_SL.pdf,https://dl.ibdocs.re/IB%20PAST%20PAPERS%20-%20YEAR/2025%20Examination%20Session/May%202025%20Examination%20Session/Mathematics,resources/private/past-papers/2022-2026/mathematics-sciences/2025/May 2025 Examination Session/Mathematics/Mathematics_analysis_and_approaches_paper_1_TZ2_SL.pdf,downloaded,696184,48c994bc050d9c9dd06c160a73eb22867e08a436d0706ad38fbceaf93ee6a911,2026-09-02,Unofficial mirror copy; private school research/reference only; authenticity and redistribution rights not established; do not commit or redistribute.
2025,May 2025 Examination Session,mathematics-analysis-and-approaches,French,unspecified,question-paper,Mathematics_analysis_and_approaches_paper_1_TZ3_HL_French.pdf,https://dl.ibdocs.re/p/IB%20PAST%20PAPERS%20-%20YEAR/2025%20Examination%20Session/May%202025%20Examination%20Session/Mathematics/Mathematics_analysis_and_approaches_paper_1_TZ3_HL_French.pdf,https://dl.ibdocs.re/IB%20PAST%20PAPERS%20-%20YEAR/2025%20Examination%20Session/May%202025%20Examination%20Session/Mathematics,resources/private/past-papers/2022-2026/mathematics-sciences/2025/May 2025 Examination Session/Mathematics/Mathematics_analysis_and_approaches_paper_1_TZ3_HL_French.pdf,downloaded,1304340,61a0c6a455b64d93273338986abd7fbee86a722c16043c63ebacbe27da3ba526,2026-09-02,Unofficial mirror copy; private school research/reference only; authenticity and redistribution rights not established; do not commit or redistribute.
2025,May 2025 Examination Session,mathematics-analysis-and-approaches,English or unspecified,unspecified,markscheme,Mathematics_analysis_and_approaches_paper_1_TZ3_HL_markscheme.pdf,https://dl.ibdocs.re/p/IB%20PAST%20PAPERS%20-%20YEAR/2025%20Examination%20Session/May%202025%20Examination%20Session/Mathematics/Mathematics_analysis_and_approaches_paper_1_TZ3_HL_markscheme.pdf,https://dl.ibdocs.re/IB%20PAST%20PAPERS%20-%20YEAR/2025%20Examination%20Session/May%202025%20Examination%20Session/Mathematics,resources/private/past-papers/2022-2026/mathematics-sciences/2025/May 2025 Examination Session/Mathematics/Mathematics_analysis_and_approaches_paper_1_TZ3_HL_markscheme.pdf,downloaded,655055,df3919dec96753e3a316a065c68b188c8eadbc65e44f0473ab6ee82b9b69b02e,2026-09-02,Unofficial mirror copy; private school research/reference only; authenticity and redistribution rights not established; do not commit or redistribute.
2025,May 2025 Examination Session,mathematics-analysis-and-approaches,English or unspecified,unspecified,question-paper,Mathematics_analysis_and_approaches_paper_1_TZ3_HL.pdf,https://dl.ibdocs.re/p/IB%20PAST%20PAPERS%20-%20YEAR/2025%20Examination%20Session/May%202025%20Examination%20Session/Mathematics/Mathematics_analysis_and_approaches_paper_1_TZ3_HL.pdf,https://dl.ibdocs.re/IB%20PAST%20PAPERS%20-%20YEAR/2025%20Examination%20Session/May%202025%20Examination%20Session/Mathematics,resources/private/past-papers/2022-2026/mathematics-sciences/2025/May 2025 Examination Session/Mathematics/Mathematics_analysis_and_approaches_paper_1_TZ3_HL.pdf,downloaded,1301635,d22928fbe3a54bd891caf4a9c2cba2836c7c26b5adf6816de75d006f3e9ebc6c,2026-09-02,Unofficial mirror copy; private school research/reference only; authenticity and redistribution rights not established; do not commit or redistribute.
2025,May 2025 Examination Session,mathematics-analysis-and-approaches,French,unspecified,question-paper,Mathematics_analysis_and_approaches_paper_1_TZ3_SL_French.pdf,https://dl.ibdocs.re/p/IB%20PAST%20PAPERS%20-%20YEAR/2025%20Examination%20Session/May%202025%20Examination%20Session/Mathematics/Mathematics_analysis_and_approaches_paper_1_TZ3_SL_French.pdf,https://dl.ibdocs.re/IB%20PAST%20PAPERS%20-%20YEAR/2025%20Examination%20Session/May%202025%20Examination%20Session/Mathematics,resources/private/past-papers/2022-2026/mathematics-sciences/2025/May 2025 Examination Session/Mathematics/Mathematics_analysis_and_approaches_paper_1_TZ3_SL_French.pdf,downloaded,734212,c535a9a3be986a518ad04f6667d8bfa9de417c0ada746228e712bae5af254ada,2026-09-02,Unofficial mirror copy; private school research/reference only; authenticity and redistribution rights not established; do not commit or redistribute.
2025,May 2025 Examination Session,mathematics-analysis-and-approaches,English or unspecified,unspecified,markscheme,Mathematics_analysis_and_approaches_paper_1_TZ3_SL_markscheme.pdf,https://dl.ibdocs.re/p/IB%20PAST%20PAPERS%20-%20YEAR/2025%20Examination%20Session/May%202025%20Examination%20Session/Mathematics/Mathematics_analysis_and_approaches_paper_1_TZ3_SL_markscheme.pdf,https://dl.ibdocs.re/IB%20PAST%20PAPERS%20-%20YEAR/2025%20Examination%20Session/May%202025%20Examination%20Session/Mathematics,resources/private/past-papers/2022-2026/mathematics-sciences/2025/May 2025 Examination Session/Mathematics/Mathematics_analysis_and_approaches_paper_1_TZ3_SL_markscheme.pdf,downloaded,394874,bed12b6a31105c20418569d70c0f5ed959a615149eaee7b2a12bb84c369e9894,2026-09-02,Unofficial mirror copy; private school research/reference only; authenticity and redistribution rights not established; do not commit or redistribute.
2025,May 2025 Examination Session,mathematics-analysis-and-approaches,Spanish,unspecified,question-paper,Mathematics_analysis_and_approaches_paper_1_TZ3_SL_Spanish.pdf,https://dl.ibdocs.re/p/IB%20PAST%20PAPERS%20-%20YEAR/2025%20Examination%20Session/May%202025%20Examination%20Session/Mathematics/Mathematics_analysis_and_approaches_paper_1_TZ3_SL_Spanish.pdf,https://dl.ibdocs.re/IB%20PAST%20PAPERS%20-%20YEAR/2025%20Examination%20Session/May%202025%20Examination%20Session/Mathematics,resources/private/past-papers/2022-2026/mathematics-sciences/2025/May 2025 Examination Session/Mathematics/Mathematics_analysis_and_approaches_paper_1_TZ3_SL_Spanish.pdf,downloaded,1185690,8b8d8027db2487d80ffe16d7a71ade8831dde99dde490a72195c0212c3059c92,2026-09-02,Unofficial mirror copy; private school research/reference only; authenticity and redistribution rights not established; do not commit or redistribute.
2025,May 2025 Examination Session,mathematics-analysis-and-approaches,English or unspecified,unspecified,question-paper,Mathematics_analysis_and_approaches_paper_1_TZ3_SL.pdf,https://dl.ibdocs.re/p/IB%20PAST%20PAPERS%20-%20YEAR/2025%20Examination%20Session/May%202025%20Examination%20Session/Mathematics/Mathematics_analysis_and_approaches_paper_1_TZ3_SL.pdf,https://dl.ibdocs.re/IB%20PAST%20PAPERS%20-%20YEAR/2025%20Examination%20Session/May%202025%20Examination%20Session/Mathematics,resources/private/past-papers/2022-2026/mathematics-sciences/2025/May 2025 Examination Session/Mathematics/Mathematics_analysis_and_approaches_paper_1_TZ3_SL.pdf,downloaded,731109,caa7fa6f07f19a3230e2085d067923db6a2f3b2ff0dda263b2ab67e03482dfdd,2026-09-02,Unofficial mirror copy; private school research/reference only; authenticity and redistribution rights not established; do not commit or redistribute.
2025,May 2025 Examination Session,mathematics-analysis-and-approaches,English or unspecified,unspecified,markscheme,Mathematics_analysis_and_approaches_paper_2_TZ1_HL_markscheme.pdf,https://dl.ibdocs.re/p/IB%20PAST%20PAPERS%20-%20YEAR/2025%20Examination%20Session/May%202025%20Examination%20Session/Mathematics/Mathematics_analysis_and_approaches_paper_2_TZ1_HL_markscheme.pdf,https://dl.ibdocs.re/IB%20PAST%20PAPERS%20-%20YEAR/2025%20Examination%20Session/May%202025%20Examination%20Session/Mathematics,resources/private/past-papers/2022-2026/mathematics-sciences/2025/May 2025 Examination Session/Mathematics/Mathematics_analysis_and_approaches_paper_2_TZ1_HL_markscheme.pdf,downloaded,534633,6350cd21c7db6ad0cbe0bb6cecd9add2f99c9a5ca94a272c8e228f9b5016708f,2026-09-02,Unofficial mirror copy; private school research/reference only; authenticity and redistribution rights not established; do not commit or redistribute.
2025,May 2025 Examination Session,mathematics-analysis-and-approaches,English or unspecified,unspecified,question-paper,Mathematics_analysis_and_approaches_paper_2_TZ1_HL.pdf,https://dl.ibdocs.re/p/IB%20PAST%20PAPERS%20-%20YEAR/2025%20Examination%20Session/May%202025%20Examination%20Session/Mathematics/Mathematics_analysis_and_approaches_paper_2_TZ1_HL.pdf,https://dl.ibdocs.re/IB%20PAST%20PAPERS%20-%20YEAR/2025%20Examination%20Session/May%202025%20Examination%20Session/Mathematics,resources/private/past-papers/2022-2026/mathematics-sciences/2025/May 2025 Examination Session/Mathematics/Mathematics_analysis_and_approaches_paper_2_TZ1_HL.pdf,downloaded,1341256,79485472ba232b65367535ba68d545b67a572ef53a44e24d314b8298e43e4351,2026-09-02,Unofficial mirror copy; private school research/reference only; authenticity and redistribution rights not established; do not commit or redistribute.
2025,May 2025 Examination Session,mathematics-analysis-and-approaches,English or unspecified,unspecified,markscheme,Mathematics_analysis_and_approaches_paper_2_TZ1_SL_markscheme.pdf,https://dl.ibdocs.re/p/IB%20PAST%20PAPERS%20-%20YEAR/2025%20Examination%20Session/May%202025%20Examination%20Session/Mathematics/Mathematics_analysis_and_approaches_paper_2_TZ1_SL_markscheme.pdf,https://dl.ibdocs.re/IB%20PAST%20PAPERS%20-%20YEAR/2025%20Examination%20Session/May%202025%20Examination%20Session/Mathematics,resources/private/past-papers/2022-2026/mathematics-sciences/2025/May 2025 Examination Session/Mathematics/Mathematics_analysis_and_approaches_paper_2_TZ1_SL_markscheme.pdf,downloaded,494228,9cf60beddd80a3461339d16718b11ee88bdddf49d68c46d0075b94107d92d76f,2026-09-02,Unofficial mirror copy; private school research/reference only; authenticity and redistribution rights not established; do not commit or redistribute.
2025,May 2025 Examination Session,mathematics-analysis-and-approaches,English or unspecified,unspecified,question-paper,Mathematics_analysis_and_approaches_paper_2_TZ1_SL.pdf,https://dl.ibdocs.re/p/IB%20PAST%20PAPERS%20-%20YEAR/2025%20Examination%20Session/May%202025%20Examination%20Session/Mathematics/Mathematics_analysis_and_approaches_paper_2_TZ1_SL.pdf,https://dl.ibdocs.re/IB%20PAST%20PAPERS%20-%20YEAR/2025%20Examination%20Session/May%202025%20Examination%20Session/Mathematics,resources/private/past-papers/2022-2026/mathematics-sciences/2025/May 2025 Examination Session/Mathematics/Mathematics_analysis_and_approaches_paper_2_TZ1_SL.pdf,downloaded,766129,99b7a380a1c479b57e73413322d55caf354a942245e49d7f1c84251f95e3aec9,2026-09-02,Unofficial mirror copy; private school research/reference only; authenticity and redistribution rights not established; do not commit or redistribute.
2025,May 2025 Examination Session,mathematics-analysis-and-approaches,German,unspecified,question-paper,Mathematics_analysis_and_approaches_paper_2_TZ2_[German]_HL.pdf,https://dl.ibdocs.re/p/IB%20PAST%20PAPERS%20-%20YEAR/2025%20Examination%20Session/May%202025%20Examination%20Session/Mathematics/Mathematics_analysis_and_approaches_paper_2_TZ2_%5BGerman%5D_HL.pdf,https://dl.ibdocs.re/IB%20PAST%20PAPERS%20-%20YEAR/2025%20Examination%20Session/May%202025%20Examination%20Session/Mathematics,resources/private/past-papers/2022-2026/mathematics-sciences/2025/May 2025 Examination Session/Mathematics/Mathematics_analysis_and_approaches_paper_2_TZ2_[German]_HL.pdf,downloaded,803250,af367d62fc819ce7c9a6b3fa0a5783ce9b68141074a65df62e077ffe5e74c02f,2026-09-02,Unofficial mirror copy; private school research/reference only; authenticity and redistribution rights not established; do not commit or redistribute.
2025,May 2025 Examination Session,mathematics-analysis-and-approaches,German,unspecified,question-paper,Mathematics_analysis_and_approaches_paper_2_TZ2_[German]_SL.pdf,https://dl.ibdocs.re/p/IB%20PAST%20PAPERS%20-%20YEAR/2025%20Examination%20Session/May%202025%20Examination%20Session/Mathematics/Mathematics_analysis_and_approaches_paper_2_TZ2_%5BGerman%5D_SL.pdf,https://dl.ibdocs.re/IB%20PAST%20PAPERS%20-%20YEAR/2025%20Examination%20Session/May%202025%20Examination%20Session/Mathematics,resources/private/past-papers/2022-2026/mathematics-sciences/2025/May 2025 Examination Session/Mathematics/Mathematics_analysis_and_approaches_paper_2_TZ2_[German]_SL.pdf,downloaded,765359,945092247216dbdd81af234936fc3d0349306b829c2f694a51990cb07c5e4981,2026-09-02,Unofficial mirror copy; private school research/reference only; authenticity and redistribution rights not established; do not commit or redistribute.
2025,May 2025 Examination Session,mathematics-analysis-and-approaches,English or unspecified,unspecified,markscheme,Mathematics_analysis_and_approaches_paper_2_TZ2_HL_markscheme.pdf,https://dl.ibdocs.re/p/IB%20PAST%20PAPERS%20-%20YEAR/2025%20Examination%20Session/May%202025%20Examination%20Session/Mathematics/Mathematics_analysis_and_approaches_paper_2_TZ2_HL_markscheme.pdf,https://dl.ibdocs.re/IB%20PAST%20PAPERS%20-%20YEAR/2025%20Examination%20Session/May%202025%20Examination%20Session/Mathematics,resources/private/past-papers/2022-2026/mathematics-sciences/2025/May 2025 Examination Session/Mathematics/Mathematics_analysis_and_approaches_paper_2_TZ2_HL_markscheme.pdf,downloaded,548832,5685888f765ca4db4e4de4f5f167c664ba1155c8f1446ee1b5c3c9793113171a,2026-09-02,Unofficial mirror copy; private school research/reference only; authenticity and redistribution rights not established; do not commit or redistribute.
2025,May 2025 Examination Session,mathematics-analysis-and-approaches,Spanish,unspecified,question-paper,Mathematics_analysis_and_approaches_paper_2_TZ2_HL_Spanish.pdf,https://dl.ibdocs.re/p/IB%20PAST%20PAPERS%20-%20YEAR/2025%20Examination%20Session/May%202025%20Examination%20Session/Mathematics/Mathematics_analysis_and_approaches_paper_2_TZ2_HL_Spanish.pdf,https://dl.ibdocs.re/IB%20PAST%20PAPERS%20-%20YEAR/2025%20Examination%20Session/May%202025%20Examination%20Session/Mathematics,resources/private/past-papers/2022-2026/mathematics-sciences/2025/May 2025 Examination Session/Mathematics/Mathematics_analysis_and_approaches_paper_2_TZ2_HL_Spanish.pdf,downloaded,791189,372694201e2b95744e32f404ab3e4098f5c2c2aeba94daff7ab7df3f876dc352,2026-09-02,Unofficial mirror copy; private school research/reference only; authenticity and redistribution rights not established; do not commit or redistribute.
2025,May 2025 Examination Session,mathematics-analysis-and-approaches,English or unspecified,unspecified,question-paper,Mathematics_analysis_and_approaches_paper_2_TZ2_HL.pdf,https://dl.ibdocs.re/p/IB%20PAST%20PAPERS%20-%20YEAR/2025%20Examination%20Session/May%202025%20Examination%20Session/Mathematics/Mathematics_analysis_and_approaches_paper_2_TZ2_HL.pdf,https://dl.ibdocs.re/IB%20PAST%20PAPERS%20-%20YEAR/2025%20Examination%20Session/May%202025%20Examination%20Session/Mathematics,resources/private/past-papers/2022-2026/mathematics-sciences/2025/May 2025 Examination Session/Mathematics/Mathematics_analysis_and_approaches_paper_2_TZ2_HL.pdf,downloaded,786418,4a37534d274cccd613a2e76ba9920c9597df903ac863cab365567fa73e5f34ed,2026-09-02,Unofficial mirror copy; private school research/reference only; authenticity and redistribution rights not established; do not commit or redistribute.
2025,May 2025 Examination Session,mathematics-analysis-and-approaches,English or unspecified,unspecified,markscheme,Mathematics_analysis_and_approaches_paper_2_TZ2_SL_markscheme.pdf,https://dl.ibdocs.re/p/IB%20PAST%20PAPERS%20-%20YEAR/2025%20Examination%20Session/May%202025%20Examination%20Session/Mathematics/Mathematics_analysis_and_approaches_paper_2_TZ2_SL_markscheme.pdf,https://dl.ibdocs.re/IB%20PAST%20PAPERS%20-%20YEAR/2025%20Examination%20Session/May%202025%20Examination%20Session/Mathematics,resources/private/past-papers/2022-2026/mathematics-sciences/2025/May 2025 Examination Session/Mathematics/Mathematics_analysis_and_approaches_paper_2_TZ2_SL_markscheme.pdf,downloaded,475192,7f89a898003c7848f1b33fb13403a6de7fcc4a2aaf945f9e060195dee5b3ff85,2026-09-02,Unofficial mirror copy; private school research/reference only; authenticity and redistribution rights not established; do not commit or redistribute.
2025,May 2025 Examination Session,mathematics-analysis-and-approaches,Spanish,unspecified,question-paper,Mathematics_analysis_and_approaches_paper_2_TZ2_SL_Spanish.pdf,https://dl.ibdocs.re/p/IB%20PAST%20PAPERS%20-%20YEAR/2025%20Examination%20Session/May%202025%20Examination%20Session/Mathematics/Mathematics_analysis_and_approaches_paper_2_TZ2_SL_Spanish.pdf,https://dl.ibdocs.re/IB%20PAST%20PAPERS%20-%20YEAR/2025%20Examination%20Session/May%202025%20Examination%20Session/Mathematics,resources/private/past-papers/2022-2026/mathematics-sciences/2025/May 2025 Examination Session/Mathematics/Mathematics_analysis_and_approaches_paper_2_TZ2_SL_Spanish.pdf,downloaded,752780,26576958b5708aa70cfd68248fa1d378ee2061f6b5ea138db4aa4a81abfa2745,2026-09-02,Unofficial mirror copy; private school research/reference only; authenticity and redistribution rights not established; do not commit or redistribute.
2025,May 2025 Examination Session,mathematics-analysis-and-approaches,English or unspecified,unspecified,question-paper,Mathematics_analysis_and_approaches_paper_2_TZ2_SL.pdf,https://dl.ibdocs.re/p/IB%20PAST%20PAPERS%20-%20YEAR/2025%20Examination%20Session/May%202025%20Examination%20Session/Mathematics/Mathematics_analysis_and_approaches_paper_2_TZ2_SL.pdf,https://dl.ibdocs.re/IB%20PAST%20PAPERS%20-%20YEAR/2025%20Examination%20Session/May%202025%20Examination%20Session/Mathematics,resources/private/past-papers/2022-2026/mathematics-sciences/2025/May 2025 Examination Session/Mathematics/Mathematics_analysis_and_approaches_paper_2_TZ2_SL.pdf,downloaded,749317,49fee0a3038ec875cda2c32784b714d7ee75c540420631b28b23c41f75d7aef0,2026-09-02,Unofficial mirror copy; private school research/reference only; authenticity and redistribution rights not established; do not commit or redistribute.
2025,May 2025 Examination Session,mathematics-analysis-and-approaches,French,unspecified,question-paper,Mathematics_analysis_and_approaches_paper_2_TZ3_HL_French.pdf,https://dl.ibdocs.re/p/IB%20PAST%20PAPERS%20-%20YEAR/2025%20Examination%20Session/May%202025%20Examination%20Session/Mathematics/Mathematics_analysis_and_approaches_paper_2_TZ3_HL_French.pdf,https://dl.ibdocs.re/IB%20PAST%20PAPERS%20-%20YEAR/2025%20Examination%20Session/May%202025%20Examination%20Session/Mathematics,resources/private/past-papers/2022-2026/mathematics-sciences/2025/May 2025 Examination Session/Mathematics/Mathematics_analysis_and_approaches_paper_2_TZ3_HL_French.pdf,downloaded,1354632,846b929cbcca81b4767b2ed0ec391dba9c7b4998a980dc399de4f4141c7bb791,2026-09-02,Unofficial mirror copy; private school research/reference only; authenticity and redistribution rights not established; do not commit or redistribute.
2025,May 2025 Examination Session,mathematics-analysis-and-approaches,English or unspecified,unspecified,markscheme,Mathematics_analysis_and_approaches_paper_2_TZ3_HL_markscheme.pdf,https://dl.ibdocs.re/p/IB%20PAST%20PAPERS%20-%20YEAR/2025%20Examination%20Session/May%202025%20Examination%20Session/Mathematics/Mathematics_analysis_and_approaches_paper_2_TZ3_HL_markscheme.pdf,https://dl.ibdocs.re/IB%20PAST%20PAPERS%20-%20YEAR/2025%20Examination%20Session/May%202025%20Examination%20Session/Mathematics,resources/private/past-papers/2022-2026/mathematics-sciences/2025/May 2025 Examination Session/Mathematics/Mathematics_analysis_and_approaches_paper_2_TZ3_HL_markscheme.pdf,downloaded,567176,4010cc64ba524e4c498c44aeb9a9e86e11e44977ae136c969a81c3c25aba91a4,2026-09-02,Unofficial mirror copy; private school research/reference only; authenticity and redistribution rights not established; do not commit or redistribute.
2025,May 2025 Examination Session,mathematics-analysis-and-approaches,English or unspecified,unspecified,question-paper,Mathematics_analysis_and_approaches_paper_2_TZ3_HL.pdf,https://dl.ibdocs.re/p/IB%20PAST%20PAPERS%20-%20YEAR/2025%20Examination%20Session/May%202025%20Examination%20Session/Mathematics/Mathematics_analysis_and_approaches_paper_2_TZ3_HL.pdf,https://dl.ibdocs.re/IB%20PAST%20PAPERS%20-%20YEAR/2025%20Examination%20Session/May%202025%20Examination%20Session/Mathematics,resources/private/past-papers/2022-2026/mathematics-sciences/2025/May 2025 Examination Session/Mathematics/Mathematics_analysis_and_approaches_paper_2_TZ3_HL.pdf,downloaded,1351400,dac1f058f938e765ba57cc5dc485e46a4189da1fbd02485d9e154409a624b483,2026-09-02,Unofficial mirror copy; private school research/reference only; authenticity and redistribution rights not established; do not commit or redistribute.
2025,May 2025 Examination Session,mathematics-analysis-and-approaches,French,unspecified,question-paper,Mathematics_analysis_and_approaches_paper_2_TZ3_SL_French.pdf,https://dl.ibdocs.re/p/IB%20PAST%20PAPERS%20-%20YEAR/2025%20Examination%20Session/May%202025%20Examination%20Session/Mathematics/Mathematics_analysis_and_approaches_paper_2_TZ3_SL_French.pdf,https://dl.ibdocs.re/IB%20PAST%20PAPERS%20-%20YEAR/2025%20Examination%20Session/May%202025%20Examination%20Session/Mathematics,resources/private/past-papers/2022-2026/mathematics-sciences/2025/May 2025 Examination Session/Mathematics/Mathematics_analysis_and_approaches_paper_2_TZ3_SL_French.pdf,downloaded,1228752,04ce66ed7bd88dea7b04fbeb2721339aecdce196fb283716ca2ea5b55c02a65a,2026-09-02,Unofficial mirror copy; private school research/reference only; authenticity and redistribution rights not established; do not commit or redistribute.
2025,May 2025 Examination Session,mathematics-analysis-and-approaches,English or unspecified,unspecified,markscheme,Mathematics_analysis_and_approaches_paper_2_TZ3_SL_markscheme.pdf,https://dl.ibdocs.re/p/IB%20PAST%20PAPERS%20-%20YEAR/2025%20Examination%20Session/May%202025%20Examination%20Session/Mathematics/Mathematics_analysis_and_approaches_paper_2_TZ3_SL_markscheme.pdf,https://dl.ibdocs.re/IB%20PAST%20PAPERS%20-%20YEAR/2025%20Examination%20Session/May%202025%20Examination%20Session/Mathematics,resources/private/past-papers/2022-2026/mathematics-sciences/2025/May 2025 Examination Session/Mathematics/Mathematics_analysis_and_approaches_paper_2_TZ3_SL_markscheme.pdf,downloaded,444501,a53cb5ff10a3b0fdd239955a7a4c57486f73eb6c1252a81a0c52365e57531f5e,2026-09-02,Unofficial mirror copy; private school research/reference only; authenticity and redistribution rights not established; do not commit or redistribute.
2025,May 2025 Examination Session,mathematics-analysis-and-approaches,Spanish,unspecified,question-paper,Mathematics_analysis_and_approaches_paper_2_TZ3_SL_Spanish.pdf,https://dl.ibdocs.re/p/IB%20PAST%20PAPERS%20-%20YEAR/2025%20Examination%20Session/May%202025%20Examination%20Session/Mathematics/Mathematics_analysis_and_approaches_paper_2_TZ3_SL_Spanish.pdf,https://dl.ibdocs.re/IB%20PAST%20PAPERS%20-%20YEAR/2025%20Examination%20Session/May%202025%20Examination%20Session/Mathematics,resources/private/past-papers/2022-2026/mathematics-sciences/2025/May 2025 Examination Session/Mathematics/Mathematics_analysis_and_approaches_paper_2_TZ3_SL_Spanish.pdf,downloaded,1228921,a965f8850b9e88b6f85c758ab2f9e9d7afa35587ec874e3983d57587505a42a0,2026-09-02,Unofficial mirror copy; private school research/reference only; authenticity and redistribution rights not established; do not commit or redistribute.
2025,May 2025 Examination Session,mathematics-analysis-and-approaches,English or unspecified,unspecified,question-paper,Mathematics_analysis_and_approaches_paper_2_TZ3_SL.pdf,https://dl.ibdocs.re/p/IB%20PAST%20PAPERS%20-%20YEAR/2025%20Examination%20Session/May%202025%20Examination%20Session/Mathematics/Mathematics_analysis_and_approaches_paper_2_TZ3_SL.pdf,https://dl.ibdocs.re/IB%20PAST%20PAPERS%20-%20YEAR/2025%20Examination%20Session/May%202025%20Examination%20Session/Mathematics,resources/private/past-papers/2022-2026/mathematics-sciences/2025/May 2025 Examination Session/Mathematics/Mathematics_analysis_and_approaches_paper_2_TZ3_SL.pdf,downloaded,1226729,9f35acfefe915bdf838fcebd82bf7f7ac6a47fccf1fe9ed2aca72a33baeba4ce,2026-09-02,Unofficial mirror copy; private school research/reference only; authenticity and redistribution rights not established; do not commit or redistribute.
2025,May 2025 Examination Session,mathematics-analysis-and-approaches,English or unspecified,unspecified,markscheme,Mathematics_analysis_and_approaches_paper_3_TZ1_HL_markscheme.pdf,https://dl.ibdocs.re/p/IB%20PAST%20PAPERS%20-%20YEAR/2025%20Examination%20Session/May%202025%20Examination%20Session/Mathematics/Mathematics_analysis_and_approaches_paper_3_TZ1_HL_markscheme.pdf,https://dl.ibdocs.re/IB%20PAST%20PAPERS%20-%20YEAR/2025%20Examination%20Session/May%202025%20Examination%20Session/Mathematics,resources/private/past-papers/2022-2026/mathematics-sciences/2025/May 2025 Examination Session/Mathematics/Mathematics_analysis_and_approaches_paper_3_TZ1_HL_markscheme.pdf,downloaded,469776,c3ac59ca1f75321316b323a84dd6632060887d68e1b06112898cceb5d66fc30b,2026-09-02,Unofficial mirror copy; private school research/reference only; authenticity and redistribution rights not established; do not commit or redistribute.
2025,May 2025 Examination Session,mathematics-analysis-and-approaches,English or unspecified,unspecified,question-paper,Mathematics_analysis_and_approaches_paper_3_TZ1_HL.pdf,https://dl.ibdocs.re/p/IB%20PAST%20PAPERS%20-%20YEAR/2025%20Examination%20Session/May%202025%20Examination%20Session/Mathematics/Mathematics_analysis_and_approaches_paper_3_TZ1_HL.pdf,https://dl.ibdocs.re/IB%20PAST%20PAPERS%20-%20YEAR/2025%20Examination%20Session/May%202025%20Examination%20Session/Mathematics,resources/private/past-papers/2022-2026/mathematics-sciences/2025/May 2025 Examination Session/Mathematics/Mathematics_analysis_and_approaches_paper_3_TZ1_HL.pdf,downloaded,460412,f011fbafd0e27b66f47019881b97a38ab1627872535ac0e0141ba676a94c4047,2026-09-02,Unofficial mirror copy; private school research/reference only; authenticity and redistribution rights not established; do not commit or redistribute.
2025,May 2025 Examination Session,mathematics-analysis-and-approaches,German,unspecified,question-paper,Mathematics_analysis_and_approaches_paper_3_TZ2_[German]_HL.pdf,https://dl.ibdocs.re/p/IB%20PAST%20PAPERS%20-%20YEAR/2025%20Examination%20Session/May%202025%20Examination%20Session/Mathematics/Mathematics_analysis_and_approaches_paper_3_TZ2_%5BGerman%5D_HL.pdf,https://dl.ibdocs.re/IB%20PAST%20PAPERS%20-%20YEAR/2025%20Examination%20Session/May%202025%20Examination%20Session/Mathematics,resources/private/past-papers/2022-2026/mathematics-sciences/2025/May 2025 Examination Session/Mathematics/Mathematics_analysis_and_approaches_paper_3_TZ2_[German]_HL.pdf,downloaded,818894,ceb466a3fe6809490ae1589cc12a2e6a5de2761d30e6f9fe6d46d46e8dd2bcdd,2026-09-02,Unofficial mirror copy; private school research/reference only; authenticity and redistribution rights not established; do not commit or redistribute.
2025,May 2025 Examination Session,mathematics-analysis-and-approaches,English or unspecified,unspecified,markscheme,Mathematics_analysis_and_approaches_paper_3_TZ2_HL_markscheme.pdf,https://dl.ibdocs.re/p/IB%20PAST%20PAPERS%20-%20YEAR/2025%20Examination%20Session/May%202025%20Examination%20Session/Mathematics/Mathematics_analysis_and_approaches_paper_3_TZ2_HL_markscheme.pdf,https://dl.ibdocs.re/IB%20PAST%20PAPERS%20-%20YEAR/2025%20Examination%20Session/May%202025%20Examination%20Session/Mathematics,resources/private/past-papers/2022-2026/mathematics-sciences/2025/May 2025 Examination Session/Mathematics/Mathematics_analysis_and_approaches_paper_3_TZ2_HL_markscheme.pdf,downloaded,573813,e78e884d450c1ff357d651186eed474348ff20c357972a32f4bd9bf9d5d89354,2026-09-02,Unofficial mirror copy; private school research/reference only; authenticity and redistribution rights not established; do not commit or redistribute.
2025,May 2025 Examination Session,mathematics-analysis-and-approaches,Spanish,unspecified,question-paper,Mathematics_analysis_and_approaches_paper_3_TZ2_HL_Spanish.pdf,https://dl.ibdocs.re/p/IB%20PAST%20PAPERS%20-%20YEAR/2025%20Examination%20Session/May%202025%20Examination%20Session/Mathematics/Mathematics_analysis_and_approaches_paper_3_TZ2_HL_Spanish.pdf,https://dl.ibdocs.re/IB%20PAST%20PAPERS%20-%20YEAR/2025%20Examination%20Session/May%202025%20Examination%20Session/Mathematics,resources/private/past-papers/2022-2026/mathematics-sciences/2025/May 2025 Examination Session/Mathematics/Mathematics_analysis_and_approaches_paper_3_TZ2_HL_Spanish.pdf,downloaded,806073,bbb1d15cf8459212aa3d61d3e04d8d38fd0cc1ba3d81d021a55fb1bfe89858df,2026-09-02,Unofficial mirror copy; private school research/reference only; authenticity and redistribution rights not established; do not commit or redistribute.
2025,May 2025 Examination Session,mathematics-analysis-and-approaches,English or unspecified,unspecified,question-paper,Mathematics_analysis_and_approaches_paper_3_TZ2_HL.pdf,https://dl.ibdocs.re/p/IB%20PAST%20PAPERS%20-%20YEAR/2025%20Examination%20Session/May%202025%20Examination%20Session/Mathematics/Mathematics_analysis_and_approaches_paper_3_TZ2_HL.pdf,https://dl.ibdocs.re/IB%20PAST%20PAPERS%20-%20YEAR/2025%20Examination%20Session/May%202025%20Examination%20Session/Mathematics,resources/private/past-papers/2022-2026/mathematics-sciences/2025/May 2025 Examination Session/Mathematics/Mathematics_analysis_and_approaches_paper_3_TZ2_HL.pdf,downloaded,800212,7f45e8681fe292c82c359263d4eee3051e78ca56c6c944b66cc1487ca049f273,2026-09-02,Unofficial mirror copy; private school research/reference only; authenticity and redistribution rights not established; do not commit or redistribute.
2025,May 2025 Examination Session,mathematics-analysis-and-approaches,French,unspecified,question-paper,Mathematics_analysis_and_approaches_paper_3_TZ3_HL_French.pdf,https://dl.ibdocs.re/p/IB%20PAST%20PAPERS%20-%20YEAR/2025%20Examination%20Session/May%202025%20Examination%20Session/Mathematics/Mathematics_analysis_and_approaches_paper_3_TZ3_HL_French.pdf,https://dl.ibdocs.re/IB%20PAST%20PAPERS%20-%20YEAR/2025%20Examination%20Session/May%202025%20Examination%20Session/Mathematics,resources/private/past-papers/2022-2026/mathematics-sciences/2025/May 2025 Examination Session/Mathematics/Mathematics_analysis_and_approaches_paper_3_TZ3_HL_French.pdf,downloaded,490638,3be6a984c336c0f6e5b463bc5d781661d0bc6ba0693a608646431f98c14689e2,2026-09-02,Unofficial mirror copy; private school research/reference only; authenticity and redistribution rights not established; do not commit or redistribute.
2025,May 2025 Examination Session,mathematics-analysis-and-approaches,English or unspecified,unspecified,markscheme,Mathematics_analysis_and_approaches_paper_3_TZ3_HL_markscheme.pdf,https://dl.ibdocs.re/p/IB%20PAST%20PAPERS%20-%20YEAR/2025%20Examination%20Session/May%202025%20Examination%20Session/Mathematics/Mathematics_analysis_and_approaches_paper_3_TZ3_HL_markscheme.pdf,https://dl.ibdocs.re/IB%20PAST%20PAPERS%20-%20YEAR/2025%20Examination%20Session/May%202025%20Examination%20Session/Mathematics,resources/private/past-papers/2022-2026/mathematics-sciences/2025/May 2025 Examination Session/Mathematics/Mathematics_analysis_and_approaches_paper_3_TZ3_HL_markscheme.pdf,downloaded,467003,35213f756743c0b89e0d563fd3976b32167b1e3996de6e464efec1a9061baf97,2026-09-02,Unofficial mirror copy; private school research/reference only; authenticity and redistribution rights not established; do not commit or redistribute.
2025,May 2025 Examination Session,mathematics-analysis-and-approaches,English or unspecified,unspecified,question-paper,Mathematics_analysis_and_approaches_paper_3_TZ3_HL.pdf,https://dl.ibdocs.re/p/IB%20PAST%20PAPERS%20-%20YEAR/2025%20Examination%20Session/May%202025%20Examination%20Session/Mathematics/Mathematics_analysis_and_approaches_paper_3_TZ3_HL.pdf,https://dl.ibdocs.re/IB%20PAST%20PAPERS%20-%20YEAR/2025%20Examination%20Session/May%202025%20Examination%20Session/Mathematics,resources/private/past-papers/2022-2026/mathematics-sciences/2025/May 2025 Examination Session/Mathematics/Mathematics_analysis_and_approaches_paper_3_TZ3_HL.pdf,downloaded,485837,97d44409251eccc0aa10c43febd2f3977532bc010e5ccaa7856ba9a8b2f93f34,2026-09-02,Unofficial mirror copy; private school research/reference only; authenticity and redistribution rights not established; do not commit or redistribute.
2025,May 2025 Examination Session,mathematics-applications-and-interpretation,English or unspecified,unspecified,markscheme,Mathematics_applications_and_interpretation_paper_1_TZ1_HL_markscheme.pdf,https://dl.ibdocs.re/p/IB%20PAST%20PAPERS%20-%20YEAR/2025%20Examination%20Session/May%202025%20Examination%20Session/Mathematics/Mathematics_applications_and_interpretation_paper_1_TZ1_HL_markscheme.pdf,https://dl.ibdocs.re/IB%20PAST%20PAPERS%20-%20YEAR/2025%20Examination%20Session/May%202025%20Examination%20Session/Mathematics,resources/private/past-papers/2022-2026/mathematics-sciences/2025/May 2025 Examination Session/Mathematics/Mathematics_applications_and_interpretation_paper_1_TZ1_HL_markscheme.pdf,downloaded,875526,0f225850b0f06f26b08596f0dd1df4bb7047a7fe99ff375f2bd7735573f7ce4f,2026-09-02,Unofficial mirror copy; private school research/reference only; authenticity and redistribution rights not established; do not commit or redistribute.
2025,May 2025 Examination Session,mathematics-applications-and-interpretation,English or unspecified,unspecified,question-paper,Mathematics_applications_and_interpretation_paper_1_TZ1_HL.pdf,https://dl.ibdocs.re/p/IB%20PAST%20PAPERS%20-%20YEAR/2025%20Examination%20Session/May%202025%20Examination%20Session/Mathematics/Mathematics_applications_and_interpretation_paper_1_TZ1_HL.pdf,https://dl.ibdocs.re/IB%20PAST%20PAPERS%20-%20YEAR/2025%20Examination%20Session/May%202025%20Examination%20Session/Mathematics,resources/private/past-papers/2022-2026/mathematics-sciences/2025/May 2025 Examination Session/Mathematics/Mathematics_applications_and_interpretation_paper_1_TZ1_HL.pdf,downloaded,1098743,e487416bf9536377f2c02c7233aa82c54d239896a5338ccde987f49c872cc0ee,2026-09-02,Unofficial mirror copy; private school research/reference only; authenticity and redistribution rights not established; do not commit or redistribute.
2025,May 2025 Examination Session,mathematics-applications-and-interpretation,English or unspecified,unspecified,markscheme,Mathematics_applications_and_interpretation_paper_1_TZ1_SL_markscheme.pdf,https://dl.ibdocs.re/p/IB%20PAST%20PAPERS%20-%20YEAR/2025%20Examination%20Session/May%202025%20Examination%20Session/Mathematics/Mathematics_applications_and_interpretation_paper_1_TZ1_SL_markscheme.pdf,https://dl.ibdocs.re/IB%20PAST%20PAPERS%20-%20YEAR/2025%20Examination%20Session/May%202025%20Examination%20Session/Mathematics,resources/private/past-papers/2022-2026/mathematics-sciences/2025/May 2025 Examination Session/Mathematics/Mathematics_applications_and_interpretation_paper_1_TZ1_SL_markscheme.pdf,downloaded,468410,95f8f6920b5d4be9edb8e2dd2c21cf929351161245e5819e59bcc3c10cc2a2cb,2026-09-02,Unofficial mirror copy; private school research/reference only; authenticity and redistribution rights not established; do not commit or redistribute.
2025,May 2025 Examination Session,mathematics-applications-and-interpretation,English or unspecified,unspecified,question-paper,Mathematics_applications_and_interpretation_paper_1_TZ1_SL.pdf,https://dl.ibdocs.re/p/IB%20PAST%20PAPERS%20-%20YEAR/2025%20Examination%20Session/May%202025%20Examination%20Session/Mathematics/Mathematics_applications_and_interpretation_paper_1_TZ1_SL.pdf,https://dl.ibdocs.re/IB%20PAST%20PAPERS%20-%20YEAR/2025%20Examination%20Session/May%202025%20Examination%20Session/Mathematics,resources/private/past-papers/2022-2026/mathematics-sciences/2025/May 2025 Examination Session/Mathematics/Mathematics_applications_and_interpretation_paper_1_TZ1_SL.pdf,downloaded,1115762,76730e66d5e240e33fd3f25e75f4fcc27a74bbd7b2de188b6e5770278d7df866,2026-09-02,Unofficial mirror copy; private school research/reference only; authenticity and redistribution rights not established; do not commit or redistribute.
2025,May 2025 Examination Session,mathematics-applications-and-interpretation,French,unspecified,question-paper,Mathematics_applications_and_interpretation_paper_1_TZ2_HL_French.pdf,https://dl.ibdocs.re/p/IB%20PAST%20PAPERS%20-%20YEAR/2025%20Examination%20Session/May%202025%20Examination%20Session/Mathematics/Mathematics_applications_and_interpretation_paper_1_TZ2_HL_French.pdf,https://dl.ibdocs.re/IB%20PAST%20PAPERS%20-%20YEAR/2025%20Examination%20Session/May%202025%20Examination%20Session/Mathematics,resources/private/past-papers/2022-2026/mathematics-sciences/2025/May 2025 Examination Session/Mathematics/Mathematics_applications_and_interpretation_paper_1_TZ2_HL_French.pdf,downloaded,1219519,40f7033f33965390eb259ebdd037376bbb406edecd7cd28734a931bc078c872a,2026-09-02,Unofficial mirror copy; private school research/reference only; authenticity and redistribution rights not established; do not commit or redistribute.
2025,May 2025 Examination Session,mathematics-applications-and-interpretation,English or unspecified,unspecified,markscheme,Mathematics_applications_and_interpretation_paper_1_TZ2_HL_markscheme.pdf,https://dl.ibdocs.re/p/IB%20PAST%20PAPERS%20-%20YEAR/2025%20Examination%20Session/May%202025%20Examination%20Session/Mathematics/Mathematics_applications_and_interpretation_paper_1_TZ2_HL_markscheme.pdf,https://dl.ibdocs.re/IB%20PAST%20PAPERS%20-%20YEAR/2025%20Examination%20Session/May%202025%20Examination%20Session/Mathematics,resources/private/past-papers/2022-2026/mathematics-sciences/2025/May 2025 Examination Session/Mathematics/Mathematics_applications_and_interpretation_paper_1_TZ2_HL_markscheme.pdf,downloaded,643538,0f4b42c801c2d75029576639300b72578307c6855c6a6ca51b06c393d9217c11,2026-09-02,Unofficial mirror copy; private school research/reference only; authenticity and redistribution rights not established; do not commit or redistribute.
2025,May 2025 Examination Session,mathematics-applications-and-interpretation,English or unspecified,unspecified,question-paper,Mathematics_applications_and_interpretation_paper_1_TZ2_HL.pdf,https://dl.ibdocs.re/p/IB%20PAST%20PAPERS%20-%20YEAR/2025%20Examination%20Session/May%202025%20Examination%20Session/Mathematics/Mathematics_applications_and_interpretation_paper_1_TZ2_HL.pdf,https://dl.ibdocs.re/IB%20PAST%20PAPERS%20-%20YEAR/2025%20Examination%20Session/May%202025%20Examination%20Session/Mathematics,resources/private/past-papers/2022-2026/mathematics-sciences/2025/May 2025 Examination Session/Mathematics/Mathematics_applications_and_interpretation_paper_1_TZ2_HL.pdf,downloaded,1215390,9c897e8c684a6ba0a4eec63479ea237c05e07bfe49662e1b7d0611aa125558c8,2026-09-02,Unofficial mirror copy; private school research/reference only; authenticity and redistribution rights not established; do not commit or redistribute.
2025,May 2025 Examination Session,mathematics-applications-and-interpretation,French,unspecified,question-paper,Mathematics_applications_and_interpretation_paper_1_TZ2_SL_French.pdf,https://dl.ibdocs.re/p/IB%20PAST%20PAPERS%20-%20YEAR/2025%20Examination%20Session/May%202025%20Examination%20Session/Mathematics/Mathematics_applications_and_interpretation_paper_1_TZ2_SL_French.pdf,https://dl.ibdocs.re/IB%20PAST%20PAPERS%20-%20YEAR/2025%20Examination%20Session/May%202025%20Examination%20Session/Mathematics,resources/private/past-papers/2022-2026/mathematics-sciences/2025/May 2025 Examination Session/Mathematics/Mathematics_applications_and_interpretation_paper_1_TZ2_SL_French.pdf,downloaded,1313074,f4dcaf5942e3ffa5ba890a4e2b438b34c9a1d43e2275a0dfdcb237868b6a7beb,2026-09-02,Unofficial mirror copy; private school research/reference only; authenticity and redistribution rights not established; do not commit or redistribute.
2025,May 2025 Examination Session,mathematics-applications-and-interpretation,English or unspecified,unspecified,markscheme,Mathematics_applications_and_interpretation_paper_1_TZ2_SL_markscheme.pdf,https://dl.ibdocs.re/p/IB%20PAST%20PAPERS%20-%20YEAR/2025%20Examination%20Session/May%202025%20Examination%20Session/Mathematics/Mathematics_applications_and_interpretation_paper_1_TZ2_SL_markscheme.pdf,https://dl.ibdocs.re/IB%20PAST%20PAPERS%20-%20YEAR/2025%20Examination%20Session/May%202025%20Examination%20Session/Mathematics,resources/private/past-papers/2022-2026/mathematics-sciences/2025/May 2025 Examination Session/Mathematics/Mathematics_applications_and_interpretation_paper_1_TZ2_SL_markscheme.pdf,downloaded,552762,f4a9a743c4ded31d93a12e76bf9f4c9ddf52342ce93a2aca1843870ac344ff00,2026-09-02,Unofficial mirror copy; private school research/reference only; authenticity and redistribution rights not established; do not commit or redistribute.
2025,May 2025 Examination Session,mathematics-applications-and-interpretation,Spanish,unspecified,question-paper,Mathematics_applications_and_interpretation_paper_1_TZ2_SL_Spanish.pdf,https://dl.ibdocs.re/p/IB%20PAST%20PAPERS%20-%20YEAR/2025%20Examination%20Session/May%202025%20Examination%20Session/Mathematics/Mathematics_applications_and_interpretation_paper_1_TZ2_SL_Spanish.pdf,https://dl.ibdocs.re/IB%20PAST%20PAPERS%20-%20YEAR/2025%20Examination%20Session/May%202025%20Examination%20Session/Mathematics,resources/private/past-papers/2022-2026/mathematics-sciences/2025/May 2025 Examination Session/Mathematics/Mathematics_applications_and_interpretation_paper_1_TZ2_SL_Spanish.pdf,downloaded,1303596,8feaa4fa4b6b979e27f321c341fa3aed4186cd7351d794f306858c78a19fbe31,2026-09-02,Unofficial mirror copy; private school research/reference only; authenticity and redistribution rights not established; do not commit or redistribute.
2025,May 2025 Examination Session,mathematics-applications-and-interpretation,English or unspecified,unspecified,question-paper,Mathematics_applications_and_interpretation_paper_1_TZ2_SL.pdf,https://dl.ibdocs.re/p/IB%20PAST%20PAPERS%20-%20YEAR/2025%20Examination%20Session/May%202025%20Examination%20Session/Mathematics/Mathematics_applications_and_interpretation_paper_1_TZ2_SL.pdf,https://dl.ibdocs.re/IB%20PAST%20PAPERS%20-%20YEAR/2025%20Examination%20Session/May%202025%20Examination%20Session/Mathematics,resources/private/past-papers/2022-2026/mathematics-sciences/2025/May 2025 Examination Session/Mathematics/Mathematics_applications_and_interpretation_paper_1_TZ2_SL.pdf,downloaded,1308747,f0e2932ea51272bed76a54cff8cc648fb64b40d3e4ccc181438b605e00e0012b,2026-09-02,Unofficial mirror copy; private school research/reference only; authenticity and redistribution rights not established; do not commit or redistribute.
2025,May 2025 Examination Session,mathematics-applications-and-interpretation,English or unspecified,unspecified,markscheme,Mathematics_applications_and_interpretation_paper_1_TZ3_HL_markscheme.pdf,https://dl.ibdocs.re/p/IB%20PAST%20PAPERS%20-%20YEAR/2025%20Examination%20Session/May%202025%20Examination%20Session/Mathematics/Mathematics_applications_and_interpretation_paper_1_TZ3_HL_markscheme.pdf,https://dl.ibdocs.re/IB%20PAST%20PAPERS%20-%20YEAR/2025%20Examination%20Session/May%202025%20Examination%20Session/Mathematics,resources/private/past-papers/2022-2026/mathematics-sciences/2025/May 2025 Examination Session/Mathematics/Mathematics_applications_and_interpretation_paper_1_TZ3_HL_markscheme.pdf,downloaded,578508,9f4a9bd98dd0bc3ad0cdae52a656eb39103a1dbf9e95393dd7289bd026683a68,2026-09-02,Unofficial mirror copy; private school research/reference only; authenticity and redistribution rights not established; do not commit or redistribute.
2025,May 2025 Examination Session,mathematics-applications-and-interpretation,Spanish,unspecified,question-paper,Mathematics_applications_and_interpretation_paper_1_TZ3_HL_Spanish.pdf,https://dl.ibdocs.re/p/IB%20PAST%20PAPERS%20-%20YEAR/2025%20Examination%20Session/May%202025%20Examination%20Session/Mathematics/Mathematics_applications_and_interpretation_paper_1_TZ3_HL_Spanish.pdf,https://dl.ibdocs.re/IB%20PAST%20PAPERS%20-%20YEAR/2025%20Examination%20Session/May%202025%20Examination%20Session/Mathematics,resources/private/past-papers/2022-2026/mathematics-sciences/2025/May 2025 Examination Session/Mathematics/Mathematics_applications_and_interpretation_paper_1_TZ3_HL_Spanish.pdf,downloaded,1120687,552b77cad2e04c4be6d336b2705ddbc732e6f730cb670229687f9a81e1fa5ebb,2026-09-02,Unofficial mirror copy; private school research/reference only; authenticity and redistribution rights not established; do not commit or redistribute.
2025,May 2025 Examination Session,mathematics-applications-and-interpretation,English or unspecified,unspecified,question-paper,Mathematics_applications_and_interpretation_paper_1_TZ3_HL.pdf,https://dl.ibdocs.re/p/IB%20PAST%20PAPERS%20-%20YEAR/2025%20Examination%20Session/May%202025%20Examination%20Session/Mathematics/Mathematics_applications_and_interpretation_paper_1_TZ3_HL.pdf,https://dl.ibdocs.re/IB%20PAST%20PAPERS%20-%20YEAR/2025%20Examination%20Session/May%202025%20Examination%20Session/Mathematics,resources/private/past-papers/2022-2026/mathematics-sciences/2025/May 2025 Examination Session/Mathematics/Mathematics_applications_and_interpretation_paper_1_TZ3_HL.pdf,downloaded,1108343,1a8771c21bd0bee0781bca60f79020ce1661bd44cf6fe577d5d188b4c447a6b0,2026-09-02,Unofficial mirror copy; private school research/reference only; authenticity and redistribution rights not established; do not commit or redistribute.
2025,May 2025 Examination Session,mathematics-applications-and-interpretation,English or unspecified,unspecified,markscheme,Mathematics_applications_and_interpretation_paper_1_TZ3_SL_markscheme.pdf,https://dl.ibdocs.re/p/IB%20PAST%20PAPERS%20-%20YEAR/2025%20Examination%20Session/May%202025%20Examination%20Session/Mathematics/Mathematics_applications_and_interpretation_paper_1_TZ3_SL_markscheme.pdf,https://dl.ibdocs.re/IB%20PAST%20PAPERS%20-%20YEAR/2025%20Examination%20Session/May%202025%20Examination%20Session/Mathematics,resources/private/past-papers/2022-2026/mathematics-sciences/2025/May 2025 Examination Session/Mathematics/Mathematics_applications_and_interpretation_paper_1_TZ3_SL_markscheme.pdf,downloaded,567910,8c67c67b096e409a5bc80c678b7243910a9f5fc7c6cb3777fd86b752977ab126,2026-09-02,Unofficial mirror copy; private school research/reference only; authenticity and redistribution rights not established; do not commit or redistribute.
2025,May 2025 Examination Session,mathematics-applications-and-interpretation,Spanish,unspecified,question-paper,Mathematics_applications_and_interpretation_paper_1_TZ3_SL_Spanish.pdf,https://dl.ibdocs.re/p/IB%20PAST%20PAPERS%20-%20YEAR/2025%20Examination%20Session/May%202025%20Examination%20Session/Mathematics/Mathematics_applications_and_interpretation_paper_1_TZ3_SL_Spanish.pdf,https://dl.ibdocs.re/IB%20PAST%20PAPERS%20-%20YEAR/2025%20Examination%20Session/May%202025%20Examination%20Session/Mathematics,resources/private/past-papers/2022-2026/mathematics-sciences/2025/May 2025 Examination Session/Mathematics/Mathematics_applications_and_interpretation_paper_1_TZ3_SL_Spanish.pdf,downloaded,1145226,47e99e4bf972d305ef5419d90ce183d33721acd7fe75593b99665d634f28fdbd,2026-09-02,Unofficial mirror copy; private school research/reference only; authenticity and redistribution rights not established; do not commit or redistribute.
2025,May 2025 Examination Session,mathematics-applications-and-interpretation,English or unspecified,unspecified,question-paper,Mathematics_applications_and_interpretation_paper_1_TZ3_SL.pdf,https://dl.ibdocs.re/p/IB%20PAST%20PAPERS%20-%20YEAR/2025%20Examination%20Session/May%202025%20Examination%20Session/Mathematics/Mathematics_applications_and_interpretation_paper_1_TZ3_SL.pdf,https://dl.ibdocs.re/IB%20PAST%20PAPERS%20-%20YEAR/2025%20Examination%20Session/May%202025%20Examination%20Session/Mathematics,resources/private/past-papers/2022-2026/mathematics-sciences/2025/May 2025 Examination Session/Mathematics/Mathematics_applications_and_interpretation_paper_1_TZ3_SL.pdf,downloaded,1134367,553d41dd4238860249bbf15a4373df1eed2369ada127dd3861a50a032b51eaee,2026-09-02,Unofficial mirror copy; private school research/reference only; authenticity and redistribution rights not established; do not commit or redistribute.
2025,May 2025 Examination Session,mathematics-applications-and-interpretation,English or unspecified,unspecified,markscheme,Mathematics_applications_and_interpretation_paper_2_TZ1_HL_markscheme.pdf,https://dl.ibdocs.re/p/IB%20PAST%20PAPERS%20-%20YEAR/2025%20Examination%20Session/May%202025%20Examination%20Session/Mathematics/Mathematics_applications_and_interpretation_paper_2_TZ1_HL_markscheme.pdf,https://dl.ibdocs.re/IB%20PAST%20PAPERS%20-%20YEAR/2025%20Examination%20Session/May%202025%20Examination%20Session/Mathematics,resources/private/past-papers/2022-2026/mathematics-sciences/2025/May 2025 Examination Session/Mathematics/Mathematics_applications_and_interpretation_paper_2_TZ1_HL_markscheme.pdf,downloaded,651938,b6b5a88a74350ad18aa3c2a0da2415f58dfa3f2bb06c3cdd4ffe059d710ec596,2026-09-02,Unofficial mirror copy; private school research/reference only; authenticity and redistribution rights not established; do not commit or redistribute.
2025,May 2025 Examination Session,mathematics-applications-and-interpretation,English or unspecified,unspecified,question-paper,Mathematics_applications_and_interpretation_paper_2_TZ1_HL.pdf,https://dl.ibdocs.re/p/IB%20PAST%20PAPERS%20-%20YEAR/2025%20Examination%20Session/May%202025%20Examination%20Session/Mathematics/Mathematics_applications_and_interpretation_paper_2_TZ1_HL.pdf,https://dl.ibdocs.re/IB%20PAST%20PAPERS%20-%20YEAR/2025%20Examination%20Session/May%202025%20Examination%20Session/Mathematics,resources/private/past-papers/2022-2026/mathematics-sciences/2025/May 2025 Examination Session/Mathematics/Mathematics_applications_and_interpretation_paper_2_TZ1_HL.pdf,downloaded,715314,f7b964af9eb031823e3d7ec8e32d9c3c63990c1685152fde3764265e48eccaba,2026-09-02,Unofficial mirror copy; private school research/reference only; authenticity and redistribution rights not established; do not commit or redistribute.
2025,May 2025 Examination Session,mathematics-applications-and-interpretation,English or unspecified,unspecified,markscheme,Mathematics_applications_and_interpretation_paper_2_TZ1_SL_markscheme.pdf,https://dl.ibdocs.re/p/IB%20PAST%20PAPERS%20-%20YEAR/2025%20Examination%20Session/May%202025%20Examination%20Session/Mathematics/Mathematics_applications_and_interpretation_paper_2_TZ1_SL_markscheme.pdf,https://dl.ibdocs.re/IB%20PAST%20PAPERS%20-%20YEAR/2025%20Examination%20Session/May%202025%20Examination%20Session/Mathematics,resources/private/past-papers/2022-2026/mathematics-sciences/2025/May 2025 Examination Session/Mathematics/Mathematics_applications_and_interpretation_paper_2_TZ1_SL_markscheme.pdf,downloaded,509329,175a0f7fb06d1e85d67aa525d34c3c6782b33bcc406788b34110655fc31c9c7f,2026-09-02,Unofficial mirror copy; private school research/reference only; authenticity and redistribution rights not established; do not commit or redistribute.
2025,May 2025 Examination Session,mathematics-applications-and-interpretation,English or unspecified,unspecified,question-paper,Mathematics_applications_and_interpretation_paper_2_TZ1_SL.pdf,https://dl.ibdocs.re/p/IB%20PAST%20PAPERS%20-%20YEAR/2025%20Examination%20Session/May%202025%20Examination%20Session/Mathematics/Mathematics_applications_and_interpretation_paper_2_TZ1_SL.pdf,https://dl.ibdocs.re/IB%20PAST%20PAPERS%20-%20YEAR/2025%20Examination%20Session/May%202025%20Examination%20Session/Mathematics,resources/private/past-papers/2022-2026/mathematics-sciences/2025/May 2025 Examination Session/Mathematics/Mathematics_applications_and_interpretation_paper_2_TZ1_SL.pdf,downloaded,656314,fa60b6eede043138457085557f55400fa4aa726e47a7e878c6e7ed6018bba605,2026-09-02,Unofficial mirror copy; private school research/reference only; authenticity and redistribution rights not established; do not commit or redistribute.
2025,May 2025 Examination Session,mathematics-applications-and-interpretation,French,unspecified,question-paper,Mathematics_applications_and_interpretation_paper_2_TZ2_HL_French.pdf,https://dl.ibdocs.re/p/IB%20PAST%20PAPERS%20-%20YEAR/2025%20Examination%20Session/May%202025%20Examination%20Session/Mathematics/Mathematics_applications_and_interpretation_paper_2_TZ2_HL_French.pdf,https://dl.ibdocs.re/IB%20PAST%20PAPERS%20-%20YEAR/2025%20Examination%20Session/May%202025%20Examination%20Session/Mathematics,resources/private/past-papers/2022-2026/mathematics-sciences/2025/May 2025 Examination Session/Mathematics/Mathematics_applications_and_interpretation_paper_2_TZ2_HL_French.pdf,downloaded,1405732,d87ff3cb2b7ad5c5cf3e2e9efc4ac8e041bffa0eaa2d03c565419e05473ef56e,2026-09-02,Unofficial mirror copy; private school research/reference only; authenticity and redistribution rights not established; do not commit or redistribute.
2025,May 2025 Examination Session,mathematics-applications-and-interpretation,English or unspecified,unspecified,markscheme,Mathematics_applications_and_interpretation_paper_2_TZ2_HL_markscheme.pdf,https://dl.ibdocs.re/p/IB%20PAST%20PAPERS%20-%20YEAR/2025%20Examination%20Session/May%202025%20Examination%20Session/Mathematics/Mathematics_applications_and_interpretation_paper_2_TZ2_HL_markscheme.pdf,https://dl.ibdocs.re/IB%20PAST%20PAPERS%20-%20YEAR/2025%20Examination%20Session/May%202025%20Examination%20Session/Mathematics,resources/private/past-papers/2022-2026/mathematics-sciences/2025/May 2025 Examination Session/Mathematics/Mathematics_applications_and_interpretation_paper_2_TZ2_HL_markscheme.pdf,downloaded,531431,4526d280de266ee5b88f27a1cbd12fd2485064e31c558e961a019fa014d0dafe,2026-09-02,Unofficial mirror copy; private school research/reference only; authenticity and redistribution rights not established; do not commit or redistribute.
2025,May 2025 Examination Session,mathematics-applications-and-interpretation,English or unspecified,unspecified,question-paper,Mathematics_applications_and_interpretation_paper_2_TZ2_HL.pdf,https://dl.ibdocs.re/p/IB%20PAST%20PAPERS%20-%20YEAR/2025%20Examination%20Session/May%202025%20Examination%20Session/Mathematics/Mathematics_applications_and_interpretation_paper_2_TZ2_HL.pdf,https://dl.ibdocs.re/IB%20PAST%20PAPERS%20-%20YEAR/2025%20Examination%20Session/May%202025%20Examination%20Session/Mathematics,resources/private/past-papers/2022-2026/mathematics-sciences/2025/May 2025 Examination Session/Mathematics/Mathematics_applications_and_interpretation_paper_2_TZ2_HL.pdf,downloaded,1364657,0f3940ed9102f142f319d214ed3dd78c165780d6a9e86d089e26e536af595018,2026-09-02,Unofficial mirror copy; private school research/reference only; authenticity and redistribution rights not established; do not commit or redistribute.
2025,May 2025 Examination Session,mathematics-applications-and-interpretation,French,unspecified,question-paper,Mathematics_applications_and_interpretation_paper_2_TZ2_SL_French.pdf,https://dl.ibdocs.re/p/IB%20PAST%20PAPERS%20-%20YEAR/2025%20Examination%20Session/May%202025%20Examination%20Session/Mathematics/Mathematics_applications_and_interpretation_paper_2_TZ2_SL_French.pdf,https://dl.ibdocs.re/IB%20PAST%20PAPERS%20-%20YEAR/2025%20Examination%20Session/May%202025%20Examination%20Session/Mathematics,resources/private/past-papers/2022-2026/mathematics-sciences/2025/May 2025 Examination Session/Mathematics/Mathematics_applications_and_interpretation_paper_2_TZ2_SL_French.pdf,downloaded,784947,11bace37eaad10f9d50c28eb8afd4aa58b6bb43ed58cd3ec172ef1c02ca37cd9,2026-09-02,Unofficial mirror copy; private school research/reference only; authenticity and redistribution rights not established; do not commit or redistribute.
2025,May 2025 Examination Session,mathematics-applications-and-interpretation,English or unspecified,unspecified,markscheme,Mathematics_applications_and_interpretation_paper_2_TZ2_SL_markscheme.pdf,https://dl.ibdocs.re/p/IB%20PAST%20PAPERS%20-%20YEAR/2025%20Examination%20Session/May%202025%20Examination%20Session/Mathematics/Mathematics_applications_and_interpretation_paper_2_TZ2_SL_markscheme.pdf,https://dl.ibdocs.re/IB%20PAST%20PAPERS%20-%20YEAR/2025%20Examination%20Session/May%202025%20Examination%20Session/Mathematics,resources/private/past-papers/2022-2026/mathematics-sciences/2025/May 2025 Examination Session/Mathematics/Mathematics_applications_and_interpretation_paper_2_TZ2_SL_markscheme.pdf,downloaded,432294,168395c3a282b04b6c5fd1678ce80a58f1b776d0121b726617e6a4cf3fafba34,2026-09-02,Unofficial mirror copy; private school research/reference only; authenticity and redistribution rights not established; do not commit or redistribute.
2025,May 2025 Examination Session,mathematics-applications-and-interpretation,Spanish,unspecified,question-paper,Mathematics_applications_and_interpretation_paper_2_TZ2_SL_Spanish.pdf,https://dl.ibdocs.re/p/IB%20PAST%20PAPERS%20-%20YEAR/2025%20Examination%20Session/May%202025%20Examination%20Session/Mathematics/Mathematics_applications_and_interpretation_paper_2_TZ2_SL_Spanish.pdf,https://dl.ibdocs.re/IB%20PAST%20PAPERS%20-%20YEAR/2025%20Examination%20Session/May%202025%20Examination%20Session/Mathematics,resources/private/past-papers/2022-2026/mathematics-sciences/2025/May 2025 Examination Session/Mathematics/Mathematics_applications_and_interpretation_paper_2_TZ2_SL_Spanish.pdf,downloaded,781106,f65ffd7a44d424c02413edeb2eeabfbdaa89e8d69f9a775bf48804586283da57,2026-09-02,Unofficial mirror copy; private school research/reference only; authenticity and redistribution rights not established; do not commit or redistribute.
2025,May 2025 Examination Session,mathematics-applications-and-interpretation,English or unspecified,unspecified,question-paper,Mathematics_applications_and_interpretation_paper_2_TZ2_SL.pdf,https://dl.ibdocs.re/p/IB%20PAST%20PAPERS%20-%20YEAR/2025%20Examination%20Session/May%202025%20Examination%20Session/Mathematics/Mathematics_applications_and_interpretation_paper_2_TZ2_SL.pdf,https://dl.ibdocs.re/IB%20PAST%20PAPERS%20-%20YEAR/2025%20Examination%20Session/May%202025%20Examination%20Session/Mathematics,resources/private/past-papers/2022-2026/mathematics-sciences/2025/May 2025 Examination Session/Mathematics/Mathematics_applications_and_interpretation_paper_2_TZ2_SL.pdf,downloaded,791766,a8c53249be192aa82fbbeb23c327495c9fd1bb9c3d3d00bd71009e27e5f9067b,2026-09-02,Unofficial mirror copy; private school research/reference only; authenticity and redistribution rights not established; do not commit or redistribute.
2025,May 2025 Examination Session,mathematics-applications-and-interpretation,English or unspecified,unspecified,markscheme,Mathematics_applications_and_interpretation_paper_2_TZ3_HL_markscheme.pdf,https://dl.ibdocs.re/p/IB%20PAST%20PAPERS%20-%20YEAR/2025%20Examination%20Session/May%202025%20Examination%20Session/Mathematics/Mathematics_applications_and_interpretation_paper_2_TZ3_HL_markscheme.pdf,https://dl.ibdocs.re/IB%20PAST%20PAPERS%20-%20YEAR/2025%20Examination%20Session/May%202025%20Examination%20Session/Mathematics,resources/private/past-papers/2022-2026/mathematics-sciences/2025/May 2025 Examination Session/Mathematics/Mathematics_applications_and_interpretation_paper_2_TZ3_HL_markscheme.pdf,downloaded,646869,9130465722044b4877d6dd3503a6b8b509515c6a895614b1a02d5851a24576c5,2026-09-02,Unofficial mirror copy; private school research/reference only; authenticity and redistribution rights not established; do not commit or redistribute.
2025,May 2025 Examination Session,mathematics-applications-and-interpretation,Spanish,unspecified,question-paper,Mathematics_applications_and_interpretation_paper_2_TZ3_HL_Spanish.pdf,https://dl.ibdocs.re/p/IB%20PAST%20PAPERS%20-%20YEAR/2025%20Examination%20Session/May%202025%20Examination%20Session/Mathematics/Mathematics_applications_and_interpretation_paper_2_TZ3_HL_Spanish.pdf,https://dl.ibdocs.re/IB%20PAST%20PAPERS%20-%20YEAR/2025%20Examination%20Session/May%202025%20Examination%20Session/Mathematics,resources/private/past-papers/2022-2026/mathematics-sciences/2025/May 2025 Examination Session/Mathematics/Mathematics_applications_and_interpretation_paper_2_TZ3_HL_Spanish.pdf,downloaded,1489731,54124b54f98894c5feed2e4e6bb99a8b968205c400c173a0cb98a5af303c7af9,2026-09-02,Unofficial mirror copy; private school research/reference only; authenticity and redistribution rights not established; do not commit or redistribute.
2025,May 2025 Examination Session,mathematics-applications-and-interpretation,English or unspecified,unspecified,question-paper,Mathematics_applications_and_interpretation_paper_2_TZ3_HL.pdf,https://dl.ibdocs.re/p/IB%20PAST%20PAPERS%20-%20YEAR/2025%20Examination%20Session/May%202025%20Examination%20Session/Mathematics/Mathematics_applications_and_interpretation_paper_2_TZ3_HL.pdf,https://dl.ibdocs.re/IB%20PAST%20PAPERS%20-%20YEAR/2025%20Examination%20Session/May%202025%20Examination%20Session/Mathematics,resources/private/past-papers/2022-2026/mathematics-sciences/2025/May 2025 Examination Session/Mathematics/Mathematics_applications_and_interpretation_paper_2_TZ3_HL.pdf,downloaded,914389,8487fe9b298f2a271b28533701e3ad8aa8761f0f0f4b96f76df726404e77016f,2026-09-02,Unofficial mirror copy; private school research/reference only; authenticity and redistribution rights not established; do not commit or redistribute.
2025,May 2025 Examination Session,mathematics-applications-and-interpretation,English or unspecified,unspecified,markscheme,Mathematics_applications_and_interpretation_paper_2_TZ3_SL_markscheme.pdf,https://dl.ibdocs.re/p/IB%20PAST%20PAPERS%20-%20YEAR/2025%20Examination%20Session/May%202025%20Examination%20Session/Mathematics/Mathematics_applications_and_interpretation_paper_2_TZ3_SL_markscheme.pdf,https://dl.ibdocs.re/IB%20PAST%20PAPERS%20-%20YEAR/2025%20Examination%20Session/May%202025%20Examination%20Session/Mathematics,resources/private/past-papers/2022-2026/mathematics-sciences/2025/May 2025 Examination Session/Mathematics/Mathematics_applications_and_interpretation_paper_2_TZ3_SL_markscheme.pdf,downloaded,630426,f11f311cb9e00412082f7539173b1073e9345c2c3adf7f78d1978c59e0c7827c,2026-09-02,Unofficial mirror copy; private school research/reference only; authenticity and redistribution rights not established; do not commit or redistribute.
2025,May 2025 Examination Session,mathematics-applications-and-interpretation,Spanish,unspecified,question-paper,Mathematics_applications_and_interpretation_paper_2_TZ3_SL_Spanish.pdf,https://dl.ibdocs.re/p/IB%20PAST%20PAPERS%20-%20YEAR/2025%20Examination%20Session/May%202025%20Examination%20Session/Mathematics/Mathematics_applications_and_interpretation_paper_2_TZ3_SL_Spanish.pdf,https://dl.ibdocs.re/IB%20PAST%20PAPERS%20-%20YEAR/2025%20Examination%20Session/May%202025%20Examination%20Session/Mathematics,resources/private/past-papers/2022-2026/mathematics-sciences/2025/May 2025 Examination Session/Mathematics/Mathematics_applications_and_interpretation_paper_2_TZ3_SL_Spanish.pdf,downloaded,1165876,9e9884e029bed830d39fbaf553d9d9fd7f58b7a83d6420949f9754a80593b806,2026-09-02,Unofficial mirror copy; private school research/reference only; authenticity and redistribution rights not established; do not commit or redistribute.
2025,May 2025 Examination Session,mathematics-applications-and-interpretation,English or unspecified,unspecified,question-paper,Mathematics_applications_and_interpretation_paper_2_TZ3_SL.pdf,https://dl.ibdocs.re/p/IB%20PAST%20PAPERS%20-%20YEAR/2025%20Examination%20Session/May%202025%20Examination%20Session/Mathematics/Mathematics_applications_and_interpretation_paper_2_TZ3_SL.pdf,https://dl.ibdocs.re/IB%20PAST%20PAPERS%20-%20YEAR/2025%20Examination%20Session/May%202025%20Examination%20Session/Mathematics,resources/private/past-papers/2022-2026/mathematics-sciences/2025/May 2025 Examination Session/Mathematics/Mathematics_applications_and_interpretation_paper_2_TZ3_SL.pdf,downloaded,607289,addc27a610abbcbc3ec3d4742a18371db6de6f36b14dd1621a6e5d234cf59e76,2026-09-02,Unofficial mirror copy; private school research/reference only; authenticity and redistribution rights not established; do not commit or redistribute.
2025,May 2025 Examination Session,mathematics-applications-and-interpretation,English or unspecified,unspecified,markscheme,Mathematics_applications_and_interpretation_paper_3_TZ1_HL_markscheme.pdf,https://dl.ibdocs.re/p/IB%20PAST%20PAPERS%20-%20YEAR/2025%20Examination%20Session/May%202025%20Examination%20Session/Mathematics/Mathematics_applications_and_interpretation_paper_3_TZ1_HL_markscheme.pdf,https://dl.ibdocs.re/IB%20PAST%20PAPERS%20-%20YEAR/2025%20Examination%20Session/May%202025%20Examination%20Session/Mathematics,resources/private/past-papers/2022-2026/mathematics-sciences/2025/May 2025 Examination Session/Mathematics/Mathematics_applications_and_interpretation_paper_3_TZ1_HL_markscheme.pdf,downloaded,413690,05c4a1dc0c269c5eba5fb62beda5a77862f979255e691885172179ef0232efd5,2026-09-02,Unofficial mirror copy; private school research/reference only; authenticity and redistribution rights not established; do not commit or redistribute.
2025,May 2025 Examination Session,mathematics-applications-and-interpretation,English or unspecified,unspecified,question-paper,Mathematics_applications_and_interpretation_paper_3_TZ1_HL.pdf,https://dl.ibdocs.re/p/IB%20PAST%20PAPERS%20-%20YEAR/2025%20Examination%20Session/May%202025%20Examination%20Session/Mathematics/Mathematics_applications_and_interpretation_paper_3_TZ1_HL.pdf,https://dl.ibdocs.re/IB%20PAST%20PAPERS%20-%20YEAR/2025%20Examination%20Session/May%202025%20Examination%20Session/Mathematics,resources/private/past-papers/2022-2026/mathematics-sciences/2025/May 2025 Examination Session/Mathematics/Mathematics_applications_and_interpretation_paper_3_TZ1_HL.pdf,downloaded,414720,2920fb666bbe4c6bb2d28cbb685918460b10de4a1076b150437134bb00fd229a,2026-09-02,Unofficial mirror copy; private school research/reference only; authenticity and redistribution rights not established; do not commit or redistribute.
2025,May 2025 Examination Session,mathematics-applications-and-interpretation,French,unspecified,question-paper,Mathematics_applications_and_interpretation_paper_3_TZ2_HL_French.pdf,https://dl.ibdocs.re/p/IB%20PAST%20PAPERS%20-%20YEAR/2025%20Examination%20Session/May%202025%20Examination%20Session/Mathematics/Mathematics_applications_and_interpretation_paper_3_TZ2_HL_French.pdf,https://dl.ibdocs.re/IB%20PAST%20PAPERS%20-%20YEAR/2025%20Examination%20Session/May%202025%20Examination%20Session/Mathematics,resources/private/past-papers/2022-2026/mathematics-sciences/2025/May 2025 Examination Session/Mathematics/Mathematics_applications_and_interpretation_paper_3_TZ2_HL_French.pdf,downloaded,825540,016dffb11e5be9fcbfa2144fa705b56b79bc9cd9cc23ec50f420bf66c5083fab,2026-09-02,Unofficial mirror copy; private school research/reference only; authenticity and redistribution rights not established; do not commit or redistribute.
2025,May 2025 Examination Session,mathematics-applications-and-interpretation,English or unspecified,unspecified,markscheme,Mathematics_applications_and_interpretation_paper_3_TZ2_HL_markscheme.pdf,https://dl.ibdocs.re/p/IB%20PAST%20PAPERS%20-%20YEAR/2025%20Examination%20Session/May%202025%20Examination%20Session/Mathematics/Mathematics_applications_and_interpretation_paper_3_TZ2_HL_markscheme.pdf,https://dl.ibdocs.re/IB%20PAST%20PAPERS%20-%20YEAR/2025%20Examination%20Session/May%202025%20Examination%20Session/Mathematics,resources/private/past-papers/2022-2026/mathematics-sciences/2025/May 2025 Examination Session/Mathematics/Mathematics_applications_and_interpretation_paper_3_TZ2_HL_markscheme.pdf,downloaded,516335,98fb38d5b1f3bd4f44bc871159ea63d461763131406e881c23fe23dd68a2381a,2026-09-02,Unofficial mirror copy; private school research/reference only; authenticity and redistribution rights not established; do not commit or redistribute.
2025,May 2025 Examination Session,mathematics-applications-and-interpretation,English or unspecified,unspecified,question-paper,Mathematics_applications_and_interpretation_paper_3_TZ2_HL.pdf,https://dl.ibdocs.re/p/IB%20PAST%20PAPERS%20-%20YEAR/2025%20Examination%20Session/May%202025%20Examination%20Session/Mathematics/Mathematics_applications_and_interpretation_paper_3_TZ2_HL.pdf,https://dl.ibdocs.re/IB%20PAST%20PAPERS%20-%20YEAR/2025%20Examination%20Session/May%202025%20Examination%20Session/Mathematics,resources/private/past-papers/2022-2026/mathematics-sciences/2025/May 2025 Examination Session/Mathematics/Mathematics_applications_and_interpretation_paper_3_TZ2_HL.pdf,downloaded,820191,aad76893debfded8ab88b8e663dc080707720db79a249f15b533214f947943d3,2026-09-02,Unofficial mirror copy; private school research/reference only; authenticity and redistribution rights not established; do not commit or redistribute.
2025,May 2025 Examination Session,mathematics-applications-and-interpretation,English or unspecified,unspecified,markscheme,Mathematics_applications_and_interpretation_paper_3_TZ3_HL_markscheme.pdf,https://dl.ibdocs.re/p/IB%20PAST%20PAPERS%20-%20YEAR/2025%20Examination%20Session/May%202025%20Examination%20Session/Mathematics/Mathematics_applications_and_interpretation_paper_3_TZ3_HL_markscheme.pdf,https://dl.ibdocs.re/IB%20PAST%20PAPERS%20-%20YEAR/2025%20Examination%20Session/May%202025%20Examination%20Session/Mathematics,resources/private/past-papers/2022-2026/mathematics-sciences/2025/May 2025 Examination Session/Mathematics/Mathematics_applications_and_interpretation_paper_3_TZ3_HL_markscheme.pdf,downloaded,516731,b61796afad8eb7bc67db078d5ebddb4d541df1538c67d04025e4013bc141b608,2026-09-02,Unofficial mirror copy; private school research/reference only; authenticity and redistribution rights not established; do not commit or redistribute.
2025,May 2025 Examination Session,mathematics-applications-and-interpretation,Spanish,unspecified,question-paper,Mathematics_applications_and_interpretation_paper_3_TZ3_HL_Spanish.pdf,https://dl.ibdocs.re/p/IB%20PAST%20PAPERS%20-%20YEAR/2025%20Examination%20Session/May%202025%20Examination%20Session/Mathematics/Mathematics_applications_and_interpretation_paper_3_TZ3_HL_Spanish.pdf,https://dl.ibdocs.re/IB%20PAST%20PAPERS%20-%20YEAR/2025%20Examination%20Session/May%202025%20Examination%20Session/Mathematics,resources/private/past-papers/2022-2026/mathematics-sciences/2025/May 2025 Examination Session/Mathematics/Mathematics_applications_and_interpretation_paper_3_TZ3_HL_Spanish.pdf,downloaded,559092,8aaec99e5727fb14c998d492559a989462a6e3c6d098683b45bb1177450d7c8f,2026-09-02,Unofficial mirror copy; private school research/reference only; authenticity and redistribution rights not established; do not commit or redistribute.
2025,May 2025 Examination Session,mathematics-applications-and-interpretation,English or unspecified,unspecified,question-paper,Mathematics_applications_and_interpretation_paper_3_TZ3_HL.pdf,https://dl.ibdocs.re/p/IB%20PAST%20PAPERS%20-%20YEAR/2025%20Examination%20Session/May%202025%20Examination%20Session/Mathematics/Mathematics_applications_and_interpretation_paper_3_TZ3_HL.pdf,https://dl.ibdocs.re/IB%20PAST%20PAPERS%20-%20YEAR/2025%20Examination%20Session/May%202025%20Examination%20Session/Mathematics,resources/private/past-papers/2022-2026/mathematics-sciences/2025/May 2025 Examination Session/Mathematics/Mathematics_applications_and_interpretation_paper_3_TZ3_HL.pdf,downloaded,552699,6b5c16c5918c8707c67839ece95c05d7c8c7b87c0b5b5062d35b31f1ad7c9117,2026-09-02,Unofficial mirror copy; private school research/reference only; authenticity and redistribution rights not established; do not commit or redistribute.
2025,More Papers M25,mathematics-analysis-and-approaches,English or unspecified,TZA,question-paper,Math AA HL Paper 1 TZA.pdf,https://dl.ibdocs.re/p/IB%20PAST%20PAPERS%20-%20YEAR/2025%20Examination%20Session/More%20Papers%20M25/NEW%20Asia%20TZA%20papers/Math%20AA%20HL%20Paper%201%20TZA.pdf,https://dl.ibdocs.re/IB%20PAST%20PAPERS%20-%20YEAR/2025%20Examination%20Session/More%20Papers%20M25/NEW%20Asia%20TZA%20papers,resources/private/past-papers/2022-2026/mathematics-sciences/2025/More Papers M25/NEW Asia TZA papers/Math AA HL Paper 1 TZA.pdf,downloaded,1468569,d9e481252bf0cc73de43f053d8711484e3982531c79d368e201539dd440e8ccc,2026-09-02,Unofficial mirror copy; private school research/reference only; authenticity and redistribution rights not established; do not commit or redistribute.
2025,More Papers M25,mathematics-analysis-and-approaches,English or unspecified,TZA,question-paper,Math AA HL Paper 2 TZA.pdf,https://dl.ibdocs.re/p/IB%20PAST%20PAPERS%20-%20YEAR/2025%20Examination%20Session/More%20Papers%20M25/NEW%20Asia%20TZA%20papers/Math%20AA%20HL%20Paper%202%20TZA.pdf,https://dl.ibdocs.re/IB%20PAST%20PAPERS%20-%20YEAR/2025%20Examination%20Session/More%20Papers%20M25/NEW%20Asia%20TZA%20papers,resources/private/past-papers/2022-2026/mathematics-sciences/2025/More Papers M25/NEW Asia TZA papers/Math AA HL Paper 2 TZA.pdf,downloaded,1958065,ff2beb362a24986bb9aa0c819b1f573a027aac09bb94bb61984aa44f8f2f5889,2026-09-02,Unofficial mirror copy; private school research/reference only; authenticity and redistribution rights not established; do not commit or redistribute.
2025,More Papers M25,mathematics-analysis-and-approaches,English or unspecified,unspecified,question-paper,Math AA Paper 3 HL.pdf,https://dl.ibdocs.re/p/IB%20PAST%20PAPERS%20-%20YEAR/2025%20Examination%20Session/More%20Papers%20M25/NEW%20Asia%20TZA%20papers/Math%20AA%20Paper%203%20HL.pdf,https://dl.ibdocs.re/IB%20PAST%20PAPERS%20-%20YEAR/2025%20Examination%20Session/More%20Papers%20M25/NEW%20Asia%20TZA%20papers,resources/private/past-papers/2022-2026/mathematics-sciences/2025/More Papers M25/NEW Asia TZA papers/Math AA Paper 3 HL.pdf,downloaded,953580,dc34529e2f5c4ccc2a2f6b53de610f7074b906061915591ac7c09dfaf0f564a4,2026-09-02,Unofficial mirror copy; private school research/reference only; authenticity and redistribution rights not established; do not commit or redistribute.
2025,More Papers M25,mathematics-analysis-and-approaches,English or unspecified,TZA,question-paper,Math AA SL Paper 1 TZA.pdf,https://dl.ibdocs.re/p/IB%20PAST%20PAPERS%20-%20YEAR/2025%20Examination%20Session/More%20Papers%20M25/NEW%20Asia%20TZA%20papers/Math%20AA%20SL%20Paper%201%20TZA.pdf,https://dl.ibdocs.re/IB%20PAST%20PAPERS%20-%20YEAR/2025%20Examination%20Session/More%20Papers%20M25/NEW%20Asia%20TZA%20papers,resources/private/past-papers/2022-2026/mathematics-sciences/2025/More Papers M25/NEW Asia TZA papers/Math AA SL Paper 1 TZA.pdf,downloaded,1064617,890b378132af1b4d54facdac42d5f6eb5b09122104d5df5afa9f4d69277445e4,2026-09-02,Unofficial mirror copy; private school research/reference only; authenticity and redistribution rights not established; do not commit or redistribute.
2025,More Papers M25,mathematics-analysis-and-approaches,English or unspecified,TZA,question-paper,Math AA SL Paper 2 TZA.pdf,https://dl.ibdocs.re/p/IB%20PAST%20PAPERS%20-%20YEAR/2025%20Examination%20Session/More%20Papers%20M25/NEW%20Asia%20TZA%20papers/Math%20AA%20SL%20Paper%202%20TZA.pdf,https://dl.ibdocs.re/IB%20PAST%20PAPERS%20-%20YEAR/2025%20Examination%20Session/More%20Papers%20M25/NEW%20Asia%20TZA%20papers,resources/private/past-papers/2022-2026/mathematics-sciences/2025/More Papers M25/NEW Asia TZA papers/Math AA SL Paper 2 TZA.pdf,downloaded,1325950,26e706b2297b0aec3681a289f46c59802629d01658da5e7bf81b0591aadc20ff,2026-09-02,Unofficial mirror copy; private school research/reference only; authenticity and redistribution rights not established; do not commit or redistribute.
2025,More Papers N25,mathematics-analysis-and-approaches,English or unspecified,ZONE A,other-associated-material,Math AA HL P1 Zone A.pdf,https://dl.ibdocs.re/p/IB%20PAST%20PAPERS%20-%20YEAR/2025%20Examination%20Session/More%20Papers%20N25/Math%20AA%20HL%20P1%20Zone%20A.pdf,https://dl.ibdocs.re/past-papers/2025/more-papers-n25,resources/private/past-papers/2022-2026/mathematics-sciences/2025/More Papers N25/Math AA HL P1 Zone A.pdf,downloaded,2685345,19872c0c8dc29db141f2e493f1e5265c0b10029a7b23dbab60ae150422076601,2026-09-02,Unofficial mirror copy; private school research/reference only; authenticity and redistribution rights not established; do not commit or redistribute.
2025,More Papers N25,mathematics-analysis-and-approaches,English or unspecified,ZONE A,other-associated-material,Math AA HL P2 Zone A.pdf,https://dl.ibdocs.re/p/IB%20PAST%20PAPERS%20-%20YEAR/2025%20Examination%20Session/More%20Papers%20N25/Math%20AA%20HL%20P2%20Zone%20A.pdf,https://dl.ibdocs.re/past-papers/2025/more-papers-n25,resources/private/past-papers/2022-2026/mathematics-sciences/2025/More Papers N25/Math AA HL P2 Zone A.pdf,downloaded,3002300,349f30bb3b161df885a2e265f8ef0a44d0f3db9d1c8b173a66cf845d6f3aa88c,2026-09-02,Unofficial mirror copy; private school research/reference only; authenticity and redistribution rights not established; do not commit or redistribute.
2025,More Papers N25,mathematics-analysis-and-approaches,Spanish,unspecified,question-paper,Math AASL Paper 1 (Spanish).pdf,https://dl.ibdocs.re/p/IB%20PAST%20PAPERS%20-%20YEAR/2025%20Examination%20Session/More%20Papers%20N25/Math%20AASL%20Paper%201%20(Spanish).pdf,https://dl.ibdocs.re/past-papers/2025/more-papers-n25,resources/private/past-papers/2022-2026/mathematics-sciences/2025/More Papers N25/Math AASL Paper 1 (Spanish).pdf,downloaded,4824669,ccc9eb9df8b221b7c5404b104f1d653455f1a850610fb42eb1e5b655a523a314,2026-09-02,Unofficial mirror copy; private school research/reference only; authenticity and redistribution rights not established; do not commit or redistribute.
2025,More Papers N25,mathematics-analysis-and-approaches,Spanish,unspecified,question-paper,Math AASL Paper 2 (Spanish).pdf,https://dl.ibdocs.re/p/IB%20PAST%20PAPERS%20-%20YEAR/2025%20Examination%20Session/More%20Papers%20N25/Math%20AASL%20Paper%202%20(Spanish).pdf,https://dl.ibdocs.re/past-papers/2025/more-papers-n25,resources/private/past-papers/2022-2026/mathematics-sciences/2025/More Papers N25/Math AASL Paper 2 (Spanish).pdf,downloaded,3837764,4560fd304ba2f2ca32b6cff6c0223e4d16ae76d1d46b75424b555008db50b19f,2026-09-02,Unofficial mirror copy; private school research/reference only; authenticity and redistribution rights not established; do not commit or redistribute.
2025,More Papers N25,mathematics-applications-and-interpretation,Spanish,TZC,question-paper,Math AISL Paper 1 (Spanish) TZC.pdf,https://dl.ibdocs.re/p/IB%20PAST%20PAPERS%20-%20YEAR/2025%20Examination%20Session/More%20Papers%20N25/Math%20AISL%20Paper%201%20(Spanish)%20TZC.pdf,https://dl.ibdocs.re/past-papers/2025/more-papers-n25,resources/private/past-papers/2022-2026/mathematics-sciences/2025/More Papers N25/Math AISL Paper 1 (Spanish) TZC.pdf,downloaded,10316892,b6f1d5023784f9f3b1538cb4308165fbe2866fb80073a6fa83772a92331aac37,2026-09-02,Unofficial mirror copy; private school research/reference only; authenticity and redistribution rights not established; do not commit or redistribute.
2025,More Papers N25,mathematics-applications-and-interpretation,Spanish,TZC,question-paper,Math AISL Paper 2 (Spanish) TZC.pdf,https://dl.ibdocs.re/p/IB%20PAST%20PAPERS%20-%20YEAR/2025%20Examination%20Session/More%20Papers%20N25/Math%20AISL%20Paper%202%20(Spanish)%20TZC.pdf,https://dl.ibdocs.re/past-papers/2025/more-papers-n25,resources/private/past-papers/2022-2026/mathematics-sciences/2025/More Papers N25/Math AISL Paper 2 (Spanish) TZC.pdf,downloaded,3971952,f78b29719f2ef9dc983ea934d7cd867c7ea86f83f7a0615902e190ed94ed3de8,2026-09-02,Unofficial mirror copy; private school research/reference only; authenticity and redistribution rights not established; do not commit or redistribute.
2025,November 2025 Examination Session,mathematics-analysis-and-approaches,English or unspecified,unspecified,markscheme,Mathematics_analysis_and_approaches_paper_1_TZ1_HL_markscheme.pdf,https://dl.ibdocs.re/p/IB%20PAST%20PAPERS%20-%20YEAR/2025%20Examination%20Session/November%202025%20Examination%20Session/Mathematics/Mathematics_analysis_and_approaches_paper_1_TZ1_HL_markscheme.pdf,https://dl.ibdocs.re/IB%20PAST%20PAPERS%20-%20YEAR/2025%20Examination%20Session/November%202025%20Examination%20Session/Mathematics,resources/private/past-papers/2022-2026/mathematics-sciences/2025/November 2025 Examination Session/Mathematics/Mathematics_analysis_and_approaches_paper_1_TZ1_HL_markscheme.pdf,downloaded,477161,6df68d36b05d07611da536178ffc13647e0e67c882202b4bde60a8d4ff5d300c,2026-09-02,Unofficial mirror copy; private school research/reference only; authenticity and redistribution rights not established; do not commit or redistribute.
2025,November 2025 Examination Session,mathematics-analysis-and-approaches,English or unspecified,unspecified,question-paper,Mathematics_analysis_and_approaches_paper_1_TZ1_HL.pdf,https://dl.ibdocs.re/p/IB%20PAST%20PAPERS%20-%20YEAR/2025%20Examination%20Session/November%202025%20Examination%20Session/Mathematics/Mathematics_analysis_and_approaches_paper_1_TZ1_HL.pdf,https://dl.ibdocs.re/IB%20PAST%20PAPERS%20-%20YEAR/2025%20Examination%20Session/November%202025%20Examination%20Session/Mathematics,resources/private/past-papers/2022-2026/mathematics-sciences/2025/November 2025 Examination Session/Mathematics/Mathematics_analysis_and_approaches_paper_1_TZ1_HL.pdf,downloaded,741083,df975e2f742b2a8dcd7d7e24453e24d26577999d39bbb202f1f1cde0feb5cc29,2026-09-02,Unofficial mirror copy; private school research/reference only; authenticity and redistribution rights not established; do not commit or redistribute.
2025,November 2025 Examination Session,mathematics-analysis-and-approaches,English or unspecified,unspecified,markscheme,Mathematics_analysis_and_approaches_paper_1_TZ1_SL_markscheme.pdf,https://dl.ibdocs.re/p/IB%20PAST%20PAPERS%20-%20YEAR/2025%20Examination%20Session/November%202025%20Examination%20Session/Mathematics/Mathematics_analysis_and_approaches_paper_1_TZ1_SL_markscheme.pdf,https://dl.ibdocs.re/IB%20PAST%20PAPERS%20-%20YEAR/2025%20Examination%20Session/November%202025%20Examination%20Session/Mathematics,resources/private/past-papers/2022-2026/mathematics-sciences/2025/November 2025 Examination Session/Mathematics/Mathematics_analysis_and_approaches_paper_1_TZ1_SL_markscheme.pdf,downloaded,533360,c4e7c68ed67de034489f19a495d5367fc100907e43775b5595164c9702f37a52,2026-09-02,Unofficial mirror copy; private school research/reference only; authenticity and redistribution rights not established; do not commit or redistribute.
2025,November 2025 Examination Session,mathematics-analysis-and-approaches,English or unspecified,unspecified,question-paper,Mathematics_analysis_and_approaches_paper_1_TZ1_SL.pdf,https://dl.ibdocs.re/p/IB%20PAST%20PAPERS%20-%20YEAR/2025%20Examination%20Session/November%202025%20Examination%20Session/Mathematics/Mathematics_analysis_and_approaches_paper_1_TZ1_SL.pdf,https://dl.ibdocs.re/IB%20PAST%20PAPERS%20-%20YEAR/2025%20Examination%20Session/November%202025%20Examination%20Session/Mathematics,resources/private/past-papers/2022-2026/mathematics-sciences/2025/November 2025 Examination Session/Mathematics/Mathematics_analysis_and_approaches_paper_1_TZ1_SL.pdf,downloaded,987781,77d8ebd4c7c13397adacf4d86d3ecd2dcc5eaaafc4c2368ef0a0a71b99aef02f,2026-09-02,Unofficial mirror copy; private school research/reference only; authenticity and redistribution rights not established; do not commit or redistribute.
2025,November 2025 Examination Session,mathematics-analysis-and-approaches,German,unspecified,question-paper,Mathematics_analysis_and_approaches_paper_1_TZ3_[German]_HL.pdf,https://dl.ibdocs.re/p/IB%20PAST%20PAPERS%20-%20YEAR/2025%20Examination%20Session/November%202025%20Examination%20Session/Mathematics/Mathematics_analysis_and_approaches_paper_1_TZ3_%5BGerman%5D_HL.pdf,https://dl.ibdocs.re/IB%20PAST%20PAPERS%20-%20YEAR/2025%20Examination%20Session/November%202025%20Examination%20Session/Mathematics,resources/private/past-papers/2022-2026/mathematics-sciences/2025/November 2025 Examination Session/Mathematics/Mathematics_analysis_and_approaches_paper_1_TZ3_[German]_HL.pdf,downloaded,1384733,f6295b677081a23de786cafd4a5e372eacf942260f87b540261fd4a4fe14885a,2026-09-02,Unofficial mirror copy; private school research/reference only; authenticity and redistribution rights not established; do not commit or redistribute.
2025,November 2025 Examination Session,mathematics-analysis-and-approaches,German,unspecified,question-paper,Mathematics_analysis_and_approaches_paper_1_TZ3_[German]_SL.pdf,https://dl.ibdocs.re/p/IB%20PAST%20PAPERS%20-%20YEAR/2025%20Examination%20Session/November%202025%20Examination%20Session/Mathematics/Mathematics_analysis_and_approaches_paper_1_TZ3_%5BGerman%5D_SL.pdf,https://dl.ibdocs.re/IB%20PAST%20PAPERS%20-%20YEAR/2025%20Examination%20Session/November%202025%20Examination%20Session/Mathematics,resources/private/past-papers/2022-2026/mathematics-sciences/2025/November 2025 Examination Session/Mathematics/Mathematics_analysis_and_approaches_paper_1_TZ3_[German]_SL.pdf,downloaded,762075,27831ca87776768898cecc9bbac690d4bed70300962b190af3c0ea0fbe2a6243,2026-09-02,Unofficial mirror copy; private school research/reference only; authenticity and redistribution rights not established; do not commit or redistribute.
2025,November 2025 Examination Session,mathematics-analysis-and-approaches,English or unspecified,unspecified,markscheme,Mathematics_analysis_and_approaches_paper_1_TZ3_HL_markscheme.pdf,https://dl.ibdocs.re/p/IB%20PAST%20PAPERS%20-%20YEAR/2025%20Examination%20Session/November%202025%20Examination%20Session/Mathematics/Mathematics_analysis_and_approaches_paper_1_TZ3_HL_markscheme.pdf,https://dl.ibdocs.re/IB%20PAST%20PAPERS%20-%20YEAR/2025%20Examination%20Session/November%202025%20Examination%20Session/Mathematics,resources/private/past-papers/2022-2026/mathematics-sciences/2025/November 2025 Examination Session/Mathematics/Mathematics_analysis_and_approaches_paper_1_TZ3_HL_markscheme.pdf,downloaded,548287,85d46946b9cdf8bd5832edd12d53018f959396edbed0eafa25a47c45c1c77897,2026-09-02,Unofficial mirror copy; private school research/reference only; authenticity and redistribution rights not established; do not commit or redistribute.
2025,November 2025 Examination Session,mathematics-analysis-and-approaches,Spanish,unspecified,question-paper,Mathematics_analysis_and_approaches_paper_1_TZ3_HL_Spanish.pdf,https://dl.ibdocs.re/p/IB%20PAST%20PAPERS%20-%20YEAR/2025%20Examination%20Session/November%202025%20Examination%20Session/Mathematics/Mathematics_analysis_and_approaches_paper_1_TZ3_HL_Spanish.pdf,https://dl.ibdocs.re/IB%20PAST%20PAPERS%20-%20YEAR/2025%20Examination%20Session/November%202025%20Examination%20Session/Mathematics,resources/private/past-papers/2022-2026/mathematics-sciences/2025/November 2025 Examination Session/Mathematics/Mathematics_analysis_and_approaches_paper_1_TZ3_HL_Spanish.pdf,downloaded,1307835,e4d2fb18f5000f873f1b1c2fa927293bc85afa764549f6c4cbcdaf15da8cd0a4,2026-09-02,Unofficial mirror copy; private school research/reference only; authenticity and redistribution rights not established; do not commit or redistribute.
2025,November 2025 Examination Session,mathematics-analysis-and-approaches,English or unspecified,unspecified,question-paper,Mathematics_analysis_and_approaches_paper_1_TZ3_HL.pdf,https://dl.ibdocs.re/p/IB%20PAST%20PAPERS%20-%20YEAR/2025%20Examination%20Session/November%202025%20Examination%20Session/Mathematics/Mathematics_analysis_and_approaches_paper_1_TZ3_HL.pdf,https://dl.ibdocs.re/IB%20PAST%20PAPERS%20-%20YEAR/2025%20Examination%20Session/November%202025%20Examination%20Session/Mathematics,resources/private/past-papers/2022-2026/mathematics-sciences/2025/November 2025 Examination Session/Mathematics/Mathematics_analysis_and_approaches_paper_1_TZ3_HL.pdf,downloaded,1274896,755d769d6a48510bb348b8ee0b0acb7b100128df29c52fa0aca77c3905ed9e93,2026-09-02,Unofficial mirror copy; private school research/reference only; authenticity and redistribution rights not established; do not commit or redistribute.
2025,November 2025 Examination Session,mathematics-analysis-and-approaches,Spanish,unspecified,markscheme,Mathematics_analysis_and_approaches_paper_1_TZ3_SL_markscheme_Spanish.pdf,https://dl.ibdocs.re/p/IB%20PAST%20PAPERS%20-%20YEAR/2025%20Examination%20Session/November%202025%20Examination%20Session/Mathematics/Mathematics_analysis_and_approaches_paper_1_TZ3_SL_markscheme_Spanish.pdf,https://dl.ibdocs.re/IB%20PAST%20PAPERS%20-%20YEAR/2025%20Examination%20Session/November%202025%20Examination%20Session/Mathematics,resources/private/past-papers/2022-2026/mathematics-sciences/2025/November 2025 Examination Session/Mathematics/Mathematics_analysis_and_approaches_paper_1_TZ3_SL_markscheme_Spanish.pdf,downloaded,512037,620c272dc99f9c2b5ac2b3eb5900514d6f69e531f535525dbac3f2cec3596db9,2026-09-02,Unofficial mirror copy; private school research/reference only; authenticity and redistribution rights not established; do not commit or redistribute.
2025,November 2025 Examination Session,mathematics-analysis-and-approaches,English or unspecified,unspecified,markscheme,Mathematics_analysis_and_approaches_paper_1_TZ3_SL_markscheme.pdf,https://dl.ibdocs.re/p/IB%20PAST%20PAPERS%20-%20YEAR/2025%20Examination%20Session/November%202025%20Examination%20Session/Mathematics/Mathematics_analysis_and_approaches_paper_1_TZ3_SL_markscheme.pdf,https://dl.ibdocs.re/IB%20PAST%20PAPERS%20-%20YEAR/2025%20Examination%20Session/November%202025%20Examination%20Session/Mathematics,resources/private/past-papers/2022-2026/mathematics-sciences/2025/November 2025 Examination Session/Mathematics/Mathematics_analysis_and_approaches_paper_1_TZ3_SL_markscheme.pdf,downloaded,485795,1fbe7e4a6a3590047e8fecbd083441535a2896ae102723ce1f30f611fccfb571,2026-09-02,Unofficial mirror copy; private school research/reference only; authenticity and redistribution rights not established; do not commit or redistribute.
2025,November 2025 Examination Session,mathematics-analysis-and-approaches,Spanish,unspecified,question-paper,Mathematics_analysis_and_approaches_paper_1_TZ3_SL_Spanish.pdf,https://dl.ibdocs.re/p/IB%20PAST%20PAPERS%20-%20YEAR/2025%20Examination%20Session/November%202025%20Examination%20Session/Mathematics/Mathematics_analysis_and_approaches_paper_1_TZ3_SL_Spanish.pdf,https://dl.ibdocs.re/IB%20PAST%20PAPERS%20-%20YEAR/2025%20Examination%20Session/November%202025%20Examination%20Session/Mathematics,resources/private/past-papers/2022-2026/mathematics-sciences/2025/November 2025 Examination Session/Mathematics/Mathematics_analysis_and_approaches_paper_1_TZ3_SL_Spanish.pdf,downloaded,758459,31956fbd7a269ed55a49cbf7d036da440e70b04b4c92799e7c9cfe8de3813212,2026-09-02,Unofficial mirror copy; private school research/reference only; authenticity and redistribution rights not established; do not commit or redistribute.
2025,November 2025 Examination Session,mathematics-analysis-and-approaches,English or unspecified,unspecified,question-paper,Mathematics_analysis_and_approaches_paper_1_TZ3_SL.pdf,https://dl.ibdocs.re/p/IB%20PAST%20PAPERS%20-%20YEAR/2025%20Examination%20Session/November%202025%20Examination%20Session/Mathematics/Mathematics_analysis_and_approaches_paper_1_TZ3_SL.pdf,https://dl.ibdocs.re/IB%20PAST%20PAPERS%20-%20YEAR/2025%20Examination%20Session/November%202025%20Examination%20Session/Mathematics,resources/private/past-papers/2022-2026/mathematics-sciences/2025/November 2025 Examination Session/Mathematics/Mathematics_analysis_and_approaches_paper_1_TZ3_SL.pdf,downloaded,733186,7290fec1a69a6d97284201aebd49002b857bfac3cb38a0bd4c09c939ca575600,2026-09-02,Unofficial mirror copy; private school research/reference only; authenticity and redistribution rights not established; do not commit or redistribute.
2025,November 2025 Examination Session,mathematics-analysis-and-approaches,English or unspecified,unspecified,markscheme,Mathematics_analysis_and_approaches_paper_2_TZ1_HL_markscheme.pdf,https://dl.ibdocs.re/p/IB%20PAST%20PAPERS%20-%20YEAR/2025%20Examination%20Session/November%202025%20Examination%20Session/Mathematics/Mathematics_analysis_and_approaches_paper_2_TZ1_HL_markscheme.pdf,https://dl.ibdocs.re/IB%20PAST%20PAPERS%20-%20YEAR/2025%20Examination%20Session/November%202025%20Examination%20Session/Mathematics,resources/private/past-papers/2022-2026/mathematics-sciences/2025/November 2025 Examination Session/Mathematics/Mathematics_analysis_and_approaches_paper_2_TZ1_HL_markscheme.pdf,downloaded,468295,9487c479014d53680d556458417333da5ff034aa47ca560216e6a5cbad8d00b0,2026-09-02,Unofficial mirror copy; private school research/reference only; authenticity and redistribution rights not established; do not commit or redistribute.
2025,November 2025 Examination Session,mathematics-analysis-and-approaches,English or unspecified,unspecified,question-paper,Mathematics_analysis_and_approaches_paper_2_TZ1_HL.pdf,https://dl.ibdocs.re/p/IB%20PAST%20PAPERS%20-%20YEAR/2025%20Examination%20Session/November%202025%20Examination%20Session/Mathematics/Mathematics_analysis_and_approaches_paper_2_TZ1_HL.pdf,https://dl.ibdocs.re/IB%20PAST%20PAPERS%20-%20YEAR/2025%20Examination%20Session/November%202025%20Examination%20Session/Mathematics,resources/private/past-papers/2022-2026/mathematics-sciences/2025/November 2025 Examination Session/Mathematics/Mathematics_analysis_and_approaches_paper_2_TZ1_HL.pdf,downloaded,1372437,09db8c4ce9dfcb07d0b8a295a7c7b28b18643465da500f9180014014e0c41e82,2026-09-02,Unofficial mirror copy; private school research/reference only; authenticity and redistribution rights not established; do not commit or redistribute.
2025,November 2025 Examination Session,mathematics-analysis-and-approaches,English or unspecified,unspecified,markscheme,Mathematics_analysis_and_approaches_paper_2_TZ1_SL_markscheme.pdf,https://dl.ibdocs.re/p/IB%20PAST%20PAPERS%20-%20YEAR/2025%20Examination%20Session/November%202025%20Examination%20Session/Mathematics/Mathematics_analysis_and_approaches_paper_2_TZ1_SL_markscheme.pdf,https://dl.ibdocs.re/IB%20PAST%20PAPERS%20-%20YEAR/2025%20Examination%20Session/November%202025%20Examination%20Session/Mathematics,resources/private/past-papers/2022-2026/mathematics-sciences/2025/November 2025 Examination Session/Mathematics/Mathematics_analysis_and_approaches_paper_2_TZ1_SL_markscheme.pdf,downloaded,555853,b810cd2405a4f73433ee845c7b1dedc822485eabac4ad0456d84100fc1959282,2026-09-02,Unofficial mirror copy; private school research/reference only; authenticity and redistribution rights not established; do not commit or redistribute.
2025,November 2025 Examination Session,mathematics-analysis-and-approaches,English or unspecified,unspecified,question-paper,Mathematics_analysis_and_approaches_paper_2_TZ1_SL.pdf,https://dl.ibdocs.re/p/IB%20PAST%20PAPERS%20-%20YEAR/2025%20Examination%20Session/November%202025%20Examination%20Session/Mathematics/Mathematics_analysis_and_approaches_paper_2_TZ1_SL.pdf,https://dl.ibdocs.re/IB%20PAST%20PAPERS%20-%20YEAR/2025%20Examination%20Session/November%202025%20Examination%20Session/Mathematics,resources/private/past-papers/2022-2026/mathematics-sciences/2025/November 2025 Examination Session/Mathematics/Mathematics_analysis_and_approaches_paper_2_TZ1_SL.pdf,downloaded,1245019,af246745b3ef6a501fbbd8341523b4868f1fc46b2dc3cbb3f3dcb5f09d7c3147,2026-09-02,Unofficial mirror copy; private school research/reference only; authenticity and redistribution rights not established; do not commit or redistribute.
2025,November 2025 Examination Session,mathematics-analysis-and-approaches,German,unspecified,question-paper,Mathematics_analysis_and_approaches_paper_2_TZ3_[German]_HL.pdf,https://dl.ibdocs.re/p/IB%20PAST%20PAPERS%20-%20YEAR/2025%20Examination%20Session/November%202025%20Examination%20Session/Mathematics/Mathematics_analysis_and_approaches_paper_2_TZ3_%5BGerman%5D_HL.pdf,https://dl.ibdocs.re/IB%20PAST%20PAPERS%20-%20YEAR/2025%20Examination%20Session/November%202025%20Examination%20Session/Mathematics,resources/private/past-papers/2022-2026/mathematics-sciences/2025/November 2025 Examination Session/Mathematics/Mathematics_analysis_and_approaches_paper_2_TZ3_[German]_HL.pdf,downloaded,1389881,d6e765b708fabf6fbf9d4484ec6d419d50851ac24414ea64d90ba93f3fd35596,2026-09-02,Unofficial mirror copy; private school research/reference only; authenticity and redistribution rights not established; do not commit or redistribute.
2025,November 2025 Examination Session,mathematics-analysis-and-approaches,German,unspecified,question-paper,Mathematics_analysis_and_approaches_paper_2_TZ3_[German]_SL.pdf,https://dl.ibdocs.re/p/IB%20PAST%20PAPERS%20-%20YEAR/2025%20Examination%20Session/November%202025%20Examination%20Session/Mathematics/Mathematics_analysis_and_approaches_paper_2_TZ3_%5BGerman%5D_SL.pdf,https://dl.ibdocs.re/IB%20PAST%20PAPERS%20-%20YEAR/2025%20Examination%20Session/November%202025%20Examination%20Session/Mathematics,resources/private/past-papers/2022-2026/mathematics-sciences/2025/November 2025 Examination Session/Mathematics/Mathematics_analysis_and_approaches_paper_2_TZ3_[German]_SL.pdf,downloaded,1678021,2ad41fa777777c4cc36b640acbacc90cb0a35a3649b859d0dd462e60d8185589,2026-09-02,Unofficial mirror copy; private school research/reference only; authenticity and redistribution rights not established; do not commit or redistribute.
2025,November 2025 Examination Session,mathematics-analysis-and-approaches,English or unspecified,unspecified,markscheme,Mathematics_analysis_and_approaches_paper_2_TZ3_HL_markscheme.pdf,https://dl.ibdocs.re/p/IB%20PAST%20PAPERS%20-%20YEAR/2025%20Examination%20Session/November%202025%20Examination%20Session/Mathematics/Mathematics_analysis_and_approaches_paper_2_TZ3_HL_markscheme.pdf,https://dl.ibdocs.re/IB%20PAST%20PAPERS%20-%20YEAR/2025%20Examination%20Session/November%202025%20Examination%20Session/Mathematics,resources/private/past-papers/2022-2026/mathematics-sciences/2025/November 2025 Examination Session/Mathematics/Mathematics_analysis_and_approaches_paper_2_TZ3_HL_markscheme.pdf,downloaded,468028,39ab7e0d2b62ec2996d19e90ac151bdec28d20939b11fa250e6e574b54a984ee,2026-09-02,Unofficial mirror copy; private school research/reference only; authenticity and redistribution rights not established; do not commit or redistribute.
2025,November 2025 Examination Session,mathematics-analysis-and-approaches,Spanish,unspecified,question-paper,Mathematics_analysis_and_approaches_paper_2_TZ3_HL_Spanish.pdf,https://dl.ibdocs.re/p/IB%20PAST%20PAPERS%20-%20YEAR/2025%20Examination%20Session/November%202025%20Examination%20Session/Mathematics/Mathematics_analysis_and_approaches_paper_2_TZ3_HL_Spanish.pdf,https://dl.ibdocs.re/IB%20PAST%20PAPERS%20-%20YEAR/2025%20Examination%20Session/November%202025%20Examination%20Session/Mathematics,resources/private/past-papers/2022-2026/mathematics-sciences/2025/November 2025 Examination Session/Mathematics/Mathematics_analysis_and_approaches_paper_2_TZ3_HL_Spanish.pdf,downloaded,1326414,be8600c08eff443c7d95e6680b4961028f8375d12ecd8aaa4c6753ad16cab93c,2026-09-02,Unofficial mirror copy; private school research/reference only; authenticity and redistribution rights not established; do not commit or redistribute.
2025,November 2025 Examination Session,mathematics-analysis-and-approaches,English or unspecified,unspecified,question-paper,Mathematics_analysis_and_approaches_paper_2_TZ3_HL.pdf,https://dl.ibdocs.re/p/IB%20PAST%20PAPERS%20-%20YEAR/2025%20Examination%20Session/November%202025%20Examination%20Session/Mathematics/Mathematics_analysis_and_approaches_paper_2_TZ3_HL.pdf,https://dl.ibdocs.re/IB%20PAST%20PAPERS%20-%20YEAR/2025%20Examination%20Session/November%202025%20Examination%20Session/Mathematics,resources/private/past-papers/2022-2026/mathematics-sciences/2025/November 2025 Examination Session/Mathematics/Mathematics_analysis_and_approaches_paper_2_TZ3_HL.pdf,downloaded,1256618,3deb7a1905eafb518f3a6c4a826f37ffc9e63704b825e82848d858a08a18edb5,2026-09-02,Unofficial mirror copy; private school research/reference only; authenticity and redistribution rights not established; do not commit or redistribute.
2025,November 2025 Examination Session,mathematics-analysis-and-approaches,Spanish,unspecified,markscheme,Mathematics_analysis_and_approaches_paper_2_TZ3_SL_markscheme_Spanish.pdf,https://dl.ibdocs.re/p/IB%20PAST%20PAPERS%20-%20YEAR/2025%20Examination%20Session/November%202025%20Examination%20Session/Mathematics/Mathematics_analysis_and_approaches_paper_2_TZ3_SL_markscheme_Spanish.pdf,https://dl.ibdocs.re/IB%20PAST%20PAPERS%20-%20YEAR/2025%20Examination%20Session/November%202025%20Examination%20Session/Mathematics,resources/private/past-papers/2022-2026/mathematics-sciences/2025/November 2025 Examination Session/Mathematics/Mathematics_analysis_and_approaches_paper_2_TZ3_SL_markscheme_Spanish.pdf,downloaded,515669,e3d957d6986ee2f6cf3aef15bcf6f195d9bb237ce6ea99b008d543a9e5f8b939,2026-09-02,Unofficial mirror copy; private school research/reference only; authenticity and redistribution rights not established; do not commit or redistribute.
2025,November 2025 Examination Session,mathematics-analysis-and-approaches,English or unspecified,unspecified,markscheme,Mathematics_analysis_and_approaches_paper_2_TZ3_SL_markscheme.pdf,https://dl.ibdocs.re/p/IB%20PAST%20PAPERS%20-%20YEAR/2025%20Examination%20Session/November%202025%20Examination%20Session/Mathematics/Mathematics_analysis_and_approaches_paper_2_TZ3_SL_markscheme.pdf,https://dl.ibdocs.re/IB%20PAST%20PAPERS%20-%20YEAR/2025%20Examination%20Session/November%202025%20Examination%20Session/Mathematics,resources/private/past-papers/2022-2026/mathematics-sciences/2025/November 2025 Examination Session/Mathematics/Mathematics_analysis_and_approaches_paper_2_TZ3_SL_markscheme.pdf,downloaded,482925,236f0bf36858891ac1668e098f15d5a9027c3dcac0e4d821a32abbe0d7822083,2026-09-02,Unofficial mirror copy; private school research/reference only; authenticity and redistribution rights not established; do not commit or redistribute.
2025,November 2025 Examination Session,mathematics-analysis-and-approaches,Spanish,unspecified,question-paper,Mathematics_analysis_and_approaches_paper_2_TZ3_SL_Spanish.pdf,https://dl.ibdocs.re/p/IB%20PAST%20PAPERS%20-%20YEAR/2025%20Examination%20Session/November%202025%20Examination%20Session/Mathematics/Mathematics_analysis_and_approaches_paper_2_TZ3_SL_Spanish.pdf,https://dl.ibdocs.re/IB%20PAST%20PAPERS%20-%20YEAR/2025%20Examination%20Session/November%202025%20Examination%20Session/Mathematics,resources/private/past-papers/2022-2026/mathematics-sciences/2025/November 2025 Examination Session/Mathematics/Mathematics_analysis_and_approaches_paper_2_TZ3_SL_Spanish.pdf,downloaded,1425058,add3ac3a2bc398fabf8d285cd3a60019bc79ab891c1bc1f5e8d7862df982e1c9,2026-09-02,Unofficial mirror copy; private school research/reference only; authenticity and redistribution rights not established; do not commit or redistribute.
2025,November 2025 Examination Session,mathematics-analysis-and-approaches,English or unspecified,unspecified,question-paper,Mathematics_analysis_and_approaches_paper_2_TZ3_SL.pdf,https://dl.ibdocs.re/p/IB%20PAST%20PAPERS%20-%20YEAR/2025%20Examination%20Session/November%202025%20Examination%20Session/Mathematics/Mathematics_analysis_and_approaches_paper_2_TZ3_SL.pdf,https://dl.ibdocs.re/IB%20PAST%20PAPERS%20-%20YEAR/2025%20Examination%20Session/November%202025%20Examination%20Session/Mathematics,resources/private/past-papers/2022-2026/mathematics-sciences/2025/November 2025 Examination Session/Mathematics/Mathematics_analysis_and_approaches_paper_2_TZ3_SL.pdf,downloaded,1364718,00c31cea63aa720d6555d3f6cbbbdbb8b2e47d84e608b14233d5d80f92b4b521,2026-09-02,Unofficial mirror copy; private school research/reference only; authenticity and redistribution rights not established; do not commit or redistribute.
2025,November 2025 Examination Session,mathematics-analysis-and-approaches,English or unspecified,unspecified,markscheme,Mathematics_analysis_and_approaches_paper_3_TZ1_HL_markscheme.pdf,https://dl.ibdocs.re/p/IB%20PAST%20PAPERS%20-%20YEAR/2025%20Examination%20Session/November%202025%20Examination%20Session/Mathematics/Mathematics_analysis_and_approaches_paper_3_TZ1_HL_markscheme.pdf,https://dl.ibdocs.re/IB%20PAST%20PAPERS%20-%20YEAR/2025%20Examination%20Session/November%202025%20Examination%20Session/Mathematics,resources/private/past-papers/2022-2026/mathematics-sciences/2025/November 2025 Examination Session/Mathematics/Mathematics_analysis_and_approaches_paper_3_TZ1_HL_markscheme.pdf,downloaded,412130,30a1701d4c4ac1da46f1f1ece514550d62c56421a0bab8b4df1a9a61ab75ed2a,2026-09-02,Unofficial mirror copy; private school research/reference only; authenticity and redistribution rights not established; do not commit or redistribute.
2025,November 2025 Examination Session,mathematics-analysis-and-approaches,English or unspecified,unspecified,question-paper,Mathematics_analysis_and_approaches_paper_3_TZ1_HL.pdf,https://dl.ibdocs.re/p/IB%20PAST%20PAPERS%20-%20YEAR/2025%20Examination%20Session/November%202025%20Examination%20Session/Mathematics/Mathematics_analysis_and_approaches_paper_3_TZ1_HL.pdf,https://dl.ibdocs.re/IB%20PAST%20PAPERS%20-%20YEAR/2025%20Examination%20Session/November%202025%20Examination%20Session/Mathematics,resources/private/past-papers/2022-2026/mathematics-sciences/2025/November 2025 Examination Session/Mathematics/Mathematics_analysis_and_approaches_paper_3_TZ1_HL.pdf,downloaded,498429,69ed87d2d65d92ffe64ffa9467e52b391c161b1d5ce5abba26e83344a52d7852,2026-09-02,Unofficial mirror copy; private school research/reference only; authenticity and redistribution rights not established; do not commit or redistribute.
2025,November 2025 Examination Session,mathematics-analysis-and-approaches,German,unspecified,question-paper,Mathematics_analysis_and_approaches_paper_3_TZ3_[German]_HL.pdf,https://dl.ibdocs.re/p/IB%20PAST%20PAPERS%20-%20YEAR/2025%20Examination%20Session/November%202025%20Examination%20Session/Mathematics/Mathematics_analysis_and_approaches_paper_3_TZ3_%5BGerman%5D_HL.pdf,https://dl.ibdocs.re/IB%20PAST%20PAPERS%20-%20YEAR/2025%20Examination%20Session/November%202025%20Examination%20Session/Mathematics,resources/private/past-papers/2022-2026/mathematics-sciences/2025/November 2025 Examination Session/Mathematics/Mathematics_analysis_and_approaches_paper_3_TZ3_[German]_HL.pdf,downloaded,455050,10c540db9302f013143078b9e5f0ee3e72bac2d2764909d60c08eac73cab71c0,2026-09-02,Unofficial mirror copy; private school research/reference only; authenticity and redistribution rights not established; do not commit or redistribute.
2025,November 2025 Examination Session,mathematics-analysis-and-approaches,English or unspecified,unspecified,markscheme,Mathematics_analysis_and_approaches_paper_3_TZ3_HL_markscheme.pdf,https://dl.ibdocs.re/p/IB%20PAST%20PAPERS%20-%20YEAR/2025%20Examination%20Session/November%202025%20Examination%20Session/Mathematics/Mathematics_analysis_and_approaches_paper_3_TZ3_HL_markscheme.pdf,https://dl.ibdocs.re/IB%20PAST%20PAPERS%20-%20YEAR/2025%20Examination%20Session/November%202025%20Examination%20Session/Mathematics,resources/private/past-papers/2022-2026/mathematics-sciences/2025/November 2025 Examination Session/Mathematics/Mathematics_analysis_and_approaches_paper_3_TZ3_HL_markscheme.pdf,downloaded,525260,a5d52a57efbaf5eb771d7cfded5f13f4ca9eeb2c9dfb6f76075d9ddbd0361c31,2026-09-02,Unofficial mirror copy; private school research/reference only; authenticity and redistribution rights not established; do not commit or redistribute.
2025,November 2025 Examination Session,mathematics-analysis-and-approaches,Spanish,unspecified,question-paper,Mathematics_analysis_and_approaches_paper_3_TZ3_HL_Spanish.pdf,https://dl.ibdocs.re/p/IB%20PAST%20PAPERS%20-%20YEAR/2025%20Examination%20Session/November%202025%20Examination%20Session/Mathematics/Mathematics_analysis_and_approaches_paper_3_TZ3_HL_Spanish.pdf,https://dl.ibdocs.re/IB%20PAST%20PAPERS%20-%20YEAR/2025%20Examination%20Session/November%202025%20Examination%20Session/Mathematics,resources/private/past-papers/2022-2026/mathematics-sciences/2025/November 2025 Examination Session/Mathematics/Mathematics_analysis_and_approaches_paper_3_TZ3_HL_Spanish.pdf,downloaded,444681,dfc3d6dd76bfe054f03fa1f3360d58d3cfc34bf16cb6e845fc6cdd4f22d60658,2026-09-02,Unofficial mirror copy; private school research/reference only; authenticity and redistribution rights not established; do not commit or redistribute.
2025,November 2025 Examination Session,mathematics-analysis-and-approaches,English or unspecified,unspecified,question-paper,Mathematics_analysis_and_approaches_paper_3_TZ3_HL.pdf,https://dl.ibdocs.re/p/IB%20PAST%20PAPERS%20-%20YEAR/2025%20Examination%20Session/November%202025%20Examination%20Session/Mathematics/Mathematics_analysis_and_approaches_paper_3_TZ3_HL.pdf,https://dl.ibdocs.re/IB%20PAST%20PAPERS%20-%20YEAR/2025%20Examination%20Session/November%202025%20Examination%20Session/Mathematics,resources/private/past-papers/2022-2026/mathematics-sciences/2025/November 2025 Examination Session/Mathematics/Mathematics_analysis_and_approaches_paper_3_TZ3_HL.pdf,downloaded,404793,4229d56b89190e77a79e7f5f9c2da7bcb47ed983ddfc96173f28d6ea2e67c931,2026-09-02,Unofficial mirror copy; private school research/reference only; authenticity and redistribution rights not established; do not commit or redistribute.
2025,November 2025 Examination Session,mathematics-applications-and-interpretation,English or unspecified,unspecified,markscheme,Mathematics_applications_and_interpretation_paper_1_HL_markscheme.pdf,https://dl.ibdocs.re/p/IB%20PAST%20PAPERS%20-%20YEAR/2025%20Examination%20Session/November%202025%20Examination%20Session/Mathematics/Mathematics_applications_and_interpretation_paper_1_HL_markscheme.pdf,https://dl.ibdocs.re/IB%20PAST%20PAPERS%20-%20YEAR/2025%20Examination%20Session/November%202025%20Examination%20Session/Mathematics,resources/private/past-papers/2022-2026/mathematics-sciences/2025/November 2025 Examination Session/Mathematics/Mathematics_applications_and_interpretation_paper_1_HL_markscheme.pdf,downloaded,1198720,2a2febabcc934f515f8637d3fa3353596e6a9d5fc7d617471bfd51eabd68cc4b,2026-09-02,Unofficial mirror copy; private school research/reference only; authenticity and redistribution rights not established; do not commit or redistribute.
2025,November 2025 Examination Session,mathematics-applications-and-interpretation,Spanish,unspecified,question-paper,Mathematics_applications_and_interpretation_paper_1_HL_Spanish.pdf,https://dl.ibdocs.re/p/IB%20PAST%20PAPERS%20-%20YEAR/2025%20Examination%20Session/November%202025%20Examination%20Session/Mathematics/Mathematics_applications_and_interpretation_paper_1_HL_Spanish.pdf,https://dl.ibdocs.re/IB%20PAST%20PAPERS%20-%20YEAR/2025%20Examination%20Session/November%202025%20Examination%20Session/Mathematics,resources/private/past-papers/2022-2026/mathematics-sciences/2025/November 2025 Examination Session/Mathematics/Mathematics_applications_and_interpretation_paper_1_HL_Spanish.pdf,downloaded,1339461,26ad178b60ad72c3c0bbbef475093e4d2694ebfcf5174958cb3d585b8fb6bf18,2026-09-02,Unofficial mirror copy; private school research/reference only; authenticity and redistribution rights not established; do not commit or redistribute.
2025,November 2025 Examination Session,mathematics-applications-and-interpretation,English or unspecified,unspecified,question-paper,Mathematics_applications_and_interpretation_paper_1_HL.pdf,https://dl.ibdocs.re/p/IB%20PAST%20PAPERS%20-%20YEAR/2025%20Examination%20Session/November%202025%20Examination%20Session/Mathematics/Mathematics_applications_and_interpretation_paper_1_HL.pdf,https://dl.ibdocs.re/IB%20PAST%20PAPERS%20-%20YEAR/2025%20Examination%20Session/November%202025%20Examination%20Session/Mathematics,resources/private/past-papers/2022-2026/mathematics-sciences/2025/November 2025 Examination Session/Mathematics/Mathematics_applications_and_interpretation_paper_1_HL.pdf,downloaded,1335115,3ac15072b5268c8b06c56ea34a075102a0fda113018546c98b854faf9ec44271,2026-09-02,Unofficial mirror copy; private school research/reference only; authenticity and redistribution rights not established; do not commit or redistribute.
2025,November 2025 Examination Session,mathematics-applications-and-interpretation,English or unspecified,unspecified,markscheme,Mathematics_applications_and_interpretation_paper_1_TZ1_SL_markscheme.pdf,https://dl.ibdocs.re/p/IB%20PAST%20PAPERS%20-%20YEAR/2025%20Examination%20Session/November%202025%20Examination%20Session/Mathematics/Mathematics_applications_and_interpretation_paper_1_TZ1_SL_markscheme.pdf,https://dl.ibdocs.re/IB%20PAST%20PAPERS%20-%20YEAR/2025%20Examination%20Session/November%202025%20Examination%20Session/Mathematics,resources/private/past-papers/2022-2026/mathematics-sciences/2025/November 2025 Examination Session/Mathematics/Mathematics_applications_and_interpretation_paper_1_TZ1_SL_markscheme.pdf,downloaded,622030,8ff834d3d09a73c7c88018657b3e6f824ea2177ba5245342455a9ff8ad5e30c2,2026-09-02,Unofficial mirror copy; private school research/reference only; authenticity and redistribution rights not established; do not commit or redistribute.
2025,November 2025 Examination Session,mathematics-applications-and-interpretation,English or unspecified,unspecified,question-paper,Mathematics_applications_and_interpretation_paper_1_TZ1_SL.pdf,https://dl.ibdocs.re/p/IB%20PAST%20PAPERS%20-%20YEAR/2025%20Examination%20Session/November%202025%20Examination%20Session/Mathematics/Mathematics_applications_and_interpretation_paper_1_TZ1_SL.pdf,https://dl.ibdocs.re/IB%20PAST%20PAPERS%20-%20YEAR/2025%20Examination%20Session/November%202025%20Examination%20Session/Mathematics,resources/private/past-papers/2022-2026/mathematics-sciences/2025/November 2025 Examination Session/Mathematics/Mathematics_applications_and_interpretation_paper_1_TZ1_SL.pdf,downloaded,2367009,0eb5396a8b33b84a72c274fe460a6886ea9b457e2a53663a2ec9f162255ff66d,2026-09-02,Unofficial mirror copy; private school research/reference only; authenticity and redistribution rights not established; do not commit or redistribute.
2025,November 2025 Examination Session,mathematics-applications-and-interpretation,Spanish,unspecified,markscheme,Mathematics_applications_and_interpretation_paper_1_TZ3_SL_markscheme_Spanish.pdf,https://dl.ibdocs.re/p/IB%20PAST%20PAPERS%20-%20YEAR/2025%20Examination%20Session/November%202025%20Examination%20Session/Mathematics/Mathematics_applications_and_interpretation_paper_1_TZ3_SL_markscheme_Spanish.pdf,https://dl.ibdocs.re/IB%20PAST%20PAPERS%20-%20YEAR/2025%20Examination%20Session/November%202025%20Examination%20Session/Mathematics,resources/private/past-papers/2022-2026/mathematics-sciences/2025/November 2025 Examination Session/Mathematics/Mathematics_applications_and_interpretation_paper_1_TZ3_SL_markscheme_Spanish.pdf,downloaded,559513,4cf73c1af9f7440d0a3f0ce2a023eda4ba9b2012a33fcd232e690d528c3aecd5,2026-09-02,Unofficial mirror copy; private school research/reference only; authenticity and redistribution rights not established; do not commit or redistribute.
2025,November 2025 Examination Session,mathematics-applications-and-interpretation,English or unspecified,unspecified,markscheme,Mathematics_applications_and_interpretation_paper_1_TZ3_SL_markscheme.pdf,https://dl.ibdocs.re/p/IB%20PAST%20PAPERS%20-%20YEAR/2025%20Examination%20Session/November%202025%20Examination%20Session/Mathematics/Mathematics_applications_and_interpretation_paper_1_TZ3_SL_markscheme.pdf,https://dl.ibdocs.re/IB%20PAST%20PAPERS%20-%20YEAR/2025%20Examination%20Session/November%202025%20Examination%20Session/Mathematics,resources/private/past-papers/2022-2026/mathematics-sciences/2025/November 2025 Examination Session/Mathematics/Mathematics_applications_and_interpretation_paper_1_TZ3_SL_markscheme.pdf,downloaded,651093,0fd65dd62ed80015cd0e5718a5e05ecf08f8ca5b1e2e8b2b46e8aa20fbdc2a29,2026-09-02,Unofficial mirror copy; private school research/reference only; authenticity and redistribution rights not established; do not commit or redistribute.
2025,November 2025 Examination Session,mathematics-applications-and-interpretation,Spanish,unspecified,question-paper,Mathematics_applications_and_interpretation_paper_1_TZ3_SL_Spanish.pdf,https://dl.ibdocs.re/p/IB%20PAST%20PAPERS%20-%20YEAR/2025%20Examination%20Session/November%202025%20Examination%20Session/Mathematics/Mathematics_applications_and_interpretation_paper_1_TZ3_SL_Spanish.pdf,https://dl.ibdocs.re/IB%20PAST%20PAPERS%20-%20YEAR/2025%20Examination%20Session/November%202025%20Examination%20Session/Mathematics,resources/private/past-papers/2022-2026/mathematics-sciences/2025/November 2025 Examination Session/Mathematics/Mathematics_applications_and_interpretation_paper_1_TZ3_SL_Spanish.pdf,downloaded,824181,48c83532a1afba249fe1a0f204e5a7e565e96bcff35a972f29ba619cedc6e220,2026-09-02,Unofficial mirror copy; private school research/reference only; authenticity and redistribution rights not established; do not commit or redistribute.
2025,November 2025 Examination Session,mathematics-applications-and-interpretation,English or unspecified,unspecified,question-paper,Mathematics_applications_and_interpretation_paper_1_TZ3_SL.pdf,https://dl.ibdocs.re/p/IB%20PAST%20PAPERS%20-%20YEAR/2025%20Examination%20Session/November%202025%20Examination%20Session/Mathematics/Mathematics_applications_and_interpretation_paper_1_TZ3_SL.pdf,https://dl.ibdocs.re/IB%20PAST%20PAPERS%20-%20YEAR/2025%20Examination%20Session/November%202025%20Examination%20Session/Mathematics,resources/private/past-papers/2022-2026/mathematics-sciences/2025/November 2025 Examination Session/Mathematics/Mathematics_applications_and_interpretation_paper_1_TZ3_SL.pdf,downloaded,834436,f57bc0fafd6790466f01365abeb02354c5bd3c41f1451c6cde24fb89f107a0b9,2026-09-02,Unofficial mirror copy; private school research/reference only; authenticity and redistribution rights not established; do not commit or redistribute.
2025,November 2025 Examination Session,mathematics-applications-and-interpretation,English or unspecified,unspecified,markscheme,Mathematics_applications_and_interpretation_paper_2_HL_markscheme.pdf,https://dl.ibdocs.re/p/IB%20PAST%20PAPERS%20-%20YEAR/2025%20Examination%20Session/November%202025%20Examination%20Session/Mathematics/Mathematics_applications_and_interpretation_paper_2_HL_markscheme.pdf,https://dl.ibdocs.re/IB%20PAST%20PAPERS%20-%20YEAR/2025%20Examination%20Session/November%202025%20Examination%20Session/Mathematics,resources/private/past-papers/2022-2026/mathematics-sciences/2025/November 2025 Examination Session/Mathematics/Mathematics_applications_and_interpretation_paper_2_HL_markscheme.pdf,downloaded,550859,aeea5b227cbb92104cba590854cf6ae09356896726ec09d4dd56d4113ea13035,2026-09-02,Unofficial mirror copy; private school research/reference only; authenticity and redistribution rights not established; do not commit or redistribute.
2025,November 2025 Examination Session,mathematics-applications-and-interpretation,Spanish,unspecified,question-paper,Mathematics_applications_and_interpretation_paper_2_HL_Spanish.pdf,https://dl.ibdocs.re/p/IB%20PAST%20PAPERS%20-%20YEAR/2025%20Examination%20Session/November%202025%20Examination%20Session/Mathematics/Mathematics_applications_and_interpretation_paper_2_HL_Spanish.pdf,https://dl.ibdocs.re/IB%20PAST%20PAPERS%20-%20YEAR/2025%20Examination%20Session/November%202025%20Examination%20Session/Mathematics,resources/private/past-papers/2022-2026/mathematics-sciences/2025/November 2025 Examination Session/Mathematics/Mathematics_applications_and_interpretation_paper_2_HL_Spanish.pdf,downloaded,676690,e927244665e110eb080f7b5200bd4cc04fb6fc3222a164413d316a67cbd11396,2026-09-02,Unofficial mirror copy; private school research/reference only; authenticity and redistribution rights not established; do not commit or redistribute.
2025,November 2025 Examination Session,mathematics-applications-and-interpretation,English or unspecified,unspecified,question-paper,Mathematics_applications_and_interpretation_paper_2_HL.pdf,https://dl.ibdocs.re/p/IB%20PAST%20PAPERS%20-%20YEAR/2025%20Examination%20Session/November%202025%20Examination%20Session/Mathematics/Mathematics_applications_and_interpretation_paper_2_HL.pdf,https://dl.ibdocs.re/IB%20PAST%20PAPERS%20-%20YEAR/2025%20Examination%20Session/November%202025%20Examination%20Session/Mathematics,resources/private/past-papers/2022-2026/mathematics-sciences/2025/November 2025 Examination Session/Mathematics/Mathematics_applications_and_interpretation_paper_2_HL.pdf,downloaded,681421,5f7d31c50f0a60b39e7af94d98374aad9868d56bd56bf83222de24cc7dc3c7d1,2026-09-02,Unofficial mirror copy; private school research/reference only; authenticity and redistribution rights not established; do not commit or redistribute.
2025,November 2025 Examination Session,mathematics-applications-and-interpretation,English or unspecified,unspecified,markscheme,Mathematics_applications_and_interpretation_paper_2_TZ1_SL_markscheme.pdf,https://dl.ibdocs.re/p/IB%20PAST%20PAPERS%20-%20YEAR/2025%20Examination%20Session/November%202025%20Examination%20Session/Mathematics/Mathematics_applications_and_interpretation_paper_2_TZ1_SL_markscheme.pdf,https://dl.ibdocs.re/IB%20PAST%20PAPERS%20-%20YEAR/2025%20Examination%20Session/November%202025%20Examination%20Session/Mathematics,resources/private/past-papers/2022-2026/mathematics-sciences/2025/November 2025 Examination Session/Mathematics/Mathematics_applications_and_interpretation_paper_2_TZ1_SL_markscheme.pdf,downloaded,518348,5a829250d0ef22805bc87c81e96eb73c010672a1937b57ca4c227caddd58bc40,2026-09-02,Unofficial mirror copy; private school research/reference only; authenticity and redistribution rights not established; do not commit or redistribute.
2025,November 2025 Examination Session,mathematics-applications-and-interpretation,English or unspecified,unspecified,question-paper,Mathematics_applications_and_interpretation_paper_2_TZ1_SL.pdf,https://dl.ibdocs.re/p/IB%20PAST%20PAPERS%20-%20YEAR/2025%20Examination%20Session/November%202025%20Examination%20Session/Mathematics/Mathematics_applications_and_interpretation_paper_2_TZ1_SL.pdf,https://dl.ibdocs.re/IB%20PAST%20PAPERS%20-%20YEAR/2025%20Examination%20Session/November%202025%20Examination%20Session/Mathematics,resources/private/past-papers/2022-2026/mathematics-sciences/2025/November 2025 Examination Session/Mathematics/Mathematics_applications_and_interpretation_paper_2_TZ1_SL.pdf,downloaded,653459,3dac9bfe0d3aa3ef30ee09103f51f3a4a8ea33f57d65b2e66635b2dcbe4ce409,2026-09-02,Unofficial mirror copy; private school research/reference only; authenticity and redistribution rights not established; do not commit or redistribute.
2025,November 2025 Examination Session,mathematics-applications-and-interpretation,Spanish,unspecified,markscheme,Mathematics_applications_and_interpretation_paper_2_TZ3_SL_markscheme_Spanish.pdf,https://dl.ibdocs.re/p/IB%20PAST%20PAPERS%20-%20YEAR/2025%20Examination%20Session/November%202025%20Examination%20Session/Mathematics/Mathematics_applications_and_interpretation_paper_2_TZ3_SL_markscheme_Spanish.pdf,https://dl.ibdocs.re/IB%20PAST%20PAPERS%20-%20YEAR/2025%20Examination%20Session/November%202025%20Examination%20Session/Mathematics,resources/private/past-papers/2022-2026/mathematics-sciences/2025/November 2025 Examination Session/Mathematics/Mathematics_applications_and_interpretation_paper_2_TZ3_SL_markscheme_Spanish.pdf,downloaded,471588,4deef35068af81dbbe1ac73e7399839791b9065bcb88e6537d34bb4520f82be7,2026-09-02,Unofficial mirror copy; private school research/reference only; authenticity and redistribution rights not established; do not commit or redistribute.
2025,November 2025 Examination Session,mathematics-applications-and-interpretation,English or unspecified,unspecified,markscheme,Mathematics_applications_and_interpretation_paper_2_TZ3_SL_markscheme.pdf,https://dl.ibdocs.re/p/IB%20PAST%20PAPERS%20-%20YEAR/2025%20Examination%20Session/November%202025%20Examination%20Session/Mathematics/Mathematics_applications_and_interpretation_paper_2_TZ3_SL_markscheme.pdf,https://dl.ibdocs.re/IB%20PAST%20PAPERS%20-%20YEAR/2025%20Examination%20Session/November%202025%20Examination%20Session/Mathematics,resources/private/past-papers/2022-2026/mathematics-sciences/2025/November 2025 Examination Session/Mathematics/Mathematics_applications_and_interpretation_paper_2_TZ3_SL_markscheme.pdf,downloaded,588120,1ea9064fee708b06d1224d4872da8abc18ecab654afceecf6c993f12625ebb6a,2026-09-02,Unofficial mirror copy; private school research/reference only; authenticity and redistribution rights not established; do not commit or redistribute.
2025,November 2025 Examination Session,mathematics-applications-and-interpretation,Spanish,unspecified,question-paper,Mathematics_applications_and_interpretation_paper_2_TZ3_SL_Spanish.pdf,https://dl.ibdocs.re/p/IB%20PAST%20PAPERS%20-%20YEAR/2025%20Examination%20Session/November%202025%20Examination%20Session/Mathematics/Mathematics_applications_and_interpretation_paper_2_TZ3_SL_Spanish.pdf,https://dl.ibdocs.re/IB%20PAST%20PAPERS%20-%20YEAR/2025%20Examination%20Session/November%202025%20Examination%20Session/Mathematics,resources/private/past-papers/2022-2026/mathematics-sciences/2025/November 2025 Examination Session/Mathematics/Mathematics_applications_and_interpretation_paper_2_TZ3_SL_Spanish.pdf,downloaded,602703,6a9dc4bb271b848c1f7fbae872d9f68068635eca0086065eb8ff5d7792073b52,2026-09-02,Unofficial mirror copy; private school research/reference only; authenticity and redistribution rights not established; do not commit or redistribute.
2025,November 2025 Examination Session,mathematics-applications-and-interpretation,English or unspecified,unspecified,question-paper,Mathematics_applications_and_interpretation_paper_2_TZ3_SL.pdf,https://dl.ibdocs.re/p/IB%20PAST%20PAPERS%20-%20YEAR/2025%20Examination%20Session/November%202025%20Examination%20Session/Mathematics/Mathematics_applications_and_interpretation_paper_2_TZ3_SL.pdf,https://dl.ibdocs.re/IB%20PAST%20PAPERS%20-%20YEAR/2025%20Examination%20Session/November%202025%20Examination%20Session/Mathematics,resources/private/past-papers/2022-2026/mathematics-sciences/2025/November 2025 Examination Session/Mathematics/Mathematics_applications_and_interpretation_paper_2_TZ3_SL.pdf,downloaded,600934,b21f287cc694c0b82bb4651c4c4cfb6f3f2038e7dac525ade69854590d1719c5,2026-09-02,Unofficial mirror copy; private school research/reference only; authenticity and redistribution rights not established; do not commit or redistribute.
2025,November 2025 Examination Session,mathematics-applications-and-interpretation,English or unspecified,unspecified,markscheme,Mathematics_applications_and_interpretation_paper_3_HL_markscheme.pdf,https://dl.ibdocs.re/p/IB%20PAST%20PAPERS%20-%20YEAR/2025%20Examination%20Session/November%202025%20Examination%20Session/Mathematics/Mathematics_applications_and_interpretation_paper_3_HL_markscheme.pdf,https://dl.ibdocs.re/IB%20PAST%20PAPERS%20-%20YEAR/2025%20Examination%20Session/November%202025%20Examination%20Session/Mathematics,resources/private/past-papers/2022-2026/mathematics-sciences/2025/November 2025 Examination Session/Mathematics/Mathematics_applications_and_interpretation_paper_3_HL_markscheme.pdf,downloaded,431619,58b16c50a65549eae335ca795cce35e233180482a883a581007289feabd81be3,2026-09-02,Unofficial mirror copy; private school research/reference only; authenticity and redistribution rights not established; do not commit or redistribute.
2025,November 2025 Examination Session,mathematics-applications-and-interpretation,Spanish,unspecified,question-paper,Mathematics_applications_and_interpretation_paper_3_HL_Spanish.pdf,https://dl.ibdocs.re/p/IB%20PAST%20PAPERS%20-%20YEAR/2025%20Examination%20Session/November%202025%20Examination%20Session/Mathematics/Mathematics_applications_and_interpretation_paper_3_HL_Spanish.pdf,https://dl.ibdocs.re/IB%20PAST%20PAPERS%20-%20YEAR/2025%20Examination%20Session/November%202025%20Examination%20Session/Mathematics,resources/private/past-papers/2022-2026/mathematics-sciences/2025/November 2025 Examination Session/Mathematics/Mathematics_applications_and_interpretation_paper_3_HL_Spanish.pdf,downloaded,440573,1e4bc37eb2c1a1d1de959280c22b167bd6a1e01ac63606f9ae7e3544f95baa09,2026-09-02,Unofficial mirror copy; private school research/reference only; authenticity and redistribution rights not established; do not commit or redistribute.
2025,November 2025 Examination Session,mathematics-applications-and-interpretation,English or unspecified,unspecified,question-paper,Mathematics_applications_and_interpretation_paper_3_HL.pdf,https://dl.ibdocs.re/p/IB%20PAST%20PAPERS%20-%20YEAR/2025%20Examination%20Session/November%202025%20Examination%20Session/Mathematics/Mathematics_applications_and_interpretation_paper_3_HL.pdf,https://dl.ibdocs.re/IB%20PAST%20PAPERS%20-%20YEAR/2025%20Examination%20Session/November%202025%20Examination%20Session/Mathematics,resources/private/past-papers/2022-2026/mathematics-sciences/2025/November 2025 Examination Session/Mathematics/Mathematics_applications_and_interpretation_paper_3_HL.pdf,downloaded,443207,457779bba2fafcb1c2b03c4893c39e59405f7ba90a55adca21bedca91785a00b,2026-09-02,Unofficial mirror copy; private school research/reference only; authenticity and redistribution rights not established; do not commit or redistribute.
2026,More Papers M26,mathematics-analysis-and-approaches,English or unspecified,TZA,question-paper,Math AAHL Paper 1 TZA.pdf,https://dl.ibdocs.re/p/IB%20PAST%20PAPERS%20-%20YEAR/2026%20Examination%20Session/More%20Papers%20M26/Math%20AAHL%20Paper%201%20TZA.pdf,https://dl.ibdocs.re/past-papers/2026/more-papers-m26,resources/private/past-papers/2022-2026/mathematics-sciences/2026/More Papers M26/Math AAHL Paper 1 TZA.pdf,already-present,6500990,ae99a68b9e8cf8613c1a00c07fa17005b3b07ff48ecd92bea544a94deed9328a,2026-09-02,Unofficial mirror copy; private school research/reference only; authenticity and redistribution rights not established; do not commit or redistribute.
2026,More Papers M26,mathematics-analysis-and-approaches,English or unspecified,TZA,question-paper,Math AAHL Paper 2 TZA.pdf,https://dl.ibdocs.re/p/IB%20PAST%20PAPERS%20-%20YEAR/2026%20Examination%20Session/More%20Papers%20M26/Math%20AAHL%20Paper%202%20TZA.pdf,https://dl.ibdocs.re/past-papers/2026/more-papers-m26,resources/private/past-papers/2022-2026/mathematics-sciences/2026/More Papers M26/Math AAHL Paper 2 TZA.pdf,downloaded,7071551,1cb1ef083cb9ee5d007967924c4ffaa57df3dbda2429314c67d1c1e133651299,2026-09-02,Unofficial mirror copy; private school research/reference only; authenticity and redistribution rights not established; do not commit or redistribute.
2026,More Papers M26,mathematics-analysis-and-approaches,English or unspecified,TZA,question-paper,Math AAHL Paper 3 TZA.pdf,https://dl.ibdocs.re/p/IB%20PAST%20PAPERS%20-%20YEAR/2026%20Examination%20Session/More%20Papers%20M26/Math%20AAHL%20Paper%203%20TZA.pdf,https://dl.ibdocs.re/past-papers/2026/more-papers-m26,resources/private/past-papers/2022-2026/mathematics-sciences/2026/More Papers M26/Math AAHL Paper 3 TZA.pdf,downloaded,1599185,e6e1e3cba2edceda35ab0e321dc9d2d29721e513291913d14149b42beca47ad0,2026-09-02,Unofficial mirror copy; private school research/reference only; authenticity and redistribution rights not established; do not commit or redistribute.
2026,More Papers M26,mathematics-analysis-and-approaches,English or unspecified,TZA,question-paper,Math AASL Paper 1 TZA.pdf,https://dl.ibdocs.re/p/IB%20PAST%20PAPERS%20-%20YEAR/2026%20Examination%20Session/More%20Papers%20M26/Math%20AASL%20Paper%201%20TZA.pdf,https://dl.ibdocs.re/past-papers/2026/more-papers-m26,resources/private/past-papers/2022-2026/mathematics-sciences/2026/More Papers M26/Math AASL Paper 1 TZA.pdf,downloaded,3777083,ff2dfa73a45c4596d085b9289bc565263d4f0b88f4d916b52c85d7810025437a,2026-09-02,Unofficial mirror copy; private school research/reference only; authenticity and redistribution rights not established; do not commit or redistribute.
2026,More Papers M26,mathematics-analysis-and-approaches,English or unspecified,TZC,question-paper,Math AASL Paper 1 TZC.pdf,https://dl.ibdocs.re/p/IB%20PAST%20PAPERS%20-%20YEAR/2026%20Examination%20Session/More%20Papers%20M26/Math%20AASL%20Paper%201%20TZC.pdf,https://dl.ibdocs.re/past-papers/2026/more-papers-m26,resources/private/past-papers/2022-2026/mathematics-sciences/2026/More Papers M26/Math AASL Paper 1 TZC.pdf,downloaded,1130770,2e697f0b4680e85e6ead72f446622cec58128a79dbd5b4bde1dc4fbca128da20,2026-09-02,Unofficial mirror copy; private school research/reference only; authenticity and redistribution rights not established; do not commit or redistribute.
2026,More Papers M26,mathematics-analysis-and-approaches,English or unspecified,TZA,question-paper,Math AASL Paper 2 TZA.pdf,https://dl.ibdocs.re/p/IB%20PAST%20PAPERS%20-%20YEAR/2026%20Examination%20Session/More%20Papers%20M26/Math%20AASL%20Paper%202%20TZA.pdf,https://dl.ibdocs.re/past-papers/2026/more-papers-m26,resources/private/past-papers/2022-2026/mathematics-sciences/2026/More Papers M26/Math AASL Paper 2 TZA.pdf,downloaded,4685824,5c1a8ecd94b56226d154614bb9125f4f103d9ed20e4ac6636d4f233f6aafe535,2026-09-02,Unofficial mirror copy; private school research/reference only; authenticity and redistribution rights not established; do not commit or redistribute.
2026,More Papers M26,mathematics-analysis-and-approaches,English or unspecified,TZC,question-paper,Math AASL Paper 2 TZC.pdf,https://dl.ibdocs.re/p/IB%20PAST%20PAPERS%20-%20YEAR/2026%20Examination%20Session/More%20Papers%20M26/Math%20AASL%20Paper%202%20TZC.pdf,https://dl.ibdocs.re/past-papers/2026/more-papers-m26,resources/private/past-papers/2022-2026/mathematics-sciences/2026/More Papers M26/Math AASL Paper 2 TZC.pdf,downloaded,1327727,04997cc7c7376b78958a45ad6ebc5b435fb0c278a94d13609b367fc9e226ff29,2026-09-02,Unofficial mirror copy; private school research/reference only; authenticity and redistribution rights not established; do not commit or redistribute.
2026,More Papers M26,mathematics-applications-and-interpretation,English or unspecified,TZB,question-paper,Math AIHL Paper 1 TZB.pdf,https://dl.ibdocs.re/p/IB%20PAST%20PAPERS%20-%20YEAR/2026%20Examination%20Session/More%20Papers%20M26/Math%20AIHL%20Paper%201%20TZB.pdf,https://dl.ibdocs.re/past-papers/2026/more-papers-m26,resources/private/past-papers/2022-2026/mathematics-sciences/2026/More Papers M26/Math AIHL Paper 1 TZB.pdf,downloaded,1027041,f7cf2c62676489b453c3e0a2cfe964aa15d5283b8908af10ba4bf5e97271dcf3,2026-09-02,Unofficial mirror copy; private school research/reference only; authenticity and redistribution rights not established; do not commit or redistribute.
2026,More Papers M26,mathematics-applications-and-interpretation,English or unspecified,TZB,question-paper,Math AIHL Paper 2 TZB.pdf,https://dl.ibdocs.re/p/IB%20PAST%20PAPERS%20-%20YEAR/2026%20Examination%20Session/More%20Papers%20M26/Math%20AIHL%20Paper%202%20TZB.pdf,https://dl.ibdocs.re/past-papers/2026/more-papers-m26,resources/private/past-papers/2022-2026/mathematics-sciences/2026/More Papers M26/Math AIHL Paper 2 TZB.pdf,downloaded,3348534,dd9bae1aca821c2220c838ec2d40e690420b715e8e67f73f4d1d2cd47c8e4248,2026-09-02,Unofficial mirror copy; private school research/reference only; authenticity and redistribution rights not established; do not commit or redistribute.
2026,More Papers M26,mathematics-applications-and-interpretation,English or unspecified,TZC,question-paper,Math AISL Paper 1 TZC.pdf,https://dl.ibdocs.re/p/IB%20PAST%20PAPERS%20-%20YEAR/2026%20Examination%20Session/More%20Papers%20M26/Math%20AISL%20Paper%201%20TZC.pdf,https://dl.ibdocs.re/past-papers/2026/more-papers-m26,resources/private/past-papers/2022-2026/mathematics-sciences/2026/More Papers M26/Math AISL Paper 1 TZC.pdf,downloaded,2321643,744f0e19949ecf85ef815c33b47a17f5aaf7bc6bf5fd396faee1ae47143e7884,2026-09-02,Unofficial mirror copy; private school research/reference only; authenticity and redistribution rights not established; do not commit or redistribute.
2026,More Papers M26,mathematics-applications-and-interpretation,English or unspecified,TZC,question-paper,Math AISL Paper 2 TZC.pdf,https://dl.ibdocs.re/p/IB%20PAST%20PAPERS%20-%20YEAR/2026%20Examination%20Session/More%20Papers%20M26/Math%20AISL%20Paper%202%20TZC.pdf,https://dl.ibdocs.re/past-papers/2026/more-papers-m26,resources/private/past-papers/2022-2026/mathematics-sciences/2026/More Papers M26/Math AISL Paper 2 TZC.pdf,downloaded,1121198,aef5bbdaa3c6ba433d1043c60e2345b71d66e6efcb6ea375a25199b3f5c7456a,2026-09-02,Unofficial mirror copy; private school research/reference only; authenticity and redistribution rights not established; do not commit or redistribute.
